version 1
nodes
0 "root" -1
end
skeleton
time 0
0 0 0 0 0 0 0
end
triangles
ohmbattery
0  -6.056653 -2.628238 17.551115  -1.000000 -0.000000 0.000000  0.444421 0.570722 0
0  -6.056653 -1.427835 19.874392  -1.000000 -0.000000 0.000000  0.495703 0.597219 0
0  -6.056653 -1.427836 17.551115  -1.000000 -0.000001 0.000000  0.444421 0.597219 0
ohmbattery
0  -6.778581 -1.427836 17.551115  -0.000000 0.000000 1.000000  0.570008 0.905656 0
0  -6.056653 -2.628238 17.551115  -0.000001 0.000000 1.000000  0.543509 0.889720 0
0  -6.056653 -1.427836 17.551115  0.000000 0.000000 1.000000  0.570008 0.889720 0
ohmbattery
0  4.772497 -3.586124 0.454349  -0.555570 0.831470 0.000000  0.382158 0.967720 0
0  5.426074 -3.049746 0.846873  -0.707107 0.707106 0.000000  0.363497 0.976383 0
0  5.426074 -3.049746 0.454349  -0.707107 0.707106 -0.000000  0.363497 0.967720 0
ohmbattery
0  -7.106458 1.771881 17.551115  -0.000004 0.000000 1.000000  0.640643 0.912894 0
0  -6.778581 -1.427836 17.551115  -0.000000 0.000000 1.000000  0.570008 0.905656 0
0  -6.778581 1.427842 17.551115  -0.000005 0.000000 1.000000  0.633048 0.905656 0
ohmbattery
0  2.376325 -4.571713 19.874392  0.049069 -0.998795 0.000000  0.583782 0.011719 0
0  -3.674174 -4.571716 1.764360  -0.000000 -1.000000 0.000000  0.717336 0.411466 0
0  2.376325 -4.571716 0.454350  0.049069 -0.998795 0.000000  0.583782 0.440383 0
ohmbattery
0  2.376325 -4.571716 0.454350  0.049069 -0.998795 0.000000  0.583782 0.440383 0
0  -3.674174 -4.571716 1.764360  -0.000000 -1.000000 0.000000  0.717336 0.411466 0
0  -3.674174 -4.571716 0.454350  0.000000 -1.000000 0.000000  0.717336 0.440383 0
ohmbattery
0  -3.586120 2.861655 0.922362  0.000000 -0.000000 -1.000000  0.542509 0.766717 0
0  -4.768772 -2.861655 0.922363  0.000000 -0.000000 -1.000000  0.668842 0.792822 0
0  -4.768772 2.861655 0.922362  0.000000 -0.000000 -1.000000  0.542509 0.792822 0
ohmbattery
0  -6.778581 -1.427836 17.551115  -0.000000 -1.000000 0.000000  0.961844 0.619862 0
0  -6.056653 -1.427835 19.874392  -0.000000 -1.000000 0.000000  0.945907 0.568575 0
0  -6.778581 -1.427835 20.366028  -0.000000 -1.000000 0.000000  0.961844 0.557722 0
ohmbattery
0  -3.674174 4.571716 0.454348  0.000000 -0.000000 -1.000000  0.772024 0.960721 0
0  -3.416705 -4.314240 0.454350  0.000000 -0.000000 -1.000000  0.575809 0.966406 0
0  -3.674174 -4.571716 0.454350  0.000000 -0.000000 -1.000000  0.570124 0.960721 0
ohmbattery
0  6.948040 0.000003 19.874392  0.705397 0.000000 0.708813  0.295091 0.950106 0
0  6.375674 -0.795516 20.366028  0.691844 -0.137617 0.708812  0.313725 0.934723 0
0  6.860198 -0.891894 19.874392  0.691842 -0.137617 0.708813  0.313702 0.950106 0
ohmbattery
0  6.600039 -1.749516 19.874392  0.651703 -0.269944 0.708811  0.332327 0.950106 0
0  6.375674 -0.795516 20.366028  0.691844 -0.137617 0.708812  0.313725 0.934723 0
0  6.143628 -1.560464 20.366028  0.651704 -0.269944 0.708811  0.332355 0.934723 0
ohmbattery
0  6.600039 -1.749516 19.874392  0.651703 -0.269944 0.708811  0.332327 0.950106 0
0  5.766808 -2.265446 20.366028  0.586516 -0.391898 0.708812  0.350984 0.934723 0
0  6.177567 -2.539906 19.874392  0.586516 -0.391898 0.708813  0.350953 0.950106 0
ohmbattery
0  6.177567 -2.539906 19.874392  0.586516 -0.391898 0.708813  0.350953 0.950106 0
0  5.259696 -2.883365 20.366028  0.498792 -0.498791 0.708812  0.369611 0.934723 0
0  5.609017 -3.232687 19.874392  0.498791 -0.498791 0.708812  0.369581 0.950106 0
ohmbattery
0  5.609017 -3.232687 19.874392  0.498791 -0.498791 0.708812  0.369581 0.950106 0
0  4.641774 -3.390481 20.366028  0.391898 -0.586517 0.708812  0.388238 0.934723 0
0  4.916234 -3.801240 19.874392  0.391896 -0.586518 0.708812  0.388210 0.950106 0
ohmbattery
0  4.125844 -4.223711 19.874392  0.269944 -0.651703 0.708811  0.406844 0.950106 0
0  4.641774 -3.390481 20.366028  0.391898 -0.586517 0.708812  0.388238 0.934723 0
0  3.936793 -3.767300 20.366028  0.269945 -0.651703 0.708811  0.406862 0.934723 0
ohmbattery
0  3.268223 -4.483867 19.874392  0.137616 -0.691844 0.708812  0.425498 0.950106 0
0  3.936793 -3.767300 20.366028  0.269945 -0.651703 0.708811  0.406862 0.934723 0
0  3.171845 -3.999343 20.366028  0.137616 -0.691844 0.708812  0.425469 0.934723 0
ohmbattery
0  2.376325 -4.571713 19.874392  0.034676 -0.705829 0.707533  0.444293 0.950106 0
0  3.171845 -3.999343 20.366028  0.137616 -0.691844 0.708812  0.425469 0.934723 0
0  2.352172 -4.080076 20.366028  0.034676 -0.705829 0.707533  0.444536 0.934723 0
ohmbattery
0  -5.565018 -1.427835 20.366028  0.000000 -1.000000 0.000001  0.935054 0.557722 0
0  -6.778581 -1.427835 20.366028  -0.000000 -1.000000 0.000000  0.961844 0.557722 0
0  -6.056653 -1.427835 19.874392  -0.000000 -1.000000 0.000000  0.945907 0.568575 0
ohmbattery
0  -3.674174 -4.571713 19.874392  -0.632102 -0.774885 0.000000  0.203996 0.727489 0
0  -6.056653 -2.628238 19.874392  -0.632102 -0.774885 0.000000  0.203996 0.659623 0
0  -6.056653 -2.628238 17.551115  -0.632102 -0.774885 0.000000  0.255277 0.659623 0
ohmbattery
0  -5.565016 -2.394820 20.366028  -0.707108 -0.000001 0.707106  0.904513 0.791629 0
0  -6.056653 -1.427835 19.874392  -0.707108 -0.000001 0.707106  0.889165 0.812975 0
0  -6.056653 -2.628238 19.874392  -0.707108 -0.000001 0.707106  0.889165 0.786477 0
ohmbattery
0  6.606447 -0.841423 0.454349  -0.000000 -0.000000 -1.000000  0.280131 0.980723 0
0  6.948040 0.000000 0.454349  0.000000 -0.000000 -1.000000  0.298537 0.986421 0
0  6.860198 -0.891897 0.454349  -0.000000 -0.000000 -1.000000  0.279336 0.986404 0
ohmbattery
0  6.606447 -0.841423 0.454349  -0.000000 -0.000000 -1.000000  0.280131 0.980723 0
0  6.600039 -1.749519 0.454349  0.000000 -0.000000 -1.000000  0.260728 0.986404 0
0  6.361012 -1.650511 0.454349  0.000000 -0.000000 -1.000000  0.260748 0.980723 0
ohmbattery
0  5.962449 -2.396171 0.454349  0.000000 -0.000000 -1.000000  0.241605 0.980723 0
0  6.600039 -1.749519 0.454349  0.000000 -0.000000 -1.000000  0.260728 0.986404 0
0  6.177567 -2.539909 0.454349  0.000000 -0.000000 -1.000000  0.241608 0.986404 0
ohmbattery
0  5.426074 -3.049746 0.454349  -0.000000 -0.000000 -1.000000  0.222470 0.980723 0
0  6.177567 -2.539909 0.454349  0.000000 -0.000000 -1.000000  0.241608 0.986404 0
0  5.609017 -3.232690 0.454349  -0.000000 -0.000000 -1.000000  0.222473 0.986404 0
ohmbattery
0  4.772497 -3.586124 0.454349  -0.000000 -0.000000 -1.000000  0.203334 0.980723 0
0  5.609017 -3.232690 0.454349  -0.000000 -0.000000 -1.000000  0.222473 0.986404 0
0  4.916234 -3.801243 0.454350  0.000000 -0.000000 -1.000000  0.203339 0.986404 0
ohmbattery
0  4.772497 -3.586124 0.454349  -0.000000 -0.000000 -1.000000  0.203334 0.980723 0
0  4.125844 -4.223714 0.454350  -0.000000 -0.000000 -1.000000  0.184203 0.986404 0
0  4.026836 -3.984686 0.454350  -0.000000 -0.000000 -1.000000  0.184200 0.980723 0
ohmbattery
0  4.026836 -3.984686 0.454350  -0.000000 -0.000000 -1.000000  0.184200 0.980723 0
0  3.268223 -4.483870 0.454350  -0.000000 -0.000000 -1.000000  0.165063 0.986404 0
0  3.217748 -4.230120 0.454350  -0.000000 -0.000000 -1.000000  0.165067 0.980723 0
ohmbattery
0  3.217748 -4.230120 0.454350  -0.000000 -0.000000 -1.000000  0.165067 0.980723 0
0  2.376325 -4.571716 0.454350  -0.000000 -0.000000 -1.000000  0.145798 0.986404 0
0  2.363676 -4.314240 0.454350  0.000000 -0.000000 -1.000000  0.145699 0.980723 0
ohmbattery
0  4.772497 3.586124 0.846872  0.000000 -0.000000 -1.000000  0.192476 0.504790 0
0  5.962449 -2.396171 0.846873  -0.000000 -0.000000 -1.000000  0.218742 0.636838 0
0  3.217748 -4.230120 0.846873  0.000000 -0.000000 -1.000000  0.158158 0.677319 0
ohmbattery
0  -3.499084 -4.080076 20.366028  0.000000 -0.707106 0.707107  0.574033 0.934723 0
0  2.376325 -4.571713 19.874392  0.034676 -0.705829 0.707533  0.444293 0.950106 0
0  2.352172 -4.080076 20.366028  0.034676 -0.705829 0.707533  0.444536 0.934723 0
ohmbattery
0  -3.416705 4.314240 0.846872  1.000000 -0.000000 0.000000  0.746483 0.926385 0
0  -3.416705 -4.314240 0.454350  1.000000 -0.000000 0.000000  0.556051 0.917722 0
0  -3.416705 4.314240 0.454348  1.000000 -0.000000 0.000000  0.746483 0.917722 0
ohmbattery
0  6.361012 -1.650511 0.454349  -0.923879 0.382684 0.000000  0.326177 0.967720 0
0  6.606447 -0.841423 0.846873  -0.980785 0.195090 0.000000  0.307517 0.976383 0
0  6.606447 -0.841423 0.454349  -0.980785 0.195090 -0.000000  0.307517 0.967720 0
ohmbattery
0  -7.106458 -1.771878 1.764360  -1.000000 0.000000 0.000000  0.956103 0.707942 0
0  -7.106458 1.771881 17.551115  -1.000000 0.000000 0.000000  0.607640 0.629720 0
0  -7.106458 1.771878 1.764359  -1.000000 0.000000 0.000000  0.956103 0.629720 0
ohmbattery
0  4.026836 -3.984686 0.454350  -0.382682 0.923880 0.000000  0.400818 0.967720 0
0  4.772497 -3.586124 0.846873  -0.555570 0.831470 0.000000  0.382158 0.976383 0
0  4.772497 -3.586124 0.454349  -0.555570 0.831470 0.000000  0.382158 0.967720 0
ohmbattery
0  5.962449 -2.396171 0.454349  -0.831470 0.555570 -0.000000  0.344837 0.967720 0
0  6.361012 -1.650511 0.846873  -0.923879 0.382684 0.000000  0.326177 0.976383 0
0  6.361012 -1.650511 0.454349  -0.923879 0.382684 0.000000  0.326177 0.967720 0
ohmbattery
0  3.217748 -4.230120 0.454350  -0.195091 0.980785 0.000000  0.419478 0.967720 0
0  4.026836 -3.984686 0.846873  -0.382682 0.923880 0.000000  0.400818 0.976383 0
0  4.026836 -3.984686 0.454350  -0.382682 0.923880 0.000000  0.400818 0.967720 0
ohmbattery
0  5.426074 -3.049746 0.454349  -0.707107 0.707106 -0.000000  0.363497 0.967720 0
0  5.962449 -2.396171 0.846873  -0.831470 0.555569 -0.000000  0.344837 0.976383 0
0  5.962449 -2.396171 0.454349  -0.831470 0.555570 -0.000000  0.344837 0.967720 0
ohmbattery
0  -3.416705 -4.314240 0.454350  0.000000 -0.000000 -1.000000  0.017764 0.980723 0
0  2.376325 -4.571716 0.454350  -0.000000 -0.000000 -1.000000  0.145798 0.986404 0
0  -3.674174 -4.571716 0.454350  0.000000 -0.000000 -1.000000  0.012066 0.986404 0
ohmbattery
0  6.606447 -0.841423 0.454349  -0.980785 0.195090 -0.000000  0.307517 0.967720 0
0  6.689319 0.000000 0.846873  -1.000000 0.000000 -0.000000  0.288857 0.976383 0
0  6.689319 0.000000 0.454349  -1.000000 0.000001 -0.000000  0.288857 0.967720 0
ohmbattery
0  2.363676 -4.314240 0.454350  -0.049069 0.998795 0.000000  0.438419 0.967720 0
0  3.217748 -4.230120 0.846873  -0.195091 0.980785 0.000000  0.419478 0.976383 0
0  3.217748 -4.230120 0.454350  -0.195091 0.980785 0.000000  0.419478 0.967720 0
ohmbattery
0  6.948040 0.000003 19.874392  1.000000 0.000000 -0.000000  0.906572 0.029394 0
0  6.860198 -0.891897 0.454349  0.980785 -0.195091 0.000000  0.858700 0.031603 0
0  6.948040 0.000000 0.454349  1.000000 0.000000 0.000000  0.858700 0.029394 0
ohmbattery
0  3.268223 -4.483867 19.874392  0.195091 -0.980785 0.000000  0.906572 0.044858 0
0  2.376325 -4.571716 0.454350  0.049069 -0.998795 0.000000  0.858700 0.047068 0
0  3.268223 -4.483870 0.454350  0.195091 -0.980785 0.000000  0.858700 0.044858 0
ohmbattery
0  4.125844 -4.223711 19.874392  0.382683 -0.923880 0.000000  0.906572 0.042649 0
0  3.268223 -4.483870 0.454350  0.195091 -0.980785 0.000000  0.858700 0.044858 0
0  4.125844 -4.223714 0.454350  0.382682 -0.923880 0.000000  0.858700 0.042649 0
ohmbattery
0  4.916234 -3.801240 19.874392  0.555570 -0.831470 0.000000  0.906572 0.040440 0
0  4.125844 -4.223714 0.454350  0.382682 -0.923880 0.000000  0.858700 0.042649 0
0  4.916234 -3.801243 0.454350  0.555570 -0.831470 0.000000  0.858700 0.040440 0
ohmbattery
0  5.609017 -3.232687 19.874392  0.707107 -0.707106 0.000000  0.906572 0.038231 0
0  4.916234 -3.801243 0.454350  0.555570 -0.831470 0.000000  0.858700 0.040440 0
0  5.609017 -3.232690 0.454349  0.707107 -0.707106 0.000000  0.858700 0.038231 0
ohmbattery
0  6.177567 -2.539906 19.874392  0.831470 -0.555570 0.000000  0.906572 0.036022 0
0  5.609017 -3.232690 0.454349  0.707107 -0.707106 0.000000  0.858700 0.038231 0
0  6.177567 -2.539909 0.454349  0.831470 -0.555569 0.000000  0.858700 0.036022 0
ohmbattery
0  6.600039 -1.749516 19.874392  0.923879 -0.382684 0.000000  0.906572 0.033813 0
0  6.177567 -2.539909 0.454349  0.831470 -0.555569 0.000000  0.858700 0.036022 0
0  6.600039 -1.749519 0.454349  0.923879 -0.382684 0.000000  0.858700 0.033813 0
ohmbattery
0  6.600039 -1.749516 19.874392  0.923879 -0.382684 0.000000  0.906572 0.033813 0
0  6.860198 -0.891897 0.454349  0.980785 -0.195091 0.000000  0.858700 0.031603 0
0  6.860198 -0.891894 19.874392  0.980785 -0.195091 0.000000  0.906572 0.031603 0
ohmbattery
0  -5.565016 -2.394820 20.366028  -0.446963 -0.547926 0.707108  0.828111 0.969717 0
0  -3.674174 -4.571713 19.874392  -0.446963 -0.547926 0.707107  0.765388 0.985066 0
0  -3.499084 -4.080076 20.366028  -0.446963 -0.547926 0.707107  0.769253 0.969717 0
ohmbattery
0  -3.416705 -4.314240 0.454350  0.000000 1.000000 0.000000  0.565992 0.967720 0
0  2.363676 -4.314240 0.846873  -0.049069 0.998795 0.000000  0.438419 0.976383 0
0  2.363676 -4.314240 0.454350  -0.049069 0.998795 0.000000  0.438419 0.967720 0
ohmbattery
0  -5.565018 1.427842 20.366028  -0.000000 0.000000 1.000000  0.505378 0.566292 0
0  -6.778581 -1.427835 20.366028  0.000000 0.000000 1.000000  0.478591 0.503259 0
0  -5.565018 -1.427835 20.366028  0.000000 0.000000 1.000000  0.505378 0.503259 0
ohmbattery
0  -7.106458 1.771878 1.764359  -0.000000 -0.000000 -1.000000  0.251049 0.564478 0
0  -3.674174 -4.571716 1.764360  -0.000000 -0.000000 -1.000000  0.391075 0.488715 0
0  -7.106458 -1.771878 1.764360  -0.000000 -0.000000 -1.000000  0.329272 0.564478 0
ohmbattery
0  -6.056653 -2.628238 17.551115  -0.632102 -0.774885 0.000000  0.255277 0.659623 0
0  -7.106458 -1.771878 1.764360  -0.632102 -0.774885 0.000000  0.603739 0.629718 0
0  -3.674174 -4.571716 1.764360  -0.632102 -0.774885 0.000000  0.603739 0.727489 0
ohmbattery
0  -4.768772 -3.385045 1.832604  0.000000 -1.000000 0.000000  0.383456 0.564260 0
0  -3.586120 -3.385045 1.445753  0.000000 -1.000000 0.000000  0.409560 0.555721 0
0  -3.586120 -3.385045 1.832604  0.000000 -1.000000 0.000000  0.409560 0.564260 0
ohmbattery
0  -3.586120 -3.385045 1.445753  0.000000 -0.707106 -0.707107  0.386441 0.881722 0
0  -4.768772 -2.861655 0.922363  0.000000 -0.707106 -0.707107  0.412546 0.898060 0
0  -3.586120 -2.861655 0.922363  0.000000 -0.707106 -0.707107  0.386441 0.898060 0
ohmbattery
0  -6.778581 1.427842 20.366028  -1.000000 0.000000 0.000000  0.478591 0.566292 0
0  -6.778581 -1.427836 17.551115  -1.000000 0.000000 0.000000  0.416458 0.503259 0
0  -6.778581 -1.427835 20.366028  -1.000000 0.000000 0.000000  0.478591 0.503259 0
ohmbattery
0  -4.768772 -2.861655 0.922363  -1.000000 0.000000 0.000000  0.680489 0.865714 0
0  -4.768772 -3.385045 1.445753  -1.000000 0.000000 0.000000  0.692042 0.877267 0
0  -4.768772 -3.385045 1.832604  -1.000000 0.000000 0.000000  0.692042 0.885807 0
ohmbattery
0  -6.056653 1.427842 19.874392  -1.000000 0.000000 -0.000000  0.011723 0.423719 0
0  -6.056653 2.628244 17.551115  -1.000000 0.000000 -0.000000  0.038220 0.475002 0
0  -6.056653 1.427842 17.551115  -1.000000 0.000001 -0.000000  0.011723 0.475002 0
ohmbattery
0  -6.778581 1.427842 17.551115  -0.000005 0.000000 1.000000  0.633048 0.905656 0
0  -6.056653 2.628244 17.551115  -0.000001 0.000000 1.000000  0.659547 0.889720 0
0  -7.106458 1.771881 17.551115  -0.000004 0.000000 1.000000  0.640643 0.912894 0
ohmbattery
0  5.426074 3.049747 0.846872  -0.707107 -0.707106 0.000001  0.214216 0.976383 0
0  4.772497 3.586124 0.454348  -0.555570 -0.831470 0.000001  0.195556 0.967720 0
0  5.426074 3.049746 0.454348  -0.707107 -0.707107 0.000001  0.214216 0.967720 0
ohmbattery
0  -3.674174 4.571717 1.764359  0.000000 1.000000 -0.000000  0.721244 0.411469 0
0  2.376325 4.571720 19.874392  0.049069 0.998795 -0.000000  0.854798 0.011722 0
0  2.376325 4.571716 0.454348  0.049069 0.998795 -0.000000  0.854798 0.440385 0
ohmbattery
0  2.376325 4.571716 0.454348  0.049069 0.998795 -0.000000  0.854798 0.440385 0
0  -3.674174 4.571716 0.454348  0.000000 1.000000 0.000000  0.721244 0.440385 0
0  -3.674174 4.571717 1.764359  0.000000 1.000000 -0.000000  0.721244 0.411469 0
ohmbattery
0  -6.778581 1.427842 17.551115  0.000000 1.000000 -0.000000  0.411159 0.488720 0
0  -6.056653 1.427842 19.874392  0.000000 1.000000 -0.000000  0.395222 0.540011 0
0  -6.056653 1.427842 17.551115  0.000000 1.000000 -0.000000  0.395222 0.488720 0
ohmbattery
0  6.375674 0.795522 20.366028  0.691843 0.137617 0.708813  0.276448 0.934753 0
0  6.948040 0.000003 19.874392  0.705397 0.000000 0.708813  0.295091 0.950106 0
0  6.860198 0.891900 19.874392  0.691841 0.137617 0.708814  0.276474 0.950106 0
ohmbattery
0  6.600039 1.749523 19.874392  0.651703 0.269944 0.708811  0.257848 0.950106 0
0  6.375674 0.795522 20.366028  0.691843 0.137617 0.708813  0.276448 0.934753 0
0  6.860198 0.891900 19.874392  0.691841 0.137617 0.708814  0.276474 0.950106 0
ohmbattery
0  5.766808 2.265452 20.366028  0.586517 0.391897 0.708812  0.239191 0.934753 0
0  6.600039 1.749523 19.874392  0.651703 0.269944 0.708811  0.257848 0.950106 0
0  6.177567 2.539913 19.874392  0.586516 0.391898 0.708813  0.239221 0.950106 0
ohmbattery
0  5.259696 2.883371 20.366028  0.498791 0.498791 0.708812  0.220563 0.934753 0
0  6.177567 2.539913 19.874392  0.586516 0.391898 0.708813  0.239221 0.950106 0
0  5.609017 3.232693 19.874392  0.498791 0.498791 0.708812  0.220593 0.950106 0
ohmbattery
0  4.641774 3.390488 20.366028  0.391898 0.586517 0.708812  0.201936 0.934753 0
0  5.609017 3.232693 19.874392  0.498791 0.498791 0.708812  0.220593 0.950106 0
0  4.916234 3.801247 19.874392  0.391896 0.586518 0.708812  0.201964 0.950106 0
ohmbattery
0  4.125844 4.223717 19.874392  0.269944 0.651703 0.708811  0.183331 0.950106 0
0  4.641774 3.390488 20.366028  0.391898 0.586517 0.708812  0.201936 0.934753 0
0  4.916234 3.801247 19.874392  0.391896 0.586518 0.708812  0.201964 0.950106 0
ohmbattery
0  3.268223 4.483873 19.874392  0.137616 0.691844 0.708812  0.164676 0.950106 0
0  3.936793 3.767306 20.366028  0.269945 0.651703 0.708811  0.183313 0.934753 0
0  4.125844 4.223717 19.874392  0.269944 0.651703 0.708811  0.183331 0.950106 0
ohmbattery
0  2.376325 4.571720 19.874392  0.034676 0.705828 0.707534  0.145881 0.950106 0
0  3.171845 3.999350 20.366028  0.137616 0.691844 0.708812  0.164706 0.934753 0
0  3.268223 4.483873 19.874392  0.137616 0.691844 0.708812  0.164676 0.950106 0
ohmbattery
0  -5.565018 1.427842 20.366028  0.000000 1.000000 -0.000000  0.384368 0.550865 0
0  -6.056653 1.427842 19.874392  0.000000 1.000000 -0.000000  0.395222 0.540011 0
0  -6.778581 1.427842 20.366028  0.000000 1.000000 -0.000000  0.411160 0.550865 0
ohmbattery
0  -3.674174 4.571720 19.874392  -0.632102 0.774885 -0.000000  0.411461 0.864491 0
0  -6.056653 2.628244 17.551115  -0.632102 0.774885 -0.000000  0.360179 0.796625 0
0  -6.056653 2.628245 19.874392  -0.632102 0.774885 -0.000001  0.411460 0.796625 0
ohmbattery
0  -5.565016 2.394827 20.366028  -0.707107 0.000001 0.707107  0.888534 0.501722 0
0  -6.056653 1.427842 19.874392  -0.707108 0.000001 0.707106  0.867188 0.517070 0
0  -5.565018 1.427842 20.366028  -0.707109 0.000001 0.707104  0.867188 0.501722 0
ohmbattery
0  6.606447 0.841423 0.454349  -0.000000 -0.000000 -1.000000  0.317886 0.980723 0
0  6.948040 0.000000 0.454349  0.000000 -0.000000 -1.000000  0.298537 0.986421 0
0  6.689319 0.000000 0.454349  0.000000 -0.000000 -1.000000  0.298877 0.980723 0
ohmbattery
0  6.600039 1.749520 0.454349  0.000000 -0.000000 -1.000000  0.337014 0.986421 0
0  6.606447 0.841423 0.454349  -0.000000 -0.000000 -1.000000  0.317886 0.980723 0
0  6.361012 1.650511 0.454349  0.000000 -0.000000 -1.000000  0.337018 0.980723 0
ohmbattery
0  5.962449 2.396171 0.454349  -0.000000 -0.000000 -1.000000  0.356153 0.980723 0
0  6.600039 1.749520 0.454349  0.000000 -0.000000 -1.000000  0.337014 0.986421 0
0  6.361012 1.650511 0.454349  0.000000 -0.000000 -1.000000  0.337018 0.980723 0
ohmbattery
0  5.426074 3.049746 0.454348  0.000000 -0.000000 -1.000000  0.375288 0.980723 0
0  6.177567 2.539909 0.454348  -0.000000 -0.000000 -1.000000  0.356149 0.986421 0
0  5.962449 2.396171 0.454349  -0.000000 -0.000000 -1.000000  0.356153 0.980723 0
ohmbattery
0  4.772497 3.586124 0.454348  0.000000 -0.000000 -1.000000  0.394423 0.980723 0
0  5.609017 3.232690 0.454348  0.000000 -0.000000 -1.000000  0.375284 0.986421 0
0  5.426074 3.049746 0.454348  0.000000 -0.000000 -1.000000  0.375288 0.980723 0
ohmbattery
0  4.125844 4.223714 0.454348  0.000000 -0.000000 -1.000000  0.413554 0.986421 0
0  4.772497 3.586124 0.454348  0.000000 -0.000000 -1.000000  0.394423 0.980723 0
0  4.026836 3.984686 0.454348  0.000000 -0.000000 -1.000000  0.413558 0.980723 0
ohmbattery
0  3.268223 4.483870 0.454348  -0.000000 -0.000000 -1.000000  0.432694 0.986421 0
0  4.026836 3.984686 0.454348  0.000000 -0.000000 -1.000000  0.413558 0.980723 0
0  3.217748 4.230120 0.454348  0.000000 -0.000000 -1.000000  0.432691 0.980723 0
ohmbattery
0  2.376325 4.571716 0.454348  0.000000 -0.000000 -1.000000  0.451959 0.986421 0
0  3.217748 4.230120 0.454348  0.000000 -0.000000 -1.000000  0.432691 0.980723 0
0  2.363676 4.314240 0.454348  0.000000 -0.000000 -1.000000  0.452058 0.980723 0
ohmbattery
0  2.376325 4.571720 19.874392  0.034676 0.705828 0.707534  0.145881 0.950106 0
0  -3.499084 4.080082 20.366028  0.000000 0.707107 0.707107  0.016141 0.934752 0
0  2.352172 4.080082 20.366028  0.034676 0.705828 0.707534  0.145638 0.934753 0
ohmbattery
0  6.606447 0.841423 0.846873  -0.980785 -0.195091 0.000000  0.270197 0.976383 0
0  6.361012 1.650511 0.454349  -0.923879 -0.382684 0.000000  0.251537 0.967720 0
0  6.606447 0.841423 0.454349  -0.980785 -0.195091 0.000000  0.270197 0.967720 0
ohmbattery
0  4.772497 3.586124 0.846872  -0.555570 -0.831470 0.000001  0.195556 0.976383 0
0  4.026836 3.984686 0.454348  -0.382682 -0.923880 0.000001  0.176896 0.967720 0
0  4.772497 3.586124 0.454348  -0.555570 -0.831470 0.000001  0.195556 0.967720 0
ohmbattery
0  6.361012 1.650511 0.846872  -0.923879 -0.382684 0.000000  0.251537 0.976383 0
0  5.962449 2.396171 0.454349  -0.831470 -0.555570 0.000001  0.232877 0.967720 0
0  6.361012 1.650511 0.454349  -0.923879 -0.382684 0.000000  0.251537 0.967720 0
ohmbattery
0  4.026836 3.984687 0.846872  -0.382682 -0.923880 0.000001  0.176896 0.976383 0
0  3.217748 4.230120 0.454348  -0.195091 -0.980785 0.000000  0.158236 0.967720 0
0  4.026836 3.984686 0.454348  -0.382682 -0.923880 0.000001  0.176896 0.967720 0
ohmbattery
0  5.962449 2.396172 0.846872  -0.831470 -0.555570 0.000001  0.232877 0.976383 0
0  5.426074 3.049746 0.454348  -0.707107 -0.707107 0.000001  0.214216 0.967720 0
0  5.962449 2.396171 0.454349  -0.831470 -0.555570 0.000001  0.232877 0.967720 0
ohmbattery
0  -3.416705 4.314240 0.454348  0.000000 -0.000000 -1.000000  0.579993 0.980723 0
0  2.376325 4.571716 0.454348  0.000000 -0.000000 -1.000000  0.451959 0.986421 0
0  2.363676 4.314240 0.454348  0.000000 -0.000000 -1.000000  0.452058 0.980723 0
ohmbattery
0  6.689319 0.000000 0.846873  -1.000000 0.000000 -0.000000  0.288857 0.976383 0
0  6.606447 0.841423 0.454349  -0.980785 -0.195091 0.000000  0.270197 0.967720 0
0  6.689319 0.000000 0.454349  -1.000000 0.000001 -0.000000  0.288857 0.967720 0
ohmbattery
0  3.217748 4.230120 0.846872  -0.195091 -0.980785 0.000000  0.158236 0.976383 0
0  2.363676 4.314240 0.454348  -0.049069 -0.998795 0.000000  0.139295 0.967720 0
0  3.217748 4.230120 0.454348  -0.195091 -0.980785 0.000000  0.158236 0.967720 0
ohmbattery
0  6.860198 0.891897 0.454349  0.980785 0.195091 -0.000000  0.858700 0.027185 0
0  6.948040 0.000003 19.874392  1.000000 0.000000 -0.000000  0.906572 0.029394 0
0  6.948040 0.000000 0.454349  1.000000 0.000000 0.000000  0.858700 0.029394 0
ohmbattery
0  2.376325 4.571716 0.454348  0.049069 0.998795 -0.000000  0.858700 0.011721 0
0  3.268223 4.483873 19.874392  0.195091 0.980785 -0.000000  0.906572 0.013930 0
0  3.268223 4.483870 0.454348  0.195091 0.980785 -0.000000  0.858700 0.013930 0
ohmbattery
0  3.268223 4.483870 0.454348  0.195091 0.980785 -0.000000  0.858700 0.013930 0
0  4.125844 4.223717 19.874392  0.382683 0.923880 -0.000000  0.906572 0.016139 0
0  4.125844 4.223714 0.454348  0.382682 0.923880 -0.000000  0.858700 0.016139 0
ohmbattery
0  4.125844 4.223714 0.454348  0.382682 0.923880 -0.000000  0.858700 0.016139 0
0  4.916234 3.801247 19.874392  0.555570 0.831470 -0.000000  0.906572 0.018348 0
0  4.916234 3.801243 0.454348  0.555570 0.831470 -0.000000  0.858700 0.018348 0
ohmbattery
0  4.916234 3.801243 0.454348  0.555570 0.831470 -0.000000  0.858700 0.018348 0
0  5.609017 3.232693 19.874392  0.707107 0.707106 -0.000000  0.906572 0.020557 0
0  5.609017 3.232690 0.454348  0.707107 0.707107 -0.000000  0.858700 0.020557 0
ohmbattery
0  5.609017 3.232690 0.454348  0.707107 0.707107 -0.000000  0.858700 0.020557 0
0  6.177567 2.539913 19.874392  0.831470 0.555570 -0.000000  0.906572 0.022767 0
0  6.177567 2.539909 0.454348  0.831470 0.555569 -0.000000  0.858700 0.022767 0
ohmbattery
0  6.177567 2.539909 0.454348  0.831470 0.555569 -0.000000  0.858700 0.022767 0
0  6.600039 1.749523 19.874392  0.923879 0.382684 -0.000000  0.906572 0.024976 0
0  6.600039 1.749520 0.454349  0.923880 0.382683 -0.000000  0.858700 0.024976 0
ohmbattery
0  6.860198 0.891897 0.454349  0.980785 0.195091 -0.000000  0.858700 0.027185 0
0  6.600039 1.749523 19.874392  0.923879 0.382684 -0.000000  0.906572 0.024976 0
0  6.860198 0.891900 19.874392  0.980785 0.195091 -0.000000  0.906572 0.027185 0
ohmbattery
0  -3.674174 4.571720 19.874392  -0.446962 0.547927 0.707108  0.833607 0.969715 0
0  -5.565016 2.394827 20.366028  -0.446962 0.547926 0.707108  0.896318 0.985062 0
0  -3.499084 4.080082 20.366028  -0.446962 0.547927 0.707108  0.837472 0.985062 0
ohmbattery
0  2.363676 4.314240 0.846872  -0.049069 -0.998795 0.000000  0.139295 0.976383 0
0  -3.416705 4.314240 0.454348  0.000000 -1.000000 0.000000  0.011722 0.967720 0
0  2.363676 4.314240 0.454348  -0.049069 -0.998795 0.000000  0.139295 0.967720 0
ohmbattery
0  -7.106458 1.771878 1.764359  -0.632102 0.774885 -0.000000  0.011718 0.766721 0
0  -7.106458 1.771881 17.551115  -0.632101 0.774886 -0.000000  0.360179 0.766721 0
0  -6.056653 2.628244 17.551115  -0.632102 0.774885 -0.000000  0.360179 0.796625 0
ohmbattery
0  -3.586120 3.385046 1.445752  0.000000 1.000000 0.000000  0.950695 0.758263 0
0  -4.768772 3.385046 1.832602  0.000000 1.000000 0.000000  0.924591 0.749723 0
0  -3.586120 3.385046 1.832602  0.000000 1.000000 0.000000  0.950695 0.749723 0
ohmbattery
0  -4.768772 2.861655 0.922362  0.000000 0.707107 -0.707107  0.229354 0.626718 0
0  -3.586120 3.385046 1.445752  0.000000 0.707107 -0.707107  0.245692 0.652822 0
0  -3.586120 2.861655 0.922362  0.000000 0.707107 -0.707107  0.229354 0.652822 0
ohmbattery
0  -3.674174 4.571717 1.764359  -1.000000 0.000000 0.000000  0.238688 0.599633 0
0  -3.674174 -4.571716 0.454350  -1.000000 0.000000 0.000000  0.440505 0.570718 0
0  -3.674174 -4.571716 1.764360  -1.000000 0.000000 0.000000  0.440505 0.599633 0
ohmbattery
0  -5.565018 1.427842 20.366028  -0.000000 0.000000 1.000000  0.505378 0.566292 0
0  -3.499084 4.080082 20.366028  0.000000 0.000000 1.000000  0.550979 0.624835 0
0  -5.565016 2.394827 20.366028  0.000004 0.000000 1.000000  0.505378 0.587636 0
ohmbattery
0  3.171845 -3.999343 20.366028  -0.000001 0.000000 1.000000  0.698225 0.446499 0
0  5.766808 -2.265446 20.366028  0.000001 0.000000 1.000000  0.755504 0.484771 0
0  6.375674 0.795522 20.366028  0.000001 0.000000 1.000000  0.768943 0.552335 0
ohmbattery
0  -5.565016 -2.394820 20.366028  0.000004 0.000000 1.000000  0.505378 0.481915 0
0  -3.499084 -4.080076 20.366028  0.000000 0.000000 1.000000  0.550979 0.444716 0
0  -5.565018 -1.427835 20.366028  0.000000 0.000000 1.000000  0.505378 0.503259 0
ohmbattery
0  -3.499084 4.080082 20.366028  0.000000 0.000000 1.000000  0.550979 0.624835 0
0  -5.565018 1.427842 20.366028  -0.000000 0.000000 1.000000  0.505378 0.566292 0
0  -5.565018 -1.427835 20.366028  0.000000 0.000000 1.000000  0.505378 0.503259 0
ohmbattery
0  -2.504380 -4.612614 16.795559  0.000000 1.000000 -0.000000  0.960436 0.552769 0
0  1.184947 -4.612614 21.404596  0.000259 1.000000 -0.000000  0.858702 0.471335 0
0  1.184947 -4.612614 19.004282  0.000185 1.000000 -0.000000  0.911684 0.471335 0
ohmbattery
0  1.184947 -4.612614 21.404596  0.000259 1.000000 -0.000000  0.858702 0.471335 0
0  2.484753 -4.613096 19.004282  -0.048102 0.998842 -0.000000  0.911684 0.442645 0
0  1.184947 -4.612614 19.004282  0.000185 1.000000 -0.000000  0.911684 0.471335 0
ohmbattery
0  2.484753 -4.613096 21.404596  -0.048102 0.998842 -0.000000  0.858702 0.442645 0
0  3.404258 -4.523984 19.004282  -0.194323 0.980938 -0.000000  0.911684 0.422254 0
0  2.484753 -4.613096 19.004282  -0.048102 0.998842 -0.000000  0.911684 0.442645 0
ohmbattery
0  3.404258 -4.523984 21.404596  -0.194323 0.980938 -0.000000  0.858702 0.422254 0
0  4.269553 -4.261500 19.004282  -0.382684 0.923879 -0.000000  0.911684 0.402295 0
0  3.404258 -4.523984 19.004282  -0.194323 0.980938 -0.000000  0.911684 0.422254 0
ohmbattery
0  4.269553 -4.261500 21.404596  -0.382684 0.923879 -0.000000  0.858702 0.402295 0
0  5.067013 -3.835248 19.004282  -0.555570 0.831470 -0.000000  0.911684 0.382336 0
0  4.269553 -4.261500 19.004282  -0.382684 0.923879 -0.000000  0.911684 0.402295 0
ohmbattery
0  5.067013 -3.835248 21.404596  -0.555571 0.831469 -0.000000  0.858702 0.382336 0
0  5.765994 -3.261610 19.004282  -0.707107 0.707107 -0.000000  0.911684 0.362378 0
0  5.067013 -3.835248 19.004282  -0.555570 0.831470 -0.000000  0.911684 0.382336 0
ohmbattery
0  5.765994 -3.261610 21.404596  -0.707107 0.707107 -0.000000  0.858702 0.362378 0
0  6.339631 -2.562631 19.004282  -0.831470 0.555569 -0.000000  0.911684 0.342419 0
0  5.765994 -3.261610 19.004282  -0.707107 0.707107 -0.000000  0.911684 0.362378 0
ohmbattery
0  6.339631 -2.562630 21.404596  -0.831470 0.555570 -0.000000  0.858702 0.342419 0
0  6.765882 -1.765169 19.004282  -0.923880 0.382684 -0.000000  0.911684 0.322460 0
0  6.339631 -2.562631 19.004282  -0.831470 0.555569 -0.000000  0.911684 0.342419 0
ohmbattery
0  6.765882 -1.765169 21.404596  -0.923880 0.382683 -0.000000  0.858703 0.322460 0
0  7.028368 -0.899873 19.004282  -0.980578 0.196131 -0.000000  0.911684 0.302501 0
0  6.765882 -1.765169 19.004282  -0.923880 0.382684 -0.000000  0.911684 0.322460 0
ohmbattery
0  7.028368 -0.899873 19.004282  -0.980578 0.196131 -0.000000  0.911684 0.302501 0
0  7.118926 0.000003 21.404596  -1.000000 0.000001 0.000000  0.858703 0.282538 0
0  7.118926 0.000003 19.004282  -1.000000 -0.000000 0.000000  0.911684 0.282538 0
ohmbattery
0  7.420682 -0.977913 0.000000  -0.000000 -0.000000 -1.000000  0.268050 0.963517 0
0  7.118926 0.000000 0.000000  -0.000000 -0.000000 -1.000000  0.288876 0.954720 0
0  7.517000 0.000000 0.000000  0.000000 -0.000000 -1.000000  0.288876 0.963517 0
ohmbattery
0  7.420682 -0.977910 21.404596  -0.000001 0.000000 1.000000  0.228324 0.877512 0
0  7.118926 0.000003 21.404596  0.000000 0.000000 1.000000  0.207491 0.868716 0
0  7.028368 -0.899873 21.404596  0.000000 0.000000 1.000000  0.228324 0.868716 0
ohmbattery
0  7.135435 -1.918246 0.000000  0.000000 -0.000000 -1.000000  0.247225 0.963517 0
0  7.028368 -0.899877 0.000000  -0.000000 -0.000000 -1.000000  0.268050 0.954720 0
0  7.420682 -0.977913 0.000000  -0.000000 -0.000000 -1.000000  0.268050 0.963517 0
ohmbattery
0  7.420682 -0.977910 21.404596  -0.000001 0.000000 1.000000  0.228324 0.877512 0
0  6.765882 -1.765169 21.404596  -0.000002 0.000000 1.000000  0.249154 0.868716 0
0  7.135435 -1.918242 21.404596  -0.000002 0.000000 1.000000  0.249154 0.877512 0
ohmbattery
0  6.672219 -2.784862 0.000000  -0.000000 -0.000000 -1.000000  0.226401 0.963517 0
0  6.765882 -1.765172 0.000000  0.000000 -0.000000 -1.000000  0.247225 0.954720 0
0  7.135435 -1.918246 0.000000  0.000000 -0.000000 -1.000000  0.247225 0.963517 0
ohmbattery
0  7.135435 -1.918242 21.404596  -0.000002 0.000000 1.000000  0.249154 0.877512 0
0  6.339631 -2.562630 21.404596  0.000000 0.000000 1.000000  0.269985 0.868716 0
0  6.672219 -2.784858 21.404596  -0.000000 0.000000 1.000000  0.269985 0.877512 0
ohmbattery
0  6.672219 -2.784862 0.000000  -0.000000 -0.000000 -1.000000  0.226401 0.963517 0
0  5.765994 -3.261613 0.000001  0.000000 -0.000000 -1.000000  0.205576 0.954720 0
0  6.339631 -2.562634 0.000000  -0.000000 -0.000000 -1.000000  0.226401 0.954720 0
ohmbattery
0  6.672219 -2.784858 21.404596  -0.000000 0.000000 1.000000  0.269985 0.877512 0
0  5.765994 -3.261610 21.404596  -0.000002 0.000000 1.000000  0.290815 0.868716 0
0  6.048837 -3.544453 21.404596  -0.000002 0.000000 1.000000  0.290815 0.877512 0
ohmbattery
0  5.289241 -4.167839 0.000001  0.000000 -0.000000 -1.000000  0.184752 0.963517 0
0  5.765994 -3.261613 0.000001  0.000000 -0.000000 -1.000000  0.205576 0.954720 0
0  6.048837 -3.544456 0.000001  0.000000 -0.000000 -1.000000  0.205576 0.963517 0
ohmbattery
0  5.289241 -4.167836 21.404596  -0.000000 0.000000 1.000000  0.311646 0.877512 0
0  5.765994 -3.261610 21.404596  -0.000002 0.000000 1.000000  0.290815 0.868716 0
0  5.067013 -3.835248 21.404596  0.000000 0.000000 1.000000  0.311646 0.868717 0
ohmbattery
0  5.289241 -4.167839 0.000001  0.000000 -0.000000 -1.000000  0.184752 0.963517 0
0  4.269553 -4.261503 0.000001  0.000000 -0.000000 -1.000000  0.163927 0.954720 0
0  5.067013 -3.835251 0.000001  0.000000 -0.000000 -1.000000  0.184752 0.954720 0
ohmbattery
0  5.289241 -4.167836 21.404596  -0.000000 0.000000 1.000000  0.311646 0.877512 0
0  4.269553 -4.261500 21.404596  0.000001 0.000000 1.000000  0.332476 0.868717 0
0  4.422626 -4.631052 21.404596  0.000001 0.000000 1.000000  0.332476 0.877512 0
ohmbattery
0  4.422626 -4.631055 0.000001  0.000000 -0.000000 -1.000000  0.163927 0.963517 0
0  3.404258 -4.523987 0.000001  -0.000000 -0.000000 -1.000000  0.143103 0.954720 0
0  4.269553 -4.261503 0.000001  0.000000 -0.000000 -1.000000  0.163927 0.954720 0
ohmbattery
0  4.422626 -4.631052 21.404596  0.000001 0.000000 1.000000  0.332476 0.877512 0
0  3.404258 -4.523984 21.404596  0.000000 0.000000 1.000000  0.353306 0.868717 0
0  3.482293 -4.916298 21.404596  0.000000 0.000000 1.000000  0.353306 0.877512 0
ohmbattery
0  2.504380 -5.012617 0.000001  0.000000 -0.000000 -1.000000  0.122062 0.963517 0
0  3.404258 -4.523987 0.000001  -0.000000 -0.000000 -1.000000  0.143103 0.954720 0
0  3.482293 -4.916301 0.000001  -0.000000 -0.000000 -1.000000  0.143103 0.963517 0
ohmbattery
0  2.504380 -5.012614 21.404596  0.000000 0.000000 1.000000  0.374353 0.877512 0
0  3.404258 -4.523984 21.404596  0.000000 0.000000 1.000000  0.353306 0.868717 0
0  2.484753 -4.613096 21.404596  0.000000 0.000000 1.000000  0.374353 0.868717 0
ohmbattery
0  1.184947 -5.012617 0.000001  -0.000000 -0.000000 -1.000000  0.093155 0.963517 0
0  2.484753 -4.613099 0.000001  0.000000 -0.000000 -1.000000  0.122062 0.954720 0
0  2.504380 -5.012617 0.000001  0.000000 -0.000000 -1.000000  0.122062 0.963517 0
ohmbattery
0  1.184947 -5.012614 21.404596  -0.000000 0.000000 1.000000  0.403268 0.877512 0
0  2.484753 -4.613096 21.404596  0.000000 0.000000 1.000000  0.374353 0.868717 0
0  1.184947 -4.612614 21.404596  -0.000000 0.000000 1.000000  0.403268 0.868717 0
ohmbattery
0  -2.504380 -5.012617 0.000001  0.000000 -0.000000 -1.000000  0.011720 0.963517 0
0  1.184947 -4.612617 0.000001  -0.000000 -0.000000 -1.000000  0.093155 0.954720 0
0  1.184947 -5.012617 0.000001  -0.000000 -0.000000 -1.000000  0.093155 0.963517 0
ohmbattery
0  1.184947 -5.012614 21.404596  -0.780695 0.000000 0.624912  0.793995 0.889715 0
0  -2.504380 -4.612614 16.795559  -0.780696 0.000000 0.624911  0.663702 0.898543 0
0  -2.504380 -5.012614 16.795559  -0.780696 0.000000 0.624911  0.663702 0.889715 0
ohmbattery
0  -2.504380 -5.012614 16.795559  -1.000000 0.000000 0.000000  0.011719 0.890548 0
0  -2.504380 -4.612617 1.013960  -1.000000 0.000000 0.000000  0.360151 0.881717 0
0  -2.504380 -5.012617 0.000001  -1.000000 -0.000001 0.000000  0.382538 0.890548 0
ohmbattery
0  7.028368 -0.899873 19.004282  -0.980578 0.196131 -0.000000  0.863282 0.524613 0
0  7.118926 0.000000 1.013960  -1.000000 -0.000000 -0.000000  0.774588 0.529072 0
0  7.028368 -0.899876 1.013960  -0.980578 0.196131 -0.000000  0.774588 0.524613 0
ohmbattery
0  6.765882 -1.765169 19.004282  -0.923880 0.382684 -0.000000  0.863282 0.520155 0
0  7.028368 -0.899876 1.013960  -0.980578 0.196131 -0.000000  0.774588 0.524613 0
0  6.765882 -1.765172 1.013960  -0.923879 0.382684 -0.000000  0.774588 0.520155 0
ohmbattery
0  6.339631 -2.562631 19.004282  -0.831470 0.555569 -0.000000  0.863282 0.515697 0
0  6.765882 -1.765172 1.013960  -0.923879 0.382684 -0.000000  0.774588 0.520155 0
0  6.339631 -2.562634 1.013960  -0.831470 0.555570 -0.000000  0.774588 0.515697 0
ohmbattery
0  5.765994 -3.261610 19.004282  -0.707107 0.707107 -0.000000  0.863282 0.511239 0
0  6.339631 -2.562634 1.013960  -0.831470 0.555570 -0.000000  0.774588 0.515697 0
0  5.765994 -3.261613 1.013960  -0.707107 0.707107 -0.000000  0.774588 0.511239 0
ohmbattery
0  5.067013 -3.835248 19.004282  -0.555570 0.831470 -0.000000  0.863282 0.506781 0
0  5.765994 -3.261613 1.013960  -0.707107 0.707107 -0.000000  0.774588 0.511239 0
0  5.067013 -3.835251 1.013960  -0.555570 0.831470 -0.000000  0.774588 0.506781 0
ohmbattery
0  4.269553 -4.261500 19.004282  -0.382684 0.923879 -0.000000  0.863282 0.502323 0
0  5.067013 -3.835251 1.013960  -0.555570 0.831470 -0.000000  0.774588 0.506781 0
0  4.269553 -4.261503 1.013960  -0.382684 0.923879 -0.000000  0.774588 0.502323 0
ohmbattery
0  3.404258 -4.523984 19.004282  -0.194323 0.980938 -0.000000  0.863282 0.497865 0
0  4.269553 -4.261503 1.013960  -0.382684 0.923879 -0.000000  0.774588 0.502323 0
0  3.404258 -4.523987 1.013960  -0.194323 0.980938 -0.000000  0.774588 0.497865 0
ohmbattery
0  2.484753 -4.613096 19.004282  -0.048102 0.998842 -0.000000  0.863282 0.493311 0
0  3.404258 -4.523987 1.013960  -0.194323 0.980938 -0.000000  0.774588 0.497865 0
0  2.484753 -4.613099 1.013960  -0.048102 0.998842 -0.000000  0.774588 0.493311 0
ohmbattery
0  1.184947 -4.612614 19.004282  0.000185 1.000000 -0.000000  0.863282 0.486902 0
0  2.484753 -4.613099 1.013960  -0.048102 0.998842 -0.000000  0.774588 0.493311 0
0  1.184947 -4.612617 1.013960  0.000185 1.000000 -0.000000  0.774588 0.486902 0
ohmbattery
0  -2.504380 -4.612614 16.795559  0.000000 1.000000 -0.000000  0.852393 0.468714 0
0  1.184947 -4.612617 1.013960  0.000185 1.000000 -0.000000  0.774588 0.486902 0
0  -2.504380 -4.612617 1.013960  0.000000 1.000000 -0.000000  0.774588 0.468714 0
ohmbattery
0  7.517000 0.000000 0.000000  1.000000 0.000000 -0.000000  0.295800 0.011721 0
0  7.420682 -0.977910 21.404596  0.980785 -0.195093 0.000000  0.274110 0.484184 0
0  7.420682 -0.977913 0.000000  0.980785 -0.195091 0.000000  0.274110 0.011721 0
ohmbattery
0  7.420682 -0.977913 0.000000  0.980785 -0.195091 0.000000  0.274110 0.011721 0
0  7.135435 -1.918242 21.404596  0.923879 -0.382684 0.000000  0.252420 0.484184 0
0  7.135435 -1.918246 0.000000  0.923880 -0.382683 0.000000  0.252420 0.011721 0
ohmbattery
0  7.135435 -1.918246 0.000000  0.923880 -0.382683 0.000000  0.252420 0.011721 0
0  6.672219 -2.784858 21.404596  0.831470 -0.555570 0.000000  0.230730 0.484184 0
0  6.672219 -2.784862 0.000000  0.831470 -0.555570 0.000000  0.230730 0.011721 0
ohmbattery
0  6.672219 -2.784862 0.000000  0.831470 -0.555570 0.000000  0.230730 0.011721 0
0  6.048837 -3.544453 21.404596  0.707107 -0.707107 0.000000  0.209040 0.484184 0
0  6.048837 -3.544456 0.000001  0.707107 -0.707107 0.000000  0.209040 0.011721 0
ohmbattery
0  6.048837 -3.544456 0.000001  0.707107 -0.707107 0.000000  0.209040 0.011721 0
0  5.289241 -4.167836 21.404596  0.555570 -0.831470 0.000000  0.187350 0.484184 0
0  5.289241 -4.167839 0.000001  0.555570 -0.831470 0.000000  0.187350 0.011721 0
ohmbattery
0  5.289241 -4.167839 0.000001  0.555570 -0.831470 0.000000  0.187350 0.011721 0
0  4.422626 -4.631052 21.404596  0.382683 -0.923880 0.000000  0.165661 0.484184 0
0  4.422626 -4.631055 0.000001  0.382684 -0.923880 0.000000  0.165661 0.011721 0
ohmbattery
0  4.422626 -4.631055 0.000001  0.382684 -0.923880 0.000000  0.165661 0.011721 0
0  3.482293 -4.916298 21.404596  0.195090 -0.980785 0.000000  0.143971 0.484184 0
0  3.482293 -4.916301 0.000001  0.195090 -0.980785 0.000000  0.143971 0.011721 0
ohmbattery
0  3.482293 -4.916301 0.000001  0.195090 -0.980785 0.000000  0.143971 0.011721 0
0  2.504380 -5.012614 21.404596  0.049068 -0.998795 0.000000  0.122281 0.484184 0
0  2.504380 -5.012617 0.000001  0.049068 -0.998795 0.000000  0.122281 0.011721 0
ohmbattery
0  2.504380 -5.012617 0.000001  0.049068 -0.998795 0.000000  0.122281 0.011721 0
0  1.184947 -5.012614 21.404596  -0.000000 -1.000000 0.000000  0.093157 0.484184 0
0  1.184947 -5.012617 0.000001  -0.000000 -1.000000 0.000000  0.093157 0.011721 0
ohmbattery
0  1.184947 -5.012617 0.000001  -0.000000 -1.000000 0.000000  0.093157 0.011721 0
0  -2.504380 -5.012614 16.795559  -0.000000 -1.000000 0.000000  0.011722 0.382449 0
0  -2.504380 -5.012617 0.000001  0.000000 -1.000000 0.000000  0.011722 0.011721 0
ohmbattery
0  -2.504380 -4.612617 1.013960  0.000000 1.000000 -0.000000  0.011718 0.907724 0
0  1.184947 -4.612617 0.000001  0.000185 1.000000 0.000000  0.093146 0.930103 0
0  -2.504380 -4.612617 0.000001  0.000000 1.000000 0.000000  0.011718 0.930103 0
ohmbattery
0  1.184947 -4.612617 1.013960  0.000185 1.000000 -0.000000  0.093146 0.907724 0
0  2.484753 -4.613099 0.000001  -0.048102 0.998842 0.000000  0.121834 0.930103 0
0  1.184947 -4.612617 0.000001  0.000185 1.000000 0.000000  0.093146 0.930103 0
ohmbattery
0  2.484753 -4.613099 1.013960  -0.048102 0.998842 -0.000000  0.121834 0.907724 0
0  3.404258 -4.523987 0.000001  -0.194323 0.980938 0.000000  0.142223 0.930103 0
0  2.484753 -4.613099 0.000001  -0.048102 0.998842 0.000000  0.121834 0.930103 0
ohmbattery
0  3.404258 -4.523987 1.013960  -0.194323 0.980938 -0.000000  0.142223 0.907724 0
0  4.269553 -4.261503 0.000001  -0.382683 0.923880 0.000000  0.162181 0.930103 0
0  3.404258 -4.523987 0.000001  -0.194323 0.980938 0.000000  0.142223 0.930103 0
ohmbattery
0  4.269553 -4.261503 1.013960  -0.382684 0.923879 -0.000000  0.162181 0.907724 0
0  5.067013 -3.835251 0.000001  -0.555570 0.831470 -0.000000  0.182138 0.930103 0
0  4.269553 -4.261503 0.000001  -0.382683 0.923880 0.000000  0.162181 0.930103 0
ohmbattery
0  5.067013 -3.835251 1.013960  -0.555570 0.831470 -0.000000  0.182138 0.907724 0
0  5.765994 -3.261613 0.000001  -0.707107 0.707107 -0.000000  0.202095 0.930103 0
0  5.067013 -3.835251 0.000001  -0.555570 0.831470 -0.000000  0.182138 0.930103 0
ohmbattery
0  5.765994 -3.261613 1.013960  -0.707107 0.707107 -0.000000  0.202095 0.907724 0
0  6.339631 -2.562634 0.000000  -0.831470 0.555570 -0.000000  0.222053 0.930103 0
0  5.765994 -3.261613 0.000001  -0.707107 0.707107 -0.000000  0.202095 0.930103 0
ohmbattery
0  6.339631 -2.562634 1.013960  -0.831470 0.555570 -0.000000  0.222053 0.907724 0
0  6.765882 -1.765172 0.000000  -0.923879 0.382684 -0.000000  0.242010 0.930103 0
0  6.339631 -2.562634 0.000000  -0.831470 0.555570 -0.000000  0.222053 0.930103 0
ohmbattery
0  6.765882 -1.765172 1.013960  -0.923879 0.382684 -0.000000  0.242010 0.907724 0
0  7.028368 -0.899877 0.000000  -0.980578 0.196131 -0.000000  0.261967 0.930103 0
0  6.765882 -1.765172 0.000000  -0.923879 0.382684 -0.000000  0.242010 0.930103 0
ohmbattery
0  7.028368 -0.899876 1.013960  -0.980578 0.196131 -0.000000  0.261967 0.907724 0
0  7.118926 0.000000 0.000000  -1.000000 -0.000000 -0.000000  0.281929 0.930103 0
0  7.028368 -0.899877 0.000000  -0.980578 0.196131 -0.000000  0.261967 0.930103 0
ohmbattery
0  -2.504380 -5.012617 0.000001  -1.000000 -0.000001 0.000000  0.382538 0.890548 0
0  -2.504380 -4.612617 1.013960  -1.000000 0.000000 0.000000  0.360151 0.881717 0
0  -2.504380 -4.612617 0.000001  -1.000000 -0.000001 0.000000  0.382538 0.881717 0
ohmbattery
0  -2.504380 4.612620 16.795559  -0.000000 -1.000000 0.000000  0.960437 0.012307 0
0  1.184947 4.612620 19.004282  0.000185 -1.000000 0.000000  0.911684 0.093741 0
0  1.184947 4.612620 21.404596  0.000259 -1.000000 0.000000  0.858703 0.093741 0
ohmbattery
0  2.484753 4.613102 19.004282  -0.048102 -0.998842 0.000000  0.911684 0.122431 0
0  1.184947 4.612620 21.404596  0.000259 -1.000000 0.000000  0.858703 0.093741 0
0  1.184947 4.612620 19.004282  0.000185 -1.000000 0.000000  0.911684 0.093741 0
ohmbattery
0  3.404258 4.523990 19.004282  -0.194323 -0.980937 0.000000  0.911684 0.142822 0
0  2.484753 4.613102 21.404596  -0.048102 -0.998842 0.000000  0.858703 0.122431 0
0  2.484753 4.613102 19.004282  -0.048102 -0.998842 0.000000  0.911684 0.122431 0
ohmbattery
0  4.269553 4.261506 19.004282  -0.382684 -0.923879 0.000000  0.911684 0.162781 0
0  3.404258 4.523991 21.404596  -0.194323 -0.980938 0.000000  0.858703 0.142822 0
0  3.404258 4.523990 19.004282  -0.194323 -0.980937 0.000000  0.911684 0.142822 0
ohmbattery
0  5.067013 3.835254 19.004282  -0.555570 -0.831470 0.000000  0.911684 0.182740 0
0  4.269553 4.261507 21.404596  -0.382684 -0.923880 0.000000  0.858703 0.162781 0
0  4.269553 4.261506 19.004282  -0.382684 -0.923879 0.000000  0.911684 0.162781 0
ohmbattery
0  5.765994 3.261616 19.004282  -0.707107 -0.707107 0.000000  0.911684 0.202699 0
0  5.067013 3.835255 21.404596  -0.555570 -0.831470 0.000000  0.858703 0.182740 0
0  5.067013 3.835254 19.004282  -0.555570 -0.831470 0.000000  0.911684 0.182740 0
ohmbattery
0  6.339631 2.562637 19.004282  -0.831470 -0.555569 0.000000  0.911684 0.222657 0
0  5.765994 3.261617 21.404596  -0.707107 -0.707107 0.000000  0.858703 0.202698 0
0  5.765994 3.261616 19.004282  -0.707107 -0.707107 0.000000  0.911684 0.202699 0
ohmbattery
0  6.765882 1.765175 19.004282  -0.923879 -0.382684 0.000000  0.911684 0.242616 0
0  6.339631 2.562637 21.404596  -0.831470 -0.555570 0.000000  0.858703 0.222657 0
0  6.339631 2.562637 19.004282  -0.831470 -0.555569 0.000000  0.911684 0.222657 0
ohmbattery
0  7.028368 0.899880 19.004282  -0.980578 -0.196132 0.000000  0.911684 0.262575 0
0  6.765882 1.765176 21.404596  -0.923880 -0.382683 0.000000  0.858703 0.242616 0
0  6.765882 1.765175 19.004282  -0.923879 -0.382684 0.000000  0.911684 0.242616 0
ohmbattery
0  7.118926 0.000003 19.004282  -1.000000 -0.000000 0.000000  0.911684 0.282538 0
0  7.028368 0.899880 21.404596  -0.980578 -0.196131 0.000000  0.858703 0.262575 0
0  7.028368 0.899880 19.004282  -0.980578 -0.196132 0.000000  0.911684 0.262575 0
ohmbattery
0  7.118926 0.000000 0.000000  -0.000000 -0.000000 -1.000000  0.288876 0.954720 0
0  7.420682 0.977913 -0.000000  0.000000 -0.000000 -1.000000  0.309703 0.963517 0
0  7.517000 0.000000 0.000000  0.000000 -0.000000 -1.000000  0.288876 0.963517 0
ohmbattery
0  7.420682 0.977917 21.404596  0.000002 0.000000 1.000000  0.186659 0.877512 0
0  7.118926 0.000003 21.404596  0.000000 0.000000 1.000000  0.207491 0.868716 0
0  7.517000 0.000003 21.404596  0.000000 0.000000 1.000000  0.207491 0.877512 0
ohmbattery
0  7.028368 0.899877 -0.000000  0.000000 -0.000000 -1.000000  0.309703 0.954720 0
0  7.135435 1.918246 -0.000000  -0.000000 -0.000000 -1.000000  0.330527 0.963517 0
0  7.420682 0.977913 -0.000000  0.000000 -0.000000 -1.000000  0.309703 0.963517 0
ohmbattery
0  7.135435 1.918249 21.404596  -0.000005 0.000000 1.000000  0.165828 0.877512 0
0  7.028368 0.899880 21.404596  0.000000 0.000000 1.000000  0.186659 0.868716 0
0  7.420682 0.977917 21.404596  0.000002 0.000000 1.000000  0.186659 0.877512 0
ohmbattery
0  6.765882 1.765172 -0.000000  -0.000000 -0.000000 -1.000000  0.330527 0.954720 0
0  6.672219 2.784862 -0.000000  0.000000 -0.000000 -1.000000  0.351352 0.963517 0
0  7.135435 1.918246 -0.000000  -0.000000 -0.000000 -1.000000  0.330527 0.963517 0
ohmbattery
0  6.339631 2.562637 21.404596  -0.000001 0.000000 1.000000  0.144998 0.868716 0
0  7.135435 1.918249 21.404596  -0.000005 0.000000 1.000000  0.165828 0.877512 0
0  6.672219 2.784865 21.404596  0.000000 0.000000 1.000000  0.144998 0.877512 0
ohmbattery
0  6.672219 2.784862 -0.000000  0.000000 -0.000000 -1.000000  0.351352 0.963517 0
0  5.765994 3.261613 -0.000001  -0.000000 -0.000000 -1.000000  0.372176 0.954720 0
0  6.048837 3.544456 -0.000001  -0.000000 -0.000000 -1.000000  0.372176 0.963517 0
ohmbattery
0  5.765994 3.261617 21.404596  0.000001 0.000000 1.000000  0.124167 0.868717 0
0  6.672219 2.784865 21.404596  0.000000 0.000000 1.000000  0.144998 0.877512 0
0  6.048837 3.544460 21.404596  0.000001 0.000000 1.000000  0.124167 0.877512 0
ohmbattery
0  5.765994 3.261613 -0.000001  -0.000000 -0.000000 -1.000000  0.372176 0.954720 0
0  5.289241 4.167839 -0.000001  -0.000000 -0.000000 -1.000000  0.393001 0.963517 0
0  6.048837 3.544456 -0.000001  -0.000000 -0.000000 -1.000000  0.372176 0.963517 0
ohmbattery
0  5.289241 4.167842 21.404596  0.000000 0.000000 1.000000  0.103337 0.877512 0
0  5.765994 3.261617 21.404596  0.000001 0.000000 1.000000  0.124167 0.868717 0
0  6.048837 3.544460 21.404596  0.000001 0.000000 1.000000  0.124167 0.877512 0
ohmbattery
0  5.289241 4.167839 -0.000001  -0.000000 -0.000000 -1.000000  0.393001 0.963517 0
0  4.269553 4.261503 -0.000001  0.000000 -0.000000 -1.000000  0.413825 0.954720 0
0  4.422626 4.631055 -0.000001  0.000000 -0.000000 -1.000000  0.413825 0.963517 0
ohmbattery
0  4.269553 4.261507 21.404596  0.000000 0.000000 1.000000  0.082507 0.868717 0
0  5.289241 4.167842 21.404596  0.000000 0.000000 1.000000  0.103337 0.877512 0
0  4.422626 4.631059 21.404596  -0.000000 0.000000 1.000000  0.082507 0.877512 0
ohmbattery
0  4.422626 4.631055 -0.000001  0.000000 -0.000000 -1.000000  0.413825 0.963517 0
0  3.404258 4.523987 -0.000001  0.000000 -0.000000 -1.000000  0.434650 0.954720 0
0  3.482293 4.916301 -0.000001  0.000000 -0.000000 -1.000000  0.434650 0.963517 0
ohmbattery
0  3.404258 4.523991 21.404596  -0.000001 0.000000 1.000000  0.061676 0.868717 0
0  4.422626 4.631059 21.404596  -0.000000 0.000000 1.000000  0.082507 0.877512 0
0  3.482293 4.916305 21.404596  -0.000001 0.000000 1.000000  0.061676 0.877512 0
ohmbattery
0  3.404258 4.523987 -0.000001  0.000000 -0.000000 -1.000000  0.434650 0.954720 0
0  2.504380 5.012617 -0.000001  -0.000000 -0.000000 -1.000000  0.455690 0.963517 0
0  3.482293 4.916301 -0.000001  0.000000 -0.000000 -1.000000  0.434650 0.963517 0
ohmbattery
0  2.504380 5.012620 21.404596  0.000000 0.000000 1.000000  0.040630 0.877512 0
0  3.404258 4.523991 21.404596  -0.000001 0.000000 1.000000  0.061676 0.868717 0
0  3.482293 4.916305 21.404596  -0.000001 0.000000 1.000000  0.061676 0.877512 0
ohmbattery
0  2.484753 4.613099 -0.000001  -0.000000 -0.000000 -1.000000  0.455690 0.954720 0
0  1.184947 5.012617 -0.000001  0.000000 -0.000000 -1.000000  0.484598 0.963517 0
0  2.504380 5.012617 -0.000001  -0.000000 -0.000000 -1.000000  0.455690 0.963517 0
ohmbattery
0  1.184947 5.012620 21.404596  -0.000000 0.000000 1.000000  0.011714 0.877512 0
0  2.484753 4.613102 21.404596  0.000000 0.000000 1.000000  0.040630 0.868717 0
0  2.504380 5.012620 21.404596  0.000000 0.000000 1.000000  0.040630 0.877512 0
ohmbattery
0  1.184947 4.612617 -0.000001  0.000000 -0.000000 -1.000000  0.484598 0.954720 0
0  -2.504380 5.012617 -0.000001  0.000000 -0.000000 -1.000000  0.566032 0.963517 0
0  1.184947 5.012617 -0.000001  0.000000 -0.000000 -1.000000  0.484598 0.963517 0
ohmbattery
0  -2.504380 4.612620 16.795559  -0.780696 0.000000 0.624910  0.785292 0.911549 0
0  1.184947 5.012620 21.404596  -0.780696 0.000000 0.624911  0.654999 0.902721 0
0  -2.504380 5.012620 16.795559  -0.780697 0.000000 0.624910  0.785292 0.902721 0
ohmbattery
0  -2.504380 4.612617 1.013959  -1.000000 0.000001 0.000000  0.360109 0.903551 0
0  -2.504380 5.012620 16.795559  -1.000000 0.000000 0.000000  0.011723 0.894722 0
0  -2.504380 5.012617 -0.000001  -1.000000 0.000000 0.000000  0.382492 0.894722 0
ohmbattery
0  7.118926 0.000000 1.013960  -1.000000 -0.000000 -0.000000  0.774588 0.529072 0
0  7.028368 0.899880 19.004282  -0.980578 -0.196132 0.000000  0.863282 0.533531 0
0  7.028368 0.899877 1.013959  -0.980578 -0.196131 0.000000  0.774588 0.533530 0
ohmbattery
0  7.028368 0.899877 1.013959  -0.980578 -0.196131 0.000000  0.774588 0.533530 0
0  6.765882 1.765175 19.004282  -0.923879 -0.382684 0.000000  0.863282 0.537988 0
0  6.765882 1.765172 1.013959  -0.923879 -0.382684 0.000000  0.774588 0.537988 0
ohmbattery
0  6.765882 1.765172 1.013959  -0.923879 -0.382684 0.000000  0.774588 0.537988 0
0  6.339631 2.562637 19.004282  -0.831470 -0.555569 0.000000  0.863282 0.542446 0
0  6.339631 2.562634 1.013959  -0.831470 -0.555570 0.000000  0.774588 0.542446 0
ohmbattery
0  6.339631 2.562634 1.013959  -0.831470 -0.555570 0.000000  0.774588 0.542446 0
0  5.765994 3.261616 19.004282  -0.707107 -0.707107 0.000000  0.863282 0.546904 0
0  5.765994 3.261614 1.013959  -0.707107 -0.707107 0.000000  0.774588 0.546904 0
ohmbattery
0  5.765994 3.261614 1.013959  -0.707107 -0.707107 0.000000  0.774588 0.546904 0
0  5.067013 3.835254 19.004282  -0.555570 -0.831470 0.000000  0.863282 0.551362 0
0  5.067013 3.835251 1.013959  -0.555570 -0.831470 0.000000  0.774588 0.551362 0
ohmbattery
0  5.067013 3.835251 1.013959  -0.555570 -0.831470 0.000000  0.774588 0.551362 0
0  4.269553 4.261506 19.004282  -0.382684 -0.923879 0.000000  0.863282 0.555820 0
0  4.269553 4.261503 1.013959  -0.382684 -0.923879 0.000000  0.774588 0.555820 0
ohmbattery
0  4.269553 4.261503 1.013959  -0.382684 -0.923879 0.000000  0.774588 0.555820 0
0  3.404258 4.523990 19.004282  -0.194323 -0.980937 0.000000  0.863282 0.560278 0
0  3.404258 4.523987 1.013959  -0.194323 -0.980938 0.000000  0.774588 0.560278 0
ohmbattery
0  3.404258 4.523987 1.013959  -0.194323 -0.980938 0.000000  0.774588 0.560278 0
0  2.484753 4.613102 19.004282  -0.048102 -0.998842 0.000000  0.863282 0.564833 0
0  2.484753 4.613099 1.013959  -0.048102 -0.998842 0.000000  0.774588 0.564833 0
ohmbattery
0  2.484753 4.613099 1.013959  -0.048102 -0.998842 0.000000  0.774588 0.564833 0
0  1.184947 4.612620 19.004282  0.000185 -1.000000 0.000000  0.863282 0.571240 0
0  1.184947 4.612617 1.013959  0.000185 -1.000000 0.000000  0.774588 0.571240 0
ohmbattery
0  1.184947 4.612617 1.013959  0.000185 -1.000000 0.000000  0.774588 0.571240 0
0  -2.504380 4.612620 16.795559  -0.000000 -1.000000 0.000000  0.852393 0.589429 0
0  -2.504380 4.612617 1.013959  0.000000 -1.000000 0.000000  0.774588 0.589429 0
ohmbattery
0  7.420682 0.977917 21.404596  0.980785 0.195093 -0.000000  0.317490 0.484184 0
0  7.517000 0.000000 0.000000  1.000000 0.000000 -0.000000  0.295800 0.011721 0
0  7.420682 0.977913 -0.000000  0.980785 0.195091 -0.000000  0.317490 0.011721 0
ohmbattery
0  7.135435 1.918249 21.404596  0.923879 0.382684 -0.000000  0.339180 0.484184 0
0  7.420682 0.977913 -0.000000  0.980785 0.195091 -0.000000  0.317490 0.011721 0
0  7.135435 1.918246 -0.000000  0.923880 0.382683 -0.000000  0.339180 0.011721 0
ohmbattery
0  6.672219 2.784865 21.404596  0.831470 0.555570 -0.000000  0.360870 0.484184 0
0  7.135435 1.918246 -0.000000  0.923880 0.382683 -0.000000  0.339180 0.011721 0
0  6.672219 2.784862 -0.000000  0.831470 0.555570 -0.000000  0.360870 0.011721 0
ohmbattery
0  6.048837 3.544460 21.404596  0.707107 0.707107 -0.000000  0.382560 0.484184 0
0  6.672219 2.784862 -0.000000  0.831470 0.555570 -0.000000  0.360870 0.011721 0
0  6.048837 3.544456 -0.000001  0.707106 0.707107 -0.000000  0.382560 0.011721 0
ohmbattery
0  5.289241 4.167842 21.404596  0.555570 0.831470 -0.000000  0.404249 0.484184 0
0  6.048837 3.544456 -0.000001  0.707106 0.707107 -0.000000  0.382560 0.011721 0
0  5.289241 4.167839 -0.000001  0.555570 0.831470 -0.000000  0.404249 0.011721 0
ohmbattery
0  4.422626 4.631059 21.404596  0.382683 0.923880 -0.000000  0.425939 0.484184 0
0  5.289241 4.167839 -0.000001  0.555570 0.831470 -0.000000  0.404249 0.011721 0
0  4.422626 4.631055 -0.000001  0.382684 0.923880 -0.000000  0.425939 0.011721 0
ohmbattery
0  3.482293 4.916305 21.404596  0.195090 0.980785 -0.000000  0.447629 0.484184 0
0  4.422626 4.631055 -0.000001  0.382684 0.923880 -0.000000  0.425939 0.011721 0
0  3.482293 4.916301 -0.000001  0.195090 0.980785 -0.000000  0.447629 0.011721 0
ohmbattery
0  2.504380 5.012620 21.404596  0.049068 0.998795 -0.000000  0.469319 0.484184 0
0  3.482293 4.916301 -0.000001  0.195090 0.980785 -0.000000  0.447629 0.011721 0
0  2.504380 5.012617 -0.000001  0.049068 0.998795 -0.000000  0.469319 0.011721 0
ohmbattery
0  1.184947 5.012620 21.404596  0.000000 1.000000 -0.000000  0.498443 0.484184 0
0  2.504380 5.012617 -0.000001  0.049068 0.998795 -0.000000  0.469319 0.011721 0
0  1.184947 5.012617 -0.000001  0.000000 1.000000 -0.000000  0.498443 0.011721 0
ohmbattery
0  -2.504380 5.012620 16.795559  0.000000 1.000000 -0.000000  0.579878 0.382449 0
0  1.184947 5.012617 -0.000001  0.000000 1.000000 -0.000000  0.498443 0.011721 0
0  -2.504380 5.012617 -0.000001  0.000000 1.000000 -0.000000  0.579878 0.011721 0
ohmbattery
0  1.184947 4.612617 -0.000001  0.000185 -1.000000 0.000000  0.470712 0.930103 0
0  -2.504380 4.612617 1.013959  0.000000 -1.000000 0.000000  0.552139 0.907724 0
0  -2.504380 4.612617 -0.000001  0.000000 -1.000000 0.000000  0.552139 0.930103 0
ohmbattery
0  2.484753 4.613099 -0.000001  -0.048102 -0.998842 0.000000  0.442023 0.930103 0
0  1.184947 4.612617 1.013959  0.000185 -1.000000 0.000000  0.470712 0.907724 0
0  1.184947 4.612617 -0.000001  0.000185 -1.000000 0.000000  0.470712 0.930103 0
ohmbattery
0  3.404258 4.523987 -0.000001  -0.194323 -0.980938 0.000000  0.421634 0.930103 0
0  2.484753 4.613099 1.013959  -0.048102 -0.998842 0.000000  0.442023 0.907724 0
0  2.484753 4.613099 -0.000001  -0.048102 -0.998842 0.000000  0.442023 0.930103 0
ohmbattery
0  4.269553 4.261503 -0.000001  -0.382683 -0.923880 0.000000  0.401677 0.930103 0
0  3.404258 4.523987 1.013959  -0.194323 -0.980938 0.000000  0.421634 0.907724 0
0  3.404258 4.523987 -0.000001  -0.194323 -0.980938 0.000000  0.421634 0.930103 0
ohmbattery
0  5.067013 3.835251 -0.000001  -0.555570 -0.831470 0.000000  0.381719 0.930103 0
0  4.269553 4.261503 1.013959  -0.382684 -0.923879 0.000000  0.401677 0.907724 0
0  4.269553 4.261503 -0.000001  -0.382683 -0.923880 0.000000  0.401677 0.930103 0
ohmbattery
0  5.765994 3.261613 -0.000001  -0.707106 -0.707107 0.000000  0.361762 0.930103 0
0  5.067013 3.835251 1.013959  -0.555570 -0.831470 0.000000  0.381719 0.907724 0
0  5.067013 3.835251 -0.000001  -0.555570 -0.831470 0.000000  0.381719 0.930103 0
ohmbattery
0  6.339631 2.562634 -0.000000  -0.831470 -0.555569 0.000000  0.341805 0.930103 0
0  5.765994 3.261614 1.013959  -0.707107 -0.707107 0.000000  0.361762 0.907724 0
0  5.765994 3.261613 -0.000001  -0.707106 -0.707107 0.000000  0.361762 0.930103 0
ohmbattery
0  6.765882 1.765172 -0.000000  -0.923880 -0.382683 0.000000  0.321847 0.930103 0
0  6.339631 2.562634 1.013959  -0.831470 -0.555570 0.000000  0.341805 0.907724 0
0  6.339631 2.562634 -0.000000  -0.831470 -0.555569 0.000000  0.341805 0.930103 0
ohmbattery
0  7.028368 0.899877 -0.000000  -0.980578 -0.196131 0.000000  0.301890 0.930103 0
0  6.765882 1.765172 1.013959  -0.923879 -0.382684 0.000000  0.321847 0.907724 0
0  6.765882 1.765172 -0.000000  -0.923880 -0.382683 0.000000  0.321847 0.930103 0
ohmbattery
0  7.118926 0.000000 0.000000  -1.000000 -0.000000 -0.000000  0.281929 0.930103 0
0  7.028368 0.899877 1.013959  -0.980578 -0.196131 0.000000  0.301890 0.907724 0
0  7.028368 0.899877 -0.000000  -0.980578 -0.196131 0.000000  0.301890 0.930103 0
ohmbattery
0  -2.504380 5.012617 -0.000001  -1.000000 0.000000 0.000000  0.382492 0.894722 0
0  -2.504380 4.612617 -0.000001  -1.000000 0.000000 0.000000  0.382492 0.903551 0
0  -2.504380 4.612617 1.013959  -1.000000 0.000001 0.000000  0.360109 0.903551 0
ohmbattery
0  6.770718 -0.266516 19.255268  0.000000 -1.000000 0.000000  0.755075 0.464720 0
0  7.404586 -0.266516 19.832958  0.000000 -1.000000 0.000000  0.769066 0.477471 0
0  6.770718 -0.266516 19.832958  0.000000 -1.000000 0.000000  0.755075 0.477471 0
ohmbattery
0  6.770718 0.266522 19.832958  0.000000 1.000000 -0.000000  0.062242 0.483712 0
0  7.404586 0.266522 19.255268  0.000000 1.000000 -0.000000  0.074993 0.469720 0
0  6.770718 0.266522 19.255268  0.000000 1.000000 -0.000000  0.074993 0.483712 0
ohmbattery
0  7.404586 0.266519 1.604707  0.000000 0.000000 -1.000000  0.842393 0.858718 0
0  6.142426 -0.266519 1.604707  0.000000 0.000000 -1.000000  0.814534 0.870484 0
0  6.142426 0.266519 1.604707  0.000000 0.000000 -1.000000  0.814534 0.858718 0
ohmbattery
0  7.404586 -0.266519 1.604707  0.000000 -1.000000 0.000000  0.706970 0.847469 0
0  6.142426 -0.266518 2.182397  0.000000 -1.000000 0.000000  0.734829 0.834718 0
0  6.142426 -0.266519 1.604707  0.000000 -1.000000 0.000000  0.734829 0.847469 0
ohmbattery
0  7.404586 0.266519 2.182397  0.000000 1.000000 -0.000000  0.961728 0.854582 0
0  6.142426 0.266519 1.604707  0.000000 1.000000 -0.000000  0.948977 0.826722 0
0  6.142426 0.266519 2.182397  0.000000 1.000000 -0.000000  0.961728 0.826722 0
ohmbattery
0  2.883485 4.419256 19.832958  0.000000 0.000000 1.000000  0.379992 0.509720 0
0  2.350447 4.906097 19.832958  0.000000 0.000000 1.000000  0.390738 0.521486 0
0  2.350447 4.419256 19.832958  0.000000 0.000000 1.000000  0.379992 0.521486 0
ohmbattery
0  2.883485 4.419256 19.255268  1.000000 0.000000 0.000000  0.561197 0.439475 0
0  2.883485 4.906097 19.832958  1.000000 0.000000 0.000000  0.550451 0.426724 0
0  2.883485 4.419256 19.832958  1.000000 0.000000 0.000000  0.561197 0.426724 0
ohmbattery
0  2.350447 4.419256 19.832958  -1.000000 0.000000 0.000000  0.500587 0.488718 0
0  2.350447 4.906097 19.255268  -1.000000 0.000000 0.000000  0.487836 0.499464 0
0  2.350447 4.419256 19.255268  -1.000000 0.000000 0.000000  0.487836 0.488718 0
ohmbattery
0  2.883485 -4.729631 19.832958  0.000000 0.000000 1.000000  0.947917 0.523702 0
0  2.350448 -4.413209 19.832958  0.000000 0.000000 1.000000  0.959683 0.516717 0
0  2.350448 -4.729631 19.832958  0.000000 0.000000 1.000000  0.959683 0.523702 0
ohmbattery
0  2.883485 -4.729631 19.255268  1.000000 0.000000 0.000000  0.390442 0.538472 0
0  2.883485 -4.413209 19.832958  1.000000 0.000000 0.000000  0.383457 0.525720 0
0  2.883485 -4.729631 19.832958  1.000000 0.000000 0.000000  0.390442 0.525720 0
ohmbattery
0  2.350448 -4.729631 19.832958  -1.000000 0.000000 0.000000  0.844352 0.444717 0
0  2.350448 -4.413209 19.255268  -1.000000 0.000000 0.000000  0.851337 0.457468 0
0  2.350448 -4.729631 19.255268  -1.000000 0.000000 0.000000  0.844352 0.457468 0
ohmbattery
0  6.770718 -0.266516 19.832958  0.000000 0.000000 1.000000  0.011723 0.418707 0
0  7.404586 0.266522 19.832958  0.000000 0.000000 1.000000  0.023489 0.404716 0
0  6.770718 0.266522 19.832958  0.000000 0.000000 1.000000  0.023489 0.418707 0
ohmbattery
0  -5.403419 1.802535 0.870759  0.554818 -0.000000 -0.831972  0.890783 0.604972 0
0  -4.933709 -1.802534 1.245162  0.483567 -0.000000 -0.875307  0.877578 0.525719 0
0  -5.403419 -1.802534 0.870759  0.554818 -0.000000 -0.831972  0.890783 0.525719 0
ohmbattery
0  -4.990668 -1.802538 1.327642  -0.483568 0.000000 0.875307  0.496584 0.791722 0
0  -4.806128 1.802535 1.392191  -0.167450 0.000000 0.985880  0.500937 0.870971 0
0  -4.990668 1.802538 1.327642  -0.483567 0.000000 0.875307  0.496585 0.870971 0
ohmbattery
0  -6.051575 -1.802534 0.797966  -0.155747 -0.987277 0.032056  0.983548 0.558385 0
0  -6.251925 -1.742973 0.784395  -0.311528 -0.933158 0.179348  0.985732 0.553936 0
0  -6.059703 -1.802534 0.697938  -0.131599 -0.991245 0.010698  0.985732 0.558385 0
ohmbattery
0  -6.344978 -1.662508 0.975006  -0.316324 -0.906426 0.279877  0.983548 0.549308 0
0  -6.719294 -1.424617 1.246512  -0.249733 -0.944359 0.214054  0.985732 0.538015 0
0  -6.412629 -1.662856 0.900691  -0.307671 -0.908016 0.284332  0.985732 0.549324 0
ohmbattery
0  -5.800236 1.802535 0.797937  -0.167393 0.000000 0.985890  0.474995 0.870971 0
0  -6.051575 -1.802534 0.797966  0.185844 0.000000 0.982579  0.469471 0.791723 0
0  -5.800236 -1.802535 0.797938  -0.167393 0.000000 0.985890  0.474995 0.791722 0
ohmbattery
0  -6.852808 1.380534 1.410476  0.223951 0.000000 0.974600  0.446583 0.861695 0
0  -6.648351 -1.424612 1.317614  0.627248 0.000000 0.778820  0.451624 0.800030 0
0  -6.648351 1.424612 1.317614  0.627248 0.000000 0.778820  0.451624 0.862664 0
ohmbattery
0  -6.852808 1.380534 1.410476  0.223951 0.000000 0.974600  0.446583 0.861695 0
0  -6.945491 -1.380535 1.410501  0.000261 0.000000 1.000000  0.444546 0.800999 0
0  -6.852808 -1.380534 1.410476  0.223950 0.000000 0.974601  0.446583 0.800999 0
ohmbattery
0  -6.186843 -1.749737 0.859436  0.482369 0.000000 0.875968  0.466134 0.792883 0
0  -6.051575 1.802534 0.797965  0.185844 0.000000 0.982579  0.469471 0.870971 0
0  -6.186843 1.749737 0.859436  0.482368 0.000000 0.875969  0.466134 0.869810 0
ohmbattery
0  -5.460379 -1.802537 0.953239  0.000014 -1.000000 -0.000023  0.983548 0.572944 0
0  -4.933709 -1.802534 1.245162  0.000019 -1.000000 -0.000021  0.985732 0.586053 0
0  -4.990668 -1.802538 1.327642  0.000022 -1.000000 -0.000024  0.983548 0.586053 0
ohmbattery
0  -4.471228 1.802535 1.392191  -0.000000 0.000000 1.000000  0.508299 0.870971 0
0  -4.806128 -1.802535 1.392192  -0.167471 0.000011 0.985877  0.500937 0.791722 0
0  -4.471228 -1.802534 1.392192  -0.000000 0.000000 1.000000  0.508299 0.791723 0
ohmbattery
0  -4.799256 1.802535 1.292191  0.167449 -0.000000 -0.985881  0.874406 0.604972 0
0  -4.933709 -1.802534 1.245162  0.483567 -0.000000 -0.875307  0.877578 0.525719 0
0  -4.933709 1.802535 1.245162  0.483567 -0.000000 -0.875308  0.877578 0.604972 0
ohmbattery
0  -6.719294 -1.424617 1.246512  -0.630501 -0.000000 -0.776188  0.925605 0.534027 0
0  -6.412629 1.662856 0.900690  -0.647967 -0.000000 -0.761669  0.915444 0.601901 0
0  -6.412629 -1.662856 0.900691  -0.647967 -0.000000 -0.761669  0.915444 0.528790 0
ohmbattery
0  -6.059703 1.802535 0.697937  -0.189570 -0.000000 -0.981867  0.906205 0.604972 0
0  -5.793365 -1.802534 0.697938  0.167449 -0.000000 -0.985881  0.900349 0.525719 0
0  -6.059703 -1.802534 0.697938  -0.189570 -0.000000 -0.981867  0.906205 0.525719 0
ohmbattery
0  -6.719294 1.424617 1.246512  -0.630502 -0.000000 -0.776188  0.925605 0.596664 0
0  -6.861557 -1.380535 1.310500  -0.226642 -0.000000 -0.973978  0.929107 0.534996 0
0  -6.861557 1.380535 1.310500  -0.226642 -0.000000 -0.973978  0.929107 0.595695 0
ohmbattery
0  -6.945491 1.380535 1.310500  0.000000 -0.000000 -1.000000  0.930952 0.595695 0
0  -6.861557 -1.380535 1.310500  -0.226642 -0.000000 -0.973978  0.929107 0.534996 0
0  -6.945491 -1.380535 1.310500  0.000000 -0.000000 -1.000000  0.930952 0.534996 0
ohmbattery
0  -5.641742 1.802536 0.853375  0.000004 1.000000 -0.000017  0.985730 0.498112 0
0  -5.793365 1.802535 0.697937  -0.000002 1.000000 -0.000004  0.983546 0.494041 0
0  -5.800236 1.802535 0.797937  -0.000005 1.000000 -0.000003  0.985730 0.494041 0
ohmbattery
0  -6.059703 1.802535 0.697937  -0.189570 -0.000000 -0.981867  0.906205 0.604972 0
0  -6.251925 -1.742973 0.784395  -0.481473 -0.000000 -0.876461  0.910936 0.527028 0
0  -6.251925 1.742973 0.784395  -0.481473 -0.000000 -0.876461  0.910935 0.603662 0
ohmbattery
0  -4.799256 1.802535 1.292191  0.167449 -0.000000 -0.985881  0.874406 0.604972 0
0  -4.471228 -1.802534 1.292192  0.000000 -0.000000 -1.000000  0.867195 0.525719 0
0  -4.799256 -1.802534 1.292192  0.167450 -0.000000 -0.985881  0.874407 0.525719 0
ohmbattery
0  -6.945491 1.380535 1.310500  -1.000000 -0.000000 0.000000  0.985762 0.601714 0
0  -6.945491 -1.380535 1.410501  -1.000000 0.000000 0.000000  0.983554 0.662666 0
0  -6.945491 1.380535 1.410500  -1.000000 -0.000000 0.000000  0.983554 0.601714 0
ohmbattery
0  -4.990668 1.802538 1.327642  -0.483567 0.000000 0.875307  0.496585 0.870971 0
0  -5.460379 -1.802537 0.953239  -0.554818 0.000000 0.831972  0.483380 0.791722 0
0  -4.990668 -1.802538 1.327642  -0.483568 0.000000 0.875307  0.496584 0.791722 0
ohmbattery
0  -6.344978 1.662508 0.975005  0.649664 0.000000 0.760222  0.461684 0.867893 0
0  -6.648351 -1.424612 1.317614  0.627248 0.000000 0.778820  0.451624 0.800030 0
0  -6.344978 -1.662508 0.975006  0.649664 0.000000 0.760222  0.461684 0.794801 0
ohmbattery
0  -6.051575 -1.802534 0.797966  -0.155747 -0.987277 0.032056  0.983548 0.558385 0
0  -5.793365 -1.802534 0.697938  -0.000002 -1.000000 -0.000005  0.985732 0.564034 0
0  -5.800236 -1.802535 0.797938  -0.000005 -1.000000 -0.000003  0.983548 0.564034 0
ohmbattery
0  -6.852808 -1.380534 1.410476  -0.108001 -0.993649 0.031570  0.983548 0.533645 0
0  -6.719294 -1.424617 1.246512  -0.249733 -0.944359 0.214054  0.985732 0.538015 0
0  -6.648351 -1.424612 1.317614  -0.248208 -0.936498 0.247719  0.983548 0.538015 0
ohmbattery
0  -6.945491 -1.380535 1.410501  0.000005 -1.000000 0.000004  0.983548 0.531718 0
0  -6.861557 -1.380535 1.310500  -0.153868 -0.988000 0.013471  0.985732 0.533645 0
0  -6.852808 -1.380534 1.410476  -0.108001 -0.993649 0.031570  0.983548 0.533645 0
ohmbattery
0  -5.584783 1.802535 0.770895  0.407672 -0.000000 -0.913129  0.895429 0.604972 0
0  -5.793365 -1.802534 0.697938  0.167449 -0.000000 -0.985881  0.900349 0.525719 0
0  -5.793365 1.802535 0.697937  0.167449 -0.000000 -0.985881  0.900349 0.604972 0
ohmbattery
0  -4.806128 -1.802535 1.392192  0.000006 -1.000000 -0.000008  0.983548 0.589787 0
0  -4.933709 -1.802534 1.245162  0.000019 -1.000000 -0.000021  0.985732 0.586053 0
0  -4.799256 -1.802534 1.292192  0.000002 -1.000000 -0.000005  0.985732 0.589787 0
ohmbattery
0  -5.800236 -1.802535 0.797938  -0.167393 0.000000 0.985890  0.474995 0.791722 0
0  -5.641742 1.802536 0.853375  -0.407671 0.000000 0.913129  0.478734 0.870971 0
0  -5.800236 1.802535 0.797937  -0.167393 0.000000 0.985890  0.474995 0.870971 0
ohmbattery
0  -4.471228 -1.802534 1.392192  0.000000 -1.000000 0.000000  0.983548 0.597021 0
0  -4.799256 -1.802534 1.292192  0.000000 -1.000000 0.000000  0.985732 0.589787 0
0  -4.471228 -1.802534 1.292192  0.000000 -1.000000 0.000000  0.985732 0.597021 0
ohmbattery
0  -4.933709 1.802535 1.245162  0.000019 1.000000 -0.000022  0.983546 0.516060 0
0  -5.460379 1.802537 0.953239  0.000014 1.000000 -0.000023  0.985730 0.502951 0
0  -4.990668 1.802538 1.327642  0.000022 1.000000 -0.000024  0.985730 0.516060 0
ohmbattery
0  -6.344978 1.662508 0.975005  -0.316322 0.906427 0.279875  0.985730 0.479314 0
0  -6.719294 1.424617 1.246512  -0.249732 0.944360 0.214054  0.983546 0.468020 0
0  -6.648351 1.424612 1.317614  -0.248206 0.936498 0.247719  0.985730 0.468020 0
ohmbattery
0  -5.793365 1.802535 0.697937  -0.000002 1.000000 -0.000004  0.983546 0.494041 0
0  -6.051575 1.802534 0.797965  -0.155747 0.987277 0.032056  0.985730 0.488392 0
0  -5.800236 1.802535 0.797937  -0.000005 1.000000 -0.000003  0.985730 0.494041 0
ohmbattery
0  -6.719294 1.424617 1.246512  -0.249732 0.944360 0.214054  0.983546 0.468020 0
0  -6.852808 1.380534 1.410476  -0.108001 0.993649 0.031569  0.985730 0.463650 0
0  -6.648351 1.424612 1.317614  -0.248206 0.936498 0.247719  0.985730 0.468020 0
ohmbattery
0  -6.861557 1.380535 1.310500  -0.153868 0.988000 0.013470  0.983546 0.463650 0
0  -6.945491 1.380535 1.410500  0.000005 1.000000 0.000004  0.985730 0.461723 0
0  -6.852808 1.380534 1.410476  -0.108001 0.993649 0.031569  0.985730 0.463650 0
ohmbattery
0  -4.806128 1.802535 1.392191  0.000006 1.000000 -0.000009  0.985730 0.519795 0
0  -4.933709 1.802535 1.245162  0.000019 1.000000 -0.000022  0.983546 0.516060 0
0  -4.990668 1.802538 1.327642  0.000022 1.000000 -0.000024  0.985730 0.516060 0
ohmbattery
0  -6.051575 1.802534 0.797965  -0.155747 0.987277 0.032056  0.985730 0.488392 0
0  -6.251925 1.742973 0.784395  -0.311527 0.933159 0.179348  0.983546 0.483942 0
0  -6.186843 1.749737 0.859436  -0.315257 0.929874 0.189601  0.985730 0.484448 0
ohmbattery
0  -4.471228 1.802535 1.392191  0.000000 1.000000 -0.000001  0.985730 0.527029 0
0  -4.799256 1.802535 1.292191  0.000001 1.000000 -0.000005  0.983546 0.519795 0
0  -4.806128 1.802535 1.392191  0.000006 1.000000 -0.000009  0.985730 0.519795 0
ohmbattery
0  -5.584783 -1.802534 0.770896  0.000007 -1.000000 -0.000020  0.985732 0.568521 0
0  -5.460379 -1.802537 0.953239  0.000014 -1.000000 -0.000023  0.983548 0.572944 0
0  -5.641742 -1.802536 0.853376  0.000004 -1.000000 -0.000016  0.983548 0.568105 0
ohmbattery
0  -6.344978 -1.662508 0.975006  -0.316324 -0.906426 0.279877  0.983548 0.549308 0
0  -6.251925 -1.742973 0.784395  -0.311528 -0.933158 0.179348  0.985732 0.553936 0
0  -6.186843 -1.749737 0.859436  -0.315257 -0.929874 0.189599  0.983548 0.554441 0
ohmbattery
0  -5.641742 -1.802536 0.853376  -0.407671 0.000000 0.913129  0.478734 0.791722 0
0  -5.460379 1.802537 0.953239  -0.554818 0.000000 0.831972  0.483380 0.870971 0
0  -5.641742 1.802536 0.853375  -0.407671 0.000000 0.913129  0.478734 0.870971 0
ohmbattery
0  -6.186843 1.749737 0.859436  0.482368 0.000000 0.875969  0.466134 0.869810 0
0  -6.344978 -1.662508 0.975006  0.649664 0.000000 0.760222  0.461684 0.794801 0
0  -6.186843 -1.749737 0.859436  0.482369 0.000000 0.875968  0.466134 0.792883 0
ohmbattery
0  -5.403419 -1.802534 0.870759  0.554818 -0.000000 -0.831972  0.890783 0.525719 0
0  -5.584783 1.802535 0.770895  0.407672 -0.000000 -0.913129  0.895429 0.604972 0
0  -5.403419 1.802535 0.870759  0.554818 -0.000000 -0.831972  0.890783 0.604972 0
ohmbattery
0  -6.412629 1.662856 0.900690  -0.647967 -0.000000 -0.761669  0.915444 0.601901 0
0  -6.251925 -1.742973 0.784395  -0.481473 -0.000000 -0.876461  0.910936 0.527028 0
0  -6.412629 -1.662856 0.900691  -0.647967 -0.000000 -0.761669  0.915444 0.528790 0
ohmbattery
0  -5.460379 1.802537 0.953239  0.000014 1.000000 -0.000023  0.985730 0.502951 0
0  -5.584783 1.802535 0.770895  0.000007 1.000000 -0.000020  0.983546 0.498528 0
0  -5.641742 1.802536 0.853375  0.000004 1.000000 -0.000017  0.985730 0.498112 0
ohmbattery
0  -6.251925 1.742973 0.784395  -0.311527 0.933159 0.179348  0.983546 0.483942 0
0  -6.344978 1.662508 0.975005  -0.316322 0.906427 0.279875  0.985730 0.479314 0
0  -6.186843 1.749737 0.859436  -0.315257 0.929874 0.189601  0.985730 0.484448 0
ohmbattery
0  -5.641742 -1.802536 0.853376  0.000004 -1.000000 -0.000016  0.983548 0.568105 0
0  -5.793365 -1.802534 0.697938  -0.000002 -1.000000 -0.000005  0.985732 0.564034 0
0  -5.584783 -1.802534 0.770896  0.000007 -1.000000 -0.000020  0.985732 0.568521 0
ohmbattery
0  5.308990 -1.187922 20.351727  0.923880 -0.382683 0.000000  0.764793 0.623148 0
0  5.022130 -1.724598 20.960112  0.831470 -0.555570 0.000000  0.778224 0.609720 0
0  5.022130 -1.724598 20.351727  0.831469 -0.555571 0.000000  0.778224 0.623148 0
ohmbattery
0  5.022130 -1.724598 20.351727  0.831469 -0.555571 0.000000  0.778224 0.623148 0
0  4.636084 -2.194997 20.960112  0.707107 -0.707107 0.000000  0.791655 0.609720 0
0  4.636084 -2.194997 20.351727  0.707106 -0.707107 0.000000  0.791655 0.623148 0
ohmbattery
0  -0.603469 0.605603 20.351727  -0.956941 0.290283 0.000000  0.809104 0.712715 0
0  -0.426824 1.187928 20.960112  -0.923875 0.382695 -0.000017  0.795672 0.726143 0
0  -0.426824 1.187928 20.351727  -0.923880 0.382682 -0.000000  0.795672 0.712715 0
ohmbattery
0  4.636084 -2.194997 20.351727  0.707106 -0.707107 0.000000  0.791655 0.623148 0
0  4.165684 -2.581043 20.960112  0.555571 -0.831469 0.000000  0.805086 0.609720 0
0  4.165684 -2.581043 20.351727  0.555570 -0.831470 0.000000  0.805086 0.623148 0
ohmbattery
0  -0.426824 1.187928 20.351727  -0.923880 0.382682 -0.000000  0.795672 0.712715 0
0  -0.139964 1.724605 20.960112  -0.831470 0.555569 -0.000000  0.782242 0.726143 0
0  -0.139964 1.724605 20.351727  -0.831470 0.555570 -0.000000  0.782242 0.712715 0
ohmbattery
0  4.165684 -2.581043 20.351727  0.555570 -0.831470 0.000000  0.805086 0.623148 0
0  3.629008 -2.867903 20.960112  0.382683 -0.923880 0.000000  0.818517 0.609720 0
0  3.629008 -2.867903 20.351727  0.382682 -0.923880 0.000000  0.818517 0.623148 0
ohmbattery
0  2.441083 3.104202 20.351727  -0.000000 1.000000 0.000000  0.715087 0.712715 0
0  3.046682 3.044555 20.960112  0.195090 0.980785 0.000000  0.701656 0.726143 0
0  3.046682 3.044555 20.351727  0.195090 0.980785 0.000000  0.701656 0.712715 0
ohmbattery
0  -0.139964 1.724605 20.351727  -0.831470 0.555570 -0.000000  0.782242 0.712715 0
0  0.246082 2.195004 20.960112  -0.707107 0.707107 0.000000  0.768810 0.726143 0
0  0.246082 2.195004 20.351727  -0.707106 0.707107 0.000000  0.768810 0.712715 0
ohmbattery
0  3.629008 -2.867903 20.351727  0.382682 -0.923880 0.000000  0.818517 0.623148 0
0  3.046682 -3.044549 20.960112  0.195090 -0.980785 0.000000  0.831948 0.609720 0
0  3.046682 -3.044549 20.351727  0.195089 -0.980786 0.000000  0.831948 0.623148 0
ohmbattery
0  3.046682 3.044555 20.351727  0.195090 0.980785 0.000000  0.701656 0.712715 0
0  3.629008 2.867910 20.960112  0.382684 0.923879 0.000000  0.688225 0.726143 0
0  3.629008 2.867910 20.351727  0.382683 0.923880 0.000000  0.688225 0.712715 0
ohmbattery
0  0.246082 2.195004 20.351727  -0.707106 0.707107 0.000000  0.768810 0.712715 0
0  0.716481 2.581050 20.960112  -0.555571 0.831469 0.000000  0.755380 0.726143 0
0  0.716481 2.581050 20.351727  -0.555570 0.831470 0.000000  0.755380 0.712715 0
ohmbattery
0  3.046682 -3.044549 20.351727  0.195089 -0.980786 0.000000  0.831948 0.623148 0
0  2.441083 -3.104195 20.960112  -0.000000 -1.000000 0.000000  0.845379 0.609720 0
0  2.441083 -3.104195 20.351727  -0.000000 -1.000000 0.000000  0.845379 0.623148 0
ohmbattery
0  3.629008 2.867910 20.351727  0.382683 0.923880 0.000000  0.688225 0.712715 0
0  4.165684 2.581050 20.960112  0.555571 0.831469 0.000000  0.674794 0.726143 0
0  4.165684 2.581050 20.351727  0.555569 0.831470 0.000000  0.674794 0.712715 0
ohmbattery
0  0.716481 2.581050 20.351727  -0.555570 0.831470 0.000000  0.755380 0.712715 0
0  1.253158 2.867910 20.960112  -0.382683 0.923880 0.000000  0.741949 0.726143 0
0  1.253158 2.867910 20.351727  -0.382682 0.923880 0.000000  0.741949 0.712715 0
ohmbattery
0  2.441083 -3.104195 20.351727  -0.000000 -1.000000 0.000000  0.845379 0.623148 0
0  1.835483 -3.044549 20.960112  -0.195090 -0.980785 0.000000  0.858810 0.609720 0
0  1.835483 -3.044549 20.351727  -0.195089 -0.980785 0.000000  0.858810 0.623148 0
ohmbattery
0  4.165684 2.581050 20.351727  0.555569 0.831470 0.000000  0.674794 0.712715 0
0  4.636084 2.195004 20.960112  0.707107 0.707106 0.000000  0.661363 0.726143 0
0  4.636084 2.195004 20.351727  0.707106 0.707108 0.000000  0.661363 0.712715 0
ohmbattery
0  1.253158 2.867910 20.351727  -0.382682 0.923880 0.000000  0.741949 0.712715 0
0  1.835483 3.044555 20.960112  -0.195089 0.980785 0.000000  0.728518 0.726143 0
0  1.835483 3.044555 20.351727  -0.195089 0.980786 0.000000  0.728518 0.712715 0
ohmbattery
0  1.835483 -3.044549 20.351727  -0.195089 -0.980785 0.000000  0.858810 0.623148 0
0  1.253158 -2.867903 20.960112  -0.382684 -0.923879 0.000000  0.872241 0.609720 0
0  1.253158 -2.867903 20.351727  -0.382683 -0.923880 0.000000  0.872241 0.623148 0
ohmbattery
0  4.636084 2.195004 20.351727  0.707106 0.707108 0.000000  0.661363 0.712715 0
0  5.022130 1.724605 20.960112  0.831470 0.555570 -0.000000  0.647932 0.726143 0
0  5.022130 1.724605 20.351727  0.831469 0.555572 -0.000000  0.647932 0.712715 0
ohmbattery
0  1.835483 3.044555 20.351727  -0.195089 0.980786 0.000000  0.728518 0.712715 0
0  2.441083 3.104202 20.960112  -0.000000 1.000000 0.000000  0.715087 0.726143 0
0  2.441083 3.104202 20.351727  -0.000000 1.000000 0.000000  0.715087 0.712715 0
ohmbattery
0  1.253158 -2.867903 20.351727  -0.382683 -0.923880 0.000000  0.872241 0.623148 0
0  0.716481 -2.581043 20.960112  -0.555571 -0.831469 0.000000  0.885672 0.609720 0
0  0.716481 -2.581043 20.351727  -0.555569 -0.831470 0.000000  0.885672 0.623148 0
ohmbattery
0  5.022130 1.724605 20.351727  0.831469 0.555572 -0.000000  0.647932 0.712715 0
0  5.308990 1.187928 20.960112  0.923880 0.382682 -0.000000  0.634501 0.726143 0
0  5.308990 1.187928 20.351727  0.923880 0.382683 -0.000000  0.634501 0.712715 0
ohmbattery
0  0.716481 -2.581043 20.351727  -0.555569 -0.831470 0.000000  0.885672 0.623148 0
0  0.246082 -2.194997 20.960112  -0.707107 -0.707106 0.000000  0.899103 0.609720 0
0  0.246082 -2.194997 20.351727  -0.707106 -0.707107 0.000000  0.899103 0.623148 0
ohmbattery
0  5.308990 1.187928 20.351727  0.923880 0.382683 -0.000000  0.634501 0.712715 0
0  5.485634 0.605603 20.960112  0.980786 0.195089 -0.000000  0.621070 0.726143 0
0  5.485634 0.605603 20.351727  0.980785 0.195089 -0.000000  0.621070 0.712715 0
ohmbattery
0  0.246082 -2.194997 20.351727  -0.707106 -0.707107 0.000000  0.899103 0.623148 0
0  -0.139964 -1.724598 20.960112  -0.831470 -0.555569 0.000000  0.912534 0.609720 0
0  -0.139964 -1.724598 20.351727  -0.831470 -0.555570 0.000000  0.912534 0.623148 0
ohmbattery
0  5.485634 0.605603 20.351727  0.980785 0.195089 -0.000000  0.621070 0.712715 0
0  5.545281 0.000003 20.960112  1.000000 -0.000000 0.000000  0.607639 0.726143 0
0  5.545281 0.000003 20.351727  1.000000 -0.000000 0.000000  0.607639 0.712715 0
ohmbattery
0  -0.139964 -1.724598 20.351727  -0.831470 -0.555570 0.000000  0.912534 0.623148 0
0  -0.426824 -1.187922 20.960112  -0.923880 -0.382681 0.000000  0.925965 0.609720 0
0  -0.426824 -1.187922 20.351727  -0.923880 -0.382682 0.000000  0.925965 0.623148 0
ohmbattery
0  5.545281 0.000003 20.351727  1.000000 -0.000000 0.000000  0.737931 0.623148 0
0  5.485634 -0.605596 20.960112  0.980786 -0.195088 0.000000  0.751362 0.609720 0
0  5.485634 -0.605596 20.351727  0.980785 -0.195090 0.000000  0.751362 0.623148 0
ohmbattery
0  -0.426824 -1.187922 20.351727  -0.923880 -0.382682 0.000000  0.925965 0.623148 0
0  -0.603469 -0.605596 20.960112  -0.956941 -0.290282 0.000000  0.939396 0.609720 0
0  -0.603469 -0.605596 20.351727  -0.956941 -0.290284 0.000000  0.939396 0.623148 0
ohmbattery
0  5.485634 -0.605596 20.351727  0.980785 -0.195090 0.000000  0.751362 0.623148 0
0  5.308990 -1.187922 20.960112  0.923880 -0.382681 0.000000  0.764793 0.609720 0
0  5.308990 -1.187922 20.351727  0.923880 -0.382683 0.000000  0.764793 0.623148 0
ohmbattery
0  2.441083 2.564979 20.960112  0.000000 0.000000 1.000000  0.483847 0.778630 0
0  3.046682 3.044555 20.960112  -0.000001 0.000000 1.000000  0.470480 0.768044 0
0  2.441083 3.104202 20.960112  0.000000 0.000000 1.000000  0.483847 0.766727 0
ohmbattery
0  3.422657 2.369733 20.960112  -0.000001 0.000000 1.000000  0.462181 0.782940 0
0  3.046682 3.044555 20.960112  -0.000001 0.000000 1.000000  0.470480 0.768044 0
0  2.941485 2.515693 20.960112  0.000000 0.000000 1.000000  0.472802 0.779718 0
ohmbattery
0  3.422657 2.369733 20.960112  -0.000001 0.000000 1.000000  0.462181 0.782940 0
0  4.165684 2.581050 20.960112  -0.000000 0.000000 1.000000  0.445781 0.778275 0
0  3.629008 2.867910 20.960112  -0.000001 0.000000 1.000000  0.457626 0.771943 0
ohmbattery
0  4.254796 1.813716 20.960112  0.000003 0.000000 1.000000  0.443814 0.795213 0
0  4.165684 2.581050 20.960112  -0.000000 0.000000 1.000000  0.445781 0.778275 0
0  3.866108 2.132703 20.960112  -0.000004 0.000000 1.000000  0.452393 0.788172 0
ohmbattery
0  4.254796 1.813716 20.960112  0.000003 0.000000 1.000000  0.443814 0.795213 0
0  5.022130 1.724605 20.960112  0.000002 0.000000 1.000000  0.426876 0.797179 0
0  4.636084 2.195004 20.960112  0.000006 0.000000 1.000000  0.435397 0.786796 0
ohmbattery
0  4.810812 0.981577 20.960112  -0.000002 0.000000 1.000000  0.431540 0.813580 0
0  5.022130 1.724605 20.960112  0.000002 0.000000 1.000000  0.426876 0.797179 0
0  4.573782 1.425029 20.960112  0.000000 0.000000 1.000000  0.436772 0.803792 0
ohmbattery
0  4.810812 0.981577 20.960112  -0.000002 0.000000 1.000000  0.431540 0.813580 0
0  5.485634 0.605603 20.960112  -0.000002 0.000000 1.000000  0.416645 0.821879 0
0  5.308990 1.187928 20.960112  -0.000003 0.000000 1.000000  0.420544 0.809026 0
ohmbattery
0  5.006059 0.000003 20.960112  -0.000002 0.000000 1.000000  0.427231 0.835247 0
0  5.485634 0.605603 20.960112  -0.000002 0.000000 1.000000  0.416645 0.821879 0
0  4.956773 0.500406 20.960112  -0.000002 0.000000 1.000000  0.428319 0.824201 0
ohmbattery
0  5.006059 0.000003 20.960112  -0.000002 0.000000 1.000000  0.427231 0.835247 0
0  5.485634 -0.605596 20.960112  0.000000 0.000000 1.000000  0.416645 0.848614 0
0  5.545281 0.000003 20.960112  0.000000 0.000000 1.000000  0.415328 0.835247 0
ohmbattery
0  4.810812 -0.981570 20.960112  0.000001 0.000000 1.000000  0.431540 0.856913 0
0  5.485634 -0.605596 20.960112  0.000000 0.000000 1.000000  0.416645 0.848614 0
0  4.956773 -0.500399 20.960112  0.000000 0.000000 1.000000  0.428319 0.846292 0
ohmbattery
0  4.810812 -0.981570 20.960112  0.000001 0.000000 1.000000  0.431540 0.856913 0
0  5.022130 -1.724598 20.960112  -0.000002 0.000000 1.000000  0.426876 0.873314 0
0  5.308990 -1.187922 20.960112  0.000000 0.000000 1.000000  0.420544 0.861468 0
ohmbattery
0  4.254796 -1.813709 20.960112  -0.000002 0.000000 1.000000  0.443814 0.875281 0
0  5.022130 -1.724598 20.960112  -0.000002 0.000000 1.000000  0.426876 0.873314 0
0  4.573782 -1.425022 20.960112  0.000000 0.000000 1.000000  0.436772 0.866702 0
ohmbattery
0  4.254796 -1.813709 20.960112  -0.000002 0.000000 1.000000  0.443814 0.875281 0
0  4.165684 -2.581043 20.960112  0.000002 0.000000 1.000000  0.445780 0.892218 0
0  4.636084 -2.194997 20.960112  -0.000006 0.000000 1.000000  0.435397 0.883697 0
ohmbattery
0  3.422657 -2.369726 20.960112  0.000002 0.000000 1.000000  0.462181 0.887554 0
0  4.165684 -2.581043 20.960112  0.000002 0.000000 1.000000  0.445780 0.892218 0
0  3.866108 -2.132696 20.960112  0.000007 0.000000 1.000000  0.452393 0.882322 0
ohmbattery
0  3.422657 -2.369726 20.960112  0.000002 0.000000 1.000000  0.462181 0.887554 0
0  3.046682 -3.044549 20.960112  -0.000001 0.000000 1.000000  0.470480 0.902449 0
0  3.629008 -2.867903 20.960112  -0.000001 0.000000 1.000000  0.457626 0.898550 0
ohmbattery
0  2.441083 -2.564972 20.960112  0.000000 0.000000 1.000000  0.483847 0.891863 0
0  3.046682 -3.044549 20.960112  -0.000001 0.000000 1.000000  0.470480 0.902449 0
0  2.941485 -2.515687 20.960112  0.000000 0.000000 1.000000  0.472802 0.890776 0
ohmbattery
0  2.441083 -2.564972 20.960112  0.000000 0.000000 1.000000  0.483847 0.891863 0
0  1.835483 -3.044549 20.960112  0.000001 0.000000 1.000000  0.497215 0.902449 0
0  2.441083 -3.104195 20.960112  0.000000 0.000000 1.000000  0.483847 0.903766 0
ohmbattery
0  1.459509 -2.369726 20.960112  0.000001 0.000000 1.000000  0.505514 0.887554 0
0  1.835483 -3.044549 20.960112  0.000001 0.000000 1.000000  0.497215 0.902449 0
0  1.940680 -2.515687 20.960112  -0.000000 0.000000 1.000000  0.494893 0.890776 0
ohmbattery
0  1.459509 -2.369726 20.960112  0.000001 0.000000 1.000000  0.505514 0.887554 0
0  0.716481 -2.581043 20.960112  0.000002 0.000000 1.000000  0.521915 0.892218 0
0  1.253158 -2.867903 20.960112  0.000001 0.000000 1.000000  0.510069 0.898550 0
ohmbattery
0  0.627370 -1.813709 20.960112  0.000002 0.000000 1.000000  0.523881 0.875281 0
0  0.716481 -2.581043 20.960112  0.000002 0.000000 1.000000  0.521915 0.892218 0
0  1.016057 -2.132696 20.960112  -0.000000 0.000000 1.000000  0.515302 0.882322 0
ohmbattery
0  0.627370 -1.813709 20.960112  0.000002 0.000000 1.000000  0.523881 0.875281 0
0  -0.139964 -1.724598 20.960112  0.000003 0.000000 1.000000  0.540819 0.873314 0
0  0.246082 -2.194997 20.960112  0.000006 0.000000 1.000000  0.532297 0.883697 0
ohmbattery
0  0.071353 -0.981570 20.960112  0.000002 0.000000 1.000000  0.536154 0.856913 0
0  -0.139964 -1.724598 20.960112  0.000003 0.000000 1.000000  0.540819 0.873314 0
0  0.308383 -1.425022 20.960112  0.000000 0.000000 1.000000  0.530922 0.866702 0
ohmbattery
0  0.071353 -0.981570 20.960112  0.000002 0.000000 1.000000  0.536154 0.856913 0
0  -0.603469 -0.605596 20.960112  0.000001 0.000000 1.000000  0.551050 0.848614 0
0  -0.426824 -1.187922 20.960112  0.000003 0.000000 1.000000  0.547151 0.861468 0
ohmbattery
0  0.071353 0.981577 20.960112  0.000002 0.000000 1.000000  0.536154 0.813580 0
0  -0.603469 0.605603 20.960112  0.000001 0.000000 1.000000  0.551050 0.821879 0
0  -0.074607 0.500406 20.960112  -0.000000 0.000000 1.000000  0.539376 0.824201 0
ohmbattery
0  0.071353 0.981577 20.960112  0.000002 0.000000 1.000000  0.536154 0.813580 0
0  -0.139964 1.724605 20.960112  -0.000000 0.000000 1.000000  0.540819 0.797179 0
0  -0.426824 1.187928 20.960112  0.000006 0.000000 1.000000  0.547151 0.809026 0
ohmbattery
0  0.627370 1.813716 20.960112  -0.000002 0.000000 1.000000  0.523881 0.795213 0
0  -0.139964 1.724605 20.960112  -0.000000 0.000000 1.000000  0.540819 0.797179 0
0  0.308383 1.425029 20.960112  0.000000 0.000000 1.000000  0.530922 0.803792 0
ohmbattery
0  0.627370 1.813716 20.960112  -0.000002 0.000000 1.000000  0.523881 0.795213 0
0  0.716481 2.581050 20.960112  -0.000002 0.000000 1.000000  0.521915 0.778275 0
0  0.246082 2.195004 20.960112  -0.000006 0.000000 1.000000  0.532298 0.786796 0
ohmbattery
0  1.459509 2.369733 20.960112  -0.000002 0.000000 1.000000  0.505514 0.782940 0
0  0.716481 2.581050 20.960112  -0.000002 0.000000 1.000000  0.521915 0.778275 0
0  1.016057 2.132703 20.960112  0.000000 0.000000 1.000000  0.515302 0.788172 0
ohmbattery
0  1.459509 2.369733 20.960112  -0.000002 0.000000 1.000000  0.505514 0.782940 0
0  1.835483 3.044555 20.960112  0.000001 0.000000 1.000000  0.497215 0.768044 0
0  1.253158 2.867910 20.960112  0.000001 0.000000 1.000000  0.510069 0.771943 0
ohmbattery
0  2.441083 2.564979 20.960112  0.000000 0.000000 1.000000  0.483847 0.778630 0
0  1.835483 3.044555 20.960112  0.000001 0.000000 1.000000  0.497215 0.768044 0
0  1.940680 2.515693 20.960112  -0.000000 0.000000 1.000000  0.494893 0.779718 0
ohmbattery
0  0.916892 -0.303179 20.668291  -0.000002 0.000000 1.000000  0.721087 0.857200 0
0  0.071354 -0.981571 20.668291  0.000001 0.000000 1.000000  0.708014 0.877242 0
0  1.005327 -0.594708 20.668291  -0.000001 0.000000 1.000000  0.714491 0.855889 0
ohmbattery
0  3.876840 -0.594705 20.668291  0.000001 0.000000 1.000000  0.708279 0.792811 0
0  4.956774 -0.500398 20.668291  -0.000000 0.000000 1.000000  0.708014 0.768884 0
0  3.965274 -0.303175 20.668291  -0.000001 0.000000 1.000000  0.714491 0.790237 0
ohmbattery
0  -0.123894 0.000002 20.668291  0.000000 0.000000 1.000000  0.729998 0.879407 0
0  0.916891 0.303182 20.668291  0.000002 0.000000 1.000000  0.734407 0.855889 0
0  -0.074609 0.500404 20.668291  -0.000002 0.000000 1.000000  0.740884 0.877242 0
ohmbattery
0  2.441081 1.554055 20.668291  -0.000003 0.000000 1.000000  0.758587 0.819701 0
0  1.940680 2.515694 20.668291  0.000003 0.000000 1.000000  0.780793 0.828613 0
0  2.137901 1.524194 20.668291  -0.000010 0.000000 1.000000  0.758587 0.826425 0
ohmbattery
0  0.071353 0.981576 20.668291  0.000000 0.000000 1.000000  0.751138 0.872994 0
0  1.148935 0.863387 20.668291  0.000001 0.000000 1.000000  0.746210 0.849579 0
0  0.308382 1.425027 20.668291  0.000002 0.000000 1.000000  0.760366 0.866828 0
ohmbattery
0  0.627371 -1.813710 20.668291  0.000000 0.000000 1.000000  0.688532 0.866828 0
0  1.148937 -0.863383 20.668291  0.000000 0.000000 1.000000  0.708279 0.853315 0
0  0.308383 -1.425022 20.668291  -0.000001 0.000000 1.000000  0.697760 0.872994 0
ohmbattery
0  -0.074607 -0.500399 20.960112  0.000004 0.000000 1.000000  0.539376 0.846292 0
0  -0.128893 0.000003 20.960112  0.000002 0.000000 1.000000  0.540574 0.835247 0
0  -0.603469 -0.605596 20.960112  0.000001 0.000000 1.000000  0.551050 0.848614 0
ohmbattery
0  -0.074607 0.500406 20.960112  0.980457 -0.196712 0.002862  0.925178 0.938722 0
0  0.071353 0.981576 20.668291  0.923880 -0.382682 0.000001  0.914077 0.945165 0
0  0.071353 0.981577 20.960112  0.923880 -0.382682 0.000001  0.914077 0.938722 0
ohmbattery
0  4.573782 -1.425022 20.960112  -0.831470 0.555570 -0.000000  0.725354 0.938722 0
0  4.254796 -1.813708 20.668291  -0.707107 0.707107 0.000002  0.714253 0.945165 0
0  4.254796 -1.813709 20.960112  -0.707108 0.707106 0.000002  0.714253 0.938722 0
ohmbattery
0  -0.074607 0.500406 20.960112  0.980457 -0.196712 0.002862  0.925178 0.938722 0
0  -0.123894 0.000002 20.668291  0.999935 0.000001 0.011396  0.936279 0.945165 0
0  -0.074609 0.500404 20.668291  0.980785 -0.195090 -0.000003  0.925178 0.945165 0
ohmbattery
0  4.810812 -0.981570 20.960112  -0.923880 0.382682 0.000001  0.736455 0.938722 0
0  4.573783 -1.425020 20.668291  -0.831469 0.555571 -0.000001  0.725354 0.945165 0
0  4.573782 -1.425022 20.960112  -0.831470 0.555570 -0.000000  0.725354 0.938722 0
ohmbattery
0  -0.074607 -0.500399 20.960112  0.980457 0.196712 0.002861  0.592138 0.938723 0
0  -0.123894 0.000002 20.668291  0.999935 0.000001 0.011396  0.581037 0.945165 0
0  -0.128893 0.000003 20.960112  0.999853 0.000002 0.017129  0.581026 0.938721 0
ohmbattery
0  4.956773 -0.500399 20.960112  -0.980785 0.195090 -0.000003  0.747557 0.938722 0
0  4.810812 -0.981570 20.668291  -0.923880 0.382682 0.000000  0.736455 0.945165 0
0  4.810812 -0.981570 20.960112  -0.923880 0.382682 0.000001  0.736455 0.938722 0
ohmbattery
0  0.071353 -0.981570 20.960112  0.923879 0.382686 0.000001  0.603240 0.938723 0
0  -0.074608 -0.500400 20.668291  0.980785 0.195090 -0.000002  0.592138 0.945165 0
0  -0.074607 -0.500399 20.960112  0.980457 0.196712 0.002861  0.592138 0.938723 0
ohmbattery
0  5.006059 0.000003 20.960112  -1.000000 -0.000001 -0.000002  0.758658 0.938722 0
0  4.956774 -0.500398 20.668291  -0.980786 0.195089 -0.000003  0.747557 0.945165 0
0  4.956773 -0.500399 20.960112  -0.980785 0.195090 -0.000003  0.747557 0.938722 0
ohmbattery
0  0.308383 -1.425022 20.960112  0.831470 0.555570 0.000001  0.614341 0.938723 0
0  0.071354 -0.981571 20.668291  0.923879 0.382685 0.000002  0.603240 0.945165 0
0  0.071353 -0.981570 20.960112  0.923879 0.382686 0.000001  0.603240 0.938723 0
ohmbattery
0  4.956773 0.500406 20.960112  -0.980786 -0.195088 -0.000003  0.769759 0.938722 0
0  5.006059 0.000004 20.668291  -1.000000 -0.000002 -0.000002  0.758658 0.945165 0
0  5.006059 0.000003 20.960112  -1.000000 -0.000001 -0.000002  0.758658 0.938722 0
ohmbattery
0  0.627370 -1.813709 20.960112  0.707107 0.707106 0.000002  0.625442 0.938723 0
0  0.308383 -1.425022 20.668291  0.831472 0.555568 0.000001  0.614341 0.945165 0
0  0.308383 -1.425022 20.960112  0.831470 0.555570 0.000001  0.614341 0.938723 0
ohmbattery
0  4.810812 0.981577 20.960112  -0.923880 -0.382683 0.000001  0.780861 0.938722 0
0  4.956774 0.500406 20.668291  -0.980786 -0.195089 -0.000002  0.769759 0.945165 0
0  4.956773 0.500406 20.960112  -0.980786 -0.195088 -0.000003  0.769759 0.938722 0
ohmbattery
0  1.016057 -2.132696 20.960112  0.555568 0.831471 0.000001  0.636544 0.938722 0
0  0.627371 -1.813710 20.668291  0.707108 0.707106 0.000002  0.625442 0.945165 0
0  0.627370 -1.813709 20.960112  0.707107 0.707106 0.000002  0.625442 0.938723 0
ohmbattery
0  4.573782 1.425029 20.960112  -0.831471 -0.555569 0.000002  0.791962 0.938722 0
0  4.810812 0.981578 20.668291  -0.923879 -0.382684 0.000002  0.780861 0.945165 0
0  4.810812 0.981577 20.960112  -0.923880 -0.382683 0.000001  0.780861 0.938722 0
ohmbattery
0  1.459509 -2.369726 20.960112  0.382682 0.923880 0.000001  0.647645 0.938722 0
0  1.016059 -2.132697 20.668291  0.555569 0.831470 0.000001  0.636544 0.945165 0
0  1.016057 -2.132696 20.960112  0.555568 0.831471 0.000001  0.636544 0.938722 0
ohmbattery
0  1.940680 2.515693 20.960112  0.195089 -0.980786 -0.000003  0.858570 0.938722 0
0  2.441082 2.564980 20.668291  -0.000000 -1.000000 -0.000001  0.847468 0.945165 0
0  2.441083 2.564979 20.960112  -0.000000 -1.000000 -0.000002  0.847468 0.938722 0
ohmbattery
0  4.254796 1.813716 20.960112  -0.707108 -0.707105 0.000003  0.803063 0.938722 0
0  4.573782 1.425029 20.668291  -0.831472 -0.555567 0.000003  0.791962 0.945165 0
0  4.573782 1.425029 20.960112  -0.831471 -0.555569 0.000002  0.791962 0.938722 0
ohmbattery
0  1.940680 -2.515687 20.960112  0.195091 0.980785 -0.000002  0.658746 0.938722 0
0  1.459510 -2.369726 20.668291  0.382685 0.923879 0.000001  0.647645 0.945165 0
0  1.459509 -2.369726 20.960112  0.382682 0.923880 0.000001  0.647645 0.938722 0
ohmbattery
0  1.459509 2.369733 20.960112  0.382684 -0.923879 0.000001  0.869671 0.938722 0
0  1.940680 2.515694 20.668291  0.195089 -0.980786 -0.000002  0.858570 0.945165 0
0  1.940680 2.515693 20.960112  0.195089 -0.980786 -0.000003  0.858570 0.938722 0
ohmbattery
0  3.866108 2.132703 20.960112  -0.555568 -0.831471 0.000002  0.814165 0.938722 0
0  4.254794 1.813716 20.668291  -0.707108 -0.707105 0.000003  0.803063 0.945165 0
0  4.254796 1.813716 20.960112  -0.707108 -0.707105 0.000003  0.803063 0.938722 0
ohmbattery
0  2.441083 -2.564972 20.960112  0.000000 1.000000 -0.000003  0.669847 0.938722 0
0  1.940682 -2.515688 20.668291  0.195091 0.980785 -0.000002  0.658746 0.945165 0
0  1.940680 -2.515687 20.960112  0.195091 0.980785 -0.000002  0.658746 0.938722 0
ohmbattery
0  1.016057 2.132703 20.960112  0.555570 -0.831470 0.000001  0.880773 0.938722 0
0  1.459508 2.369732 20.668291  0.382685 -0.923879 0.000001  0.869671 0.945165 0
0  1.459509 2.369733 20.960112  0.382684 -0.923879 0.000001  0.869671 0.938722 0
ohmbattery
0  3.422657 2.369733 20.960112  -0.382682 -0.923880 0.000000  0.825266 0.938722 0
0  3.866106 2.132704 20.668291  -0.555569 -0.831470 0.000002  0.814165 0.945165 0
0  3.866108 2.132703 20.960112  -0.555568 -0.831471 0.000002  0.814165 0.938722 0
ohmbattery
0  2.941485 -2.515687 20.960112  -0.195088 0.980786 -0.000003  0.680949 0.938722 0
0  2.441084 -2.564973 20.668291  0.000000 1.000000 -0.000003  0.669847 0.945165 0
0  2.441083 -2.564972 20.960112  0.000000 1.000000 -0.000003  0.669847 0.938722 0
ohmbattery
0  0.627370 1.813716 20.960112  0.707106 -0.707108 0.000002  0.891874 0.938722 0
0  1.016057 2.132703 20.668291  0.555570 -0.831470 0.000002  0.880773 0.945165 0
0  1.016057 2.132703 20.960112  0.555570 -0.831470 0.000001  0.880773 0.938722 0
ohmbattery
0  2.941485 2.515693 20.960112  -0.195091 -0.980785 -0.000003  0.836367 0.938722 0
0  3.422656 2.369733 20.668291  -0.382685 -0.923879 0.000000  0.825266 0.945165 0
0  3.422657 2.369733 20.960112  -0.382682 -0.923880 0.000000  0.825266 0.938722 0
ohmbattery
0  3.422657 -2.369726 20.960112  -0.382683 0.923880 0.000001  0.692050 0.938722 0
0  2.941486 -2.515688 20.668291  -0.195089 0.980786 -0.000002  0.680949 0.945165 0
0  2.941485 -2.515687 20.960112  -0.195088 0.980786 -0.000003  0.680949 0.938722 0
ohmbattery
0  0.308383 1.425029 20.960112  0.831468 -0.555573 0.000001  0.902975 0.938722 0
0  0.627370 1.813715 20.668291  0.707106 -0.707107 0.000002  0.891874 0.945165 0
0  0.627370 1.813716 20.960112  0.707106 -0.707108 0.000002  0.891874 0.938722 0
ohmbattery
0  2.441083 2.564979 20.960112  -0.000000 -1.000000 -0.000002  0.847468 0.938722 0
0  2.941484 2.515695 20.668291  -0.195091 -0.980785 -0.000003  0.836367 0.945165 0
0  2.941485 2.515693 20.960112  -0.195091 -0.980785 -0.000003  0.836367 0.938722 0
ohmbattery
0  3.866108 -2.132696 20.960112  -0.555572 0.831469 0.000001  0.703151 0.938722 0
0  3.422657 -2.369725 20.668291  -0.382685 0.923879 0.000002  0.692050 0.945165 0
0  3.422657 -2.369726 20.960112  -0.382683 0.923880 0.000001  0.692050 0.938722 0
ohmbattery
0  0.071353 0.981577 20.960112  0.923880 -0.382682 0.000001  0.914077 0.938722 0
0  0.308382 1.425027 20.668291  0.831468 -0.555572 0.000001  0.902975 0.945165 0
0  0.308383 1.425029 20.960112  0.831468 -0.555573 0.000001  0.902975 0.938722 0
ohmbattery
0  4.254796 -1.813709 20.960112  -0.707108 0.707106 0.000002  0.714253 0.938722 0
0  3.866108 -2.132696 20.668291  -0.555571 0.831469 0.000002  0.703151 0.945165 0
0  3.866108 -2.132696 20.960112  -0.555572 0.831469 0.000001  0.703151 0.938722 0
ohmbattery
0  3.304469 -1.292143 20.668291  -0.555570 0.831470 -0.000002  0.656261 0.949719 0
0  3.539964 -1.098878 20.376478  -0.707108 0.707106 -0.000002  0.662985 0.956160 0
0  3.304469 -1.292143 20.376478  -0.555570 0.831470 -0.000002  0.656261 0.956160 0
ohmbattery
0  1.148935 0.863387 20.668291  0.831470 -0.555570 -0.000001  0.777294 0.949719 0
0  1.005326 0.594714 20.376478  0.923880 -0.382683 -0.000001  0.784018 0.956160 0
0  1.148936 0.863389 20.376478  0.831470 -0.555570 -0.000001  0.777294 0.956160 0
ohmbattery
0  3.035794 -1.435753 20.668291  -0.382684 0.923879 -0.000002  0.649536 0.949719 0
0  3.304469 -1.292143 20.376478  -0.555570 0.831470 -0.000002  0.656261 0.956160 0
0  3.035793 -1.435754 20.376478  -0.382682 0.923880 -0.000001  0.649536 0.956160 0
ohmbattery
0  2.744262 1.524195 20.668291  -0.195088 -0.980786 0.000003  0.736950 0.949719 0
0  2.441083 1.554055 20.376478  0.000001 -1.000000 0.000002  0.743674 0.956160 0
0  2.744265 1.524193 20.376478  -0.195090 -0.980785 0.000003  0.736950 0.956160 0
ohmbattery
0  1.342201 1.098883 20.668291  0.707108 -0.707105 -0.000002  0.770570 0.949719 0
0  1.148936 0.863389 20.376478  0.831470 -0.555570 -0.000001  0.777294 0.956160 0
0  1.342202 1.098884 20.376478  0.707108 -0.707106 -0.000001  0.770570 0.956160 0
ohmbattery
0  2.744265 -1.524187 20.668291  -0.195090 0.980785 0.000001  0.642813 0.949719 0
0  3.035793 -1.435754 20.376478  -0.382682 0.923880 -0.000001  0.649536 0.956160 0
0  2.744265 -1.524187 20.376478  -0.195089 0.980785 0.000002  0.642813 0.956160 0
ohmbattery
0  3.035791 1.435761 20.668291  -0.382682 -0.923880 -0.000001  0.730226 0.949719 0
0  2.744265 1.524193 20.376478  -0.195090 -0.980785 0.000003  0.736950 0.956160 0
0  3.035793 1.435760 20.376478  -0.382683 -0.923880 -0.000001  0.730226 0.956160 0
ohmbattery
0  1.577696 1.292149 20.668291  0.555571 -0.831469 -0.000001  0.763846 0.949719 0
0  1.342202 1.098884 20.376478  0.707108 -0.707106 -0.000001  0.770570 0.956160 0
0  1.577697 1.292150 20.376478  0.555570 -0.831469 -0.000001  0.763846 0.956160 0
ohmbattery
0  2.441084 -1.554048 20.668291  -0.000002 1.000000 0.000001  0.636089 0.949719 0
0  2.744265 -1.524187 20.376478  -0.195089 0.980785 0.000002  0.642813 0.956160 0
0  2.441083 -1.554048 20.376478  -0.000001 1.000000 0.000002  0.636089 0.956160 0
ohmbattery
0  3.304466 1.292151 20.668291  -0.555571 -0.831469 -0.000002  0.723501 0.949719 0
0  3.035793 1.435760 20.376478  -0.382683 -0.923880 -0.000001  0.730226 0.956160 0
0  3.304469 1.292150 20.376478  -0.555571 -0.831469 -0.000000  0.723501 0.956160 0
ohmbattery
0  1.846371 1.435759 20.668291  0.382684 -0.923879 -0.000001  0.757122 0.949719 0
0  1.577697 1.292150 20.376478  0.555570 -0.831469 -0.000001  0.763846 0.956160 0
0  1.846372 1.435760 20.376478  0.382682 -0.923880 -0.000000  0.757122 0.956160 0
ohmbattery
0  2.137904 -1.524188 20.668291  0.195089 0.980786 0.000001  0.629364 0.949719 0
0  2.441083 -1.554048 20.376478  -0.000001 1.000000 0.000002  0.636089 0.956160 0
0  2.137901 -1.524187 20.376478  0.195091 0.980785 0.000002  0.629364 0.956160 0
ohmbattery
0  3.539962 1.098885 20.668291  -0.707108 -0.707106 -0.000002  0.716777 0.949719 0
0  3.304469 1.292150 20.376478  -0.555571 -0.831469 -0.000000  0.723501 0.956160 0
0  3.539964 1.098884 20.376478  -0.707107 -0.707107 -0.000001  0.716777 0.956160 0
ohmbattery
0  2.137901 1.524194 20.668291  0.195090 -0.980785 0.000002  0.750398 0.949719 0
0  1.846372 1.435760 20.376478  0.382682 -0.923880 -0.000000  0.757122 0.956160 0
0  2.137901 1.524193 20.376478  0.195089 -0.980785 0.000003  0.750398 0.956160 0
ohmbattery
0  1.846374 -1.435754 20.668291  0.382681 0.923881 -0.000002  0.622640 0.949719 0
0  2.137901 -1.524187 20.376478  0.195091 0.980785 0.000002  0.629364 0.956160 0
0  1.846372 -1.435754 20.376478  0.382683 0.923880 -0.000002  0.622640 0.956160 0
ohmbattery
0  3.733228 0.863390 20.668291  -0.831469 -0.555571 -0.000001  0.710053 0.949719 0
0  3.539964 1.098884 20.376478  -0.707107 -0.707107 -0.000001  0.716777 0.956160 0
0  3.733229 0.863389 20.376478  -0.831468 -0.555572 -0.000001  0.710053 0.956160 0
ohmbattery
0  2.441081 1.554055 20.668291  0.000002 -1.000000 0.000002  0.743674 0.949719 0
0  2.137901 1.524193 20.376478  0.195089 -0.980785 0.000003  0.750398 0.956160 0
0  2.441083 1.554055 20.376478  0.000001 -1.000000 0.000002  0.743674 0.956160 0
ohmbattery
0  1.577699 -1.292144 20.668291  0.555568 0.831471 -0.000002  0.615916 0.949719 0
0  1.846372 -1.435754 20.376478  0.382683 0.923880 -0.000002  0.622640 0.956160 0
0  1.577697 -1.292143 20.376478  0.555573 0.831468 -0.000001  0.615916 0.956160 0
ohmbattery
0  3.876839 0.594715 20.668291  -0.923879 -0.382685 -0.000001  0.703329 0.949719 0
0  3.733229 0.863389 20.376478  -0.831468 -0.555572 -0.000001  0.710053 0.956160 0
0  3.876840 0.594714 20.376478  -0.923880 -0.382683 -0.000000  0.703329 0.956160 0
ohmbattery
0  1.342203 -1.098878 20.668291  0.707105 0.707109 -0.000002  0.609192 0.949719 0
0  1.577697 -1.292143 20.376478  0.555573 0.831468 -0.000001  0.615916 0.956160 0
0  1.342202 -1.098878 20.376478  0.707108 0.707105 -0.000002  0.609192 0.956160 0
ohmbattery
0  3.965273 0.303186 20.668291  -0.980785 -0.195089 0.000002  0.696605 0.949719 0
0  3.876840 0.594714 20.376478  -0.923880 -0.382683 -0.000000  0.703329 0.956160 0
0  3.965273 0.303185 20.376478  -0.980786 -0.195087 0.000003  0.696605 0.956160 0
ohmbattery
0  1.148937 -0.863383 20.668291  0.831469 0.555571 -0.000001  0.602468 0.949719 0
0  1.342202 -1.098878 20.376478  0.707108 0.707105 -0.000002  0.609192 0.956160 0
0  1.148936 -0.863383 20.376478  0.831470 0.555570 -0.000001  0.602468 0.956160 0
ohmbattery
0  3.995135 0.000005 20.668291  -1.000000 -0.000003 0.000002  0.689881 0.949719 0
0  3.965273 0.303185 20.376478  -0.980786 -0.195087 0.000003  0.696605 0.956160 0
0  3.995134 0.000003 20.376478  -1.000000 -0.000001 0.000003  0.689881 0.956160 0
ohmbattery
0  1.005327 -0.594708 20.668291  0.923879 0.382684 -0.000001  0.595744 0.949719 0
0  1.148936 -0.863383 20.376478  0.831470 0.555570 -0.000001  0.602468 0.956160 0
0  1.005326 -0.594707 20.376478  0.923879 0.382684 -0.000000  0.595744 0.956160 0
ohmbattery
0  3.965274 -0.303175 20.668291  -0.980785 0.195090 0.000003  0.683157 0.949719 0
0  3.995134 0.000003 20.376478  -1.000000 -0.000001 0.000003  0.689881 0.956160 0
0  3.965273 -0.303179 20.376478  -0.980785 0.195092 0.000003  0.683157 0.956160 0
ohmbattery
0  0.916892 -0.303179 20.668291  0.980785 0.195090 0.000002  0.589020 0.949719 0
0  1.005326 -0.594707 20.376478  0.923879 0.382684 -0.000000  0.595744 0.956160 0
0  0.916893 -0.303179 20.376478  0.980785 0.195089 0.000003  0.589020 0.956160 0
ohmbattery
0  3.876840 -0.594705 20.668291  -0.923881 0.382681 -0.000001  0.676433 0.949719 0
0  3.965273 -0.303179 20.376478  -0.980785 0.195092 0.000003  0.683157 0.956160 0
0  3.876840 -0.594707 20.376478  -0.923880 0.382683 -0.000002  0.676433 0.956160 0
ohmbattery
0  0.887031 0.000002 20.668291  1.000000 0.000001 0.000002  0.582295 0.949719 0
0  0.916893 -0.303179 20.376478  0.980785 0.195089 0.000003  0.589020 0.956160 0
0  0.887031 0.000003 20.376478  1.000000 -0.000000 0.000003  0.582295 0.956160 0
ohmbattery
0  3.733230 -0.863380 20.668291  -0.831470 0.555570 -0.000002  0.669709 0.949719 0
0  3.876840 -0.594707 20.376478  -0.923880 0.382683 -0.000002  0.676433 0.956160 0
0  3.733229 -0.863383 20.376478  -0.831469 0.555571 -0.000001  0.669709 0.956160 0
ohmbattery
0  0.916891 0.303182 20.668291  0.980785 -0.195090 0.000002  0.790742 0.949719 0
0  0.887031 0.000003 20.376478  1.000000 -0.000000 0.000003  0.797466 0.956160 0
0  0.916893 0.303185 20.376478  0.980785 -0.195091 0.000002  0.790742 0.956160 0
ohmbattery
0  3.539965 -1.098876 20.668291  -0.707107 0.707107 -0.000002  0.662985 0.949719 0
0  3.733229 -0.863383 20.376478  -0.831469 0.555571 -0.000001  0.669709 0.956160 0
0  3.539964 -1.098878 20.376478  -0.707108 0.707106 -0.000002  0.662985 0.956160 0
ohmbattery
0  1.005325 0.594712 20.668291  0.923880 -0.382683 -0.000001  0.784018 0.949719 0
0  0.916893 0.303185 20.376478  0.980785 -0.195091 0.000002  0.790742 0.956160 0
0  1.005326 0.594714 20.376478  0.923880 -0.382683 -0.000001  0.784018 0.956160 0
ohmbattery
0  -0.603469 0.605603 20.351727  0.000000 1.000000 -0.000000  0.011714 0.713719 0
0  -5.729506 0.605603 20.960112  0.000000 1.000000 -0.000000  0.124867 0.727148 0
0  -0.603469 0.605603 20.960112  0.000000 1.000000 -0.000000  0.011714 0.727148 0
ohmbattery
0  -0.128893 0.000003 20.960112  0.000002 0.000000 1.000000  0.540574 0.835247 0
0  -0.074607 0.500406 20.960112  -0.000000 0.000000 1.000000  0.539376 0.824201 0
0  -0.603469 0.605603 20.960112  0.000001 0.000000 1.000000  0.551050 0.821879 0
ohmbattery
0  -5.296148 0.732292 21.085909  0.000413 0.000000 1.000000  0.930041 0.712716 0
0  -6.378221 -0.731840 21.086355  0.000413 0.000000 1.000000  0.953925 0.745033 0
0  -5.296148 -0.732285 21.085909  0.000413 0.000000 1.000000  0.930041 0.745043 0
ohmbattery
0  -0.603469 0.605603 20.960112  0.000001 0.000000 1.000000  0.551050 0.821879 0
0  -5.729506 -0.605596 20.960112  0.000000 0.000000 1.000000  0.664197 0.848614 0
0  -0.603469 -0.605596 20.960112  0.000001 0.000000 1.000000  0.551050 0.848614 0
ohmbattery
0  -5.296148 -0.732285 21.085909  1.000000 0.000000 0.000000  0.058331 0.480329 0
0  -5.296148 0.784138 20.351727  1.000000 0.000000 0.000000  0.042126 0.446858 0
0  -5.296148 0.732292 21.085909  1.000000 0.000000 0.000000  0.058331 0.448002 0
ohmbattery
0  -5.296148 0.732292 21.085909  -0.000145 0.997501 0.070655  0.964380 0.030966 0
0  -6.378221 0.784138 20.351727  -0.000237 0.997491 0.070789  0.988262 0.014721 0
0  -6.378221 0.731846 21.086355  -0.000382 0.997476 0.071002  0.988262 0.030976 0
ohmbattery
0  -5.296148 -0.732285 21.085909  -0.000145 -0.997501 0.070655  0.858696 0.051726 0
0  -6.378221 -0.784132 20.351727  -0.000236 -0.997491 0.070789  0.882578 0.067970 0
0  -5.296148 -0.784132 20.351727  0.000000 -0.997516 0.070443  0.858696 0.067970 0
ohmbattery
0  2.441082 2.564980 20.668291  0.000002 0.000000 1.000000  0.780793 0.817513 0
0  2.744262 1.524195 20.668291  0.000001 0.000000 1.000000  0.757275 0.813105 0
0  2.941484 2.515695 20.668291  -0.000003 0.000000 1.000000  0.778628 0.806628 0
ohmbattery
0  1.342201 1.098883 20.668291  0.000001 0.000000 1.000000  0.750965 0.844824 0
0  0.308382 1.425027 20.668291  0.000002 0.000000 1.000000  0.760366 0.866828 0
0  1.148935 0.863387 20.668291  0.000001 0.000000 1.000000  0.746210 0.849579 0
ohmbattery
0  2.744265 -1.524187 20.668291  0.000000 0.000000 1.000000  0.690311 0.819701 0
0  3.422657 -2.369725 20.668291  0.000003 0.000000 1.000000  0.670270 0.806628 0
0  3.035794 -1.435753 20.668291  0.000001 0.000000 1.000000  0.691624 0.813105 0
ohmbattery
0  3.304466 1.292151 20.668291  0.000001 0.000000 1.000000  0.750965 0.801302 0
0  3.422656 2.369733 20.668291  -0.000005 0.000000 1.000000  0.774381 0.796374 0
0  3.035791 1.435761 20.668291  -0.000001 0.000000 1.000000  0.754701 0.806893 0
ohmbattery
0  1.016057 2.132703 20.668291  0.000000 0.000000 1.000000  0.774381 0.849752 0
0  1.846371 1.435759 20.668291  -0.000006 0.000000 1.000000  0.757275 0.833021 0
0  1.459508 2.369732 20.668291  0.000001 0.000000 1.000000  0.778628 0.839498 0
ohmbattery
0  2.441084 -2.564973 20.668291  0.000002 0.000000 1.000000  0.668105 0.828613 0
0  2.137904 -1.524188 20.668291  0.000001 0.000000 1.000000  0.691624 0.833021 0
0  1.940682 -2.515688 20.668291  -0.000001 0.000000 1.000000  0.670270 0.839498 0
ohmbattery
0  3.866106 2.132704 20.668291  -0.000002 0.000000 1.000000  0.768214 0.787146 0
0  3.539962 1.098885 20.668291  0.000001 0.000000 1.000000  0.746211 0.796547 0
0  4.254794 1.813716 20.668291  0.000002 0.000000 1.000000  0.760366 0.779298 0
ohmbattery
0  2.137901 1.524194 20.668291  -0.000010 0.000000 1.000000  0.758587 0.826425 0
0  1.459508 2.369732 20.668291  0.000001 0.000000 1.000000  0.778628 0.839498 0
0  1.846371 1.435759 20.668291  -0.000006 0.000000 1.000000  0.757275 0.833021 0
ohmbattery
0  1.846374 -1.435754 20.668291  -0.000000 0.000000 1.000000  0.694197 0.839233 0
0  1.940682 -2.515688 20.668291  -0.000001 0.000000 1.000000  0.670270 0.839498 0
0  2.137904 -1.524188 20.668291  0.000001 0.000000 1.000000  0.691624 0.833021 0
ohmbattery
0  3.733228 0.863390 20.668291  -0.000003 0.000000 1.000000  0.740619 0.792811 0
0  4.254794 1.813716 20.668291  0.000002 0.000000 1.000000  0.760366 0.779298 0
0  3.539962 1.098885 20.668291  0.000001 0.000000 1.000000  0.746211 0.796547 0
ohmbattery
0  1.577699 -1.292144 20.668291  -0.000001 0.000000 1.000000  0.697933 0.844824 0
0  1.459510 -2.369726 20.668291  -0.000003 0.000000 1.000000  0.674517 0.849752 0
0  1.846374 -1.435754 20.668291  -0.000000 0.000000 1.000000  0.694197 0.839233 0
ohmbattery
0  3.876839 0.594715 20.668291  -0.000002 0.000000 1.000000  0.734407 0.790237 0
0  4.573782 1.425029 20.668291  0.000003 0.000000 1.000000  0.751138 0.773132 0
0  3.733228 0.863390 20.668291  -0.000003 0.000000 1.000000  0.740619 0.792811 0
ohmbattery
0  1.342203 -1.098878 20.668291  0.000003 0.000000 1.000000  0.702688 0.849579 0
0  1.016059 -2.132697 20.668291  -0.000001 0.000000 1.000000  0.680683 0.858980 0
0  1.577699 -1.292144 20.668291  -0.000001 0.000000 1.000000  0.697933 0.844824 0
ohmbattery
0  2.441084 -1.554048 20.668291  0.000002 0.000000 1.000000  0.690311 0.826425 0
0  2.941486 -2.515688 20.668291  0.000002 0.000000 1.000000  0.668105 0.817513 0
0  2.744265 -1.524187 20.668291  0.000000 0.000000 1.000000  0.690311 0.819701 0
ohmbattery
0  1.005325 0.594712 20.668291  0.000003 0.000000 1.000000  0.740619 0.853315 0
0  -0.074609 0.500404 20.668291  -0.000002 0.000000 1.000000  0.740884 0.877242 0
0  0.916891 0.303182 20.668291  0.000002 0.000000 1.000000  0.734407 0.855889 0
ohmbattery
0  1.577696 1.292149 20.668291  0.000001 0.000000 1.000000  0.754701 0.839233 0
0  0.627370 1.813715 20.668291  0.000002 0.000000 1.000000  0.768214 0.858980 0
0  1.342201 1.098883 20.668291  0.000001 0.000000 1.000000  0.750965 0.844824 0
ohmbattery
0  4.573783 -1.425020 20.668291  -0.000002 0.000000 1.000000  0.688532 0.779298 0
0  3.539965 -1.098876 20.668291  0.000000 0.000000 1.000000  0.697933 0.801302 0
0  4.254796 -1.813708 20.668291  -0.000002 0.000000 1.000000  0.680683 0.787146 0
ohmbattery
0  2.941484 2.515695 20.668291  -0.000003 0.000000 1.000000  0.778628 0.806628 0
0  3.035791 1.435761 20.668291  -0.000001 0.000000 1.000000  0.754701 0.806893 0
0  3.422656 2.369733 20.668291  -0.000005 0.000000 1.000000  0.774381 0.796374 0
ohmbattery
0  3.304469 -1.292143 20.668291  -0.000001 0.000000 1.000000  0.694197 0.806893 0
0  4.254796 -1.813708 20.668291  -0.000002 0.000000 1.000000  0.680683 0.787146 0
0  3.539965 -1.098876 20.668291  0.000000 0.000000 1.000000  0.697933 0.801302 0
ohmbattery
0  3.035794 -1.435753 20.668291  0.000001 0.000000 1.000000  0.691624 0.813105 0
0  3.866108 -2.132696 20.668291  -0.000000 0.000000 1.000000  0.674517 0.796374 0
0  3.304469 -1.292143 20.668291  -0.000001 0.000000 1.000000  0.694197 0.806893 0
ohmbattery
0  3.733230 -0.863380 20.668291  -0.000001 0.000000 1.000000  0.702688 0.796547 0
0  4.810812 -0.981570 20.668291  0.000000 0.000000 1.000000  0.697760 0.773131 0
0  3.876840 -0.594705 20.668291  0.000001 0.000000 1.000000  0.708279 0.792811 0
ohmbattery
0  -0.074608 -0.500400 20.668291  0.000001 0.000000 1.000000  0.718899 0.879407 0
0  0.887031 0.000002 20.668291  0.000001 0.000000 1.000000  0.727811 0.857200 0
0  -0.123894 0.000002 20.668291  0.000000 0.000000 1.000000  0.729998 0.879407 0
ohmbattery
0  0.308383 -1.425022 20.668291  -0.000001 0.000000 1.000000  0.697760 0.872994 0
0  1.005327 -0.594708 20.668291  -0.000001 0.000000 1.000000  0.714491 0.855889 0
0  0.071354 -0.981571 20.668291  0.000001 0.000000 1.000000  0.708014 0.877242 0
ohmbattery
0  4.956774 0.500406 20.668291  -0.000000 0.000000 1.000000  0.729999 0.766719 0
0  3.995135 0.000005 20.668291  0.000002 0.000000 1.000000  0.721087 0.788926 0
0  5.006059 0.000004 20.668291  -0.000002 0.000000 1.000000  0.718900 0.766719 0
ohmbattery
0  4.810812 0.981578 20.668291  0.000001 0.000000 1.000000  0.740884 0.768884 0
0  3.965273 0.303186 20.668291  0.000003 0.000000 1.000000  0.727811 0.788926 0
0  4.956774 0.500406 20.668291  -0.000000 0.000000 1.000000  0.729999 0.766719 0
ohmbattery
0  3.965274 -0.303175 20.668291  -0.000001 0.000000 1.000000  0.714491 0.790237 0
0  5.006059 0.000004 20.668291  -0.000002 0.000000 1.000000  0.718900 0.766719 0
0  3.995135 0.000005 20.668291  0.000002 0.000000 1.000000  0.721087 0.788926 0
ohmbattery
0  -0.603469 -0.605596 20.960112  0.000000 -1.000000 0.000000  0.926140 0.726146 0
0  -5.729506 -0.605596 20.351727  0.000000 -1.000000 0.000000  0.813002 0.712718 0
0  -0.603469 -0.605596 20.351727  0.000000 -1.000000 0.000000  0.926140 0.712718 0
ohmbattery
0  -7.658639 -0.993201 2.619108  -1.000000 0.000000 0.000000  0.941652 0.454240 0
0  -7.658639 -1.058158 2.728621  -1.000000 0.000000 0.000000  0.940218 0.451822 0
0  -7.658639 -1.091838 2.850370  -1.000000 0.000001 0.000000  0.939474 0.449135 0
ohmbattery
0  -6.270672 1.105479 20.245192  1.000000 0.000000 0.000000  0.957860 0.512518 0
0  -6.270672 -1.105472 20.390057  1.000000 0.000000 0.000000  0.954663 0.463719 0
0  -6.270672 -1.105472 20.245192  1.000000 0.000000 0.000000  0.957860 0.463719 0
ohmbattery
0  -7.658639 -0.342466 21.441183  0.000000 -0.309412 0.950928  0.486075 0.731719 0
0  -6.270672 -0.116140 21.489269  0.000000 -0.104484 0.994527  0.480968 0.762357 0
0  -7.658639 -0.116140 21.489269  0.000000 -0.104484 0.994527  0.480968 0.731719 0
ohmbattery
0  -7.658639 -0.553324 21.347071  0.000000 -0.500626 0.865663  0.491172 0.731719 0
0  -6.270672 -0.342466 21.441183  0.000000 -0.309412 0.950928  0.486075 0.762357 0
0  -7.658639 -0.342466 21.441183  0.000000 -0.309412 0.950928  0.486075 0.731719 0
ohmbattery
0  -7.658639 -0.740110 21.211212  0.000000 -0.669444 0.742863  0.496271 0.731719 0
0  -6.270672 -0.553324 21.347071  0.000000 -0.500626 0.865664  0.491173 0.762357 0
0  -7.658639 -0.553324 21.347071  0.000000 -0.500626 0.865663  0.491172 0.731719 0
ohmbattery
0  -7.658639 -0.894621 21.039501  0.000000 -0.809338 0.587343  0.501370 0.731719 0
0  -6.270672 -0.740110 21.211212  0.000000 -0.669444 0.742863  0.496271 0.762357 0
0  -7.658639 -0.740110 21.211212  0.000000 -0.669444 0.742863  0.496271 0.731719 0
ohmbattery
0  -7.658639 -1.009920 20.839439  0.000000 -0.913502 0.406835  0.506467 0.731719 0
0  -6.270672 -0.894621 21.039501  0.000000 -0.809338 0.587343  0.501370 0.762357 0
0  -7.658639 -0.894621 21.039501  0.000000 -0.809338 0.587343  0.501370 0.731719 0
ohmbattery
0  -7.658639 -1.081538 20.619762  0.000000 -0.978138 0.207957  0.511568 0.731719 0
0  -6.270672 -1.009920 20.839439  0.000000 -0.913502 0.406834  0.506467 0.762357 0
0  -7.658639 -1.009920 20.839439  0.000000 -0.913502 0.406835  0.506467 0.731719 0
ohmbattery
0  -7.658639 -1.105472 20.390057  0.000000 -0.998653 0.051887  0.516666 0.731719 0
0  -6.270672 -1.081538 20.619762  0.000000 -0.978138 0.207957  0.511568 0.762357 0
0  -7.658639 -1.081538 20.619762  0.000000 -0.978138 0.207957  0.511568 0.731719 0
ohmbattery
0  -6.270672 -1.105472 20.245192  0.000000 -1.000000 0.000000  0.519864 0.762357 0
0  -7.658639 -1.105472 20.390057  0.000000 -0.998653 0.051887  0.516666 0.731719 0
0  -7.658639 -1.105473 19.190315  0.000000 -1.000000 0.000000  0.543149 0.731719 0
ohmbattery
0  -6.270672 -1.105475 2.978338  0.000000 -0.998591 -0.053057  0.901018 0.762357 0
0  -7.658639 -1.105473 19.190315  0.000000 -1.000000 0.000000  0.543149 0.731719 0
0  -7.658639 -1.105475 2.978338  0.000000 -0.998591 -0.053059  0.901018 0.731719 0
ohmbattery
0  -6.270672 -0.679073 2.414587  0.000000 -0.228806 -0.973472  0.917880 0.762357 0
0  -7.658639 -0.552737 2.400162  0.000000 -0.056810 -0.998385  0.920687 0.731719 0
0  -6.270672 -0.552737 2.400162  0.000000 -0.056811 -0.998385  0.920687 0.762357 0
ohmbattery
0  -6.270672 -0.798714 2.457991  0.000000 -0.445635 -0.895215  0.915071 0.762357 0
0  -7.658639 -0.679073 2.414587  0.000000 -0.228806 -0.973472  0.917880 0.731719 0
0  -6.270672 -0.679073 2.414587  0.000000 -0.228806 -0.973472  0.917880 0.762357 0
ohmbattery
0  -6.270672 -0.905369 2.527221  0.000000 -0.637963 -0.770067  0.912264 0.762357 0
0  -7.658639 -0.798714 2.457991  0.000000 -0.445635 -0.895215  0.915071 0.731719 0
0  -6.270672 -0.798714 2.457991  0.000000 -0.445635 -0.895215  0.915071 0.762357 0
ohmbattery
0  -6.270672 -0.993201 2.619108  0.000000 -0.796626 -0.604473  0.909458 0.762357 0
0  -7.658639 -0.905369 2.527221  0.000000 -0.637963 -0.770067  0.912264 0.731719 0
0  -6.270672 -0.905369 2.527221  0.000000 -0.637963 -0.770067  0.912264 0.762357 0
ohmbattery
0  -6.270672 -1.058158 2.728621  0.000000 -0.920036 -0.391834  0.906647 0.762357 0
0  -7.658639 -0.993201 2.619108  0.000000 -0.796626 -0.604473  0.909458 0.731719 0
0  -6.270672 -0.993201 2.619108  0.000000 -0.796626 -0.604473  0.909458 0.762357 0
ohmbattery
0  -6.270672 -1.091838 2.850370  0.000000 -0.982376 -0.186918  0.903859 0.762357 0
0  -7.658639 -1.058158 2.728621  0.000000 -0.920036 -0.391835  0.906647 0.731719 0
0  -6.270672 -1.058158 2.728621  0.000000 -0.920036 -0.391834  0.906647 0.762357 0
ohmbattery
0  -7.658639 1.105476 2.978338  0.000000 0.998591 -0.053058  0.055790 0.731719 0
0  -6.270672 1.091839 2.850369  0.000000 0.982375 -0.186919  0.052949 0.762357 0
0  -7.658639 1.091839 2.850369  0.000000 0.982375 -0.186919  0.052949 0.731719 0
ohmbattery
0  -6.270672 0.116147 21.489269  0.000000 0.104484 0.994527  0.475840 0.762357 0
0  -7.658639 -0.116140 21.489269  0.000000 -0.104484 0.994527  0.480968 0.731719 0
0  -6.270672 -0.116140 21.489269  0.000000 -0.104484 0.994527  0.480968 0.762357 0
ohmbattery
0  -7.658639 0.905369 2.527220  -1.000000 0.000000 0.000000  0.983558 0.456268 0
0  -7.658639 0.798714 2.457990  -1.000000 0.000000 0.000000  0.981204 0.457796 0
0  -7.658639 1.091839 2.850369  -1.000000 -0.000008 0.000000  0.987674 0.449135 0
ohmbattery
0  -6.270672 0.116147 21.489269  0.000000 0.104484 0.994527  0.475840 0.762357 0
0  -7.658639 0.342473 21.441183  0.000000 0.309412 0.950928  0.470733 0.731719 0
0  -7.658639 0.116147 21.489269  0.000000 0.104484 0.994527  0.475840 0.731719 0
ohmbattery
0  -6.270672 0.342473 21.441183  0.000000 0.309412 0.950928  0.470733 0.762357 0
0  -7.658639 0.553331 21.347071  0.000000 0.500626 0.865663  0.465636 0.731719 0
0  -7.658639 0.342473 21.441183  0.000000 0.309412 0.950928  0.470733 0.731719 0
ohmbattery
0  -6.270672 0.553331 21.347071  0.000000 0.500626 0.865664  0.465636 0.762357 0
0  -7.658639 0.740117 21.211212  0.000000 0.669444 0.742863  0.460537 0.731719 0
0  -7.658639 0.553331 21.347071  0.000000 0.500626 0.865663  0.465636 0.731719 0
ohmbattery
0  -6.270672 0.740117 21.211212  0.000000 0.669444 0.742863  0.460537 0.762357 0
0  -7.658639 0.894628 21.039501  0.000000 0.809338 0.587343  0.455438 0.731719 0
0  -7.658639 0.740117 21.211212  0.000000 0.669444 0.742863  0.460537 0.731719 0
ohmbattery
0  -6.270672 0.894628 21.039501  0.000000 0.809338 0.587343  0.455438 0.762357 0
0  -7.658639 1.009927 20.839439  0.000000 0.913502 0.406834  0.450341 0.731719 0
0  -7.658639 0.894628 21.039501  0.000000 0.809338 0.587343  0.455438 0.731719 0
ohmbattery
0  -6.270672 1.009927 20.839439  0.000000 0.913502 0.406834  0.450341 0.762357 0
0  -7.658639 1.081545 20.619762  0.000000 0.978138 0.207957  0.445240 0.731719 0
0  -7.658639 1.009927 20.839439  0.000000 0.913502 0.406834  0.450341 0.731719 0
ohmbattery
0  -6.270672 1.081545 20.619762  0.000000 0.978138 0.207957  0.445241 0.762357 0
0  -7.658639 1.105479 20.390057  -0.000000 0.998653 0.051887  0.440142 0.731719 0
0  -7.658639 1.081545 20.619762  0.000000 0.978138 0.207957  0.445240 0.731719 0
ohmbattery
0  -7.658639 1.105479 20.390057  -0.000000 0.998653 0.051887  0.440142 0.731719 0
0  -6.270672 1.105479 20.245192  -0.000000 1.000000 -0.000000  0.436945 0.762357 0
0  -7.658639 1.105479 19.190315  -0.000000 1.000000 -0.000000  0.413659 0.731719 0
ohmbattery
0  -7.658639 1.105479 19.190315  -0.000000 1.000000 -0.000000  0.413659 0.731719 0
0  -6.270672 1.105476 2.978338  -0.000000 0.998591 -0.053058  0.055790 0.762357 0
0  -7.658639 1.105476 2.978338  0.000000 0.998591 -0.053058  0.055790 0.731719 0
ohmbattery
0  -7.658639 0.552738 2.400162  0.000000 0.056811 -0.998385  0.036121 0.731719 0
0  -6.270672 0.679074 2.414587  0.000000 0.228804 -0.973472  0.038928 0.762357 0
0  -6.270672 0.552738 2.400162  0.000000 0.056811 -0.998385  0.036121 0.762357 0
ohmbattery
0  -7.658639 0.679074 2.414587  0.000000 0.228804 -0.973472  0.038928 0.731719 0
0  -6.270672 0.798714 2.457990  0.000000 0.445633 -0.895216  0.041737 0.762357 0
0  -6.270672 0.679074 2.414587  0.000000 0.228804 -0.973472  0.038928 0.762357 0
ohmbattery
0  -7.658639 0.798714 2.457990  0.000000 0.445633 -0.895216  0.041737 0.731719 0
0  -6.270672 0.905369 2.527220  0.000000 0.637963 -0.770067  0.044544 0.762357 0
0  -6.270672 0.798714 2.457990  0.000000 0.445633 -0.895216  0.041737 0.762357 0
ohmbattery
0  -7.658639 0.905369 2.527220  0.000000 0.637963 -0.770067  0.044544 0.731719 0
0  -6.270672 0.993202 2.619107  0.000000 0.796626 -0.604473  0.047350 0.762357 0
0  -6.270672 0.905369 2.527220  0.000000 0.637963 -0.770067  0.044544 0.762357 0
ohmbattery
0  -7.658639 0.993202 2.619107  0.000000 0.796625 -0.604473  0.047350 0.731719 0
0  -6.270672 1.058159 2.728621  0.000000 0.920036 -0.391834  0.050161 0.762357 0
0  -6.270672 0.993202 2.619107  0.000000 0.796626 -0.604473  0.047350 0.762357 0
ohmbattery
0  -7.658639 1.058159 2.728621  0.000000 0.920035 -0.391836  0.050161 0.731719 0
0  -6.270672 1.091839 2.850369  0.000000 0.982375 -0.186919  0.052949 0.762357 0
0  -6.270672 1.058159 2.728621  0.000000 0.920036 -0.391834  0.050161 0.762357 0
ohmbattery
0  -7.658639 1.105479 20.390057  -1.000000 0.000000 0.000000  0.987975 0.061986 0
0  -7.658639 1.105479 19.190315  -1.000000 0.000000 0.000000  0.987975 0.088468 0
0  -7.658639 -1.105473 19.190315  -1.000000 0.000000 0.000000  0.939174 0.088468 0
ohmbattery
0  -6.270672 -1.105472 20.390057  1.000000 -0.000001 0.000000  0.954663 0.463719 0
0  -6.270672 0.894628 21.039501  1.000000 -0.000002 0.000000  0.940329 0.507864 0
0  -6.270672 0.116147 21.489269  1.000000 0.000000 0.000000  0.930402 0.490682 0
ohmbattery
0  -7.658639 0.552738 2.400162  0.000000 0.056811 -0.998385  0.036121 0.731719 0
0  -6.270672 -0.552737 2.400162  0.000000 -0.056811 -0.998385  0.011719 0.762357 0
0  -7.658639 -0.552737 2.400162  0.000000 -0.056810 -0.998385  0.011719 0.731719 0
ohmbattery
0  -6.270672 -1.105475 2.978338  0.000000 -0.998591 -0.053057  0.901018 0.762357 0
0  -7.658639 -1.091838 2.850370  0.000000 -0.982375 -0.186920  0.903859 0.731719 0
0  -6.270672 -1.091838 2.850370  0.000000 -0.982376 -0.186918  0.903859 0.762357 0
ohmbattery
0  -7.658639 0.553331 21.347071  -1.000000 0.000001 0.000000  0.975788 0.040862 0
0  -7.658639 1.081545 20.619762  -1.000000 0.000000 0.000000  0.987447 0.056916 0
0  -7.658639 -1.009920 20.839439  -1.000000 0.000000 0.000000  0.941283 0.052067 0
ohmbattery
0  -7.658639 -1.105475 2.978338  -1.000000 0.000000 0.000000  0.939174 0.446310 0
0  -7.658639 -0.552737 2.400162  -1.000000 0.000000 0.000000  0.951374 0.459073 0
0  -7.658639 -1.091838 2.850370  -1.000000 0.000001 0.000000  0.939474 0.449135 0
ohmbattery
0  -7.658639 -0.552737 2.400162  -1.000000 0.000000 0.000000  0.951374 0.459073 0
0  -7.658639 -0.679073 2.414587  -1.000000 0.000002 0.000000  0.948585 0.458754 0
0  -7.658639 -1.091838 2.850370  -1.000000 0.000001 0.000000  0.939474 0.449135 0
ohmbattery
0  -7.658639 -0.679073 2.414587  -1.000000 0.000002 0.000000  0.948585 0.458754 0
0  -7.658639 -0.798714 2.457991  -1.000000 0.000012 0.000000  0.945944 0.457796 0
0  -7.658639 -1.091838 2.850370  -1.000000 0.000001 0.000000  0.939474 0.449135 0
ohmbattery
0  -7.658639 -0.798714 2.457991  -1.000000 0.000012 0.000000  0.945944 0.457796 0
0  -7.658639 -0.905369 2.527221  -1.000000 0.000000 0.000000  0.943590 0.456268 0
0  -7.658639 -1.091838 2.850370  -1.000000 0.000001 0.000000  0.939474 0.449135 0
ohmbattery
0  -7.658639 -0.905369 2.527221  -1.000000 0.000000 0.000000  0.943590 0.456268 0
0  -7.658639 -0.993201 2.619108  -1.000000 0.000000 0.000000  0.941652 0.454240 0
0  -7.658639 -1.091838 2.850370  -1.000000 0.000001 0.000000  0.939474 0.449135 0
ohmbattery
0  -6.270672 1.105479 20.245192  1.000000 0.000000 0.000000  0.957860 0.512518 0
0  -6.270672 1.105479 20.390057  1.000000 0.000001 0.000000  0.954663 0.512518 0
0  -6.270672 -1.105472 20.390057  1.000000 -0.000001 0.000000  0.954663 0.463719 0
ohmbattery
0  -7.658639 -0.342466 21.441183  0.000000 -0.309412 0.950928  0.486075 0.731719 0
0  -6.270672 -0.342466 21.441183  0.000000 -0.309412 0.950928  0.486075 0.762357 0
0  -6.270672 -0.116140 21.489269  0.000000 -0.104484 0.994527  0.480968 0.762357 0
ohmbattery
0  -7.658639 -0.553324 21.347071  0.000000 -0.500626 0.865663  0.491172 0.731719 0
0  -6.270672 -0.553324 21.347071  0.000000 -0.500626 0.865664  0.491173 0.762357 0
0  -6.270672 -0.342466 21.441183  0.000000 -0.309412 0.950928  0.486075 0.762357 0
ohmbattery
0  -7.658639 -0.740110 21.211212  0.000000 -0.669444 0.742863  0.496271 0.731719 0
0  -6.270672 -0.740110 21.211212  0.000000 -0.669444 0.742863  0.496271 0.762357 0
0  -6.270672 -0.553324 21.347071  0.000000 -0.500626 0.865664  0.491173 0.762357 0
ohmbattery
0  -7.658639 -0.894621 21.039501  0.000000 -0.809338 0.587343  0.501370 0.731719 0
0  -6.270672 -0.894621 21.039501  0.000000 -0.809338 0.587343  0.501370 0.762357 0
0  -6.270672 -0.740110 21.211212  0.000000 -0.669444 0.742863  0.496271 0.762357 0
ohmbattery
0  -7.658639 -1.009920 20.839439  0.000000 -0.913502 0.406835  0.506467 0.731719 0
0  -6.270672 -1.009920 20.839439  0.000000 -0.913502 0.406834  0.506467 0.762357 0
0  -6.270672 -0.894621 21.039501  0.000000 -0.809338 0.587343  0.501370 0.762357 0
ohmbattery
0  -7.658639 -1.081538 20.619762  0.000000 -0.978138 0.207957  0.511568 0.731719 0
0  -6.270672 -1.081538 20.619762  0.000000 -0.978138 0.207957  0.511568 0.762357 0
0  -6.270672 -1.009920 20.839439  0.000000 -0.913502 0.406834  0.506467 0.762357 0
ohmbattery
0  -7.658639 -1.105472 20.390057  0.000000 -0.998653 0.051887  0.516666 0.731719 0
0  -6.270672 -1.105472 20.390057  0.000000 -0.998653 0.051888  0.516666 0.762357 0
0  -6.270672 -1.081538 20.619762  0.000000 -0.978138 0.207957  0.511568 0.762357 0
ohmbattery
0  -6.270672 -1.105472 20.245192  0.000000 -1.000000 0.000000  0.519864 0.762357 0
0  -6.270672 -1.105472 20.390057  0.000000 -0.998653 0.051888  0.516666 0.762357 0
0  -7.658639 -1.105472 20.390057  0.000000 -0.998653 0.051887  0.516666 0.731719 0
ohmbattery
0  -6.270672 -1.105475 2.978338  0.000000 -0.998591 -0.053057  0.901018 0.762357 0
0  -6.270672 -1.105472 20.245192  0.000000 -1.000000 0.000000  0.519864 0.762357 0
0  -7.658639 -1.105473 19.190315  0.000000 -1.000000 0.000000  0.543149 0.731719 0
ohmbattery
0  -6.270672 -0.679073 2.414587  0.000000 -0.228806 -0.973472  0.917880 0.762357 0
0  -7.658639 -0.679073 2.414587  0.000000 -0.228806 -0.973472  0.917880 0.731719 0
0  -7.658639 -0.552737 2.400162  0.000000 -0.056810 -0.998385  0.920687 0.731719 0
ohmbattery
0  -6.270672 -0.798714 2.457991  0.000000 -0.445635 -0.895215  0.915071 0.762357 0
0  -7.658639 -0.798714 2.457991  0.000000 -0.445635 -0.895215  0.915071 0.731719 0
0  -7.658639 -0.679073 2.414587  0.000000 -0.228806 -0.973472  0.917880 0.731719 0
ohmbattery
0  -6.270672 -0.905369 2.527221  0.000000 -0.637963 -0.770067  0.912264 0.762357 0
0  -7.658639 -0.905369 2.527221  0.000000 -0.637963 -0.770067  0.912264 0.731719 0
0  -7.658639 -0.798714 2.457991  0.000000 -0.445635 -0.895215  0.915071 0.731719 0
ohmbattery
0  -6.270672 -0.993201 2.619108  0.000000 -0.796626 -0.604473  0.909458 0.762357 0
0  -7.658639 -0.993201 2.619108  0.000000 -0.796626 -0.604473  0.909458 0.731719 0
0  -7.658639 -0.905369 2.527221  0.000000 -0.637963 -0.770067  0.912264 0.731719 0
ohmbattery
0  -6.270672 -1.058158 2.728621  0.000000 -0.920036 -0.391834  0.906647 0.762357 0
0  -7.658639 -1.058158 2.728621  0.000000 -0.920036 -0.391835  0.906647 0.731719 0
0  -7.658639 -0.993201 2.619108  0.000000 -0.796626 -0.604473  0.909458 0.731719 0
ohmbattery
0  -6.270672 -1.091838 2.850370  0.000000 -0.982376 -0.186918  0.903859 0.762357 0
0  -7.658639 -1.091838 2.850370  0.000000 -0.982375 -0.186920  0.903859 0.731719 0
0  -7.658639 -1.058158 2.728621  0.000000 -0.920036 -0.391835  0.906647 0.731719 0
ohmbattery
0  -7.658639 1.105476 2.978338  0.000000 0.998591 -0.053058  0.055790 0.731719 0
0  -6.270672 1.105476 2.978338  -0.000000 0.998591 -0.053058  0.055790 0.762357 0
0  -6.270672 1.091839 2.850369  0.000000 0.982375 -0.186919  0.052949 0.762357 0
ohmbattery
0  -6.270672 0.116147 21.489269  0.000000 0.104484 0.994527  0.475840 0.762357 0
0  -7.658639 0.116147 21.489269  0.000000 0.104484 0.994527  0.475840 0.731719 0
0  -7.658639 -0.116140 21.489269  0.000000 -0.104484 0.994527  0.480968 0.731719 0
ohmbattery
0  -7.658639 0.679074 2.414587  -1.000000 0.000000 0.000000  0.978563 0.458754 0
0  -7.658639 0.552738 2.400162  -1.000000 -0.000000 0.000000  0.975775 0.459073 0
0  -7.658639 1.091839 2.850369  -1.000000 -0.000008 0.000000  0.987674 0.449135 0
ohmbattery
0  -7.658639 0.552738 2.400162  -1.000000 -0.000000 0.000000  0.975775 0.459073 0
0  -7.658639 1.105476 2.978338  -1.000000 -0.000002 0.000000  0.987975 0.446310 0
0  -7.658639 1.091839 2.850369  -1.000000 -0.000008 0.000000  0.987674 0.449135 0
ohmbattery
0  -7.658639 1.091839 2.850369  -1.000000 -0.000008 0.000000  0.987674 0.449135 0
0  -7.658639 1.058159 2.728621  -1.000000 0.000000 0.000000  0.986931 0.451822 0
0  -7.658639 0.993202 2.619107  -1.000000 0.000000 0.000000  0.985497 0.454240 0
ohmbattery
0  -7.658639 0.679074 2.414587  -1.000000 0.000000 0.000000  0.978563 0.458754 0
0  -7.658639 1.091839 2.850369  -1.000000 -0.000008 0.000000  0.987674 0.449135 0
0  -7.658639 0.798714 2.457990  -1.000000 0.000000 0.000000  0.981204 0.457796 0
ohmbattery
0  -7.658639 0.993202 2.619107  -1.000000 0.000000 0.000000  0.985497 0.454240 0
0  -7.658639 0.905369 2.527220  -1.000000 0.000000 0.000000  0.983558 0.456268 0
0  -7.658639 1.091839 2.850369  -1.000000 -0.000008 0.000000  0.987674 0.449135 0
ohmbattery
0  -6.270672 0.116147 21.489269  0.000000 0.104484 0.994527  0.475840 0.762357 0
0  -6.270672 0.342473 21.441183  0.000000 0.309412 0.950928  0.470733 0.762357 0
0  -7.658639 0.342473 21.441183  0.000000 0.309412 0.950928  0.470733 0.731719 0
ohmbattery
0  -6.270672 0.342473 21.441183  0.000000 0.309412 0.950928  0.470733 0.762357 0
0  -6.270672 0.553331 21.347071  0.000000 0.500626 0.865664  0.465636 0.762357 0
0  -7.658639 0.553331 21.347071  0.000000 0.500626 0.865663  0.465636 0.731719 0
ohmbattery
0  -6.270672 0.553331 21.347071  0.000000 0.500626 0.865664  0.465636 0.762357 0
0  -6.270672 0.740117 21.211212  0.000000 0.669444 0.742863  0.460537 0.762357 0
0  -7.658639 0.740117 21.211212  0.000000 0.669444 0.742863  0.460537 0.731719 0
ohmbattery
0  -6.270672 0.740117 21.211212  0.000000 0.669444 0.742863  0.460537 0.762357 0
0  -6.270672 0.894628 21.039501  0.000000 0.809338 0.587343  0.455438 0.762357 0
0  -7.658639 0.894628 21.039501  0.000000 0.809338 0.587343  0.455438 0.731719 0
ohmbattery
0  -6.270672 0.894628 21.039501  0.000000 0.809338 0.587343  0.455438 0.762357 0
0  -6.270672 1.009927 20.839439  0.000000 0.913502 0.406834  0.450341 0.762357 0
0  -7.658639 1.009927 20.839439  0.000000 0.913502 0.406834  0.450341 0.731719 0
ohmbattery
0  -6.270672 1.009927 20.839439  0.000000 0.913502 0.406834  0.450341 0.762357 0
0  -6.270672 1.081545 20.619762  0.000000 0.978138 0.207957  0.445241 0.762357 0
0  -7.658639 1.081545 20.619762  0.000000 0.978138 0.207957  0.445240 0.731719 0
ohmbattery
0  -6.270672 1.081545 20.619762  0.000000 0.978138 0.207957  0.445241 0.762357 0
0  -6.270672 1.105479 20.390057  0.000000 0.998653 0.051888  0.440143 0.762357 0
0  -7.658639 1.105479 20.390057  -0.000000 0.998653 0.051887  0.440142 0.731719 0
ohmbattery
0  -7.658639 1.105479 20.390057  -0.000000 0.998653 0.051887  0.440142 0.731719 0
0  -6.270672 1.105479 20.390057  0.000000 0.998653 0.051888  0.440143 0.762357 0
0  -6.270672 1.105479 20.245192  -0.000000 1.000000 -0.000000  0.436945 0.762357 0
ohmbattery
0  -7.658639 1.105479 19.190315  -0.000000 1.000000 -0.000000  0.413659 0.731719 0
0  -6.270672 1.105479 20.245192  -0.000000 1.000000 -0.000000  0.436945 0.762357 0
0  -6.270672 1.105476 2.978338  -0.000000 0.998591 -0.053058  0.055790 0.762357 0
ohmbattery
0  -7.658639 0.552738 2.400162  0.000000 0.056811 -0.998385  0.036121 0.731719 0
0  -7.658639 0.679074 2.414587  0.000000 0.228804 -0.973472  0.038928 0.731719 0
0  -6.270672 0.679074 2.414587  0.000000 0.228804 -0.973472  0.038928 0.762357 0
ohmbattery
0  -7.658639 0.679074 2.414587  0.000000 0.228804 -0.973472  0.038928 0.731719 0
0  -7.658639 0.798714 2.457990  0.000000 0.445633 -0.895216  0.041737 0.731719 0
0  -6.270672 0.798714 2.457990  0.000000 0.445633 -0.895216  0.041737 0.762357 0
ohmbattery
0  -7.658639 0.798714 2.457990  0.000000 0.445633 -0.895216  0.041737 0.731719 0
0  -7.658639 0.905369 2.527220  0.000000 0.637963 -0.770067  0.044544 0.731719 0
0  -6.270672 0.905369 2.527220  0.000000 0.637963 -0.770067  0.044544 0.762357 0
ohmbattery
0  -7.658639 0.905369 2.527220  0.000000 0.637963 -0.770067  0.044544 0.731719 0
0  -7.658639 0.993202 2.619107  0.000000 0.796625 -0.604473  0.047350 0.731719 0
0  -6.270672 0.993202 2.619107  0.000000 0.796626 -0.604473  0.047350 0.762357 0
ohmbattery
0  -7.658639 0.993202 2.619107  0.000000 0.796625 -0.604473  0.047350 0.731719 0
0  -7.658639 1.058159 2.728621  0.000000 0.920035 -0.391836  0.050161 0.731719 0
0  -6.270672 1.058159 2.728621  0.000000 0.920036 -0.391834  0.050161 0.762357 0
ohmbattery
0  -7.658639 1.058159 2.728621  0.000000 0.920035 -0.391836  0.050161 0.731719 0
0  -7.658639 1.091839 2.850369  0.000000 0.982375 -0.186919  0.052949 0.731719 0
0  -6.270672 1.091839 2.850369  0.000000 0.982375 -0.186919  0.052949 0.762357 0
ohmbattery
0  -7.658639 1.105479 19.190315  -1.000000 0.000000 0.000000  0.987975 0.088468 0
0  -7.658639 1.105476 2.978338  -1.000000 -0.000002 0.000000  0.987975 0.446310 0
0  -7.658639 -1.105473 19.190315  -1.000000 0.000000 0.000000  0.939174 0.088468 0
ohmbattery
0  -7.658639 1.105476 2.978338  -1.000000 -0.000002 0.000000  0.987975 0.446310 0
0  -7.658639 0.552738 2.400162  -1.000000 -0.000000 0.000000  0.975775 0.459073 0
0  -7.658639 -1.105475 2.978338  -1.000000 0.000000 0.000000  0.939174 0.446310 0
ohmbattery
0  -7.658639 -1.105473 19.190315  -1.000000 0.000000 0.000000  0.939174 0.088468 0
0  -7.658639 1.105476 2.978338  -1.000000 -0.000002 0.000000  0.987975 0.446310 0
0  -7.658639 -1.105475 2.978338  -1.000000 0.000000 0.000000  0.939174 0.446310 0
ohmbattery
0  -7.658639 0.552738 2.400162  -1.000000 -0.000000 0.000000  0.975775 0.459073 0
0  -7.658639 -0.552737 2.400162  -1.000000 0.000000 0.000000  0.951374 0.459073 0
0  -7.658639 -1.105475 2.978338  -1.000000 0.000000 0.000000  0.939174 0.446310 0
ohmbattery
0  -7.658639 -1.105473 19.190315  -1.000000 0.000000 0.000000  0.939174 0.088468 0
0  -7.658639 -1.105472 20.390057  -1.000000 0.000000 0.000000  0.939174 0.061986 0
0  -7.658639 1.105479 20.390057  -1.000000 0.000000 0.000000  0.987975 0.061986 0
ohmbattery
0  -6.270672 -1.105472 20.390057  1.000000 -0.000001 0.000000  0.954663 0.463719 0
0  -6.270672 1.105479 20.390057  1.000000 0.000001 0.000000  0.954663 0.512518 0
0  -6.270672 1.009927 20.839439  1.000000 -0.000000 0.000000  0.944744 0.510409 0
ohmbattery
0  -6.270672 1.105479 20.390057  1.000000 0.000001 0.000000  0.954663 0.512518 0
0  -6.270672 1.081545 20.619762  1.000000 0.000021 0.000000  0.949593 0.511990 0
0  -6.270672 1.009927 20.839439  1.000000 -0.000000 0.000000  0.944744 0.510409 0
ohmbattery
0  -6.270672 1.009927 20.839439  1.000000 -0.000000 0.000000  0.944744 0.510409 0
0  -6.270672 0.894628 21.039501  1.000000 -0.000002 0.000000  0.940329 0.507864 0
0  -6.270672 -1.105472 20.390057  1.000000 -0.000001 0.000000  0.954663 0.463719 0
ohmbattery
0  -6.270672 0.894628 21.039501  1.000000 -0.000002 0.000000  0.940329 0.507864 0
0  -6.270672 0.740117 21.211212  1.000000 -0.000003 0.000000  0.936539 0.504454 0
0  -6.270672 0.116147 21.489269  1.000000 0.000000 0.000000  0.930402 0.490682 0
ohmbattery
0  -6.270672 0.740117 21.211212  1.000000 -0.000003 0.000000  0.936539 0.504454 0
0  -6.270672 0.553331 21.347071  1.000000 0.000003 0.000000  0.933540 0.500331 0
0  -6.270672 0.116147 21.489269  1.000000 0.000000 0.000000  0.930402 0.490682 0
ohmbattery
0  -6.270672 0.553331 21.347071  1.000000 0.000003 0.000000  0.933540 0.500331 0
0  -6.270672 0.342473 21.441183  1.000000 0.000000 0.000000  0.931463 0.495677 0
0  -6.270672 0.116147 21.489269  1.000000 0.000000 0.000000  0.930402 0.490682 0
ohmbattery
0  -6.270672 0.116147 21.489269  1.000000 0.000000 0.000000  0.930402 0.490682 0
0  -6.270672 -0.116140 21.489269  1.000000 -0.000001 0.000000  0.930402 0.485555 0
0  -6.270672 -0.740110 21.211212  1.000000 -0.000000 0.000000  0.936539 0.471783 0
ohmbattery
0  -6.270672 -0.116140 21.489269  1.000000 -0.000001 0.000000  0.930402 0.485555 0
0  -6.270672 -0.342466 21.441183  1.000000 -0.000007 0.000000  0.931463 0.480560 0
0  -6.270672 -0.740110 21.211212  1.000000 -0.000000 0.000000  0.936539 0.471783 0
ohmbattery
0  -6.270672 -0.342466 21.441183  1.000000 -0.000007 0.000000  0.931463 0.480560 0
0  -6.270672 -0.553324 21.347071  1.000000 0.000000 0.000000  0.933540 0.475905 0
0  -6.270672 -0.740110 21.211212  1.000000 -0.000000 0.000000  0.936539 0.471783 0
ohmbattery
0  -6.270672 -0.740110 21.211212  1.000000 -0.000000 0.000000  0.936539 0.471783 0
0  -6.270672 -0.894621 21.039501  1.000000 0.000000 0.000000  0.940328 0.468373 0
0  -6.270672 -1.009920 20.839439  1.000000 0.000001 0.000000  0.944744 0.465828 0
ohmbattery
0  -6.270672 -1.009920 20.839439  1.000000 0.000001 0.000000  0.944744 0.465828 0
0  -6.270672 -1.081538 20.619762  1.000000 -0.000021 0.000000  0.949593 0.464247 0
0  -6.270672 -1.105472 20.390057  1.000000 -0.000001 0.000000  0.954663 0.463719 0
ohmbattery
0  -6.270672 -0.740110 21.211212  1.000000 -0.000000 0.000000  0.936539 0.471783 0
0  -6.270672 -1.009920 20.839439  1.000000 0.000001 0.000000  0.944744 0.465828 0
0  -6.270672 0.116147 21.489269  1.000000 0.000000 0.000000  0.930402 0.490682 0
ohmbattery
0  -6.270672 -1.009920 20.839439  1.000000 0.000001 0.000000  0.944744 0.465828 0
0  -6.270672 -1.105472 20.390057  1.000000 -0.000001 0.000000  0.954663 0.463719 0
0  -6.270672 0.116147 21.489269  1.000000 0.000000 0.000000  0.930402 0.490682 0
ohmbattery
0  -7.658639 0.552738 2.400162  0.000000 0.056811 -0.998385  0.036121 0.731719 0
0  -6.270672 0.552738 2.400162  0.000000 0.056811 -0.998385  0.036121 0.762357 0
0  -6.270672 -0.552737 2.400162  0.000000 -0.056811 -0.998385  0.011719 0.762357 0
ohmbattery
0  -6.270672 -1.105475 2.978338  0.000000 -0.998591 -0.053057  0.901018 0.762357 0
0  -7.658639 -1.105475 2.978338  0.000000 -0.998591 -0.053059  0.901018 0.731719 0
0  -7.658639 -1.091838 2.850370  0.000000 -0.982375 -0.186920  0.903859 0.731719 0
ohmbattery
0  -7.658639 0.553331 21.347071  -1.000000 0.000001 0.000000  0.975788 0.040862 0
0  -7.658639 0.740117 21.211212  -1.000000 0.000022 0.000000  0.979911 0.043861 0
0  -7.658639 0.894628 21.039501  -1.000000 0.000001 0.000000  0.983321 0.047651 0
ohmbattery
0  -7.658639 0.894628 21.039501  -1.000000 0.000001 0.000000  0.983321 0.047651 0
0  -7.658639 1.009927 20.839439  -1.000000 0.000000 0.000000  0.985866 0.052067 0
0  -7.658639 0.553331 21.347071  -1.000000 0.000001 0.000000  0.975788 0.040862 0
ohmbattery
0  -7.658639 1.009927 20.839439  -1.000000 0.000000 0.000000  0.985866 0.052067 0
0  -7.658639 1.081545 20.619762  -1.000000 0.000000 0.000000  0.987447 0.056916 0
0  -7.658639 0.553331 21.347071  -1.000000 0.000001 0.000000  0.975788 0.040862 0
ohmbattery
0  -7.658639 1.081545 20.619762  -1.000000 0.000000 0.000000  0.987447 0.056916 0
0  -7.658639 1.105479 20.390057  -1.000000 0.000000 0.000000  0.987975 0.061986 0
0  -7.658639 -1.009920 20.839439  -1.000000 0.000000 0.000000  0.941283 0.052067 0
ohmbattery
0  -7.658639 1.105479 20.390057  -1.000000 0.000000 0.000000  0.987975 0.061986 0
0  -7.658639 -1.105472 20.390057  -1.000000 0.000000 0.000000  0.939174 0.061986 0
0  -7.658639 -1.009920 20.839439  -1.000000 0.000000 0.000000  0.941283 0.052067 0
ohmbattery
0  -7.658639 -1.105472 20.390057  -1.000000 0.000000 0.000000  0.939174 0.061986 0
0  -7.658639 -1.081538 20.619762  -1.000000 0.000000 0.000000  0.939702 0.056916 0
0  -7.658639 -1.009920 20.839439  -1.000000 0.000000 0.000000  0.941283 0.052067 0
ohmbattery
0  -7.658639 -1.009920 20.839439  -1.000000 0.000000 0.000000  0.941283 0.052067 0
0  -7.658639 -0.894621 21.039501  -1.000000 0.000000 0.000000  0.943828 0.047652 0
0  -7.658639 -0.740110 21.211212  -1.000000 0.000000 0.000000  0.947238 0.043861 0
ohmbattery
0  -7.658639 -0.740110 21.211212  -1.000000 0.000000 0.000000  0.947238 0.043861 0
0  -7.658639 -0.553324 21.347071  -1.000000 0.000000 0.000000  0.951361 0.040862 0
0  -7.658639 -1.009920 20.839439  -1.000000 0.000000 0.000000  0.941283 0.052067 0
ohmbattery
0  -7.658639 -0.553324 21.347071  -1.000000 0.000000 0.000000  0.951361 0.040862 0
0  -7.658639 -0.342466 21.441183  -1.000000 0.000000 0.000000  0.956015 0.038785 0
0  -7.658639 -1.009920 20.839439  -1.000000 0.000000 0.000000  0.941283 0.052067 0
ohmbattery
0  -7.658639 -0.342466 21.441183  -1.000000 0.000000 0.000000  0.956015 0.038785 0
0  -7.658639 -0.116140 21.489269  -1.000000 0.000000 0.000000  0.961011 0.037724 0
0  -7.658639 0.116147 21.489269  -1.000000 0.000000 0.000000  0.966138 0.037724 0
ohmbattery
0  -7.658639 0.116147 21.489269  -1.000000 0.000000 0.000000  0.966138 0.037724 0
0  -7.658639 0.342473 21.441183  -1.000000 0.000000 0.000000  0.971134 0.038785 0
0  -7.658639 0.553331 21.347071  -1.000000 0.000001 0.000000  0.975788 0.040862 0
ohmbattery
0  -7.658639 -0.342466 21.441183  -1.000000 0.000000 0.000000  0.956015 0.038785 0
0  -7.658639 0.116147 21.489269  -1.000000 0.000000 0.000000  0.966138 0.037724 0
0  -7.658639 -1.009920 20.839439  -1.000000 0.000000 0.000000  0.941283 0.052067 0
ohmbattery
0  -7.658639 0.116147 21.489269  -1.000000 0.000000 0.000000  0.966138 0.037724 0
0  -7.658639 0.553331 21.347071  -1.000000 0.000001 0.000000  0.975788 0.040862 0
0  -7.658639 -1.009920 20.839439  -1.000000 0.000000 0.000000  0.941283 0.052067 0
ohmbattery
0  -0.798840 1.806056 20.171268  -0.881920 0.471400 0.000000  0.979643 0.895118 0
0  -0.653649 2.077688 20.779654  -0.831463 0.555580 -0.000003  0.966215 0.888320 0
0  -0.653649 2.077688 20.171268  -0.831469 0.555572 0.000000  0.979643 0.888320 0
ohmbattery
0  2.428693 3.725233 20.171268  0.000000 1.000000 0.000000  0.979643 0.808122 0
0  3.151912 3.654002 20.779654  0.195090 0.980785 0.000000  0.966215 0.792082 0
0  3.151912 3.654002 20.171268  0.195089 0.980785 0.000000  0.979643 0.792082 0
ohmbattery
0  -0.653649 2.077688 20.171268  -0.831469 0.555572 0.000000  0.979643 0.888320 0
0  -0.192625 2.639449 20.779654  -0.707107 0.707107 0.000000  0.966215 0.872280 0
0  -0.192625 2.639449 20.171268  -0.707105 0.707108 0.000000  0.979643 0.872280 0
ohmbattery
0  3.151912 3.654002 20.171268  0.195089 0.980785 0.000000  0.979643 0.792082 0
0  3.847338 3.443048 20.779654  0.382683 0.923880 0.000000  0.966215 0.776043 0
0  3.847338 3.443048 20.171268  0.382683 0.923880 0.000000  0.979643 0.776043 0
ohmbattery
0  -0.192625 2.639449 20.171268  -0.707105 0.707108 0.000000  0.979643 0.872280 0
0  0.369137 3.100474 20.779654  -0.555570 0.831469 0.000000  0.966215 0.856241 0
0  0.369137 3.100474 20.171268  -0.555569 0.831470 0.000000  0.979643 0.856241 0
ohmbattery
0  3.847338 3.443048 20.171268  0.382683 0.923880 0.000000  0.979643 0.776043 0
0  4.488250 3.100474 20.779654  0.555570 0.831470 0.000000  0.966215 0.760003 0
0  4.488250 3.100474 20.171268  0.555570 0.831470 0.000000  0.979643 0.760003 0
ohmbattery
0  0.369137 3.100474 20.171268  -0.555569 0.831470 0.000000  0.979643 0.856241 0
0  1.010048 3.443048 20.779654  -0.382683 0.923880 0.000000  0.966215 0.840201 0
0  1.010048 3.443048 20.171268  -0.382683 0.923880 0.000000  0.979643 0.840201 0
ohmbattery
0  4.488250 3.100474 20.171268  0.555570 0.831470 0.000000  0.979643 0.760003 0
0  5.050011 2.639449 20.779654  0.707107 0.707106 0.000000  0.966215 0.743963 0
0  5.050011 2.639449 20.171268  0.707106 0.707108 0.000000  0.979643 0.743963 0
ohmbattery
0  1.010048 3.443048 20.171268  -0.382683 0.923880 0.000000  0.979643 0.840201 0
0  1.705474 3.654002 20.779654  -0.195090 0.980785 0.000000  0.966215 0.824161 0
0  1.705474 3.654002 20.171268  -0.195089 0.980786 0.000000  0.979643 0.824161 0
ohmbattery
0  5.050011 2.639449 20.171268  0.707106 0.707108 0.000000  0.979643 0.743963 0
0  5.511036 2.077688 20.779654  0.831469 0.555571 0.000000  0.966215 0.727924 0
0  5.511036 2.077688 20.171268  0.831468 0.555572 0.000000  0.979643 0.727924 0
ohmbattery
0  1.705474 3.654002 20.171268  -0.195089 0.980786 0.000000  0.979643 0.824161 0
0  2.428693 3.725233 20.779654  0.000000 1.000000 0.000000  0.966215 0.808122 0
0  2.428693 3.725233 20.171268  0.000000 1.000000 0.000000  0.979643 0.808122 0
ohmbattery
0  5.511036 2.077688 20.171268  0.831468 0.555572 0.000000  0.979643 0.727924 0
0  5.853611 1.436777 20.779654  0.923880 0.382682 0.000000  0.966215 0.711884 0
0  5.853611 1.436777 20.171268  0.923880 0.382683 -0.000000  0.979643 0.711884 0
ohmbattery
0  5.853611 1.436777 20.171268  0.923880 0.382683 -0.000000  0.979643 0.711884 0
0  6.064563 0.741351 20.779654  0.981761 0.190118 -0.000000  0.966215 0.695845 0
0  6.064563 0.741350 20.171268  0.981761 0.190118 -0.000000  0.979643 0.695845 0
ohmbattery
0  6.064563 0.741350 20.171268  0.981761 0.190118 -0.000000  0.979643 0.695845 0
0  6.130002 0.000003 20.779654  1.000000 0.000000 -0.000000  0.966215 0.679419 0
0  6.130002 0.000003 20.171268  1.000000 0.000000 -0.000000  0.979643 0.679419 0
ohmbattery
0  -0.798840 1.806056 20.171268  0.000002 1.000000 0.000000  0.934267 0.014640 0
0  -0.930975 1.806056 20.779654  0.000002 1.000000 0.000000  0.947700 0.011723 0
0  -0.798840 1.806056 20.779654  0.000002 1.000000 0.000000  0.947700 0.014640 0
ohmbattery
0  -0.930975 2.549967 20.171268  1.000000 0.000000 0.000000  0.565662 0.424140 0
0  -0.930975 3.293877 20.779654  1.000000 0.000000 0.000000  0.579094 0.407717 0
0  -0.930975 2.549967 20.779654  1.000000 0.000000 0.000000  0.579094 0.424140 0
ohmbattery
0  -0.930975 3.293877 20.171268  0.000000 -1.000000 0.000000  0.348174 0.564635 0
0  -0.210034 3.293877 20.779654  0.000000 -1.000000 0.000000  0.361605 0.548718 0
0  -0.930975 3.293877 20.779654  0.000000 -1.000000 0.000000  0.361605 0.564635 0
ohmbattery
0  -0.152354 1.742733 20.779654  0.831470 -0.555570 0.000000  0.934703 0.450189 0
0  -0.439214 1.206056 20.171268  0.881921 -0.471398 0.000000  0.921273 0.463622 0
0  -0.152354 1.742733 20.171268  0.831469 -0.555572 0.000000  0.921273 0.450189 0
ohmbattery
0  3.034292 3.062683 20.779654  -0.195090 -0.980785 0.000000  0.934703 0.369594 0
0  2.428693 3.122330 20.171268  -0.000000 -1.000000 0.000000  0.921274 0.383026 0
0  3.034292 3.062683 20.171268  -0.195089 -0.980786 0.000000  0.921274 0.369594 0
ohmbattery
0  0.233692 2.213132 20.779654  0.707108 -0.707106 0.000000  0.934703 0.436756 0
0  -0.152354 1.742733 20.171268  0.831469 -0.555572 0.000000  0.921273 0.450189 0
0  0.233692 2.213132 20.171268  0.707106 -0.707108 0.000000  0.921273 0.436756 0
ohmbattery
0  3.616618 2.886038 20.779654  -0.382683 -0.923880 0.000000  0.934703 0.356162 0
0  3.034292 3.062683 20.171268  -0.195089 -0.980786 0.000000  0.921274 0.369594 0
0  3.616618 2.886038 20.171268  -0.382682 -0.923880 0.000000  0.921274 0.356162 0
ohmbattery
0  0.704091 2.599178 20.779654  0.555570 -0.831470 0.000000  0.934703 0.423324 0
0  0.233692 2.213132 20.171268  0.707106 -0.707108 0.000000  0.921273 0.436756 0
0  0.704091 2.599178 20.171268  0.555569 -0.831470 0.000000  0.921273 0.423324 0
ohmbattery
0  4.153295 2.599178 20.779654  -0.555571 -0.831469 0.000000  0.934703 0.342729 0
0  3.616618 2.886038 20.171268  -0.382682 -0.923880 0.000000  0.921274 0.356162 0
0  4.153295 2.599178 20.171268  -0.555570 -0.831470 0.000000  0.921274 0.342729 0
ohmbattery
0  1.240768 2.886038 20.779654  0.382683 -0.923880 0.000000  0.934703 0.409891 0
0  0.704091 2.599178 20.171268  0.555569 -0.831470 0.000000  0.921273 0.423324 0
0  1.240768 2.886038 20.171268  0.382683 -0.923880 0.000000  0.921273 0.409891 0
ohmbattery
0  4.623694 2.213132 20.779654  -0.707107 -0.707107 0.000000  0.934703 0.329297 0
0  4.153295 2.599178 20.171268  -0.555570 -0.831470 0.000000  0.921274 0.342729 0
0  4.623694 2.213132 20.171268  -0.707106 -0.707108 0.000000  0.921274 0.329297 0
ohmbattery
0  1.823094 3.062683 20.779654  0.195090 -0.980785 0.000000  0.934703 0.396459 0
0  1.240768 2.886038 20.171268  0.382683 -0.923880 0.000000  0.921273 0.409891 0
0  1.823094 3.062683 20.171268  0.195089 -0.980786 0.000000  0.921273 0.396459 0
ohmbattery
0  5.009740 1.742733 20.779654  -0.831470 -0.555569 0.000000  0.934703 0.315864 0
0  4.623694 2.213132 20.171268  -0.707106 -0.707108 0.000000  0.921274 0.329297 0
0  5.009740 1.742733 20.171268  -0.831469 -0.555571 0.000000  0.921274 0.315864 0
ohmbattery
0  2.428693 3.122330 20.779654  -0.000000 -1.000000 0.000000  0.934703 0.383027 0
0  1.823094 3.062683 20.171268  0.195089 -0.980786 0.000000  0.921273 0.396459 0
0  2.428693 3.122330 20.171268  -0.000000 -1.000000 0.000000  0.921274 0.383026 0
ohmbattery
0  5.296600 1.206056 20.779654  -0.923880 -0.382682 0.000000  0.934703 0.302431 0
0  5.009740 1.742733 20.171268  -0.831469 -0.555571 0.000000  0.921274 0.315864 0
0  5.296600 1.206056 20.171268  -0.923879 -0.382684 0.000000  0.921274 0.302431 0
ohmbattery
0  5.473245 0.623731 20.779654  -0.981061 -0.193698 0.000000  0.934703 0.288999 0
0  5.296600 1.206056 20.171268  -0.923879 -0.382684 0.000000  0.921274 0.302431 0
0  5.473245 0.623731 20.171268  -0.981061 -0.193698 0.000000  0.921274 0.288999 0
ohmbattery
0  5.532891 0.000003 20.779654  -1.000000 -0.000000 0.000000  0.934703 0.275168 0
0  5.473245 0.623731 20.171268  -0.981061 -0.193698 0.000000  0.921274 0.288999 0
0  5.532891 0.000003 20.171268  -1.000000 -0.000000 0.000000  0.921274 0.275168 0
ohmbattery
0  -1.530975 1.206056 20.779654  0.000000 -1.000000 0.000000  0.876214 0.895715 0
0  -0.439214 1.206056 20.171268  0.000000 -1.000000 0.000000  0.852116 0.909144 0
0  -0.439214 1.206056 20.779654  0.000000 -1.000000 0.000000  0.852116 0.895715 0
ohmbattery
0  -1.530975 3.893877 20.779654  -1.000000 0.000000 0.000000  0.525631 0.865042 0
0  -1.530975 2.549967 20.171268  -1.000000 0.000000 0.000000  0.512202 0.835378 0
0  -1.530975 2.549967 20.779654  -1.000000 0.000000 0.000000  0.525631 0.835378 0
ohmbattery
0  0.164033 3.893877 20.779654  0.000000 1.000000 0.000000  0.379550 0.564134 0
0  -1.530975 3.893877 20.171268  0.000000 1.000000 0.000000  0.366122 0.526721 0
0  -1.530975 3.893877 20.779654  0.000000 1.000000 0.000000  0.379550 0.526721 0
ohmbattery
0  3.151912 3.654002 20.779654  0.000001 0.000000 1.000000  0.858944 0.768016 0
0  2.428693 3.122330 20.779654  -0.000000 0.000000 1.000000  0.874907 0.779752 0
0  3.034292 3.062683 20.779654  0.000001 0.000000 1.000000  0.861539 0.781069 0
ohmbattery
0  3.151912 3.654002 20.779654  0.000001 0.000000 1.000000  0.858944 0.768016 0
0  3.616618 2.886038 20.779654  0.000000 0.000000 1.000000  0.848686 0.784967 0
0  3.847338 3.443048 20.779654  0.000000 0.000000 1.000000  0.843593 0.772673 0
ohmbattery
0  4.488250 3.100474 20.779654  0.000000 0.000000 1.000000  0.829446 0.780235 0
0  3.616618 2.886038 20.779654  0.000000 0.000000 1.000000  0.848686 0.784967 0
0  4.153295 2.599178 20.779654  0.000000 0.000000 1.000000  0.836840 0.791299 0
ohmbattery
0  4.488250 3.100474 20.779654  0.000000 0.000000 1.000000  0.829446 0.780235 0
0  4.623694 2.213132 20.779654  0.000000 0.000000 1.000000  0.826457 0.799821 0
0  5.050011 2.639449 20.779654  0.000000 0.000000 1.000000  0.817047 0.790410 0
ohmbattery
0  5.511036 2.077688 20.779654  -0.000000 0.000000 1.000000  0.806871 0.802810 0
0  4.623694 2.213132 20.779654  0.000000 0.000000 1.000000  0.826457 0.799821 0
0  5.009740 1.742733 20.779654  -0.000003 0.000000 1.000000  0.817936 0.810204 0
ohmbattery
0  5.511036 2.077688 20.779654  -0.000000 0.000000 1.000000  0.806871 0.802810 0
0  5.296600 1.206056 20.779654  0.000000 0.000000 1.000000  0.811604 0.822050 0
0  5.853611 1.436777 20.779654  0.000002 0.000000 1.000000  0.799309 0.816957 0
ohmbattery
0  6.064563 0.741351 20.779654  0.000000 0.000000 1.000000  0.794653 0.832308 0
0  5.296600 1.206056 20.779654  0.000000 0.000000 1.000000  0.811604 0.822050 0
0  5.473245 0.623731 20.779654  0.000000 0.000000 1.000000  0.807704 0.834904 0
ohmbattery
0  6.130002 0.000003 20.779654  0.000000 0.000000 1.000000  0.793208 0.848671 0
0  5.473245 0.623731 20.779654  0.000000 0.000000 1.000000  0.807704 0.834904 0
0  5.532891 0.000003 20.779654  0.000000 0.000000 1.000000  0.806388 0.848671 0
ohmbattery
0  -0.798840 1.806056 20.779654  0.000001 0.000000 1.000000  0.946149 0.808807 0
0  -0.152354 1.742733 20.779654  0.000002 0.000000 1.000000  0.931879 0.810204 0
0  -0.653649 2.077688 20.779654  0.000000 0.000000 1.000000  0.942944 0.802811 0
ohmbattery
0  -0.653649 2.077688 20.779654  0.000000 0.000000 1.000000  0.942944 0.802811 0
0  0.233692 2.213132 20.779654  0.000000 0.000000 1.000000  0.923357 0.799821 0
0  -0.192625 2.639449 20.779654  0.000000 0.000000 1.000000  0.932768 0.790411 0
ohmbattery
0  0.369137 3.100474 20.779654  0.000000 0.000000 1.000000  0.920368 0.780234 0
0  0.233692 2.213132 20.779654  0.000000 0.000000 1.000000  0.923357 0.799821 0
0  0.704091 2.599178 20.779654  0.000000 0.000000 1.000000  0.912974 0.791299 0
ohmbattery
0  0.369137 3.100474 20.779654  0.000000 0.000000 1.000000  0.920368 0.780234 0
0  1.240768 2.886038 20.779654  0.000000 0.000000 1.000000  0.901128 0.784968 0
0  1.010048 3.443048 20.779654  0.000000 0.000000 1.000000  0.906221 0.772673 0
ohmbattery
0  1.705474 3.654002 20.779654  -0.000001 0.000000 1.000000  0.890871 0.768016 0
0  1.240768 2.886038 20.779654  0.000000 0.000000 1.000000  0.901128 0.784968 0
0  1.823094 3.062683 20.779654  -0.000001 0.000000 1.000000  0.888274 0.781069 0
ohmbattery
0  1.705474 3.654002 20.779654  -0.000001 0.000000 1.000000  0.890871 0.768016 0
0  2.428693 3.122330 20.779654  -0.000000 0.000000 1.000000  0.874907 0.779752 0
0  2.428693 3.725233 20.779654  0.000000 0.000000 1.000000  0.874907 0.766444 0
ohmbattery
0  -0.930975 1.806056 20.779654  0.000000 0.000000 1.000000  0.949065 0.808807 0
0  -0.439214 1.206056 20.779654  0.000003 0.000000 1.000000  0.938211 0.822050 0
0  -0.798840 1.806056 20.779654  0.000001 0.000000 1.000000  0.946149 0.808807 0
ohmbattery
0  -0.930975 3.293877 20.779654  0.000000 0.000000 1.000000  0.949065 0.775966 0
0  -1.530975 2.549967 20.779654  0.000000 0.000000 1.000000  0.962309 0.792386 0
0  -0.930975 2.549967 20.779654  0.000000 0.000000 1.000000  0.949065 0.792386 0
ohmbattery
0  -0.210034 3.293877 20.171268  0.848591 -0.529049 0.000000  0.429878 0.884722 0
0  0.164033 3.893877 20.779654  0.848591 -0.529049 0.000000  0.416451 0.900326 0
0  -0.210034 3.293877 20.779654  0.848592 -0.529048 0.000000  0.416451 0.884722 0
ohmbattery
0  -0.930975 3.293877 20.779654  0.000000 0.000000 1.000000  0.949065 0.775966 0
0  0.164033 3.893877 20.779654  0.000000 0.000000 1.000000  0.924895 0.762722 0
0  -1.530975 3.893877 20.779654  0.000000 0.000000 1.000000  0.962309 0.762722 0
ohmbattery
0  -0.930975 1.806056 20.779654  0.000000 0.000000 1.000000  0.949065 0.808807 0
0  -1.530975 2.549967 20.779654  0.000000 0.000000 1.000000  0.962309 0.792386 0
0  -1.530975 1.206056 20.779654  0.000000 0.000000 1.000000  0.962309 0.822050 0
ohmbattery
0  -1.530975 2.549967 20.779654  -1.000000 0.000000 0.000000  0.525631 0.835378 0
0  -1.530975 1.206056 20.171268  -1.000000 0.000000 0.000000  0.512202 0.805714 0
0  -1.530975 1.206056 20.779654  -1.000000 0.000000 0.000000  0.525631 0.805714 0
ohmbattery
0  -0.930975 1.806056 20.171268  1.000000 0.000000 0.000000  0.565662 0.440564 0
0  -0.930975 2.549967 20.779654  1.000000 0.000000 0.000000  0.579094 0.424140 0
0  -0.930975 1.806056 20.779654  1.000000 0.000000 0.000000  0.579094 0.440564 0
ohmbattery
0  -0.653649 -2.077681 20.779654  -0.831470 -0.555570 0.000000  0.966215 0.470517 0
0  -0.798840 -1.806050 20.171268  -0.881920 -0.471399 0.000000  0.979643 0.463719 0
0  -0.653649 -2.077681 20.171268  -0.831469 -0.555572 0.000000  0.979643 0.470517 0
ohmbattery
0  3.151912 -3.653995 20.779654  0.195090 -0.980785 0.000000  0.966215 0.566755 0
0  2.428693 -3.725226 20.171268  0.000000 -1.000000 0.000000  0.979643 0.550715 0
0  3.151912 -3.653995 20.171268  0.195089 -0.980785 0.000000  0.979643 0.566755 0
ohmbattery
0  -0.192625 -2.639442 20.779654  -0.707107 -0.707107 0.000000  0.966215 0.486557 0
0  -0.653649 -2.077681 20.171268  -0.831469 -0.555572 0.000000  0.979643 0.470517 0
0  -0.192625 -2.639442 20.171268  -0.707105 -0.707108 0.000000  0.979643 0.486557 0
ohmbattery
0  3.847338 -3.443042 20.779654  0.382683 -0.923880 0.000000  0.966215 0.582794 0
0  3.151912 -3.653995 20.171268  0.195089 -0.980785 0.000000  0.979643 0.566755 0
0  3.847338 -3.443042 20.171268  0.382683 -0.923880 0.000000  0.979643 0.582794 0
ohmbattery
0  0.369137 -3.100467 20.779654  -0.555570 -0.831469 0.000000  0.966215 0.502596 0
0  -0.192625 -2.639442 20.171268  -0.707105 -0.707108 0.000000  0.979643 0.486557 0
0  0.369137 -3.100467 20.171268  -0.555569 -0.831470 0.000000  0.979643 0.502596 0
ohmbattery
0  4.488250 -3.100467 20.779654  0.555570 -0.831470 0.000000  0.966215 0.598834 0
0  3.847338 -3.443042 20.171268  0.382683 -0.923880 0.000000  0.979643 0.582794 0
0  4.488250 -3.100467 20.171268  0.555570 -0.831470 0.000000  0.979643 0.598834 0
ohmbattery
0  1.010048 -3.443042 20.779654  -0.382683 -0.923880 0.000000  0.966215 0.518636 0
0  0.369137 -3.100467 20.171268  -0.555569 -0.831470 0.000000  0.979643 0.502596 0
0  1.010048 -3.443042 20.171268  -0.382683 -0.923880 0.000000  0.979643 0.518636 0
ohmbattery
0  5.050011 -2.639442 20.779654  0.707107 -0.707106 0.000000  0.966215 0.614874 0
0  4.488250 -3.100467 20.171268  0.555570 -0.831470 0.000000  0.979643 0.598834 0
0  5.050011 -2.639442 20.171268  0.707106 -0.707108 0.000000  0.979643 0.614874 0
ohmbattery
0  1.705474 -3.653995 20.779654  -0.195090 -0.980785 0.000000  0.966215 0.534675 0
0  1.010048 -3.443042 20.171268  -0.382683 -0.923880 0.000000  0.979643 0.518636 0
0  1.705474 -3.653995 20.171268  -0.195089 -0.980786 0.000000  0.979643 0.534675 0
ohmbattery
0  5.511036 -2.077681 20.779654  0.831469 -0.555571 0.000000  0.966215 0.630913 0
0  5.050011 -2.639442 20.171268  0.707106 -0.707108 0.000000  0.979643 0.614874 0
0  5.511036 -2.077681 20.171268  0.831468 -0.555572 0.000000  0.979643 0.630913 0
ohmbattery
0  2.428693 -3.725226 20.779654  0.000000 -1.000000 0.000000  0.966215 0.550715 0
0  1.705474 -3.653995 20.171268  -0.195089 -0.980786 0.000000  0.979643 0.534675 0
0  2.428693 -3.725226 20.171268  0.000000 -1.000000 0.000000  0.979643 0.550715 0
ohmbattery
0  5.853611 -1.436770 20.779654  0.923880 -0.382682 0.000000  0.966215 0.646953 0
0  5.511036 -2.077681 20.171268  0.831468 -0.555572 0.000000  0.979643 0.630913 0
0  5.853611 -1.436770 20.171268  0.923880 -0.382683 0.000000  0.979643 0.646953 0
ohmbattery
0  6.064563 -0.741344 20.779654  0.981761 -0.190118 0.000000  0.966215 0.662992 0
0  5.853611 -1.436770 20.171268  0.923880 -0.382683 0.000000  0.979643 0.646953 0
0  6.064563 -0.741344 20.171268  0.981761 -0.190118 0.000000  0.979643 0.662992 0
ohmbattery
0  6.130002 0.000003 20.779654  1.000000 0.000000 -0.000000  0.966215 0.679419 0
0  6.064563 -0.741344 20.171268  0.981761 -0.190118 0.000000  0.979643 0.662992 0
0  6.130002 0.000003 20.171268  1.000000 0.000000 -0.000000  0.979643 0.679419 0
ohmbattery
0  -0.930975 -1.806050 20.779654  0.000002 -1.000000 0.000000  0.899918 0.054636 0
0  -0.798840 -1.806050 20.171268  0.000002 -1.000000 0.000000  0.886483 0.051717 0
0  -0.798840 -1.806050 20.779654  0.000002 -1.000000 0.000000  0.899918 0.051717 0
ohmbattery
0  -0.930975 -3.293870 20.779654  1.000000 0.000000 0.000000  0.707801 0.812147 0
0  -0.930975 -2.549960 20.171268  1.000000 0.000000 0.000000  0.724216 0.798722 0
0  -0.930975 -2.549960 20.779654  1.000000 0.000000 0.000000  0.724216 0.812147 0
ohmbattery
0  -0.210034 -3.293870 20.779654  0.000000 1.000000 0.000000  0.752550 0.816722 0
0  -0.930975 -3.293870 20.171268  0.000000 1.000000 0.000000  0.736641 0.830147 0
0  -0.930975 -3.293870 20.779654  0.000000 1.000000 0.000000  0.736641 0.816722 0
ohmbattery
0  -0.439214 -1.206050 20.171268  0.881920 0.471400 0.000000  0.921274 0.086715 0
0  -0.152354 -1.742727 20.779654  0.831465 0.555578 0.000000  0.934703 0.100148 0
0  -0.152354 -1.742727 20.171268  0.831469 0.555572 0.000000  0.921274 0.100148 0
ohmbattery
0  2.428693 -3.122323 20.171268  -0.000000 1.000000 0.000000  0.921274 0.167310 0
0  3.034292 -3.062677 20.779654  -0.195090 0.980785 0.000000  0.934703 0.180743 0
0  3.034292 -3.062677 20.171268  -0.195089 0.980786 0.000000  0.921274 0.180743 0
ohmbattery
0  -0.152354 -1.742727 20.171268  0.831469 0.555572 0.000000  0.921274 0.100148 0
0  0.233692 -2.213125 20.779654  0.707108 0.707106 0.000000  0.934703 0.113580 0
0  0.233692 -2.213125 20.171268  0.707106 0.707107 0.000000  0.921274 0.113580 0
ohmbattery
0  3.034292 -3.062677 20.171268  -0.195089 0.980786 0.000000  0.921274 0.180743 0
0  3.616618 -2.886032 20.779654  -0.382683 0.923880 0.000000  0.934703 0.194175 0
0  3.616618 -2.886032 20.171268  -0.382682 0.923880 0.000000  0.921274 0.194175 0
ohmbattery
0  0.233692 -2.213125 20.171268  0.707106 0.707107 0.000000  0.921274 0.113580 0
0  0.704091 -2.599172 20.779654  0.555570 0.831470 0.000000  0.934703 0.127013 0
0  0.704091 -2.599172 20.171268  0.555569 0.831470 0.000000  0.921274 0.127013 0
ohmbattery
0  3.616618 -2.886032 20.171268  -0.382682 0.923880 0.000000  0.921274 0.194175 0
0  4.153295 -2.599172 20.779654  -0.555571 0.831469 0.000000  0.934703 0.207608 0
0  4.153295 -2.599172 20.171268  -0.555570 0.831470 0.000000  0.921274 0.207608 0
ohmbattery
0  0.704091 -2.599172 20.171268  0.555569 0.831470 0.000000  0.921274 0.127013 0
0  1.240768 -2.886032 20.779654  0.382683 0.923880 0.000000  0.934703 0.140445 0
0  1.240768 -2.886032 20.171268  0.382683 0.923880 0.000000  0.921274 0.140445 0
ohmbattery
0  4.153295 -2.599172 20.171268  -0.555570 0.831470 0.000000  0.921274 0.207608 0
0  4.623694 -2.213125 20.779654  -0.707107 0.707107 0.000000  0.934703 0.221040 0
0  4.623694 -2.213125 20.171268  -0.707106 0.707108 0.000000  0.921274 0.221040 0
ohmbattery
0  1.240768 -2.886032 20.171268  0.382683 0.923880 0.000000  0.921274 0.140445 0
0  1.823094 -3.062677 20.779654  0.195090 0.980785 0.000000  0.934703 0.153878 0
0  1.823094 -3.062677 20.171268  0.195089 0.980786 0.000000  0.921274 0.153878 0
ohmbattery
0  4.623694 -2.213125 20.171268  -0.707106 0.707108 0.000000  0.921274 0.221040 0
0  5.009740 -1.742727 20.779654  -0.831470 0.555569 0.000000  0.934703 0.234473 0
0  5.009740 -1.742727 20.171268  -0.831469 0.555571 0.000000  0.921274 0.234473 0
ohmbattery
0  1.823094 -3.062677 20.171268  0.195089 0.980786 0.000000  0.921274 0.153878 0
0  2.428693 -3.122323 20.779654  -0.000000 1.000000 0.000000  0.934703 0.167310 0
0  2.428693 -3.122323 20.171268  -0.000000 1.000000 0.000000  0.921274 0.167310 0
ohmbattery
0  5.009740 -1.742727 20.171268  -0.831469 0.555571 0.000000  0.921274 0.234473 0
0  5.296600 -1.206050 20.779654  -0.923880 0.382683 0.000000  0.934703 0.247905 0
0  5.296600 -1.206050 20.171268  -0.923879 0.382684 -0.000000  0.921274 0.247905 0
ohmbattery
0  5.296600 -1.206050 20.171268  -0.923879 0.382684 -0.000000  0.921274 0.247905 0
0  5.473245 -0.623724 20.779654  -0.981061 0.193698 -0.000000  0.934703 0.261338 0
0  5.473245 -0.623724 20.171268  -0.981061 0.193698 -0.000000  0.921274 0.261338 0
ohmbattery
0  5.473245 -0.623724 20.171268  -0.981061 0.193698 -0.000000  0.921274 0.261338 0
0  5.532891 0.000003 20.779654  -1.000000 -0.000000 0.000000  0.934703 0.275168 0
0  5.532891 0.000003 20.171268  -1.000000 -0.000000 0.000000  0.921274 0.275168 0
ohmbattery
0  -0.439214 -1.206050 20.171268  0.000000 1.000000 0.000000  0.775996 0.879814 0
0  -1.530975 -1.206050 20.779654  0.000000 1.000000 0.000000  0.789424 0.855715 0
0  -0.439214 -1.206050 20.779654  0.000000 1.000000 0.000000  0.789424 0.879814 0
ohmbattery
0  -1.530975 -2.549960 20.171268  -1.000000 0.000000 0.000000  0.158441 0.713717 0
0  -1.530975 -3.893870 20.779654  -1.000000 0.000000 0.000000  0.188108 0.727147 0
0  -1.530975 -2.549960 20.779654  -1.000000 0.000000 0.000000  0.158441 0.727147 0
ohmbattery
0  -1.530975 -3.893870 20.171268  0.000000 -1.000000 0.000000  0.695316 0.816720 0
0  0.164033 -3.893870 20.779654  0.000000 -1.000000 0.000000  0.732734 0.830151 0
0  -1.530975 -3.893870 20.779654  0.000000 -1.000000 0.000000  0.695316 0.830151 0
ohmbattery
0  3.151912 -3.653995 20.779654  0.000001 0.000000 1.000000  0.858944 0.929326 0
0  2.428693 -3.122323 20.779654  -0.000000 0.000000 1.000000  0.874907 0.917591 0
0  2.428693 -3.725226 20.779654  0.000000 0.000000 1.000000  0.874907 0.930898 0
ohmbattery
0  3.616618 -2.886032 20.779654  0.000000 0.000000 1.000000  0.848686 0.912375 0
0  3.151912 -3.653995 20.779654  0.000001 0.000000 1.000000  0.858944 0.929326 0
0  3.847338 -3.443042 20.779654  0.000000 0.000000 1.000000  0.843593 0.924670 0
ohmbattery
0  4.488250 -3.100467 20.779654  0.000000 0.000000 1.000000  0.829446 0.917108 0
0  3.616618 -2.886032 20.779654  0.000000 0.000000 1.000000  0.848686 0.912375 0
0  3.847338 -3.443042 20.779654  0.000000 0.000000 1.000000  0.843593 0.924670 0
ohmbattery
0  4.623694 -2.213125 20.779654  -0.000003 0.000000 1.000000  0.826457 0.897522 0
0  4.488250 -3.100467 20.779654  0.000000 0.000000 1.000000  0.829446 0.917108 0
0  5.050011 -2.639442 20.779654  -0.000000 0.000000 1.000000  0.817047 0.906932 0
ohmbattery
0  5.009740 -1.742727 20.779654  -0.000003 0.000000 1.000000  0.817935 0.887139 0
0  5.050011 -2.639442 20.779654  -0.000000 0.000000 1.000000  0.817047 0.906932 0
0  5.511036 -2.077681 20.779654  0.000002 0.000000 1.000000  0.806871 0.894532 0
ohmbattery
0  5.296600 -1.206050 20.779654  0.000000 0.000000 1.000000  0.811604 0.875293 0
0  5.511036 -2.077681 20.779654  0.000002 0.000000 1.000000  0.806871 0.894532 0
0  5.853611 -1.436770 20.779654  0.000002 0.000000 1.000000  0.799309 0.880385 0
ohmbattery
0  6.064563 -0.741344 20.779654  0.000000 0.000000 1.000000  0.794653 0.865035 0
0  5.296600 -1.206050 20.779654  0.000000 0.000000 1.000000  0.811604 0.875293 0
0  5.853611 -1.436770 20.779654  0.000002 0.000000 1.000000  0.799309 0.880385 0
ohmbattery
0  6.130002 0.000003 20.779654  0.000000 0.000000 1.000000  0.793208 0.848671 0
0  5.473245 -0.623724 20.779654  0.000000 0.000000 1.000000  0.807704 0.862439 0
0  6.064563 -0.741344 20.779654  0.000000 0.000000 1.000000  0.794653 0.865035 0
ohmbattery
0  -0.152354 -1.742727 20.779654  0.000002 0.000000 1.000000  0.931879 0.887139 0
0  -0.798840 -1.806050 20.779654  -0.000001 0.000000 1.000000  0.946149 0.888537 0
0  -0.653649 -2.077681 20.779654  0.000000 0.000000 1.000000  0.942944 0.894532 0
ohmbattery
0  0.233692 -2.213125 20.779654  0.000000 0.000000 1.000000  0.923357 0.897522 0
0  -0.653649 -2.077681 20.779654  0.000000 0.000000 1.000000  0.942944 0.894532 0
0  -0.192625 -2.639442 20.779654  0.000000 0.000000 1.000000  0.932768 0.906932 0
ohmbattery
0  0.369137 -3.100467 20.779654  0.000000 0.000000 1.000000  0.920368 0.917108 0
0  0.233692 -2.213125 20.779654  0.000000 0.000000 1.000000  0.923357 0.897522 0
0  -0.192625 -2.639442 20.779654  0.000000 0.000000 1.000000  0.932768 0.906932 0
ohmbattery
0  1.240768 -2.886032 20.779654  0.000000 0.000000 1.000000  0.901128 0.912375 0
0  0.369137 -3.100467 20.779654  0.000000 0.000000 1.000000  0.920368 0.917108 0
0  1.010048 -3.443042 20.779654  0.000000 0.000000 1.000000  0.906221 0.924670 0
ohmbattery
0  1.705474 -3.653995 20.779654  -0.000001 0.000000 1.000000  0.890871 0.929326 0
0  1.240768 -2.886032 20.779654  0.000000 0.000000 1.000000  0.901128 0.912375 0
0  1.010048 -3.443042 20.779654  0.000000 0.000000 1.000000  0.906221 0.924670 0
ohmbattery
0  2.428693 -3.122323 20.779654  -0.000000 0.000000 1.000000  0.874907 0.917591 0
0  1.705474 -3.653995 20.779654  -0.000001 0.000000 1.000000  0.890871 0.929326 0
0  2.428693 -3.725226 20.779654  0.000000 0.000000 1.000000  0.874907 0.930898 0
ohmbattery
0  -0.439214 -1.206050 20.779654  0.000002 0.000000 1.000000  0.938211 0.875293 0
0  -0.930975 -1.806050 20.779654  -0.000001 0.000000 1.000000  0.949065 0.888537 0
0  -0.798840 -1.806050 20.779654  -0.000001 0.000000 1.000000  0.946149 0.888537 0
ohmbattery
0  -1.530975 -2.549960 20.779654  0.000000 0.000000 1.000000  0.962309 0.904957 0
0  -0.930975 -3.293870 20.779654  0.000000 0.000000 1.000000  0.949065 0.921377 0
0  -0.930975 -2.549960 20.779654  0.000000 0.000000 1.000000  0.949065 0.904957 0
ohmbattery
0  0.164033 -3.893870 20.779654  0.848592 0.529048 0.000000  0.913939 0.882716 0
0  -0.210034 -3.293870 20.171268  0.848592 0.529048 0.000000  0.898328 0.896148 0
0  -0.210034 -3.293870 20.779654  0.848592 0.529048 0.000000  0.898328 0.882716 0
ohmbattery
0  -0.930975 -3.293870 20.779654  0.000000 0.000000 1.000000  0.949065 0.921377 0
0  0.164033 -3.893870 20.779654  0.000000 0.000000 1.000000  0.924895 0.934621 0
0  -0.210034 -3.293870 20.779654  0.000000 0.000000 1.000000  0.933152 0.921377 0
ohmbattery
0  -0.930975 -1.806050 20.779654  -0.000001 0.000000 1.000000  0.949065 0.888537 0
0  -1.530975 -2.549960 20.779654  0.000000 0.000000 1.000000  0.962309 0.904957 0
0  -0.930975 -2.549960 20.779654  0.000000 0.000000 1.000000  0.949065 0.904957 0
ohmbattery
0  -1.530975 -1.206050 20.171268  -1.000000 0.000000 0.000000  0.128774 0.713717 0
0  -1.530975 -2.549960 20.779654  -1.000000 0.000000 0.000000  0.158441 0.727147 0
0  -1.530975 -1.206050 20.779654  -1.000000 0.000000 0.000000  0.128774 0.727147 0
ohmbattery
0  -0.930975 -2.549960 20.779654  1.000000 0.000000 0.000000  0.724216 0.812147 0
0  -0.930975 -1.806050 20.171268  1.000000 0.000000 0.000000  0.740631 0.798722 0
0  -0.930975 -1.806050 20.779654  1.000000 0.000000 0.000000  0.740631 0.812147 0
ohmbattery
0  3.576978 0.758982 1.249124  0.831470 0.555570 -0.000000  0.035251 0.683725 0
0  3.200064 1.135895 0.107242  0.555570 0.831470 -0.000000  0.023482 0.708927 0
0  3.200064 1.135895 1.249124  0.555570 0.831470 -0.000000  0.023485 0.683723 0
ohmbattery
0  3.780962 0.266519 0.542288  0.965730 0.259550 -0.000000  0.047013 0.699328 0
0  3.576978 0.758982 0.107242  0.831469 0.555570 -0.000000  0.035247 0.708929 0
0  3.576978 0.758982 1.249124  0.831470 0.555570 -0.000000  0.035251 0.683725 0
ohmbattery
0  3.576978 -0.758982 0.107242  0.831470 -0.555570 0.000000  0.070542 0.708934 0
0  3.780962 -0.266519 0.542288  0.965730 -0.259550 0.000000  0.058779 0.699330 0
0  3.576978 -0.758981 1.249124  0.831469 -0.555570 0.000000  0.070546 0.683730 0
ohmbattery
0  3.200064 -1.135895 1.249124  0.555570 -0.831470 0.000000  0.082311 0.683732 0
0  3.576978 -0.758982 0.107242  0.831470 -0.555570 0.000000  0.070542 0.708934 0
0  3.576978 -0.758981 1.249124  0.831469 -0.555570 0.000000  0.070546 0.683730 0
ohmbattery
0  3.200064 1.135895 0.107242  0.555570 0.831470 -0.000000  0.023482 0.708927 0
0  2.707602 1.339880 0.542288  0.259550 0.965730 -0.000000  0.011718 0.699323 0
0  3.200064 1.135895 1.249124  0.555570 0.831470 -0.000000  0.023485 0.683723 0
ohmbattery
0  2.174564 -1.339880 0.107242  -0.195090 -0.980785 0.000000  0.105838 0.708939 0
0  2.707602 -1.339880 0.542288  0.259550 -0.965730 0.000000  0.094074 0.699335 0
0  2.174564 -1.339880 0.542288  -0.259550 -0.965730 0.000000  0.105840 0.699337 0
ohmbattery
0  2.707602 -1.339880 0.542288  0.259550 -0.965730 0.000000  0.094074 0.699335 0
0  3.200064 -1.135895 0.107242  0.555570 -0.831470 0.000000  0.082308 0.708936 0
0  3.200064 -1.135895 1.249124  0.555570 -0.831470 0.000000  0.082311 0.683732 0
ohmbattery
0  1.305187 0.758982 0.107242  -0.831470 0.555570 -0.000000  0.164665 0.708948 0
0  1.101203 0.266519 0.107242  -0.980785 0.195090 0.000000  0.152899 0.708946 0
0  1.101203 0.266519 0.542288  -0.966131 0.258013 -0.004576  0.152901 0.699343 0
ohmbattery
0  1.682101 -1.135895 0.107242  -0.555570 -0.831470 0.000000  0.117604 0.708941 0
0  2.174564 -1.339880 0.542288  -0.259550 -0.965730 0.000000  0.105840 0.699337 0
0  1.682101 -1.135895 1.249124  -0.555570 -0.831470 0.000000  0.117607 0.683737 0
ohmbattery
0  1.305187 -0.758982 0.107242  -0.831470 -0.555570 0.000000  0.129369 0.708943 0
0  1.682101 -1.135895 1.249124  -0.555570 -0.831470 0.000000  0.117607 0.683737 0
0  1.305187 -0.758981 1.249124  -0.831470 -0.555570 0.000000  0.129373 0.683739 0
ohmbattery
0  1.101203 -0.266519 0.542288  -0.965730 -0.259550 0.000000  0.141136 0.699342 0
0  1.305187 -0.758982 0.107242  -0.831470 -0.555570 0.000000  0.129369 0.708943 0
0  1.305187 -0.758981 1.249124  -0.831470 -0.555570 0.000000  0.129373 0.683739 0
ohmbattery
0  1.101203 0.266519 0.107242  -0.980785 0.195090 0.000000  0.152899 0.708946 0
0  1.101203 -0.266519 0.542288  -0.965730 -0.259550 0.000000  0.141136 0.699342 0
0  1.101203 0.266519 0.542288  -0.966131 0.258013 -0.004576  0.152901 0.699343 0
ohmbattery
0  1.682101 1.135895 1.249124  -0.555570 0.831470 -0.000000  0.176434 0.683746 0
0  1.305187 0.758982 0.107242  -0.831470 0.555570 -0.000000  0.164665 0.708948 0
0  1.305187 0.758982 1.249124  -0.814839 0.579266 -0.022091  0.164668 0.683744 0
ohmbattery
0  2.174564 1.339880 0.542288  -0.259550 0.965730 -0.000000  0.188196 0.699349 0
0  1.682101 1.135895 0.107242  -0.555570 0.831470 -0.000000  0.176430 0.708949 0
0  1.682101 1.135895 1.249124  -0.555570 0.831470 -0.000000  0.176434 0.683746 0
ohmbattery
0  3.780962 -0.266519 0.107242  0.980785 -0.195089 0.000000  0.058778 0.708932 0
0  3.780962 0.266519 0.542288  0.965730 0.259550 -0.000000  0.047013 0.699328 0
0  3.780962 -0.266519 0.542288  0.965730 -0.259550 0.000000  0.058779 0.699330 0
ohmbattery
0  2.174564 -1.339880 0.107242  -0.000000 -0.000000 -1.000000  0.945070 0.854177 0
0  1.682101 -1.135895 0.107242  -0.000000 -0.000000 -1.000000  0.940567 0.865048 0
0  2.441083 0.000000 0.107242  -0.000000 -0.000000 -1.000000  0.915495 0.848295 0
ohmbattery
0  2.707602 4.392393 0.542288  1.000000 0.000000 0.000000  0.966211 0.899715 0
0  2.707602 1.339880 1.249124  1.000000 0.000000 0.000000  0.981813 0.967094 0
0  2.707602 1.339880 0.542288  1.000000 0.000000 0.000000  0.966211 0.967094 0
ohmbattery
0  1.682101 1.135895 1.249124  -0.555570 0.831470 -0.000000  0.176434 0.683746 0
0  2.174564 1.339880 1.249124  -0.382683 0.923880 0.000000  0.188199 0.683747 0
0  2.174564 1.339880 0.542288  -0.259550 0.965730 -0.000000  0.188196 0.699349 0
ohmbattery
0  1.101203 0.266519 1.249124  -0.956941 0.290282 -0.000000  0.152846 0.683742 0
0  1.178943 0.522795 1.249124  -0.914127 0.402863 -0.045527  0.158757 0.683722 0
0  1.101203 0.266519 0.542288  -0.966131 0.258013 -0.004576  0.152901 0.699343 0
ohmbattery
0  -3.542164 -0.266519 1.249124  0.000000 -1.000000 0.000000  0.840448 0.444715 0
0  1.101203 -0.266519 0.542288  0.000000 -1.000000 0.000000  0.737954 0.460317 0
0  1.101203 -0.266519 1.249124  0.000000 -1.000000 0.000000  0.737954 0.444715 0
ohmbattery
0  -3.542164 0.266519 0.542288  0.000000 1.000000 -0.000000  0.552593 0.812324 0
0  1.101203 0.266519 1.249124  0.000000 1.000000 -0.000000  0.655087 0.796722 0
0  1.101203 0.266519 0.542288  0.000000 1.000000 -0.000000  0.655087 0.812324 0
ohmbattery
0  1.305187 -0.758981 1.249124  -0.831470 -0.555570 0.000000  0.129373 0.683739 0
0  1.101203 -0.266519 1.249124  -0.923880 -0.382683 0.000000  0.141138 0.683741 0
0  1.101203 -0.266519 0.542288  -0.965730 -0.259550 0.000000  0.141136 0.699342 0
ohmbattery
0  2.174564 -1.339879 1.249124  -0.382683 -0.923880 0.000000  0.105842 0.683735 0
0  1.682101 -1.135895 1.249124  -0.555570 -0.831470 0.000000  0.117607 0.683737 0
0  2.174564 -1.339880 0.542288  -0.259550 -0.965730 0.000000  0.105840 0.699337 0
ohmbattery
0  2.707602 -4.392393 1.249125  1.000000 -0.000000 0.000000  0.827049 0.891317 0
0  2.707602 -1.339880 0.542288  1.000000 -0.000000 0.000000  0.894428 0.875715 0
0  2.707602 -1.339879 1.249124  1.000000 0.000000 0.000000  0.894428 0.891317 0
ohmbattery
0  6.798055 0.266519 0.542288  0.000000 -0.000000 -1.000000  0.905461 0.983486 0
0  3.780962 -0.266519 0.542288  0.000000 -0.000000 -1.000000  0.972055 0.971721 0
0  3.780962 0.266519 0.542288  0.000000 -0.000000 -1.000000  0.972055 0.983486 0
ohmbattery
0  3.200064 -1.135895 1.249124  0.555570 -0.831470 0.000000  0.082311 0.683732 0
0  2.707602 -1.339879 1.249124  0.382683 -0.923880 0.000000  0.094077 0.683734 0
0  2.707602 -1.339880 0.542288  0.259550 -0.965730 0.000000  0.094074 0.699335 0
ohmbattery
0  3.780962 -0.266519 1.249124  0.923880 -0.382683 0.000000  0.058781 0.683728 0
0  3.576978 -0.758981 1.249124  0.831469 -0.555570 0.000000  0.070546 0.683730 0
0  3.780962 -0.266519 0.542288  0.965730 -0.259550 0.000000  0.058779 0.699330 0
ohmbattery
0  6.798055 0.266519 1.249124  0.000000 1.000000 -0.000000  0.750392 0.931322 0
0  3.780962 0.266519 0.542288  0.000000 1.000000 -0.000000  0.816985 0.915720 0
0  3.780962 0.266519 1.249124  0.000000 1.000000 -0.000000  0.816985 0.931322 0
ohmbattery
0  3.576978 0.758982 1.249124  0.831470 0.555570 -0.000000  0.035251 0.683725 0
0  3.780962 0.266519 1.249124  0.923880 0.382683 -0.000000  0.047016 0.683727 0
0  3.780962 0.266519 0.542288  0.965730 0.259550 -0.000000  0.047013 0.699328 0
ohmbattery
0  2.707602 4.392393 0.542288  0.000000 -0.000000 -1.000000  0.587769 0.970722 0
0  2.174564 1.339880 0.542288  0.000000 -0.000000 -1.000000  0.655150 0.982489 0
0  2.174564 4.392393 0.542288  0.000000 -0.000000 -1.000000  0.587769 0.982489 0
ohmbattery
0  2.707602 1.339880 1.249124  0.382683 0.923880 0.000000  0.011720 0.683722 0
0  3.200064 1.135895 1.249124  0.555570 0.831470 -0.000000  0.023485 0.683723 0
0  2.707602 1.339880 0.542288  0.259550 0.965730 -0.000000  0.011718 0.699323 0
ohmbattery
0  2.174564 -1.339880 0.542288  0.000000 -0.000000 -1.000000  0.726433 0.970723 0
0  2.707602 -4.392393 0.542289  0.000000 -0.000000 -1.000000  0.659052 0.982489 0
0  2.174564 -4.392393 0.542289  0.000000 -0.000000 -1.000000  0.659052 0.970723 0
ohmbattery
0  -3.542164 -0.266519 0.542288  0.000000 -0.000000 -1.000000  0.856728 0.593721 0
0  1.101203 0.266519 0.542288  0.000000 -0.000000 -1.000000  0.754232 0.605487 0
0  1.101203 -0.266519 0.542288  0.000000 -0.000000 -1.000000  0.754232 0.593721 0
ohmbattery
0  2.174564 -4.392393 0.542289  -1.000000 0.000000 0.000000  0.868753 0.949717 0
0  2.174564 -1.339879 1.249124  -1.000000 0.000000 0.000000  0.801374 0.965319 0
0  2.174564 -1.339880 0.542288  -1.000000 0.000000 0.000000  0.801374 0.949717 0
ohmbattery
0  2.174564 4.392393 1.249123  -1.000000 0.000000 0.000000  0.431464 0.766722 0
0  2.174564 1.339880 0.542288  -1.000000 0.000000 0.000000  0.364085 0.782324 0
0  2.174564 1.339880 1.249124  -1.000000 0.000000 0.000000  0.364085 0.766722 0
ohmbattery
0  6.798055 -0.266519 0.542288  0.000000 -1.000000 0.000000  0.872656 0.965325 0
0  3.780962 -0.266519 1.249124  0.000000 -1.000000 0.000000  0.939254 0.949723 0
0  3.780962 -0.266519 0.542288  0.000000 -1.000000 0.000000  0.939254 0.965325 0
ohmbattery
0  2.707602 1.339880 0.107242  0.000000 0.000000 -1.000000  0.885920 0.842412 0
0  3.200064 1.135895 0.107242  0.000000 0.000000 -1.000000  0.890422 0.831542 0
0  2.441083 0.000000 0.107242  -0.000000 -0.000000 -1.000000  0.915495 0.848295 0
ohmbattery
0  3.200064 1.135895 0.107242  0.000000 0.000000 -1.000000  0.890422 0.831542 0
0  3.576978 0.758982 0.107242  0.000000 -0.000000 -1.000000  0.898742 0.823222 0
0  2.441083 0.000000 0.107242  -0.000000 -0.000000 -1.000000  0.915495 0.848295 0
ohmbattery
0  3.576978 0.758982 0.107242  0.000000 -0.000000 -1.000000  0.898742 0.823222 0
0  3.780962 0.266519 0.107242  0.000000 -0.000000 -1.000000  0.909612 0.818720 0
0  2.441083 0.000000 0.107242  -0.000000 -0.000000 -1.000000  0.915495 0.848295 0
ohmbattery
0  3.780962 0.266519 0.107242  0.000000 -0.000000 -1.000000  0.909612 0.818720 0
0  3.780962 -0.266519 0.107242  0.000000 -0.000000 -1.000000  0.921378 0.818720 0
0  2.441083 0.000000 0.107242  -0.000000 -0.000000 -1.000000  0.915495 0.848295 0
ohmbattery
0  3.780962 -0.266519 0.107242  0.000000 -0.000000 -1.000000  0.921378 0.818720 0
0  3.576978 -0.758982 0.107242  0.000000 -0.000000 -1.000000  0.932248 0.823222 0
0  2.441083 0.000000 0.107242  -0.000000 -0.000000 -1.000000  0.915495 0.848295 0
ohmbattery
0  3.576978 -0.758982 0.107242  0.000000 -0.000000 -1.000000  0.932248 0.823222 0
0  3.200064 -1.135895 0.107242  0.000000 -0.000000 -1.000000  0.940567 0.831542 0
0  2.441083 0.000000 0.107242  -0.000000 -0.000000 -1.000000  0.915495 0.848295 0
ohmbattery
0  3.200064 -1.135895 0.107242  0.000000 -0.000000 -1.000000  0.940567 0.831542 0
0  2.707602 -1.339880 0.107242  0.000000 -0.000000 -1.000000  0.945070 0.842412 0
0  2.441083 0.000000 0.107242  -0.000000 -0.000000 -1.000000  0.915495 0.848295 0
ohmbattery
0  2.707602 -1.339880 0.107242  0.000000 -0.000000 -1.000000  0.945070 0.842412 0
0  2.174564 -1.339880 0.107242  -0.000000 -0.000000 -1.000000  0.945070 0.854177 0
0  2.441083 0.000000 0.107242  -0.000000 -0.000000 -1.000000  0.915495 0.848295 0
ohmbattery
0  1.682101 -1.135895 0.107242  -0.000000 -0.000000 -1.000000  0.940567 0.865048 0
0  1.305187 -0.758982 0.107242  -0.000000 -0.000000 -1.000000  0.932248 0.873367 0
0  2.441083 0.000000 0.107242  -0.000000 -0.000000 -1.000000  0.915495 0.848295 0
ohmbattery
0  2.441083 0.000000 0.107242  -0.000000 -0.000000 -1.000000  0.915495 0.848295 0
0  2.174564 1.339880 0.107242  -0.000000 0.000000 -1.000000  0.885920 0.854177 0
0  2.707602 1.339880 0.107242  0.000000 0.000000 -1.000000  0.885920 0.842412 0
ohmbattery
0  1.305187 -0.758982 0.107242  -0.000000 -0.000000 -1.000000  0.932248 0.873367 0
0  1.101203 -0.266519 0.107242  -0.000000 -0.000000 -1.000000  0.921378 0.877869 0
0  2.441083 0.000000 0.107242  -0.000000 -0.000000 -1.000000  0.915495 0.848295 0
ohmbattery
0  1.101203 -0.266519 0.107242  -0.000000 -0.000000 -1.000000  0.921378 0.877869 0
0  1.101203 0.266519 0.107242  -0.000000 -0.000000 -1.000000  0.909612 0.877869 0
0  2.441083 0.000000 0.107242  -0.000000 -0.000000 -1.000000  0.915495 0.848295 0
ohmbattery
0  1.101203 0.266519 0.107242  -0.000000 -0.000000 -1.000000  0.909612 0.877869 0
0  1.305187 0.758982 0.107242  -0.000000 -0.000000 -1.000000  0.898742 0.873367 0
0  2.441083 0.000000 0.107242  -0.000000 -0.000000 -1.000000  0.915495 0.848295 0
ohmbattery
0  1.305187 0.758982 0.107242  -0.000000 -0.000000 -1.000000  0.898742 0.873367 0
0  1.682101 1.135895 0.107242  -0.000000 0.000000 -1.000000  0.890422 0.865048 0
0  2.441083 0.000000 0.107242  -0.000000 -0.000000 -1.000000  0.915495 0.848295 0
ohmbattery
0  1.682101 1.135895 0.107242  -0.000000 0.000000 -1.000000  0.890422 0.865048 0
0  2.174564 1.339880 0.107242  -0.000000 0.000000 -1.000000  0.885920 0.854177 0
0  2.441083 0.000000 0.107242  -0.000000 -0.000000 -1.000000  0.915495 0.848295 0
ohmbattery
0  2.707602 1.339880 0.542288  0.259550 0.965730 -0.000000  0.199962 0.699351 0
0  2.174564 1.339880 0.107242  -0.195090 0.980785 -0.000000  0.188195 0.708951 0
0  2.174564 1.339880 0.542288  -0.259550 0.965730 -0.000000  0.188196 0.699349 0
ohmbattery
0  1.110952 -0.356405 21.346361  -0.000002 0.000000 1.000000  0.828401 0.843609 0
0  3.414810 -0.973722 21.346361  0.000000 0.000000 1.000000  0.850153 0.791721 0
0  2.797493 1.330137 21.346361  0.000001 0.000000 1.000000  0.884207 0.836448 0
ohmbattery
0  1.467360 0.973728 21.346361  -0.707107 0.707107 -0.000000  0.355964 0.603717 0
0  1.248520 0.688531 20.304689  -0.866026 0.499999 -0.000000  0.348029 0.622283 0
0  1.248520 0.688531 21.346361  -0.866026 0.500000 -0.000000  0.348029 0.603717 0
ohmbattery
0  3.818140 0.000003 21.346361  1.000000 -0.000000 -0.000000  0.427379 0.603717 0
0  3.771219 0.356411 20.304689  0.965926 0.258819 -0.000000  0.419444 0.622283 0
0  3.771219 0.356412 21.346361  0.965926 0.258819 -0.000000  0.419444 0.603717 0
ohmbattery
0  2.084677 -1.330130 21.346361  -0.258818 -0.965926 0.000000  0.292483 0.603717 0
0  2.441085 -1.377052 20.304689  -0.000000 -1.000000 0.000000  0.284548 0.622283 0
0  2.441085 -1.377052 21.346361  0.000000 -1.000000 0.000000  0.284548 0.603717 0
ohmbattery
0  1.248520 0.688531 21.346361  -0.866026 0.500000 -0.000000  0.348029 0.603717 0
0  1.110952 0.356411 20.304689  -0.965926 0.258820 -0.000000  0.340093 0.622283 0
0  1.110952 0.356412 21.346361  -0.965926 0.258819 -0.000000  0.340093 0.603717 0
ohmbattery
0  3.771219 0.356412 21.346361  0.965926 0.258819 -0.000000  0.419444 0.603717 0
0  3.633650 0.688531 20.304689  0.866025 0.500000 -0.000000  0.411509 0.622283 0
0  3.633650 0.688531 21.346361  0.866025 0.500000 -0.000000  0.411509 0.603717 0
ohmbattery
0  2.441085 -1.377052 21.346361  0.000000 -1.000000 0.000000  0.284548 0.603717 0
0  2.797493 -1.330130 20.304689  0.258818 -0.965926 0.000000  0.276613 0.622283 0
0  2.797493 -1.330130 21.346361  0.258818 -0.965926 0.000000  0.276613 0.603717 0
ohmbattery
0  1.110952 0.356412 21.346361  -0.965926 0.258819 -0.000000  0.340093 0.603717 0
0  1.064029 0.000003 20.304689  -1.000000 0.000000 0.000000  0.332159 0.622283 0
0  1.064029 0.000003 21.346361  -1.000000 0.000000 -0.000000  0.332159 0.603717 0
ohmbattery
0  3.633650 0.688531 21.346361  0.866025 0.500000 -0.000000  0.411509 0.603717 0
0  3.414810 0.973728 20.304689  0.707107 0.707106 -0.000000  0.403574 0.622283 0
0  3.414810 0.973728 21.346361  0.707107 0.707106 -0.000000  0.403574 0.603717 0
ohmbattery
0  2.797493 -1.330130 21.346361  0.258818 -0.965926 0.000000  0.276613 0.603717 0
0  3.129613 -1.192562 20.304689  0.500000 -0.866025 0.000000  0.268678 0.622283 0
0  3.129613 -1.192562 21.346361  0.500000 -0.866025 0.000000  0.268678 0.603717 0
ohmbattery
0  1.064029 0.000003 21.346361  -1.000000 0.000000 -0.000000  0.332159 0.603717 0
0  1.110952 -0.356405 20.304689  -0.965926 -0.258820 0.000000  0.324224 0.622283 0
0  1.110952 -0.356405 21.346361  -0.965926 -0.258819 0.000000  0.324224 0.603717 0
ohmbattery
0  3.414810 0.973728 21.346361  0.707107 0.707106 -0.000000  0.403574 0.603717 0
0  3.129613 1.192569 20.304689  0.500000 0.866025 -0.000000  0.395639 0.622283 0
0  3.129613 1.192569 21.346361  0.500000 0.866025 -0.000000  0.395639 0.603717 0
ohmbattery
0  3.129613 -1.192562 21.346361  0.500000 -0.866025 0.000000  0.268678 0.603717 0
0  3.414810 -0.973722 20.304689  0.707108 -0.707106 0.000000  0.260743 0.622283 0
0  3.414810 -0.973722 21.346361  0.707107 -0.707106 0.000000  0.260743 0.603717 0
ohmbattery
0  1.110952 -0.356405 21.346361  -0.965926 -0.258819 0.000000  0.324224 0.603717 0
0  1.248520 -0.688524 20.304689  -0.866026 -0.499999 0.000000  0.316288 0.622283 0
0  1.248520 -0.688524 21.346361  -0.866026 -0.500000 0.000000  0.316288 0.603717 0
ohmbattery
0  3.129613 1.192569 21.346361  0.500000 0.866025 -0.000000  0.395639 0.603717 0
0  2.797493 1.330137 20.304689  0.258818 0.965926 -0.000000  0.387704 0.622283 0
0  2.797493 1.330137 21.346361  0.258818 0.965926 0.000000  0.387704 0.603717 0
ohmbattery
0  2.441085 1.377059 21.346361  0.000000 1.000000 0.000000  0.379769 0.603717 0
0  2.084677 1.330137 20.304689  -0.258818 0.965926 -0.000000  0.371834 0.622283 0
0  2.084677 1.330137 21.346361  -0.258818 0.965926 -0.000000  0.371834 0.603717 0
ohmbattery
0  3.414810 -0.973722 21.346361  0.707107 -0.707106 0.000000  0.260743 0.603717 0
0  3.633650 -0.688524 20.304689  0.866025 -0.500000 0.000000  0.252808 0.622283 0
0  3.633650 -0.688524 21.346361  0.866025 -0.500001 0.000000  0.252808 0.603717 0
ohmbattery
0  1.248520 -0.688524 21.346361  -0.866026 -0.500000 0.000000  0.316288 0.603717 0
0  1.467360 -0.973722 20.304689  -0.707107 -0.707106 0.000000  0.308353 0.622283 0
0  1.467360 -0.973722 21.346361  -0.707107 -0.707107 0.000000  0.308353 0.603717 0
ohmbattery
0  2.797493 1.330137 21.346361  0.258818 0.965926 0.000000  0.387704 0.603717 0
0  2.441085 1.377058 20.304689  0.000000 1.000000 0.000000  0.379769 0.622283 0
0  2.441085 1.377059 21.346361  0.000000 1.000000 0.000000  0.379769 0.603717 0
ohmbattery
0  2.084677 1.330137 21.346361  -0.258818 0.965926 -0.000000  0.371834 0.603717 0
0  1.752558 1.192569 20.304689  -0.500000 0.866025 -0.000000  0.363899 0.622283 0
0  1.752558 1.192569 21.346361  -0.499999 0.866026 -0.000000  0.363899 0.603717 0
ohmbattery
0  3.633650 -0.688524 21.346361  0.866025 -0.500001 0.000000  0.252808 0.603717 0
0  3.771219 -0.356405 20.304689  0.965926 -0.258819 0.000000  0.244873 0.622283 0
0  3.771219 -0.356405 21.346361  0.965926 -0.258819 0.000000  0.244873 0.603717 0
ohmbattery
0  1.467360 -0.973722 21.346361  -0.707107 -0.707107 0.000000  0.308353 0.603717 0
0  1.752558 -1.192562 20.304689  -0.500000 -0.866025 0.000000  0.300418 0.622283 0
0  1.752558 -1.192562 21.346361  -0.500000 -0.866025 0.000000  0.300418 0.603717 0
ohmbattery
0  1.752558 1.192569 21.346361  -0.499999 0.866026 -0.000000  0.363899 0.603717 0
0  1.467360 0.973728 20.304689  -0.707107 0.707106 -0.000000  0.355964 0.622283 0
0  1.467360 0.973728 21.346361  -0.707107 0.707107 -0.000000  0.355964 0.603717 0
ohmbattery
0  3.771219 -0.356405 21.346361  0.965926 -0.258819 0.000000  0.244873 0.603717 0
0  3.818140 0.000003 20.304689  1.000000 0.000000 0.000000  0.236938 0.622283 0
0  3.818140 0.000003 21.346361  1.000000 -0.000000 -0.000000  0.236938 0.603717 0
ohmbattery
0  1.752558 -1.192562 21.346361  -0.500000 -0.866025 0.000000  0.300418 0.603717 0
0  2.084677 -1.330130 20.304689  -0.258818 -0.965926 0.000000  0.292483 0.622283 0
0  2.084677 -1.330130 21.346361  -0.258818 -0.965926 0.000000  0.292483 0.603717 0
ohmbattery
0  2.797493 1.330137 21.346361  0.000001 0.000000 1.000000  0.884207 0.836448 0
0  2.441085 1.377059 21.346361  -0.000001 0.000000 1.000000  0.879958 0.843753 0
0  1.467360 0.973728 21.346361  -0.000000 0.000000 1.000000  0.858440 0.856107 0
ohmbattery
0  2.441085 1.377059 21.346361  -0.000001 0.000000 1.000000  0.879958 0.843753 0
0  2.084677 1.330137 21.346361  -0.000009 0.000000 1.000000  0.873957 0.849704 0
0  1.467360 0.973728 21.346361  -0.000000 0.000000 1.000000  0.858440 0.856107 0
ohmbattery
0  2.084677 1.330137 21.346361  -0.000009 0.000000 1.000000  0.873957 0.849704 0
0  1.752558 1.192569 21.346361  0.000000 0.000000 1.000000  0.866617 0.853912 0
0  1.467360 0.973728 21.346361  -0.000000 0.000000 1.000000  0.858440 0.856107 0
ohmbattery
0  1.467360 0.973728 21.346361  -0.000000 0.000000 1.000000  0.858440 0.856107 0
0  1.248520 0.688531 21.346361  0.000000 0.000000 1.000000  0.849969 0.856115 0
0  1.110952 0.356412 21.346361  -0.000003 0.000000 1.000000  0.841767 0.853943 0
ohmbattery
0  1.110952 0.356412 21.346361  -0.000003 0.000000 1.000000  0.841767 0.853943 0
0  1.064029 0.000003 21.346361  -0.000057 0.000000 1.000000  0.834382 0.849684 0
0  1.110952 -0.356405 21.346361  -0.000002 0.000000 1.000000  0.828401 0.843609 0
ohmbattery
0  1.110952 -0.356405 21.346361  -0.000002 0.000000 1.000000  0.828401 0.843609 0
0  1.248520 -0.688524 21.346361  0.000029 0.000000 1.000000  0.824235 0.836215 0
0  1.467360 -0.973722 21.346361  -0.000006 0.000000 1.000000  0.822118 0.828009 0
ohmbattery
0  1.467360 -0.973722 21.346361  -0.000006 0.000000 1.000000  0.822118 0.828009 0
0  1.752558 -1.192562 21.346361  0.000000 0.000000 1.000000  0.822168 0.819542 0
0  2.084677 -1.330130 21.346361  0.000000 0.000000 1.000000  0.824399 0.811386 0
ohmbattery
0  2.084677 -1.330130 21.346361  0.000000 0.000000 1.000000  0.824399 0.811386 0
0  2.441085 -1.377052 21.346361  0.000001 0.000000 1.000000  0.828648 0.804082 0
0  3.414810 -0.973722 21.346361  0.000000 0.000000 1.000000  0.850153 0.791721 0
ohmbattery
0  2.441085 -1.377052 21.346361  0.000001 0.000000 1.000000  0.828648 0.804082 0
0  2.797493 -1.330130 21.346361  0.000009 0.000000 1.000000  0.834648 0.798133 0
0  3.414810 -0.973722 21.346361  0.000000 0.000000 1.000000  0.850153 0.791721 0
ohmbattery
0  2.797493 -1.330130 21.346361  0.000009 0.000000 1.000000  0.834648 0.798133 0
0  3.129613 -1.192562 21.346361  0.000000 0.000000 1.000000  0.841984 0.793924 0
0  3.414810 -0.973722 21.346361  0.000000 0.000000 1.000000  0.850153 0.791721 0
ohmbattery
0  3.414810 -0.973722 21.346361  0.000000 0.000000 1.000000  0.850153 0.791721 0
0  3.633650 -0.688524 21.346361  -0.000029 0.000000 1.000000  0.858622 0.791721 0
0  3.771219 -0.356405 21.346361  0.000036 0.000000 1.000000  0.866827 0.793908 0
ohmbattery
0  3.771219 -0.356405 21.346361  0.000036 0.000000 1.000000  0.866827 0.793908 0
0  3.818140 0.000003 21.346361  -0.000015 0.000000 1.000000  0.874235 0.798137 0
0  3.414810 -0.973722 21.346361  0.000000 0.000000 1.000000  0.850153 0.791721 0
ohmbattery
0  3.818140 0.000003 21.346361  -0.000015 0.000000 1.000000  0.874235 0.798137 0
0  3.771219 0.356412 21.346361  -0.000003 0.000000 1.000000  0.880193 0.804242 0
0  3.414810 -0.973722 21.346361  0.000000 0.000000 1.000000  0.850153 0.791721 0
ohmbattery
0  3.771219 0.356412 21.346361  -0.000003 0.000000 1.000000  0.880193 0.804242 0
0  3.633650 0.688531 21.346361  0.000000 0.000000 1.000000  0.884376 0.811632 0
0  3.414810 0.973728 21.346361  0.000005 0.000000 1.000000  0.886508 0.819828 0
ohmbattery
0  3.414810 0.973728 21.346361  0.000005 0.000000 1.000000  0.886508 0.819828 0
0  3.129613 1.192569 21.346361  0.000000 0.000000 1.000000  0.886433 0.828288 0
0  2.797493 1.330137 21.346361  0.000001 0.000000 1.000000  0.884207 0.836448 0
ohmbattery
0  1.467360 0.973728 21.346361  -0.000000 0.000000 1.000000  0.858440 0.856107 0
0  1.110952 0.356412 21.346361  -0.000003 0.000000 1.000000  0.841767 0.853943 0
0  2.797493 1.330137 21.346361  0.000001 0.000000 1.000000  0.884207 0.836448 0
ohmbattery
0  1.110952 0.356412 21.346361  -0.000003 0.000000 1.000000  0.841767 0.853943 0
0  1.110952 -0.356405 21.346361  -0.000002 0.000000 1.000000  0.828401 0.843609 0
0  2.797493 1.330137 21.346361  0.000001 0.000000 1.000000  0.884207 0.836448 0
ohmbattery
0  1.110952 -0.356405 21.346361  -0.000002 0.000000 1.000000  0.828401 0.843609 0
0  1.467360 -0.973722 21.346361  -0.000006 0.000000 1.000000  0.822118 0.828009 0
0  2.084677 -1.330130 21.346361  0.000000 0.000000 1.000000  0.824399 0.811386 0
ohmbattery
0  3.771219 0.356412 21.346361  -0.000003 0.000000 1.000000  0.880193 0.804242 0
0  3.414810 0.973728 21.346361  0.000005 0.000000 1.000000  0.886508 0.819828 0
0  3.414810 -0.973722 21.346361  0.000000 0.000000 1.000000  0.850153 0.791721 0
ohmbattery
0  3.414810 0.973728 21.346361  0.000005 0.000000 1.000000  0.886508 0.819828 0
0  2.797493 1.330137 21.346361  0.000001 0.000000 1.000000  0.884207 0.836448 0
0  3.414810 -0.973722 21.346361  0.000000 0.000000 1.000000  0.850153 0.791721 0
ohmbattery
0  1.110952 -0.356405 21.346361  -0.000002 0.000000 1.000000  0.828401 0.843609 0
0  2.084677 -1.330130 21.346361  0.000000 0.000000 1.000000  0.824399 0.811386 0
0  3.414810 -0.973722 21.346361  0.000000 0.000000 1.000000  0.850153 0.791721 0
ohmbattery
0  -8.134162 0.504763 19.917341  0.000000 0.707106 -0.707108  0.517353 0.613716 0
0  -7.601492 0.273177 19.762602  0.000000 0.382682 -0.923880  0.523501 0.625474 0
0  -8.134163 0.273177 19.762602  0.000000 0.382683 -0.923880  0.523501 0.613716 0
ohmbattery
0  -7.601492 -0.659500 20.695278  0.000000 -0.923879 0.382684  0.462021 0.625474 0
0  -8.134162 -0.504759 20.926865  0.000000 -0.707107 0.707106  0.468169 0.613716 0
0  -8.134162 -0.659500 20.695278  0.000000 -0.923879 0.382683  0.462021 0.613716 0
ohmbattery
0  -7.601492 0.659503 20.148928  0.000000 0.923880 -0.382682  0.511205 0.625474 0
0  -8.134162 0.504763 19.917341  0.000000 0.707106 -0.707108  0.517353 0.613716 0
0  -8.134162 0.659503 20.148928  0.000000 0.923880 -0.382682  0.511205 0.613716 0
ohmbattery
0  -7.601492 -0.713838 20.422104  0.000000 -1.000000 0.000001  0.455873 0.625474 0
0  -8.134162 -0.659500 20.695278  0.000000 -0.923879 0.382683  0.462021 0.613716 0
0  -8.134162 -0.713838 20.422104  0.000000 -1.000000 0.000001  0.455873 0.613716 0
ohmbattery
0  -7.601492 0.659504 20.695278  0.000000 0.923880 0.382682  0.498909 0.625474 0
0  -8.134162 0.713841 20.422104  0.000000 1.000000 0.000001  0.505057 0.613716 0
0  -8.134162 0.659504 20.695278  0.000000 0.923880 0.382682  0.498909 0.613716 0
ohmbattery
0  -7.601492 0.713841 20.422104  0.000000 1.000000 0.000001  0.505057 0.625474 0
0  -8.134162 0.659503 20.148928  0.000000 0.923880 -0.382682  0.511205 0.613716 0
0  -8.134162 0.713841 20.422104  0.000000 1.000000 0.000001  0.505057 0.613716 0
ohmbattery
0  -7.601492 -0.659500 20.148928  0.000000 -0.923880 -0.382683  0.449725 0.625474 0
0  -8.134162 -0.713838 20.422104  0.000000 -1.000000 0.000001  0.455873 0.613716 0
0  -8.134162 -0.659500 20.148928  0.000000 -0.923880 -0.382683  0.449725 0.613716 0
ohmbattery
0  -7.601492 0.504763 20.926865  0.000000 0.707108 0.707106  0.492761 0.625474 0
0  -8.134162 0.659504 20.695278  0.000000 0.923880 0.382682  0.498909 0.613716 0
0  -8.134162 0.504763 20.926865  0.000000 0.707108 0.707106  0.492761 0.613716 0
ohmbattery
0  -7.601492 -0.504759 19.917341  0.000000 -0.707105 -0.707108  0.443577 0.625474 0
0  -8.134162 -0.659500 20.148928  0.000000 -0.923880 -0.382683  0.449725 0.613716 0
0  -8.134162 -0.504759 19.917341  0.000000 -0.707106 -0.707108  0.443577 0.613716 0
ohmbattery
0  -7.601492 0.273177 21.081606  0.000000 0.382682 0.923880  0.486613 0.625474 0
0  -8.134162 0.504763 20.926865  0.000000 0.707108 0.707106  0.492761 0.613716 0
0  -8.134162 0.273177 21.081606  0.000000 0.382682 0.923880  0.486613 0.613716 0
ohmbattery
0  -7.601492 -0.273173 19.762602  0.000000 -0.382683 -0.923880  0.437429 0.625474 0
0  -8.134162 -0.504759 19.917341  0.000000 -0.707106 -0.707108  0.443577 0.613716 0
0  -8.134163 -0.273173 19.762602  0.000000 -0.382683 -0.923880  0.437429 0.613716 0
ohmbattery
0  -7.601492 0.000002 21.135942  0.000000 -0.000000 1.000000  0.480465 0.625474 0
0  -8.134162 0.273177 21.081606  0.000000 0.382682 0.923880  0.486613 0.613716 0
0  -8.134162 0.000002 21.135942  0.000000 -0.000000 1.000000  0.480465 0.613716 0
ohmbattery
0  -8.134162 0.000002 19.708263  0.000000 -0.000000 -1.000000  0.431282 0.613716 0
0  -7.601492 -0.273173 19.762602  0.000000 -0.382683 -0.923880  0.437429 0.625474 0
0  -8.134163 -0.273173 19.762602  0.000000 -0.382683 -0.923880  0.437429 0.613716 0
ohmbattery
0  -7.601492 -0.273173 21.081606  0.000000 -0.382682 0.923880  0.474317 0.625474 0
0  -8.134162 0.000002 21.135942  0.000000 -0.000000 1.000000  0.480465 0.613716 0
0  -8.134162 -0.273173 21.081606  0.000000 -0.382682 0.923880  0.474317 0.613716 0
ohmbattery
0  -7.601492 0.273177 19.762602  0.000000 0.382682 -0.923880  0.523501 0.625474 0
0  -8.134162 0.000002 19.708263  0.000000 -0.000000 -1.000000  0.529649 0.613716 0
0  -8.134163 0.273177 19.762602  0.000000 0.382683 -0.923880  0.523501 0.613716 0
ohmbattery
0  -7.601492 -0.504759 20.926865  0.000000 -0.707107 0.707106  0.468169 0.625474 0
0  -8.134162 -0.273173 21.081606  0.000000 -0.382682 0.923880  0.474317 0.613716 0
0  -8.134162 -0.504759 20.926865  0.000000 -0.707107 0.707106  0.468169 0.613716 0
ohmbattery
0  -8.134162 0.353380 20.068726  0.000000 -0.707105 0.707109  0.440891 0.488721 0
0  -7.679070 0.461713 20.230856  0.000000 -0.923880 0.382683  0.436586 0.498766 0
0  -8.134162 0.461713 20.230856  0.000000 -0.923879 0.382684  0.436587 0.488721 0
ohmbattery
0  -8.134162 0.461713 20.613350  -1.000000 -0.000001 0.000000  0.782400 0.791345 0
0  -8.134162 0.713841 20.422104  -1.000000 -0.000002 0.000000  0.785455 0.797627 0
0  -8.134162 0.499754 20.422104  -1.000000 0.000000 0.000000  0.786377 0.792992 0
ohmbattery
0  -8.134162 0.353380 20.775482  -1.000000 0.000001 0.000000  0.779357 0.788302 0
0  -8.134162 0.659504 20.695278  -1.000000 -0.000003 0.000000  0.779775 0.795274 0
0  -8.134162 0.461713 20.613350  -1.000000 -0.000001 0.000000  0.782400 0.791345 0
ohmbattery
0  -8.134162 0.353380 20.775482  -1.000000 0.000001 0.000000  0.779357 0.788302 0
0  -8.134162 0.273177 21.081606  -1.000000 0.000000 0.000000  0.773075 0.785247 0
0  -8.134162 0.504763 20.926865  -1.000000 0.000000 0.000000  0.775428 0.790927 0
ohmbattery
0  -8.134162 0.000002 20.921856  -1.000000 0.000000 0.000000  0.777710 0.780021 0
0  -8.134162 0.273177 21.081606  -1.000000 0.000000 0.000000  0.773075 0.785247 0
0  -8.134162 0.191249 20.883814  -1.000000 0.000000 0.000000  0.777710 0.784325 0
ohmbattery
0  -8.134162 0.000002 20.921856  -1.000000 0.000000 0.000000  0.777710 0.780021 0
0  -8.134162 -0.273173 21.081606  -1.000000 0.000000 0.000000  0.775428 0.773419 0
0  -8.134162 0.000002 21.135942  -1.000000 0.000000 0.000000  0.773075 0.779099 0
ohmbattery
0  -8.134162 -0.353376 20.775482  -1.000000 -0.000001 0.000000  0.782400 0.773001 0
0  -8.134162 -0.273173 21.081606  -1.000000 0.000000 0.000000  0.775428 0.773419 0
0  -8.134162 -0.191245 20.883814  -1.000000 0.000000 0.000000  0.779357 0.776045 0
ohmbattery
0  -8.134162 -0.353376 20.775482  -1.000000 -0.000001 0.000000  0.782400 0.773001 0
0  -8.134162 -0.659500 20.695278  -1.000000 0.000001 0.000000  0.785455 0.766719 0
0  -8.134162 -0.504759 20.926865  -1.000000 0.000000 0.000000  0.779775 0.769072 0
ohmbattery
0  -8.134162 -0.499750 20.422104  -1.000000 0.000002 0.000000  0.790681 0.771354 0
0  -8.134162 -0.659500 20.695278  -1.000000 0.000001 0.000000  0.785455 0.766719 0
0  -8.134162 -0.461709 20.613350  -1.000000 0.000003 0.000000  0.786377 0.771354 0
ohmbattery
0  -8.134162 -0.461709 20.230856  -1.000000 -0.000001 0.000000  0.794657 0.773001 0
0  -8.134162 -0.713838 20.422104  -1.000000 0.000000 0.000000  0.791603 0.766719 0
0  -8.134162 -0.499750 20.422104  -1.000000 0.000002 0.000000  0.790681 0.771354 0
ohmbattery
0  -8.134162 -0.353376 20.068726  -1.000000 -0.000001 0.000002  0.797701 0.776045 0
0  -8.134162 -0.659500 20.148928  -1.000000 -0.000001 0.000000  0.797282 0.769072 0
0  -8.134162 -0.461709 20.230856  -1.000000 -0.000001 0.000000  0.794657 0.773001 0
ohmbattery
0  -8.134162 -0.353376 20.068726  -1.000000 -0.000001 0.000002  0.797701 0.776045 0
0  -8.134163 -0.273173 19.762602  -1.000000 0.000002 0.000003  0.803983 0.779099 0
0  -8.134162 -0.504759 19.917341  -1.000000 -0.000002 0.000001  0.801630 0.773419 0
ohmbattery
0  -8.134162 0.000002 19.922352  -1.000000 -0.000000 0.000002  0.799348 0.784325 0
0  -8.134163 -0.273173 19.762602  -1.000000 0.000002 0.000003  0.803983 0.779099 0
0  -8.134162 -0.191245 19.960394  -1.000000 0.000003 0.000004  0.799348 0.780021 0
ohmbattery
0  -8.134162 0.000002 19.922352  -1.000000 -0.000000 0.000002  0.799348 0.784325 0
0  -8.134163 0.273177 19.762602  -1.000000 -0.000002 0.000003  0.801630 0.790927 0
0  -8.134162 0.000002 19.708263  -1.000000 0.000000 -0.000000  0.803983 0.785247 0
ohmbattery
0  -8.134162 0.353380 20.068726  -1.000000 0.000001 0.000002  0.794657 0.791345 0
0  -8.134163 0.273177 19.762602  -1.000000 -0.000002 0.000003  0.801630 0.790927 0
0  -8.134162 0.191249 19.960394  -1.000000 -0.000003 0.000004  0.797701 0.788302 0
ohmbattery
0  -8.134162 0.353380 20.068726  -1.000000 0.000001 0.000002  0.794657 0.791345 0
0  -8.134162 0.659503 20.148928  -1.000000 0.000001 0.000000  0.791603 0.797627 0
0  -8.134162 0.504763 19.917341  -1.000000 0.000002 0.000001  0.797282 0.795274 0
ohmbattery
0  -8.134162 0.461713 20.230856  -1.000000 0.000001 0.000000  0.790681 0.792992 0
0  -8.134162 0.713841 20.422104  -1.000000 -0.000002 0.000000  0.785455 0.797627 0
0  -8.134162 0.659503 20.148928  -1.000000 0.000001 0.000000  0.791603 0.797627 0
ohmbattery
0  -7.679070 -0.353376 20.068726  -1.000000 -0.000002 0.000000  0.930461 0.028670 0
0  -7.679070 -0.353376 20.775482  -1.000000 -0.000000 0.000000  0.915160 0.031713 0
0  -7.679070 0.353380 20.775482  -1.000000 0.000000 0.000000  0.912116 0.016412 0
ohmbattery
0  -8.134162 -0.461709 20.613350  0.000000 0.923880 -0.382683  0.471020 0.488721 0
0  -7.679070 -0.499750 20.422104  0.000000 1.000000 -0.000001  0.466716 0.498766 0
0  -8.134162 -0.499750 20.422104  0.000000 1.000000 -0.000001  0.466716 0.488721 0
ohmbattery
0  -8.134162 0.499754 20.422104  0.000000 -1.000000 -0.000001  0.432282 0.488721 0
0  -7.679070 0.461713 20.613350  0.000000 -0.923880 -0.382682  0.427978 0.498766 0
0  -8.134162 0.461713 20.613350  0.000000 -0.923880 -0.382682  0.427978 0.488721 0
ohmbattery
0  -8.134162 0.461713 20.230856  0.000000 -0.923879 0.382684  0.436587 0.488721 0
0  -7.679070 0.499754 20.422104  0.000000 -1.000000 -0.000001  0.432282 0.498766 0
0  -8.134162 0.499754 20.422104  0.000000 -1.000000 -0.000001  0.432282 0.488721 0
ohmbattery
0  -8.134162 -0.499750 20.422104  0.000000 1.000000 -0.000001  0.466716 0.488721 0
0  -7.679070 -0.461709 20.230856  0.000000 0.923879 0.382684  0.462411 0.498766 0
0  -8.134162 -0.461709 20.230856  0.000000 0.923879 0.382684  0.462411 0.488721 0
ohmbattery
0  -8.134162 0.461713 20.613350  0.000000 -0.923880 -0.382682  0.427978 0.488721 0
0  -7.679070 0.353380 20.775482  0.000000 -0.707108 -0.707106  0.423674 0.498766 0
0  -8.134162 0.353380 20.775482  0.000000 -0.707107 -0.707106  0.423674 0.488721 0
ohmbattery
0  -8.134162 -0.461709 20.230856  0.000000 0.923879 0.382684  0.462411 0.488721 0
0  -7.679070 -0.353376 20.068726  0.000000 0.707105 0.707109  0.458107 0.498766 0
0  -8.134162 -0.353376 20.068726  0.000000 0.707104 0.707109  0.458107 0.488721 0
ohmbattery
0  -8.134162 0.353380 20.775482  0.000000 -0.707107 -0.707106  0.423674 0.488721 0
0  -7.679070 0.191249 20.883814  0.000000 -0.382683 -0.923880  0.419370 0.498766 0
0  -8.134162 0.191249 20.883814  0.000000 -0.382683 -0.923880  0.419370 0.488721 0
ohmbattery
0  -8.134162 -0.353376 20.068726  0.000000 0.707104 0.707109  0.458107 0.488721 0
0  -7.679070 -0.191245 19.960394  0.000000 0.382683 0.923880  0.453803 0.498766 0
0  -8.134162 -0.191245 19.960394  0.000000 0.382683 0.923880  0.453803 0.488721 0
ohmbattery
0  -8.134162 0.191249 20.883814  0.000000 -0.382683 -0.923880  0.419370 0.488721 0
0  -7.679070 0.000002 20.921856  0.000000 -0.000000 -1.000000  0.415066 0.498766 0
0  -8.134162 0.000002 20.921856  0.000000 -0.000000 -1.000000  0.415066 0.488721 0
ohmbattery
0  -8.134162 -0.191245 19.960394  0.000000 0.382683 0.923880  0.453803 0.488721 0
0  -7.679070 0.000002 19.922352  0.000000 0.000000 1.000000  0.449499 0.498766 0
0  -8.134162 0.000002 19.922352  0.000000 0.000000 1.000000  0.449499 0.488721 0
ohmbattery
0  -8.134162 0.000002 20.921856  0.000000 -0.000000 -1.000000  0.483932 0.488721 0
0  -7.679070 -0.191245 20.883814  0.000000 0.382684 -0.923880  0.479628 0.498766 0
0  -8.134162 -0.191245 20.883814  0.000000 0.382683 -0.923880  0.479628 0.488721 0
ohmbattery
0  -8.134162 0.000002 19.922352  0.000000 0.000000 1.000000  0.449499 0.488721 0
0  -7.679070 0.191249 19.960394  0.000000 -0.382683 0.923880  0.445195 0.498766 0
0  -8.134162 0.191249 19.960394  0.000000 -0.382683 0.923880  0.445195 0.488721 0
ohmbattery
0  -8.134162 -0.191245 20.883814  0.000000 0.382683 -0.923880  0.479628 0.488721 0
0  -7.679070 -0.353376 20.775482  0.000000 0.707107 -0.707107  0.475324 0.498766 0
0  -8.134162 -0.353376 20.775482  0.000000 0.707106 -0.707107  0.475324 0.488721 0
ohmbattery
0  -8.134162 0.191249 19.960394  0.000000 -0.382683 0.923880  0.445195 0.488721 0
0  -7.679070 0.353380 20.068726  0.000000 -0.707106 0.707108  0.440891 0.498766 0
0  -8.134162 0.353380 20.068726  0.000000 -0.707105 0.707109  0.440891 0.488721 0
ohmbattery
0  -8.134162 -0.353376 20.775482  0.000000 0.707106 -0.707107  0.475324 0.488721 0
0  -7.679070 -0.461709 20.613350  0.000000 0.923880 -0.382683  0.471020 0.498766 0
0  -8.134162 -0.461709 20.613350  0.000000 0.923880 -0.382683  0.471020 0.488721 0
ohmbattery
0  -6.056653 -2.628238 17.551115  -1.000000 -0.000000 0.000000  0.444421 0.570722 0
0  -6.056653 -2.628238 19.874392  -1.000000 0.000000 0.000000  0.495704 0.570722 0
0  -6.056653 -1.427835 19.874392  -1.000000 -0.000000 0.000000  0.495703 0.597219 0
ohmbattery
0  -6.778581 -1.427836 17.551115  -0.000000 0.000000 1.000000  0.570008 0.905656 0
0  -7.106458 -1.771875 17.551115  -0.000001 0.000000 1.000000  0.562413 0.912895 0
0  -6.056653 -2.628238 17.551115  -0.000001 0.000000 1.000000  0.543509 0.889720 0
ohmbattery
0  4.772497 -3.586124 0.454349  -0.555570 0.831470 0.000000  0.382158 0.967720 0
0  4.772497 -3.586124 0.846873  -0.555570 0.831470 0.000000  0.382158 0.976383 0
0  5.426074 -3.049746 0.846873  -0.707107 0.707106 0.000000  0.363497 0.976383 0
ohmbattery
0  -7.106458 1.771881 17.551115  -0.000004 0.000000 1.000000  0.640643 0.912894 0
0  -7.106458 -1.771875 17.551115  -0.000001 0.000000 1.000000  0.562413 0.912895 0
0  -6.778581 -1.427836 17.551115  -0.000000 0.000000 1.000000  0.570008 0.905656 0
ohmbattery
0  2.376325 -4.571713 19.874392  0.049069 -0.998795 0.000000  0.583782 0.011719 0
0  -3.674174 -4.571713 19.874392  0.000000 -1.000000 0.000000  0.717336 0.011719 0
0  -3.674174 -4.571716 1.764360  -0.000000 -1.000000 0.000000  0.717336 0.411466 0
ohmbattery
0  -3.586120 2.861655 0.922362  0.000000 -0.000000 -1.000000  0.542509 0.766717 0
0  -3.586120 -2.861655 0.922363  0.000000 -0.000000 -1.000000  0.668842 0.766717 0
0  -4.768772 -2.861655 0.922363  0.000000 -0.000000 -1.000000  0.668842 0.792822 0
ohmbattery
0  -6.778581 -1.427836 17.551115  -0.000000 -1.000000 0.000000  0.961844 0.619862 0
0  -6.056653 -1.427836 17.551115  0.000000 -1.000000 0.000000  0.945907 0.619862 0
0  -6.056653 -1.427835 19.874392  -0.000000 -1.000000 0.000000  0.945907 0.568575 0
ohmbattery
0  -3.674174 4.571716 0.454348  0.000000 -0.000000 -1.000000  0.772024 0.960721 0
0  -3.416705 4.314240 0.454348  0.000000 -0.000000 -1.000000  0.766338 0.966406 0
0  -3.416705 -4.314240 0.454350  0.000000 -0.000000 -1.000000  0.575809 0.966406 0
ohmbattery
0  6.948040 0.000003 19.874392  0.705397 0.000000 0.708813  0.295091 0.950106 0
0  6.454025 0.000003 20.366028  0.705399 0.000000 0.708810  0.295084 0.934753 0
0  6.375674 -0.795516 20.366028  0.691844 -0.137617 0.708812  0.313725 0.934723 0
ohmbattery
0  6.600039 -1.749516 19.874392  0.651703 -0.269944 0.708811  0.332327 0.950106 0
0  6.860198 -0.891894 19.874392  0.691842 -0.137617 0.708813  0.313702 0.950106 0
0  6.375674 -0.795516 20.366028  0.691844 -0.137617 0.708812  0.313725 0.934723 0
ohmbattery
0  6.600039 -1.749516 19.874392  0.651703 -0.269944 0.708811  0.332327 0.950106 0
0  6.143628 -1.560464 20.366028  0.651704 -0.269944 0.708811  0.332355 0.934723 0
0  5.766808 -2.265446 20.366028  0.586516 -0.391898 0.708812  0.350984 0.934723 0
ohmbattery
0  6.177567 -2.539906 19.874392  0.586516 -0.391898 0.708813  0.350953 0.950106 0
0  5.766808 -2.265446 20.366028  0.586516 -0.391898 0.708812  0.350984 0.934723 0
0  5.259696 -2.883365 20.366028  0.498792 -0.498791 0.708812  0.369611 0.934723 0
ohmbattery
0  5.609017 -3.232687 19.874392  0.498791 -0.498791 0.708812  0.369581 0.950106 0
0  5.259696 -2.883365 20.366028  0.498792 -0.498791 0.708812  0.369611 0.934723 0
0  4.641774 -3.390481 20.366028  0.391898 -0.586517 0.708812  0.388238 0.934723 0
ohmbattery
0  4.125844 -4.223711 19.874392  0.269944 -0.651703 0.708811  0.406844 0.950106 0
0  4.916234 -3.801240 19.874392  0.391896 -0.586518 0.708812  0.388210 0.950106 0
0  4.641774 -3.390481 20.366028  0.391898 -0.586517 0.708812  0.388238 0.934723 0
ohmbattery
0  3.268223 -4.483867 19.874392  0.137616 -0.691844 0.708812  0.425498 0.950106 0
0  4.125844 -4.223711 19.874392  0.269944 -0.651703 0.708811  0.406844 0.950106 0
0  3.936793 -3.767300 20.366028  0.269945 -0.651703 0.708811  0.406862 0.934723 0
ohmbattery
0  2.376325 -4.571713 19.874392  0.034676 -0.705829 0.707533  0.444293 0.950106 0
0  3.268223 -4.483867 19.874392  0.137616 -0.691844 0.708812  0.425498 0.950106 0
0  3.171845 -3.999343 20.366028  0.137616 -0.691844 0.708812  0.425469 0.934723 0
ohmbattery
0  -5.565016 -2.394820 20.366028  -0.707108 -0.000001 0.707106  0.904513 0.791629 0
0  -5.565018 -1.427835 20.366028  -0.707108 -0.000001 0.707106  0.904513 0.812975 0
0  -6.056653 -1.427835 19.874392  -0.707108 -0.000001 0.707106  0.889165 0.812975 0
ohmbattery
0  6.606447 -0.841423 0.454349  -0.000000 -0.000000 -1.000000  0.280131 0.980723 0
0  6.689319 0.000000 0.454349  0.000000 -0.000000 -1.000000  0.298877 0.980723 0
0  6.948040 0.000000 0.454349  0.000000 -0.000000 -1.000000  0.298537 0.986421 0
ohmbattery
0  6.606447 -0.841423 0.454349  -0.000000 -0.000000 -1.000000  0.280131 0.980723 0
0  6.860198 -0.891897 0.454349  -0.000000 -0.000000 -1.000000  0.279336 0.986404 0
0  6.600039 -1.749519 0.454349  0.000000 -0.000000 -1.000000  0.260728 0.986404 0
ohmbattery
0  5.962449 -2.396171 0.454349  0.000000 -0.000000 -1.000000  0.241605 0.980723 0
0  6.361012 -1.650511 0.454349  0.000000 -0.000000 -1.000000  0.260748 0.980723 0
0  6.600039 -1.749519 0.454349  0.000000 -0.000000 -1.000000  0.260728 0.986404 0
ohmbattery
0  5.426074 -3.049746 0.454349  -0.000000 -0.000000 -1.000000  0.222470 0.980723 0
0  5.962449 -2.396171 0.454349  0.000000 -0.000000 -1.000000  0.241605 0.980723 0
0  6.177567 -2.539909 0.454349  0.000000 -0.000000 -1.000000  0.241608 0.986404 0
ohmbattery
0  4.772497 -3.586124 0.454349  -0.000000 -0.000000 -1.000000  0.203334 0.980723 0
0  5.426074 -3.049746 0.454349  -0.000000 -0.000000 -1.000000  0.222470 0.980723 0
0  5.609017 -3.232690 0.454349  -0.000000 -0.000000 -1.000000  0.222473 0.986404 0
ohmbattery
0  4.772497 -3.586124 0.454349  -0.000000 -0.000000 -1.000000  0.203334 0.980723 0
0  4.916234 -3.801243 0.454350  0.000000 -0.000000 -1.000000  0.203339 0.986404 0
0  4.125844 -4.223714 0.454350  -0.000000 -0.000000 -1.000000  0.184203 0.986404 0
ohmbattery
0  4.026836 -3.984686 0.454350  -0.000000 -0.000000 -1.000000  0.184200 0.980723 0
0  4.125844 -4.223714 0.454350  -0.000000 -0.000000 -1.000000  0.184203 0.986404 0
0  3.268223 -4.483870 0.454350  -0.000000 -0.000000 -1.000000  0.165063 0.986404 0
ohmbattery
0  3.217748 -4.230120 0.454350  -0.000000 -0.000000 -1.000000  0.165067 0.980723 0
0  3.268223 -4.483870 0.454350  -0.000000 -0.000000 -1.000000  0.165063 0.986404 0
0  2.376325 -4.571716 0.454350  -0.000000 -0.000000 -1.000000  0.145798 0.986404 0
ohmbattery
0  2.363676 -4.314240 0.846873  0.000000 -0.000000 -1.000000  0.139306 0.679175 0
0  -3.416705 -4.314240 0.846873  0.000000 -0.000000 -1.000000  0.011715 0.679175 0
0  -3.416705 4.314240 0.846872  0.000000 -0.000000 -1.000000  0.011715 0.488719 0
ohmbattery
0  -3.416705 4.314240 0.846872  0.000000 -0.000000 -1.000000  0.011715 0.488719 0
0  2.363676 4.314240 0.846872  -0.000000 -0.000000 -1.000000  0.139306 0.488719 0
0  2.363676 -4.314240 0.846873  0.000000 -0.000000 -1.000000  0.139306 0.679175 0
ohmbattery
0  2.363676 4.314240 0.846872  -0.000000 -0.000000 -1.000000  0.139306 0.488719 0
0  3.217748 4.230120 0.846872  -0.000000 -0.000000 -1.000000  0.158158 0.490576 0
0  3.217748 -4.230120 0.846873  0.000000 -0.000000 -1.000000  0.158158 0.677319 0
ohmbattery
0  3.217748 4.230120 0.846872  -0.000000 -0.000000 -1.000000  0.158158 0.490576 0
0  4.026836 3.984687 0.846872  0.000000 -0.000000 -1.000000  0.176017 0.495993 0
0  4.772497 3.586124 0.846872  0.000000 -0.000000 -1.000000  0.192476 0.504790 0
ohmbattery
0  4.772497 3.586124 0.846872  0.000000 -0.000000 -1.000000  0.192476 0.504790 0
0  5.426074 3.049747 0.846872  0.000001 0.000000 -1.000000  0.206902 0.516630 0
0  5.962449 2.396172 0.846872  0.000000 -0.000000 -1.000000  0.218742 0.531056 0
ohmbattery
0  5.962449 2.396172 0.846872  0.000000 -0.000000 -1.000000  0.218742 0.531056 0
0  6.361012 1.650511 0.846872  0.000001 -0.000000 -1.000000  0.227539 0.547515 0
0  6.606447 0.841423 0.846873  0.000000 -0.000000 -1.000000  0.232956 0.565374 0
ohmbattery
0  6.606447 0.841423 0.846873  0.000000 -0.000000 -1.000000  0.232956 0.565374 0
0  6.689319 0.000000 0.846873  0.000001 -0.000000 -1.000000  0.234786 0.583947 0
0  6.606447 -0.841423 0.846873  0.000000 -0.000000 -1.000000  0.232956 0.602520 0
ohmbattery
0  6.606447 -0.841423 0.846873  0.000000 -0.000000 -1.000000  0.232956 0.602520 0
0  6.361012 -1.650511 0.846873  -0.000001 -0.000000 -1.000000  0.227539 0.620379 0
0  6.606447 0.841423 0.846873  0.000000 -0.000000 -1.000000  0.232956 0.565374 0
ohmbattery
0  6.361012 -1.650511 0.846873  -0.000001 -0.000000 -1.000000  0.227539 0.620379 0
0  5.962449 -2.396171 0.846873  -0.000000 -0.000000 -1.000000  0.218742 0.636838 0
0  6.606447 0.841423 0.846873  0.000000 -0.000000 -1.000000  0.232956 0.565374 0
ohmbattery
0  5.962449 -2.396171 0.846873  -0.000000 -0.000000 -1.000000  0.218742 0.636838 0
0  5.426074 -3.049746 0.846873  -0.000001 0.000000 -1.000000  0.206902 0.651264 0
0  4.772497 -3.586124 0.846873  -0.000000 -0.000000 -1.000000  0.192476 0.663104 0
ohmbattery
0  4.772497 -3.586124 0.846873  -0.000000 -0.000000 -1.000000  0.192476 0.663104 0
0  4.026836 -3.984686 0.846873  0.000000 -0.000000 -1.000000  0.176017 0.671901 0
0  5.962449 -2.396171 0.846873  -0.000000 -0.000000 -1.000000  0.218742 0.636838 0
ohmbattery
0  4.026836 -3.984686 0.846873  0.000000 -0.000000 -1.000000  0.176017 0.671901 0
0  3.217748 -4.230120 0.846873  0.000000 -0.000000 -1.000000  0.158158 0.677319 0
0  5.962449 -2.396171 0.846873  -0.000000 -0.000000 -1.000000  0.218742 0.636838 0
ohmbattery
0  3.217748 -4.230120 0.846873  0.000000 -0.000000 -1.000000  0.158158 0.677319 0
0  2.363676 -4.314240 0.846873  0.000000 -0.000000 -1.000000  0.139306 0.679175 0
0  2.363676 4.314240 0.846872  -0.000000 -0.000000 -1.000000  0.139306 0.488719 0
ohmbattery
0  3.217748 4.230120 0.846872  -0.000000 -0.000000 -1.000000  0.158158 0.490576 0
0  4.772497 3.586124 0.846872  0.000000 -0.000000 -1.000000  0.192476 0.504790 0
0  3.217748 -4.230120 0.846873  0.000000 -0.000000 -1.000000  0.158158 0.677319 0
ohmbattery
0  4.772497 3.586124 0.846872  0.000000 -0.000000 -1.000000  0.192476 0.504790 0
0  5.962449 2.396172 0.846872  0.000000 -0.000000 -1.000000  0.218742 0.531056 0
0  5.962449 -2.396171 0.846873  -0.000000 -0.000000 -1.000000  0.218742 0.636838 0
ohmbattery
0  5.962449 2.396172 0.846872  0.000000 -0.000000 -1.000000  0.218742 0.531056 0
0  6.606447 0.841423 0.846873  0.000000 -0.000000 -1.000000  0.232956 0.565374 0
0  5.962449 -2.396171 0.846873  -0.000000 -0.000000 -1.000000  0.218742 0.636838 0
ohmbattery
0  -3.499084 -4.080076 20.366028  0.000000 -0.707106 0.707107  0.574033 0.934723 0
0  -3.674174 -4.571713 19.874392  0.000000 -0.707106 0.707107  0.577904 0.950107 0
0  2.376325 -4.571713 19.874392  0.034676 -0.705829 0.707533  0.444293 0.950106 0
ohmbattery
0  -3.416705 4.314240 0.846872  1.000000 -0.000000 0.000000  0.746483 0.926385 0
0  -3.416705 -4.314240 0.846873  1.000000 0.000000 0.000000  0.556051 0.926385 0
0  -3.416705 -4.314240 0.454350  1.000000 -0.000000 0.000000  0.556051 0.917722 0
ohmbattery
0  6.361012 -1.650511 0.454349  -0.923879 0.382684 0.000000  0.326177 0.967720 0
0  6.361012 -1.650511 0.846873  -0.923879 0.382684 0.000000  0.326177 0.976383 0
0  6.606447 -0.841423 0.846873  -0.980785 0.195090 0.000000  0.307517 0.976383 0
ohmbattery
0  -7.106458 -1.771878 1.764360  -1.000000 0.000000 0.000000  0.956103 0.707942 0
0  -7.106458 -1.771875 17.551115  -1.000000 0.000000 0.000000  0.607640 0.707942 0
0  -7.106458 1.771881 17.551115  -1.000000 0.000000 0.000000  0.607640 0.629720 0
ohmbattery
0  4.026836 -3.984686 0.454350  -0.382682 0.923880 0.000000  0.400818 0.967720 0
0  4.026836 -3.984686 0.846873  -0.382682 0.923880 0.000000  0.400818 0.976383 0
0  4.772497 -3.586124 0.846873  -0.555570 0.831470 0.000000  0.382158 0.976383 0
ohmbattery
0  5.962449 -2.396171 0.454349  -0.831470 0.555570 -0.000000  0.344837 0.967720 0
0  5.962449 -2.396171 0.846873  -0.831470 0.555569 -0.000000  0.344837 0.976383 0
0  6.361012 -1.650511 0.846873  -0.923879 0.382684 0.000000  0.326177 0.976383 0
ohmbattery
0  3.217748 -4.230120 0.454350  -0.195091 0.980785 0.000000  0.419478 0.967720 0
0  3.217748 -4.230120 0.846873  -0.195091 0.980785 0.000000  0.419478 0.976383 0
0  4.026836 -3.984686 0.846873  -0.382682 0.923880 0.000000  0.400818 0.976383 0
ohmbattery
0  5.426074 -3.049746 0.454349  -0.707107 0.707106 -0.000000  0.363497 0.967720 0
0  5.426074 -3.049746 0.846873  -0.707107 0.707106 0.000000  0.363497 0.976383 0
0  5.962449 -2.396171 0.846873  -0.831470 0.555569 -0.000000  0.344837 0.976383 0
ohmbattery
0  -3.416705 -4.314240 0.454350  0.000000 -0.000000 -1.000000  0.017764 0.980723 0
0  2.363676 -4.314240 0.454350  0.000000 -0.000000 -1.000000  0.145699 0.980723 0
0  2.376325 -4.571716 0.454350  -0.000000 -0.000000 -1.000000  0.145798 0.986404 0
ohmbattery
0  6.606447 -0.841423 0.454349  -0.980785 0.195090 -0.000000  0.307517 0.967720 0
0  6.606447 -0.841423 0.846873  -0.980785 0.195090 0.000000  0.307517 0.976383 0
0  6.689319 0.000000 0.846873  -1.000000 0.000000 -0.000000  0.288857 0.976383 0
ohmbattery
0  2.363676 -4.314240 0.454350  -0.049069 0.998795 0.000000  0.438419 0.967720 0
0  2.363676 -4.314240 0.846873  -0.049069 0.998795 0.000000  0.438419 0.976383 0
0  3.217748 -4.230120 0.846873  -0.195091 0.980785 0.000000  0.419478 0.976383 0
ohmbattery
0  6.948040 0.000003 19.874392  1.000000 0.000000 -0.000000  0.906572 0.029394 0
0  6.860198 -0.891894 19.874392  0.980785 -0.195091 0.000000  0.906572 0.031603 0
0  6.860198 -0.891897 0.454349  0.980785 -0.195091 0.000000  0.858700 0.031603 0
ohmbattery
0  3.268223 -4.483867 19.874392  0.195091 -0.980785 0.000000  0.906572 0.044858 0
0  2.376325 -4.571713 19.874392  0.049069 -0.998795 0.000000  0.906572 0.047068 0
0  2.376325 -4.571716 0.454350  0.049069 -0.998795 0.000000  0.858700 0.047068 0
ohmbattery
0  4.125844 -4.223711 19.874392  0.382683 -0.923880 0.000000  0.906572 0.042649 0
0  3.268223 -4.483867 19.874392  0.195091 -0.980785 0.000000  0.906572 0.044858 0
0  3.268223 -4.483870 0.454350  0.195091 -0.980785 0.000000  0.858700 0.044858 0
ohmbattery
0  4.916234 -3.801240 19.874392  0.555570 -0.831470 0.000000  0.906572 0.040440 0
0  4.125844 -4.223711 19.874392  0.382683 -0.923880 0.000000  0.906572 0.042649 0
0  4.125844 -4.223714 0.454350  0.382682 -0.923880 0.000000  0.858700 0.042649 0
ohmbattery
0  5.609017 -3.232687 19.874392  0.707107 -0.707106 0.000000  0.906572 0.038231 0
0  4.916234 -3.801240 19.874392  0.555570 -0.831470 0.000000  0.906572 0.040440 0
0  4.916234 -3.801243 0.454350  0.555570 -0.831470 0.000000  0.858700 0.040440 0
ohmbattery
0  6.177567 -2.539906 19.874392  0.831470 -0.555570 0.000000  0.906572 0.036022 0
0  5.609017 -3.232687 19.874392  0.707107 -0.707106 0.000000  0.906572 0.038231 0
0  5.609017 -3.232690 0.454349  0.707107 -0.707106 0.000000  0.858700 0.038231 0
ohmbattery
0  6.600039 -1.749516 19.874392  0.923879 -0.382684 0.000000  0.906572 0.033813 0
0  6.177567 -2.539906 19.874392  0.831470 -0.555570 0.000000  0.906572 0.036022 0
0  6.177567 -2.539909 0.454349  0.831470 -0.555569 0.000000  0.858700 0.036022 0
ohmbattery
0  6.600039 -1.749516 19.874392  0.923879 -0.382684 0.000000  0.906572 0.033813 0
0  6.600039 -1.749519 0.454349  0.923879 -0.382684 0.000000  0.858700 0.033813 0
0  6.860198 -0.891897 0.454349  0.980785 -0.195091 0.000000  0.858700 0.031603 0
ohmbattery
0  -5.565016 -2.394820 20.366028  -0.446963 -0.547926 0.707108  0.828111 0.969717 0
0  -6.056653 -2.628238 19.874392  -0.446963 -0.547926 0.707108  0.833264 0.985066 0
0  -3.674174 -4.571713 19.874392  -0.446963 -0.547926 0.707107  0.765388 0.985066 0
ohmbattery
0  -3.416705 -4.314240 0.454350  0.000000 1.000000 0.000000  0.565992 0.967720 0
0  -3.416705 -4.314240 0.846873  0.000000 1.000000 0.000000  0.565992 0.976383 0
0  2.363676 -4.314240 0.846873  -0.049069 0.998795 0.000000  0.438419 0.976383 0
ohmbattery
0  -5.565018 1.427842 20.366028  -0.000000 0.000000 1.000000  0.505378 0.566292 0
0  -6.778581 1.427842 20.366028  0.000000 0.000000 1.000000  0.478591 0.566292 0
0  -6.778581 -1.427835 20.366028  0.000000 0.000000 1.000000  0.478591 0.503259 0
ohmbattery
0  -7.106458 1.771878 1.764359  -0.000000 -0.000000 -1.000000  0.251049 0.564478 0
0  -3.674174 4.571717 1.764359  0.000000 -0.000000 -1.000000  0.189246 0.488715 0
0  -3.674174 -4.571716 1.764360  -0.000000 -0.000000 -1.000000  0.391075 0.488715 0
ohmbattery
0  -3.674174 -4.571716 1.764360  -0.632102 -0.774885 0.000000  0.603739 0.727489 0
0  -3.674174 -4.571713 19.874392  -0.632102 -0.774885 0.000000  0.203996 0.727489 0
0  -6.056653 -2.628238 17.551115  -0.632102 -0.774885 0.000000  0.255277 0.659623 0
ohmbattery
0  -6.056653 -2.628238 17.551115  -0.632102 -0.774885 0.000000  0.255277 0.659623 0
0  -7.106458 -1.771875 17.551115  -0.632101 -0.774886 0.000000  0.255277 0.629719 0
0  -7.106458 -1.771878 1.764360  -0.632102 -0.774885 0.000000  0.603739 0.629718 0
ohmbattery
0  -4.768772 -3.385045 1.832604  0.000000 -1.000000 0.000000  0.383456 0.564260 0
0  -4.768772 -3.385045 1.445753  0.000000 -1.000000 0.000000  0.383456 0.555721 0
0  -3.586120 -3.385045 1.445753  0.000000 -1.000000 0.000000  0.409560 0.555721 0
ohmbattery
0  -3.586120 -3.385045 1.445753  0.000000 -0.707107 -0.707106  0.386441 0.881722 0
0  -4.768772 -3.385045 1.445753  0.000000 -0.707107 -0.707106  0.412546 0.881722 0
0  -4.768772 -2.861655 0.922363  0.000000 -0.707107 -0.707106  0.412546 0.898060 0
ohmbattery
0  -6.778581 1.427842 20.366028  -1.000000 0.000000 0.000000  0.478591 0.566292 0
0  -6.778581 1.427842 17.551115  -1.000000 0.000000 0.000000  0.416458 0.566292 0
0  -6.778581 -1.427836 17.551115  -1.000000 0.000000 0.000000  0.416458 0.503259 0
ohmbattery
0  -4.768772 -3.385045 1.832604  -1.000000 0.000000 0.000000  0.692042 0.885807 0
0  -4.768772 3.385046 1.832602  -1.000000 0.000000 0.000000  0.542596 0.885807 0
0  -4.768772 -2.861655 0.922363  -1.000000 0.000000 0.000000  0.680489 0.865714 0
ohmbattery
0  -4.768772 3.385046 1.832602  -1.000000 -0.000001 0.000000  0.542596 0.885807 0
0  -4.768772 3.385046 1.445752  -1.000000 -0.000002 0.000000  0.542596 0.877267 0
0  -4.768772 2.861655 0.922362  -1.000000 -0.000000 0.000000  0.554149 0.865714 0
ohmbattery
0  -4.768772 -2.861655 0.922363  -1.000000 0.000000 0.000000  0.680489 0.865714 0
0  -4.768772 3.385046 1.832602  -1.000000 -0.000001 0.000000  0.542596 0.885807 0
0  -4.768772 2.861655 0.922362  -1.000000 -0.000000 0.000000  0.554149 0.865714 0
ohmbattery
0  -6.056653 1.427842 19.874392  -1.000000 0.000000 -0.000000  0.011723 0.423719 0
0  -6.056653 2.628245 19.874392  -1.000000 0.000000 -0.000000  0.038220 0.423719 0
0  -6.056653 2.628244 17.551115  -1.000000 0.000000 -0.000000  0.038220 0.475002 0
ohmbattery
0  -6.778581 1.427842 17.551115  -0.000005 0.000000 1.000000  0.633048 0.905656 0
0  -6.056653 1.427842 17.551115  0.000000 0.000000 1.000000  0.633048 0.889720 0
0  -6.056653 2.628244 17.551115  -0.000001 0.000000 1.000000  0.659547 0.889720 0
ohmbattery
0  5.426074 3.049747 0.846872  -0.707107 -0.707106 0.000001  0.214216 0.976383 0
0  4.772497 3.586124 0.846872  -0.555570 -0.831470 0.000001  0.195556 0.976383 0
0  4.772497 3.586124 0.454348  -0.555570 -0.831470 0.000001  0.195556 0.967720 0
ohmbattery
0  -3.674174 4.571717 1.764359  0.000000 1.000000 -0.000000  0.721244 0.411469 0
0  -3.674174 4.571720 19.874392  0.000000 1.000000 -0.000000  0.721244 0.011722 0
0  2.376325 4.571720 19.874392  0.049069 0.998795 -0.000000  0.854798 0.011722 0
ohmbattery
0  -6.778581 1.427842 17.551115  0.000000 1.000000 -0.000000  0.411159 0.488720 0
0  -6.778581 1.427842 20.366028  0.000000 1.000000 -0.000000  0.411160 0.550865 0
0  -6.056653 1.427842 19.874392  0.000000 1.000000 -0.000000  0.395222 0.540011 0
ohmbattery
0  6.375674 0.795522 20.366028  0.691843 0.137617 0.708813  0.276448 0.934753 0
0  6.454025 0.000003 20.366028  0.705399 0.000000 0.708810  0.295084 0.934753 0
0  6.948040 0.000003 19.874392  0.705397 0.000000 0.708813  0.295091 0.950106 0
ohmbattery
0  6.600039 1.749523 19.874392  0.651703 0.269944 0.708811  0.257848 0.950106 0
0  6.143628 1.560470 20.366028  0.651705 0.269944 0.708809  0.257819 0.934753 0
0  6.375674 0.795522 20.366028  0.691843 0.137617 0.708813  0.276448 0.934753 0
ohmbattery
0  5.766808 2.265452 20.366028  0.586517 0.391897 0.708812  0.239191 0.934753 0
0  6.143628 1.560470 20.366028  0.651705 0.269944 0.708809  0.257819 0.934753 0
0  6.600039 1.749523 19.874392  0.651703 0.269944 0.708811  0.257848 0.950106 0
ohmbattery
0  5.259696 2.883371 20.366028  0.498791 0.498791 0.708812  0.220563 0.934753 0
0  5.766808 2.265452 20.366028  0.586517 0.391897 0.708812  0.239191 0.934753 0
0  6.177567 2.539913 19.874392  0.586516 0.391898 0.708813  0.239221 0.950106 0
ohmbattery
0  4.641774 3.390488 20.366028  0.391898 0.586517 0.708812  0.201936 0.934753 0
0  5.259696 2.883371 20.366028  0.498791 0.498791 0.708812  0.220563 0.934753 0
0  5.609017 3.232693 19.874392  0.498791 0.498791 0.708812  0.220593 0.950106 0
ohmbattery
0  4.125844 4.223717 19.874392  0.269944 0.651703 0.708811  0.183331 0.950106 0
0  3.936793 3.767306 20.366028  0.269945 0.651703 0.708811  0.183313 0.934753 0
0  4.641774 3.390488 20.366028  0.391898 0.586517 0.708812  0.201936 0.934753 0
ohmbattery
0  3.268223 4.483873 19.874392  0.137616 0.691844 0.708812  0.164676 0.950106 0
0  3.171845 3.999350 20.366028  0.137616 0.691844 0.708812  0.164706 0.934753 0
0  3.936793 3.767306 20.366028  0.269945 0.651703 0.708811  0.183313 0.934753 0
ohmbattery
0  2.376325 4.571720 19.874392  0.034676 0.705828 0.707534  0.145881 0.950106 0
0  2.352172 4.080082 20.366028  0.034676 0.705828 0.707534  0.145638 0.934753 0
0  3.171845 3.999350 20.366028  0.137616 0.691844 0.708812  0.164706 0.934753 0
ohmbattery
0  -5.565016 2.394827 20.366028  -0.707107 0.000001 0.707107  0.888534 0.501722 0
0  -6.056653 2.628245 19.874392  -0.707105 0.000001 0.707108  0.893687 0.517070 0
0  -6.056653 1.427842 19.874392  -0.707108 0.000001 0.707106  0.867188 0.517070 0
ohmbattery
0  6.606447 0.841423 0.454349  -0.000000 -0.000000 -1.000000  0.317886 0.980723 0
0  6.860198 0.891897 0.454349  -0.000000 -0.000000 -1.000000  0.317872 0.986421 0
0  6.948040 0.000000 0.454349  0.000000 -0.000000 -1.000000  0.298537 0.986421 0
ohmbattery
0  6.600039 1.749520 0.454349  0.000000 -0.000000 -1.000000  0.337014 0.986421 0
0  6.860198 0.891897 0.454349  -0.000000 -0.000000 -1.000000  0.317872 0.986421 0
0  6.606447 0.841423 0.454349  -0.000000 -0.000000 -1.000000  0.317886 0.980723 0
ohmbattery
0  5.962449 2.396171 0.454349  -0.000000 -0.000000 -1.000000  0.356153 0.980723 0
0  6.177567 2.539909 0.454348  -0.000000 -0.000000 -1.000000  0.356149 0.986421 0
0  6.600039 1.749520 0.454349  0.000000 -0.000000 -1.000000  0.337014 0.986421 0
ohmbattery
0  5.426074 3.049746 0.454348  0.000000 -0.000000 -1.000000  0.375288 0.980723 0
0  5.609017 3.232690 0.454348  0.000000 -0.000000 -1.000000  0.375284 0.986421 0
0  6.177567 2.539909 0.454348  -0.000000 -0.000000 -1.000000  0.356149 0.986421 0
ohmbattery
0  4.772497 3.586124 0.454348  0.000000 -0.000000 -1.000000  0.394423 0.980723 0
0  4.916234 3.801243 0.454348  0.000000 -0.000000 -1.000000  0.394419 0.986421 0
0  5.609017 3.232690 0.454348  0.000000 -0.000000 -1.000000  0.375284 0.986421 0
ohmbattery
0  4.125844 4.223714 0.454348  0.000000 -0.000000 -1.000000  0.413554 0.986421 0
0  4.916234 3.801243 0.454348  0.000000 -0.000000 -1.000000  0.394419 0.986421 0
0  4.772497 3.586124 0.454348  0.000000 -0.000000 -1.000000  0.394423 0.980723 0
ohmbattery
0  3.268223 4.483870 0.454348  -0.000000 -0.000000 -1.000000  0.432694 0.986421 0
0  4.125844 4.223714 0.454348  0.000000 -0.000000 -1.000000  0.413554 0.986421 0
0  4.026836 3.984686 0.454348  0.000000 -0.000000 -1.000000  0.413558 0.980723 0
ohmbattery
0  2.376325 4.571716 0.454348  0.000000 -0.000000 -1.000000  0.451959 0.986421 0
0  3.268223 4.483870 0.454348  -0.000000 -0.000000 -1.000000  0.432694 0.986421 0
0  3.217748 4.230120 0.454348  0.000000 -0.000000 -1.000000  0.432691 0.980723 0
ohmbattery
0  2.376325 4.571720 19.874392  0.034676 0.705828 0.707534  0.145881 0.950106 0
0  -3.674174 4.571720 19.874392  0.000000 0.707107 0.707107  0.012270 0.950106 0
0  -3.499084 4.080082 20.366028  0.000000 0.707107 0.707107  0.016141 0.934752 0
ohmbattery
0  6.606447 0.841423 0.846873  -0.980785 -0.195091 0.000000  0.270197 0.976383 0
0  6.361012 1.650511 0.846872  -0.923879 -0.382684 0.000000  0.251537 0.976383 0
0  6.361012 1.650511 0.454349  -0.923879 -0.382684 0.000000  0.251537 0.967720 0
ohmbattery
0  4.772497 3.586124 0.846872  -0.555570 -0.831470 0.000001  0.195556 0.976383 0
0  4.026836 3.984687 0.846872  -0.382682 -0.923880 0.000001  0.176896 0.976383 0
0  4.026836 3.984686 0.454348  -0.382682 -0.923880 0.000001  0.176896 0.967720 0
ohmbattery
0  6.361012 1.650511 0.846872  -0.923879 -0.382684 0.000000  0.251537 0.976383 0
0  5.962449 2.396172 0.846872  -0.831470 -0.555570 0.000001  0.232877 0.976383 0
0  5.962449 2.396171 0.454349  -0.831470 -0.555570 0.000001  0.232877 0.967720 0
ohmbattery
0  4.026836 3.984687 0.846872  -0.382682 -0.923880 0.000001  0.176896 0.976383 0
0  3.217748 4.230120 0.846872  -0.195091 -0.980785 0.000000  0.158236 0.976383 0
0  3.217748 4.230120 0.454348  -0.195091 -0.980785 0.000000  0.158236 0.967720 0
ohmbattery
0  5.962449 2.396172 0.846872  -0.831470 -0.555570 0.000001  0.232877 0.976383 0
0  5.426074 3.049747 0.846872  -0.707107 -0.707106 0.000001  0.214216 0.976383 0
0  5.426074 3.049746 0.454348  -0.707107 -0.707107 0.000001  0.214216 0.967720 0
ohmbattery
0  -3.416705 4.314240 0.454348  0.000000 -0.000000 -1.000000  0.579993 0.980723 0
0  -3.674174 4.571716 0.454348  0.000000 -0.000000 -1.000000  0.585692 0.986421 0
0  2.376325 4.571716 0.454348  0.000000 -0.000000 -1.000000  0.451959 0.986421 0
ohmbattery
0  6.689319 0.000000 0.846873  -1.000000 0.000000 -0.000000  0.288857 0.976383 0
0  6.606447 0.841423 0.846873  -0.980785 -0.195091 0.000000  0.270197 0.976383 0
0  6.606447 0.841423 0.454349  -0.980785 -0.195091 0.000000  0.270197 0.967720 0
ohmbattery
0  3.217748 4.230120 0.846872  -0.195091 -0.980785 0.000000  0.158236 0.976383 0
0  2.363676 4.314240 0.846872  -0.049069 -0.998795 0.000000  0.139295 0.976383 0
0  2.363676 4.314240 0.454348  -0.049069 -0.998795 0.000000  0.139295 0.967720 0
ohmbattery
0  6.860198 0.891897 0.454349  0.980785 0.195091 -0.000000  0.858700 0.027185 0
0  6.860198 0.891900 19.874392  0.980785 0.195091 -0.000000  0.906572 0.027185 0
0  6.948040 0.000003 19.874392  1.000000 0.000000 -0.000000  0.906572 0.029394 0
ohmbattery
0  2.376325 4.571716 0.454348  0.049069 0.998795 -0.000000  0.858700 0.011721 0
0  2.376325 4.571720 19.874392  0.049069 0.998795 -0.000000  0.906572 0.011721 0
0  3.268223 4.483873 19.874392  0.195091 0.980785 -0.000000  0.906572 0.013930 0
ohmbattery
0  3.268223 4.483870 0.454348  0.195091 0.980785 -0.000000  0.858700 0.013930 0
0  3.268223 4.483873 19.874392  0.195091 0.980785 -0.000000  0.906572 0.013930 0
0  4.125844 4.223717 19.874392  0.382683 0.923880 -0.000000  0.906572 0.016139 0
ohmbattery
0  4.125844 4.223714 0.454348  0.382682 0.923880 -0.000000  0.858700 0.016139 0
0  4.125844 4.223717 19.874392  0.382683 0.923880 -0.000000  0.906572 0.016139 0
0  4.916234 3.801247 19.874392  0.555570 0.831470 -0.000000  0.906572 0.018348 0
ohmbattery
0  4.916234 3.801243 0.454348  0.555570 0.831470 -0.000000  0.858700 0.018348 0
0  4.916234 3.801247 19.874392  0.555570 0.831470 -0.000000  0.906572 0.018348 0
0  5.609017 3.232693 19.874392  0.707107 0.707106 -0.000000  0.906572 0.020557 0
ohmbattery
0  5.609017 3.232690 0.454348  0.707107 0.707107 -0.000000  0.858700 0.020557 0
0  5.609017 3.232693 19.874392  0.707107 0.707106 -0.000000  0.906572 0.020557 0
0  6.177567 2.539913 19.874392  0.831470 0.555570 -0.000000  0.906572 0.022767 0
ohmbattery
0  6.177567 2.539909 0.454348  0.831470 0.555569 -0.000000  0.858700 0.022767 0
0  6.177567 2.539913 19.874392  0.831470 0.555570 -0.000000  0.906572 0.022767 0
0  6.600039 1.749523 19.874392  0.923879 0.382684 -0.000000  0.906572 0.024976 0
ohmbattery
0  6.860198 0.891897 0.454349  0.980785 0.195091 -0.000000  0.858700 0.027185 0
0  6.600039 1.749520 0.454349  0.923880 0.382683 -0.000000  0.858700 0.024976 0
0  6.600039 1.749523 19.874392  0.923879 0.382684 -0.000000  0.906572 0.024976 0
ohmbattery
0  -3.674174 4.571720 19.874392  -0.446962 0.547927 0.707108  0.833607 0.969715 0
0  -6.056653 2.628245 19.874392  -0.446962 0.547926 0.707108  0.901470 0.969715 0
0  -5.565016 2.394827 20.366028  -0.446962 0.547926 0.707108  0.896318 0.985062 0
ohmbattery
0  2.363676 4.314240 0.846872  -0.049069 -0.998795 0.000000  0.139295 0.976383 0
0  -3.416705 4.314240 0.846872  0.000000 -1.000000 0.000000  0.011722 0.976383 0
0  -3.416705 4.314240 0.454348  0.000000 -1.000000 0.000000  0.011722 0.967720 0
ohmbattery
0  -3.674174 4.571720 19.874392  -0.632102 0.774885 -0.000000  0.411461 0.864491 0
0  -3.674174 4.571717 1.764359  -0.632102 0.774885 -0.000000  0.011718 0.864491 0
0  -6.056653 2.628244 17.551115  -0.632102 0.774885 -0.000000  0.360179 0.796625 0
ohmbattery
0  -3.674174 4.571717 1.764359  -0.632102 0.774885 -0.000000  0.011718 0.864491 0
0  -7.106458 1.771878 1.764359  -0.632102 0.774885 -0.000000  0.011718 0.766721 0
0  -6.056653 2.628244 17.551115  -0.632102 0.774885 -0.000000  0.360179 0.796625 0
ohmbattery
0  -3.586120 3.385046 1.445752  0.000000 1.000000 0.000000  0.950695 0.758263 0
0  -4.768772 3.385046 1.445752  0.000000 1.000000 0.000000  0.924591 0.758263 0
0  -4.768772 3.385046 1.832602  0.000000 1.000000 0.000000  0.924591 0.749723 0
ohmbattery
0  -4.768772 2.861655 0.922362  0.000000 0.707107 -0.707107  0.229354 0.626718 0
0  -4.768772 3.385046 1.445752  0.000000 0.707107 -0.707107  0.245692 0.626718 0
0  -3.586120 3.385046 1.445752  0.000000 0.707107 -0.707107  0.245692 0.652822 0
ohmbattery
0  -3.674174 4.571717 1.764359  -1.000000 0.000000 0.000000  0.238688 0.599633 0
0  -3.674174 4.571716 0.454348  -1.000000 0.000000 0.000000  0.238688 0.570718 0
0  -3.674174 -4.571716 0.454350  -1.000000 0.000000 0.000000  0.440505 0.570718 0
ohmbattery
0  2.352172 4.080082 20.366028  -0.000000 0.000000 1.000000  0.680133 0.624835 0
0  2.352172 -4.080076 20.366028  -0.000001 0.000000 1.000000  0.680133 0.444716 0
0  3.171845 -3.999343 20.366028  -0.000001 0.000000 1.000000  0.698225 0.446499 0
ohmbattery
0  3.171845 -3.999343 20.366028  -0.000001 0.000000 1.000000  0.698225 0.446499 0
0  3.936793 -3.767300 20.366028  0.000000 0.000000 1.000000  0.715110 0.451620 0
0  4.641774 -3.390481 20.366028  0.000000 0.000000 1.000000  0.730671 0.459938 0
ohmbattery
0  4.641774 -3.390481 20.366028  0.000000 0.000000 1.000000  0.730671 0.459938 0
0  5.259696 -2.883365 20.366028  0.000000 0.000000 1.000000  0.744310 0.471132 0
0  3.171845 -3.999343 20.366028  -0.000001 0.000000 1.000000  0.698225 0.446499 0
ohmbattery
0  5.259696 -2.883365 20.366028  0.000000 0.000000 1.000000  0.744310 0.471132 0
0  5.766808 -2.265446 20.366028  0.000001 0.000000 1.000000  0.755504 0.484771 0
0  3.171845 -3.999343 20.366028  -0.000001 0.000000 1.000000  0.698225 0.446499 0
ohmbattery
0  5.766808 -2.265446 20.366028  0.000001 0.000000 1.000000  0.755504 0.484771 0
0  6.143628 -1.560464 20.366028  0.000010 0.000000 1.000000  0.763821 0.500332 0
0  6.375674 0.795522 20.366028  0.000001 0.000000 1.000000  0.768943 0.552335 0
ohmbattery
0  6.143628 -1.560464 20.366028  0.000010 0.000000 1.000000  0.763821 0.500332 0
0  6.375674 -0.795516 20.366028  0.000000 0.000000 1.000000  0.768943 0.517216 0
0  6.375674 0.795522 20.366028  0.000001 0.000000 1.000000  0.768943 0.552335 0
ohmbattery
0  6.375674 -0.795516 20.366028  0.000000 0.000000 1.000000  0.768943 0.517216 0
0  6.454025 0.000003 20.366028  0.000000 0.000000 1.000000  0.770673 0.534776 0
0  6.375674 0.795522 20.366028  0.000001 0.000000 1.000000  0.768943 0.552335 0
ohmbattery
0  6.375674 0.795522 20.366028  0.000001 0.000000 1.000000  0.768943 0.552335 0
0  6.143628 1.560470 20.366028  -0.000001 0.000000 1.000000  0.763821 0.569219 0
0  4.641774 3.390488 20.366028  0.000000 0.000000 1.000000  0.730671 0.609613 0
ohmbattery
0  6.143628 1.560470 20.366028  -0.000001 0.000000 1.000000  0.763821 0.569219 0
0  5.766808 2.265452 20.366028  -0.000009 0.000000 1.000000  0.755504 0.584781 0
0  4.641774 3.390488 20.366028  0.000000 0.000000 1.000000  0.730671 0.609613 0
ohmbattery
0  5.766808 2.265452 20.366028  -0.000009 0.000000 1.000000  0.755504 0.584781 0
0  5.259696 2.883371 20.366028  0.000015 0.000000 1.000000  0.744310 0.598419 0
0  4.641774 3.390488 20.366028  0.000000 0.000000 1.000000  0.730671 0.609613 0
ohmbattery
0  4.641774 3.390488 20.366028  0.000000 0.000000 1.000000  0.730671 0.609613 0
0  3.936793 3.767306 20.366028  0.000000 0.000000 1.000000  0.715110 0.617931 0
0  3.171845 3.999350 20.366028  0.000000 0.000000 1.000000  0.698225 0.623052 0
ohmbattery
0  3.171845 3.999350 20.366028  0.000000 0.000000 1.000000  0.698225 0.623052 0
0  2.352172 4.080082 20.366028  -0.000000 0.000000 1.000000  0.680133 0.624835 0
0  3.171845 -3.999343 20.366028  -0.000001 0.000000 1.000000  0.698225 0.446499 0
ohmbattery
0  4.641774 3.390488 20.366028  0.000000 0.000000 1.000000  0.730671 0.609613 0
0  3.171845 3.999350 20.366028  0.000000 0.000000 1.000000  0.698225 0.623052 0
0  6.375674 0.795522 20.366028  0.000001 0.000000 1.000000  0.768943 0.552335 0
ohmbattery
0  3.171845 3.999350 20.366028  0.000000 0.000000 1.000000  0.698225 0.623052 0
0  3.171845 -3.999343 20.366028  -0.000001 0.000000 1.000000  0.698225 0.446499 0
0  6.375674 0.795522 20.366028  0.000001 0.000000 1.000000  0.768943 0.552335 0
ohmbattery
0  -5.565018 -1.427835 20.366028  0.000000 0.000000 1.000000  0.505378 0.503259 0
0  -3.499084 -4.080076 20.366028  0.000000 0.000000 1.000000  0.550979 0.444716 0
0  -3.499084 4.080082 20.366028  0.000000 0.000000 1.000000  0.550979 0.624835 0
ohmbattery
0  -3.499084 -4.080076 20.366028  0.000000 0.000000 1.000000  0.550979 0.444716 0
0  2.352172 -4.080076 20.366028  -0.000001 0.000000 1.000000  0.680133 0.444716 0
0  -3.499084 4.080082 20.366028  0.000000 0.000000 1.000000  0.550979 0.624835 0
ohmbattery
0  2.352172 -4.080076 20.366028  -0.000001 0.000000 1.000000  0.680133 0.444716 0
0  2.352172 4.080082 20.366028  -0.000000 0.000000 1.000000  0.680133 0.624835 0
0  -3.499084 4.080082 20.366028  0.000000 0.000000 1.000000  0.550979 0.624835 0
ohmbattery
0  1.184947 -4.612614 21.404596  0.000259 1.000000 -0.000000  0.858702 0.471335 0
0  2.484753 -4.613096 21.404596  -0.048102 0.998842 -0.000000  0.858702 0.442645 0
0  2.484753 -4.613096 19.004282  -0.048102 0.998842 -0.000000  0.911684 0.442645 0
ohmbattery
0  2.484753 -4.613096 21.404596  -0.048102 0.998842 -0.000000  0.858702 0.442645 0
0  3.404258 -4.523984 21.404596  -0.194323 0.980938 -0.000000  0.858702 0.422254 0
0  3.404258 -4.523984 19.004282  -0.194323 0.980938 -0.000000  0.911684 0.422254 0
ohmbattery
0  3.404258 -4.523984 21.404596  -0.194323 0.980938 -0.000000  0.858702 0.422254 0
0  4.269553 -4.261500 21.404596  -0.382684 0.923879 -0.000000  0.858702 0.402295 0
0  4.269553 -4.261500 19.004282  -0.382684 0.923879 -0.000000  0.911684 0.402295 0
ohmbattery
0  4.269553 -4.261500 21.404596  -0.382684 0.923879 -0.000000  0.858702 0.402295 0
0  5.067013 -3.835248 21.404596  -0.555571 0.831469 -0.000000  0.858702 0.382336 0
0  5.067013 -3.835248 19.004282  -0.555570 0.831470 -0.000000  0.911684 0.382336 0
ohmbattery
0  5.067013 -3.835248 21.404596  -0.555571 0.831469 -0.000000  0.858702 0.382336 0
0  5.765994 -3.261610 21.404596  -0.707107 0.707107 -0.000000  0.858702 0.362378 0
0  5.765994 -3.261610 19.004282  -0.707107 0.707107 -0.000000  0.911684 0.362378 0
ohmbattery
0  5.765994 -3.261610 21.404596  -0.707107 0.707107 -0.000000  0.858702 0.362378 0
0  6.339631 -2.562630 21.404596  -0.831470 0.555570 -0.000000  0.858702 0.342419 0
0  6.339631 -2.562631 19.004282  -0.831470 0.555569 -0.000000  0.911684 0.342419 0
ohmbattery
0  6.339631 -2.562630 21.404596  -0.831470 0.555570 -0.000000  0.858702 0.342419 0
0  6.765882 -1.765169 21.404596  -0.923880 0.382683 -0.000000  0.858703 0.322460 0
0  6.765882 -1.765169 19.004282  -0.923880 0.382684 -0.000000  0.911684 0.322460 0
ohmbattery
0  6.765882 -1.765169 21.404596  -0.923880 0.382683 -0.000000  0.858703 0.322460 0
0  7.028368 -0.899873 21.404596  -0.980578 0.196131 -0.000000  0.858703 0.302501 0
0  7.028368 -0.899873 19.004282  -0.980578 0.196131 -0.000000  0.911684 0.302501 0
ohmbattery
0  7.028368 -0.899873 19.004282  -0.980578 0.196131 -0.000000  0.911684 0.302501 0
0  7.028368 -0.899873 21.404596  -0.980578 0.196131 -0.000000  0.858703 0.302501 0
0  7.118926 0.000003 21.404596  -1.000000 0.000001 0.000000  0.858703 0.282538 0
ohmbattery
0  7.420682 -0.977913 0.000000  -0.000000 -0.000000 -1.000000  0.268050 0.963517 0
0  7.028368 -0.899877 0.000000  -0.000000 -0.000000 -1.000000  0.268050 0.954720 0
0  7.118926 0.000000 0.000000  -0.000000 -0.000000 -1.000000  0.288876 0.954720 0
ohmbattery
0  7.420682 -0.977910 21.404596  -0.000001 0.000000 1.000000  0.228324 0.877512 0
0  7.517000 0.000003 21.404596  0.000000 0.000000 1.000000  0.207491 0.877512 0
0  7.118926 0.000003 21.404596  0.000000 0.000000 1.000000  0.207491 0.868716 0
ohmbattery
0  7.135435 -1.918246 0.000000  0.000000 -0.000000 -1.000000  0.247225 0.963517 0
0  6.765882 -1.765172 0.000000  0.000000 -0.000000 -1.000000  0.247225 0.954720 0
0  7.028368 -0.899877 0.000000  -0.000000 -0.000000 -1.000000  0.268050 0.954720 0
ohmbattery
0  7.420682 -0.977910 21.404596  -0.000001 0.000000 1.000000  0.228324 0.877512 0
0  7.028368 -0.899873 21.404596  0.000000 0.000000 1.000000  0.228324 0.868716 0
0  6.765882 -1.765169 21.404596  -0.000002 0.000000 1.000000  0.249154 0.868716 0
ohmbattery
0  6.672219 -2.784862 0.000000  -0.000000 -0.000000 -1.000000  0.226401 0.963517 0
0  6.339631 -2.562634 0.000000  -0.000000 -0.000000 -1.000000  0.226401 0.954720 0
0  6.765882 -1.765172 0.000000  0.000000 -0.000000 -1.000000  0.247225 0.954720 0
ohmbattery
0  7.135435 -1.918242 21.404596  -0.000002 0.000000 1.000000  0.249154 0.877512 0
0  6.765882 -1.765169 21.404596  -0.000002 0.000000 1.000000  0.249154 0.868716 0
0  6.339631 -2.562630 21.404596  0.000000 0.000000 1.000000  0.269985 0.868716 0
ohmbattery
0  6.672219 -2.784862 0.000000  -0.000000 -0.000000 -1.000000  0.226401 0.963517 0
0  6.048837 -3.544456 0.000001  0.000000 -0.000000 -1.000000  0.205576 0.963517 0
0  5.765994 -3.261613 0.000001  0.000000 -0.000000 -1.000000  0.205576 0.954720 0
ohmbattery
0  6.672219 -2.784858 21.404596  -0.000000 0.000000 1.000000  0.269985 0.877512 0
0  6.339631 -2.562630 21.404596  0.000000 0.000000 1.000000  0.269985 0.868716 0
0  5.765994 -3.261610 21.404596  -0.000002 0.000000 1.000000  0.290815 0.868716 0
ohmbattery
0  5.289241 -4.167839 0.000001  0.000000 -0.000000 -1.000000  0.184752 0.963517 0
0  5.067013 -3.835251 0.000001  0.000000 -0.000000 -1.000000  0.184752 0.954720 0
0  5.765994 -3.261613 0.000001  0.000000 -0.000000 -1.000000  0.205576 0.954720 0
ohmbattery
0  5.289241 -4.167836 21.404596  -0.000000 0.000000 1.000000  0.311646 0.877512 0
0  6.048837 -3.544453 21.404596  -0.000002 0.000000 1.000000  0.290815 0.877512 0
0  5.765994 -3.261610 21.404596  -0.000002 0.000000 1.000000  0.290815 0.868716 0
ohmbattery
0  5.289241 -4.167839 0.000001  0.000000 -0.000000 -1.000000  0.184752 0.963517 0
0  4.422626 -4.631055 0.000001  0.000000 -0.000000 -1.000000  0.163927 0.963517 0
0  4.269553 -4.261503 0.000001  0.000000 -0.000000 -1.000000  0.163927 0.954720 0
ohmbattery
0  5.289241 -4.167836 21.404596  -0.000000 0.000000 1.000000  0.311646 0.877512 0
0  5.067013 -3.835248 21.404596  0.000000 0.000000 1.000000  0.311646 0.868717 0
0  4.269553 -4.261500 21.404596  0.000001 0.000000 1.000000  0.332476 0.868717 0
ohmbattery
0  4.422626 -4.631055 0.000001  0.000000 -0.000000 -1.000000  0.163927 0.963517 0
0  3.482293 -4.916301 0.000001  -0.000000 -0.000000 -1.000000  0.143103 0.963517 0
0  3.404258 -4.523987 0.000001  -0.000000 -0.000000 -1.000000  0.143103 0.954720 0
ohmbattery
0  4.422626 -4.631052 21.404596  0.000001 0.000000 1.000000  0.332476 0.877512 0
0  4.269553 -4.261500 21.404596  0.000001 0.000000 1.000000  0.332476 0.868717 0
0  3.404258 -4.523984 21.404596  0.000000 0.000000 1.000000  0.353306 0.868717 0
ohmbattery
0  2.504380 -5.012617 0.000001  0.000000 -0.000000 -1.000000  0.122062 0.963517 0
0  2.484753 -4.613099 0.000001  0.000000 -0.000000 -1.000000  0.122062 0.954720 0
0  3.404258 -4.523987 0.000001  -0.000000 -0.000000 -1.000000  0.143103 0.954720 0
ohmbattery
0  2.504380 -5.012614 21.404596  0.000000 0.000000 1.000000  0.374353 0.877512 0
0  3.482293 -4.916298 21.404596  0.000000 0.000000 1.000000  0.353306 0.877512 0
0  3.404258 -4.523984 21.404596  0.000000 0.000000 1.000000  0.353306 0.868717 0
ohmbattery
0  1.184947 -5.012617 0.000001  -0.000000 -0.000000 -1.000000  0.093155 0.963517 0
0  1.184947 -4.612617 0.000001  -0.000000 -0.000000 -1.000000  0.093155 0.954720 0
0  2.484753 -4.613099 0.000001  0.000000 -0.000000 -1.000000  0.122062 0.954720 0
ohmbattery
0  1.184947 -5.012614 21.404596  -0.000000 0.000000 1.000000  0.403268 0.877512 0
0  2.504380 -5.012614 21.404596  0.000000 0.000000 1.000000  0.374353 0.877512 0
0  2.484753 -4.613096 21.404596  0.000000 0.000000 1.000000  0.374353 0.868717 0
ohmbattery
0  -2.504380 -5.012617 0.000001  0.000000 -0.000000 -1.000000  0.011720 0.963517 0
0  -2.504380 -4.612617 0.000001  0.000000 -0.000000 -1.000000  0.011720 0.954720 0
0  1.184947 -4.612617 0.000001  -0.000000 -0.000000 -1.000000  0.093155 0.954720 0
ohmbattery
0  1.184947 -5.012614 21.404596  -0.780695 0.000000 0.624912  0.793995 0.889715 0
0  1.184947 -4.612614 21.404596  -0.780695 0.000000 0.624913  0.793995 0.898544 0
0  -2.504380 -4.612614 16.795559  -0.780696 0.000000 0.624911  0.663702 0.898543 0
ohmbattery
0  -2.504380 -5.012614 16.795559  -1.000000 0.000000 0.000000  0.011719 0.890548 0
0  -2.504380 -4.612614 16.795559  -1.000000 0.000000 0.000000  0.011719 0.881717 0
0  -2.504380 -4.612617 1.013960  -1.000000 0.000000 0.000000  0.360151 0.881717 0
ohmbattery
0  7.028368 -0.899873 19.004282  -0.980578 0.196131 -0.000000  0.863282 0.524613 0
0  7.118926 0.000003 19.004282  -1.000000 -0.000000 0.000000  0.863282 0.529072 0
0  7.118926 0.000000 1.013960  -1.000000 -0.000000 -0.000000  0.774588 0.529072 0
ohmbattery
0  6.765882 -1.765169 19.004282  -0.923880 0.382684 -0.000000  0.863282 0.520155 0
0  7.028368 -0.899873 19.004282  -0.980578 0.196131 -0.000000  0.863282 0.524613 0
0  7.028368 -0.899876 1.013960  -0.980578 0.196131 -0.000000  0.774588 0.524613 0
ohmbattery
0  6.339631 -2.562631 19.004282  -0.831470 0.555569 -0.000000  0.863282 0.515697 0
0  6.765882 -1.765169 19.004282  -0.923880 0.382684 -0.000000  0.863282 0.520155 0
0  6.765882 -1.765172 1.013960  -0.923879 0.382684 -0.000000  0.774588 0.520155 0
ohmbattery
0  5.765994 -3.261610 19.004282  -0.707107 0.707107 -0.000000  0.863282 0.511239 0
0  6.339631 -2.562631 19.004282  -0.831470 0.555569 -0.000000  0.863282 0.515697 0
0  6.339631 -2.562634 1.013960  -0.831470 0.555570 -0.000000  0.774588 0.515697 0
ohmbattery
0  5.067013 -3.835248 19.004282  -0.555570 0.831470 -0.000000  0.863282 0.506781 0
0  5.765994 -3.261610 19.004282  -0.707107 0.707107 -0.000000  0.863282 0.511239 0
0  5.765994 -3.261613 1.013960  -0.707107 0.707107 -0.000000  0.774588 0.511239 0
ohmbattery
0  4.269553 -4.261500 19.004282  -0.382684 0.923879 -0.000000  0.863282 0.502323 0
0  5.067013 -3.835248 19.004282  -0.555570 0.831470 -0.000000  0.863282 0.506781 0
0  5.067013 -3.835251 1.013960  -0.555570 0.831470 -0.000000  0.774588 0.506781 0
ohmbattery
0  3.404258 -4.523984 19.004282  -0.194323 0.980938 -0.000000  0.863282 0.497865 0
0  4.269553 -4.261500 19.004282  -0.382684 0.923879 -0.000000  0.863282 0.502323 0
0  4.269553 -4.261503 1.013960  -0.382684 0.923879 -0.000000  0.774588 0.502323 0
ohmbattery
0  2.484753 -4.613096 19.004282  -0.048102 0.998842 -0.000000  0.863282 0.493311 0
0  3.404258 -4.523984 19.004282  -0.194323 0.980938 -0.000000  0.863282 0.497865 0
0  3.404258 -4.523987 1.013960  -0.194323 0.980938 -0.000000  0.774588 0.497865 0
ohmbattery
0  1.184947 -4.612614 19.004282  0.000185 1.000000 -0.000000  0.863282 0.486902 0
0  2.484753 -4.613096 19.004282  -0.048102 0.998842 -0.000000  0.863282 0.493311 0
0  2.484753 -4.613099 1.013960  -0.048102 0.998842 -0.000000  0.774588 0.493311 0
ohmbattery
0  -2.504380 -4.612614 16.795559  0.000000 1.000000 -0.000000  0.852393 0.468714 0
0  1.184947 -4.612614 19.004282  0.000185 1.000000 -0.000000  0.863282 0.486902 0
0  1.184947 -4.612617 1.013960  0.000185 1.000000 -0.000000  0.774588 0.486902 0
ohmbattery
0  7.517000 0.000000 0.000000  1.000000 0.000000 -0.000000  0.295800 0.011721 0
0  7.517000 0.000003 21.404596  1.000000 0.000000 0.000000  0.295800 0.484184 0
0  7.420682 -0.977910 21.404596  0.980785 -0.195093 0.000000  0.274110 0.484184 0
ohmbattery
0  7.420682 -0.977913 0.000000  0.980785 -0.195091 0.000000  0.274110 0.011721 0
0  7.420682 -0.977910 21.404596  0.980785 -0.195093 0.000000  0.274110 0.484184 0
0  7.135435 -1.918242 21.404596  0.923879 -0.382684 0.000000  0.252420 0.484184 0
ohmbattery
0  7.135435 -1.918246 0.000000  0.923880 -0.382683 0.000000  0.252420 0.011721 0
0  7.135435 -1.918242 21.404596  0.923879 -0.382684 0.000000  0.252420 0.484184 0
0  6.672219 -2.784858 21.404596  0.831470 -0.555570 0.000000  0.230730 0.484184 0
ohmbattery
0  6.672219 -2.784862 0.000000  0.831470 -0.555570 0.000000  0.230730 0.011721 0
0  6.672219 -2.784858 21.404596  0.831470 -0.555570 0.000000  0.230730 0.484184 0
0  6.048837 -3.544453 21.404596  0.707107 -0.707107 0.000000  0.209040 0.484184 0
ohmbattery
0  6.048837 -3.544456 0.000001  0.707107 -0.707107 0.000000  0.209040 0.011721 0
0  6.048837 -3.544453 21.404596  0.707107 -0.707107 0.000000  0.209040 0.484184 0
0  5.289241 -4.167836 21.404596  0.555570 -0.831470 0.000000  0.187350 0.484184 0
ohmbattery
0  5.289241 -4.167839 0.000001  0.555570 -0.831470 0.000000  0.187350 0.011721 0
0  5.289241 -4.167836 21.404596  0.555570 -0.831470 0.000000  0.187350 0.484184 0
0  4.422626 -4.631052 21.404596  0.382683 -0.923880 0.000000  0.165661 0.484184 0
ohmbattery
0  4.422626 -4.631055 0.000001  0.382684 -0.923880 0.000000  0.165661 0.011721 0
0  4.422626 -4.631052 21.404596  0.382683 -0.923880 0.000000  0.165661 0.484184 0
0  3.482293 -4.916298 21.404596  0.195090 -0.980785 0.000000  0.143971 0.484184 0
ohmbattery
0  3.482293 -4.916301 0.000001  0.195090 -0.980785 0.000000  0.143971 0.011721 0
0  3.482293 -4.916298 21.404596  0.195090 -0.980785 0.000000  0.143971 0.484184 0
0  2.504380 -5.012614 21.404596  0.049068 -0.998795 0.000000  0.122281 0.484184 0
ohmbattery
0  2.504380 -5.012617 0.000001  0.049068 -0.998795 0.000000  0.122281 0.011721 0
0  2.504380 -5.012614 21.404596  0.049068 -0.998795 0.000000  0.122281 0.484184 0
0  1.184947 -5.012614 21.404596  -0.000000 -1.000000 0.000000  0.093157 0.484184 0
ohmbattery
0  1.184947 -5.012617 0.000001  -0.000000 -1.000000 0.000000  0.093157 0.011721 0
0  1.184947 -5.012614 21.404596  -0.000000 -1.000000 0.000000  0.093157 0.484184 0
0  -2.504380 -5.012614 16.795559  -0.000000 -1.000000 0.000000  0.011722 0.382449 0
ohmbattery
0  -2.504380 -4.612617 1.013960  0.000000 1.000000 -0.000000  0.011718 0.907724 0
0  1.184947 -4.612617 1.013960  0.000185 1.000000 -0.000000  0.093146 0.907724 0
0  1.184947 -4.612617 0.000001  0.000185 1.000000 0.000000  0.093146 0.930103 0
ohmbattery
0  1.184947 -4.612617 1.013960  0.000185 1.000000 -0.000000  0.093146 0.907724 0
0  2.484753 -4.613099 1.013960  -0.048102 0.998842 -0.000000  0.121834 0.907724 0
0  2.484753 -4.613099 0.000001  -0.048102 0.998842 0.000000  0.121834 0.930103 0
ohmbattery
0  2.484753 -4.613099 1.013960  -0.048102 0.998842 -0.000000  0.121834 0.907724 0
0  3.404258 -4.523987 1.013960  -0.194323 0.980938 -0.000000  0.142223 0.907724 0
0  3.404258 -4.523987 0.000001  -0.194323 0.980938 0.000000  0.142223 0.930103 0
ohmbattery
0  3.404258 -4.523987 1.013960  -0.194323 0.980938 -0.000000  0.142223 0.907724 0
0  4.269553 -4.261503 1.013960  -0.382684 0.923879 -0.000000  0.162181 0.907724 0
0  4.269553 -4.261503 0.000001  -0.382683 0.923880 0.000000  0.162181 0.930103 0
ohmbattery
0  4.269553 -4.261503 1.013960  -0.382684 0.923879 -0.000000  0.162181 0.907724 0
0  5.067013 -3.835251 1.013960  -0.555570 0.831470 -0.000000  0.182138 0.907724 0
0  5.067013 -3.835251 0.000001  -0.555570 0.831470 -0.000000  0.182138 0.930103 0
ohmbattery
0  5.067013 -3.835251 1.013960  -0.555570 0.831470 -0.000000  0.182138 0.907724 0
0  5.765994 -3.261613 1.013960  -0.707107 0.707107 -0.000000  0.202095 0.907724 0
0  5.765994 -3.261613 0.000001  -0.707107 0.707107 -0.000000  0.202095 0.930103 0
ohmbattery
0  5.765994 -3.261613 1.013960  -0.707107 0.707107 -0.000000  0.202095 0.907724 0
0  6.339631 -2.562634 1.013960  -0.831470 0.555570 -0.000000  0.222053 0.907724 0
0  6.339631 -2.562634 0.000000  -0.831470 0.555570 -0.000000  0.222053 0.930103 0
ohmbattery
0  6.339631 -2.562634 1.013960  -0.831470 0.555570 -0.000000  0.222053 0.907724 0
0  6.765882 -1.765172 1.013960  -0.923879 0.382684 -0.000000  0.242010 0.907724 0
0  6.765882 -1.765172 0.000000  -0.923879 0.382684 -0.000000  0.242010 0.930103 0
ohmbattery
0  6.765882 -1.765172 1.013960  -0.923879 0.382684 -0.000000  0.242010 0.907724 0
0  7.028368 -0.899876 1.013960  -0.980578 0.196131 -0.000000  0.261967 0.907724 0
0  7.028368 -0.899877 0.000000  -0.980578 0.196131 -0.000000  0.261967 0.930103 0
ohmbattery
0  7.028368 -0.899876 1.013960  -0.980578 0.196131 -0.000000  0.261967 0.907724 0
0  7.118926 0.000000 1.013960  -1.000000 -0.000000 -0.000000  0.281929 0.907724 0
0  7.118926 0.000000 0.000000  -1.000000 -0.000000 -0.000000  0.281929 0.930103 0
ohmbattery
0  2.484753 4.613102 19.004282  -0.048102 -0.998842 0.000000  0.911684 0.122431 0
0  2.484753 4.613102 21.404596  -0.048102 -0.998842 0.000000  0.858703 0.122431 0
0  1.184947 4.612620 21.404596  0.000259 -1.000000 0.000000  0.858703 0.093741 0
ohmbattery
0  3.404258 4.523990 19.004282  -0.194323 -0.980937 0.000000  0.911684 0.142822 0
0  3.404258 4.523991 21.404596  -0.194323 -0.980938 0.000000  0.858703 0.142822 0
0  2.484753 4.613102 21.404596  -0.048102 -0.998842 0.000000  0.858703 0.122431 0
ohmbattery
0  4.269553 4.261506 19.004282  -0.382684 -0.923879 0.000000  0.911684 0.162781 0
0  4.269553 4.261507 21.404596  -0.382684 -0.923880 0.000000  0.858703 0.162781 0
0  3.404258 4.523991 21.404596  -0.194323 -0.980938 0.000000  0.858703 0.142822 0
ohmbattery
0  5.067013 3.835254 19.004282  -0.555570 -0.831470 0.000000  0.911684 0.182740 0
0  5.067013 3.835255 21.404596  -0.555570 -0.831470 0.000000  0.858703 0.182740 0
0  4.269553 4.261507 21.404596  -0.382684 -0.923880 0.000000  0.858703 0.162781 0
ohmbattery
0  5.765994 3.261616 19.004282  -0.707107 -0.707107 0.000000  0.911684 0.202699 0
0  5.765994 3.261617 21.404596  -0.707107 -0.707107 0.000000  0.858703 0.202698 0
0  5.067013 3.835255 21.404596  -0.555570 -0.831470 0.000000  0.858703 0.182740 0
ohmbattery
0  6.339631 2.562637 19.004282  -0.831470 -0.555569 0.000000  0.911684 0.222657 0
0  6.339631 2.562637 21.404596  -0.831470 -0.555570 0.000000  0.858703 0.222657 0
0  5.765994 3.261617 21.404596  -0.707107 -0.707107 0.000000  0.858703 0.202698 0
ohmbattery
0  6.765882 1.765175 19.004282  -0.923879 -0.382684 0.000000  0.911684 0.242616 0
0  6.765882 1.765176 21.404596  -0.923880 -0.382683 0.000000  0.858703 0.242616 0
0  6.339631 2.562637 21.404596  -0.831470 -0.555570 0.000000  0.858703 0.222657 0
ohmbattery
0  7.028368 0.899880 19.004282  -0.980578 -0.196132 0.000000  0.911684 0.262575 0
0  7.028368 0.899880 21.404596  -0.980578 -0.196131 0.000000  0.858703 0.262575 0
0  6.765882 1.765176 21.404596  -0.923880 -0.382683 0.000000  0.858703 0.242616 0
ohmbattery
0  7.118926 0.000003 19.004282  -1.000000 -0.000000 0.000000  0.911684 0.282538 0
0  7.118926 0.000003 21.404596  -1.000000 0.000001 0.000000  0.858703 0.282538 0
0  7.028368 0.899880 21.404596  -0.980578 -0.196131 0.000000  0.858703 0.262575 0
ohmbattery
0  7.118926 0.000000 0.000000  -0.000000 -0.000000 -1.000000  0.288876 0.954720 0
0  7.028368 0.899877 -0.000000  0.000000 -0.000000 -1.000000  0.309703 0.954720 0
0  7.420682 0.977913 -0.000000  0.000000 -0.000000 -1.000000  0.309703 0.963517 0
ohmbattery
0  7.420682 0.977917 21.404596  0.000002 0.000000 1.000000  0.186659 0.877512 0
0  7.028368 0.899880 21.404596  0.000000 0.000000 1.000000  0.186659 0.868716 0
0  7.118926 0.000003 21.404596  0.000000 0.000000 1.000000  0.207491 0.868716 0
ohmbattery
0  7.028368 0.899877 -0.000000  0.000000 -0.000000 -1.000000  0.309703 0.954720 0
0  6.765882 1.765172 -0.000000  -0.000000 -0.000000 -1.000000  0.330527 0.954720 0
0  7.135435 1.918246 -0.000000  -0.000000 -0.000000 -1.000000  0.330527 0.963517 0
ohmbattery
0  7.135435 1.918249 21.404596  -0.000005 0.000000 1.000000  0.165828 0.877512 0
0  6.765882 1.765176 21.404596  -0.000008 0.000000 1.000000  0.165828 0.868716 0
0  7.028368 0.899880 21.404596  0.000000 0.000000 1.000000  0.186659 0.868716 0
ohmbattery
0  6.765882 1.765172 -0.000000  -0.000000 -0.000000 -1.000000  0.330527 0.954720 0
0  6.339631 2.562634 -0.000000  0.000000 -0.000000 -1.000000  0.351352 0.954720 0
0  6.672219 2.784862 -0.000000  0.000000 -0.000000 -1.000000  0.351352 0.963517 0
ohmbattery
0  6.339631 2.562637 21.404596  -0.000001 0.000000 1.000000  0.144998 0.868716 0
0  6.765882 1.765176 21.404596  -0.000008 0.000000 1.000000  0.165828 0.868716 0
0  7.135435 1.918249 21.404596  -0.000005 0.000000 1.000000  0.165828 0.877512 0
ohmbattery
0  6.672219 2.784862 -0.000000  0.000000 -0.000000 -1.000000  0.351352 0.963517 0
0  6.339631 2.562634 -0.000000  0.000000 -0.000000 -1.000000  0.351352 0.954720 0
0  5.765994 3.261613 -0.000001  -0.000000 -0.000000 -1.000000  0.372176 0.954720 0
ohmbattery
0  5.765994 3.261617 21.404596  0.000001 0.000000 1.000000  0.124167 0.868717 0
0  6.339631 2.562637 21.404596  -0.000001 0.000000 1.000000  0.144998 0.868716 0
0  6.672219 2.784865 21.404596  0.000000 0.000000 1.000000  0.144998 0.877512 0
ohmbattery
0  5.765994 3.261613 -0.000001  -0.000000 -0.000000 -1.000000  0.372176 0.954720 0
0  5.067013 3.835251 -0.000001  -0.000000 -0.000000 -1.000000  0.393001 0.954720 0
0  5.289241 4.167839 -0.000001  -0.000000 -0.000000 -1.000000  0.393001 0.963517 0
ohmbattery
0  5.289241 4.167842 21.404596  0.000000 0.000000 1.000000  0.103337 0.877512 0
0  5.067013 3.835255 21.404596  0.000000 0.000000 1.000000  0.103337 0.868717 0
0  5.765994 3.261617 21.404596  0.000001 0.000000 1.000000  0.124167 0.868717 0
ohmbattery
0  5.289241 4.167839 -0.000001  -0.000000 -0.000000 -1.000000  0.393001 0.963517 0
0  5.067013 3.835251 -0.000001  -0.000000 -0.000000 -1.000000  0.393001 0.954720 0
0  4.269553 4.261503 -0.000001  0.000000 -0.000000 -1.000000  0.413825 0.954720 0
ohmbattery
0  4.269553 4.261507 21.404596  0.000000 0.000000 1.000000  0.082507 0.868717 0
0  5.067013 3.835255 21.404596  0.000000 0.000000 1.000000  0.103337 0.868717 0
0  5.289241 4.167842 21.404596  0.000000 0.000000 1.000000  0.103337 0.877512 0
ohmbattery
0  4.422626 4.631055 -0.000001  0.000000 -0.000000 -1.000000  0.413825 0.963517 0
0  4.269553 4.261503 -0.000001  0.000000 -0.000000 -1.000000  0.413825 0.954720 0
0  3.404258 4.523987 -0.000001  0.000000 -0.000000 -1.000000  0.434650 0.954720 0
ohmbattery
0  3.404258 4.523991 21.404596  -0.000001 0.000000 1.000000  0.061676 0.868717 0
0  4.269553 4.261507 21.404596  0.000000 0.000000 1.000000  0.082507 0.868717 0
0  4.422626 4.631059 21.404596  -0.000000 0.000000 1.000000  0.082507 0.877512 0
ohmbattery
0  3.404258 4.523987 -0.000001  0.000000 -0.000000 -1.000000  0.434650 0.954720 0
0  2.484753 4.613099 -0.000001  -0.000000 -0.000000 -1.000000  0.455690 0.954720 0
0  2.504380 5.012617 -0.000001  -0.000000 -0.000000 -1.000000  0.455690 0.963517 0
ohmbattery
0  2.504380 5.012620 21.404596  0.000000 0.000000 1.000000  0.040630 0.877512 0
0  2.484753 4.613102 21.404596  0.000000 0.000000 1.000000  0.040630 0.868717 0
0  3.404258 4.523991 21.404596  -0.000001 0.000000 1.000000  0.061676 0.868717 0
ohmbattery
0  2.484753 4.613099 -0.000001  -0.000000 -0.000000 -1.000000  0.455690 0.954720 0
0  1.184947 4.612617 -0.000001  0.000000 -0.000000 -1.000000  0.484598 0.954720 0
0  1.184947 5.012617 -0.000001  0.000000 -0.000000 -1.000000  0.484598 0.963517 0
ohmbattery
0  1.184947 5.012620 21.404596  -0.000000 0.000000 1.000000  0.011714 0.877512 0
0  1.184947 4.612620 21.404596  -0.000000 0.000000 1.000000  0.011714 0.868717 0
0  2.484753 4.613102 21.404596  0.000000 0.000000 1.000000  0.040630 0.868717 0
ohmbattery
0  1.184947 4.612617 -0.000001  0.000000 -0.000000 -1.000000  0.484598 0.954720 0
0  -2.504380 4.612617 -0.000001  0.000000 -0.000000 -1.000000  0.566032 0.954720 0
0  -2.504380 5.012617 -0.000001  0.000000 -0.000000 -1.000000  0.566032 0.963517 0
ohmbattery
0  -2.504380 4.612620 16.795559  -0.780696 0.000000 0.624910  0.785292 0.911549 0
0  1.184947 4.612620 21.404596  -0.780696 0.000000 0.624912  0.654999 0.911548 0
0  1.184947 5.012620 21.404596  -0.780696 0.000000 0.624911  0.654999 0.902721 0
ohmbattery
0  -2.504380 4.612617 1.013959  -1.000000 0.000001 0.000000  0.360109 0.903551 0
0  -2.504380 4.612620 16.795559  -1.000000 0.000000 0.000000  0.011723 0.903551 0
0  -2.504380 5.012620 16.795559  -1.000000 0.000000 0.000000  0.011723 0.894722 0
ohmbattery
0  7.118926 0.000000 1.013960  -1.000000 -0.000000 -0.000000  0.774588 0.529072 0
0  7.118926 0.000003 19.004282  -1.000000 -0.000000 0.000000  0.863282 0.529072 0
0  7.028368 0.899880 19.004282  -0.980578 -0.196132 0.000000  0.863282 0.533531 0
ohmbattery
0  7.028368 0.899877 1.013959  -0.980578 -0.196131 0.000000  0.774588 0.533530 0
0  7.028368 0.899880 19.004282  -0.980578 -0.196132 0.000000  0.863282 0.533531 0
0  6.765882 1.765175 19.004282  -0.923879 -0.382684 0.000000  0.863282 0.537988 0
ohmbattery
0  6.765882 1.765172 1.013959  -0.923879 -0.382684 0.000000  0.774588 0.537988 0
0  6.765882 1.765175 19.004282  -0.923879 -0.382684 0.000000  0.863282 0.537988 0
0  6.339631 2.562637 19.004282  -0.831470 -0.555569 0.000000  0.863282 0.542446 0
ohmbattery
0  6.339631 2.562634 1.013959  -0.831470 -0.555570 0.000000  0.774588 0.542446 0
0  6.339631 2.562637 19.004282  -0.831470 -0.555569 0.000000  0.863282 0.542446 0
0  5.765994 3.261616 19.004282  -0.707107 -0.707107 0.000000  0.863282 0.546904 0
ohmbattery
0  5.765994 3.261614 1.013959  -0.707107 -0.707107 0.000000  0.774588 0.546904 0
0  5.765994 3.261616 19.004282  -0.707107 -0.707107 0.000000  0.863282 0.546904 0
0  5.067013 3.835254 19.004282  -0.555570 -0.831470 0.000000  0.863282 0.551362 0
ohmbattery
0  5.067013 3.835251 1.013959  -0.555570 -0.831470 0.000000  0.774588 0.551362 0
0  5.067013 3.835254 19.004282  -0.555570 -0.831470 0.000000  0.863282 0.551362 0
0  4.269553 4.261506 19.004282  -0.382684 -0.923879 0.000000  0.863282 0.555820 0
ohmbattery
0  4.269553 4.261503 1.013959  -0.382684 -0.923879 0.000000  0.774588 0.555820 0
0  4.269553 4.261506 19.004282  -0.382684 -0.923879 0.000000  0.863282 0.555820 0
0  3.404258 4.523990 19.004282  -0.194323 -0.980937 0.000000  0.863282 0.560278 0
ohmbattery
0  3.404258 4.523987 1.013959  -0.194323 -0.980938 0.000000  0.774588 0.560278 0
0  3.404258 4.523990 19.004282  -0.194323 -0.980937 0.000000  0.863282 0.560278 0
0  2.484753 4.613102 19.004282  -0.048102 -0.998842 0.000000  0.863282 0.564833 0
ohmbattery
0  2.484753 4.613099 1.013959  -0.048102 -0.998842 0.000000  0.774588 0.564833 0
0  2.484753 4.613102 19.004282  -0.048102 -0.998842 0.000000  0.863282 0.564833 0
0  1.184947 4.612620 19.004282  0.000185 -1.000000 0.000000  0.863282 0.571240 0
ohmbattery
0  1.184947 4.612617 1.013959  0.000185 -1.000000 0.000000  0.774588 0.571240 0
0  1.184947 4.612620 19.004282  0.000185 -1.000000 0.000000  0.863282 0.571240 0
0  -2.504380 4.612620 16.795559  -0.000000 -1.000000 0.000000  0.852393 0.589429 0
ohmbattery
0  7.420682 0.977917 21.404596  0.980785 0.195093 -0.000000  0.317490 0.484184 0
0  7.517000 0.000003 21.404596  1.000000 0.000000 0.000000  0.295800 0.484184 0
0  7.517000 0.000000 0.000000  1.000000 0.000000 -0.000000  0.295800 0.011721 0
ohmbattery
0  7.135435 1.918249 21.404596  0.923879 0.382684 -0.000000  0.339180 0.484184 0
0  7.420682 0.977917 21.404596  0.980785 0.195093 -0.000000  0.317490 0.484184 0
0  7.420682 0.977913 -0.000000  0.980785 0.195091 -0.000000  0.317490 0.011721 0
ohmbattery
0  6.672219 2.784865 21.404596  0.831470 0.555570 -0.000000  0.360870 0.484184 0
0  7.135435 1.918249 21.404596  0.923879 0.382684 -0.000000  0.339180 0.484184 0
0  7.135435 1.918246 -0.000000  0.923880 0.382683 -0.000000  0.339180 0.011721 0
ohmbattery
0  6.048837 3.544460 21.404596  0.707107 0.707107 -0.000000  0.382560 0.484184 0
0  6.672219 2.784865 21.404596  0.831470 0.555570 -0.000000  0.360870 0.484184 0
0  6.672219 2.784862 -0.000000  0.831470 0.555570 -0.000000  0.360870 0.011721 0
ohmbattery
0  5.289241 4.167842 21.404596  0.555570 0.831470 -0.000000  0.404249 0.484184 0
0  6.048837 3.544460 21.404596  0.707107 0.707107 -0.000000  0.382560 0.484184 0
0  6.048837 3.544456 -0.000001  0.707106 0.707107 -0.000000  0.382560 0.011721 0
ohmbattery
0  4.422626 4.631059 21.404596  0.382683 0.923880 -0.000000  0.425939 0.484184 0
0  5.289241 4.167842 21.404596  0.555570 0.831470 -0.000000  0.404249 0.484184 0
0  5.289241 4.167839 -0.000001  0.555570 0.831470 -0.000000  0.404249 0.011721 0
ohmbattery
0  3.482293 4.916305 21.404596  0.195090 0.980785 -0.000000  0.447629 0.484184 0
0  4.422626 4.631059 21.404596  0.382683 0.923880 -0.000000  0.425939 0.484184 0
0  4.422626 4.631055 -0.000001  0.382684 0.923880 -0.000000  0.425939 0.011721 0
ohmbattery
0  2.504380 5.012620 21.404596  0.049068 0.998795 -0.000000  0.469319 0.484184 0
0  3.482293 4.916305 21.404596  0.195090 0.980785 -0.000000  0.447629 0.484184 0
0  3.482293 4.916301 -0.000001  0.195090 0.980785 -0.000000  0.447629 0.011721 0
ohmbattery
0  1.184947 5.012620 21.404596  0.000000 1.000000 -0.000000  0.498443 0.484184 0
0  2.504380 5.012620 21.404596  0.049068 0.998795 -0.000000  0.469319 0.484184 0
0  2.504380 5.012617 -0.000001  0.049068 0.998795 -0.000000  0.469319 0.011721 0
ohmbattery
0  -2.504380 5.012620 16.795559  0.000000 1.000000 -0.000000  0.579878 0.382449 0
0  1.184947 5.012620 21.404596  0.000000 1.000000 -0.000000  0.498443 0.484184 0
0  1.184947 5.012617 -0.000001  0.000000 1.000000 -0.000000  0.498443 0.011721 0
ohmbattery
0  1.184947 4.612617 -0.000001  0.000185 -1.000000 0.000000  0.470712 0.930103 0
0  1.184947 4.612617 1.013959  0.000185 -1.000000 0.000000  0.470712 0.907724 0
0  -2.504380 4.612617 1.013959  0.000000 -1.000000 0.000000  0.552139 0.907724 0
ohmbattery
0  2.484753 4.613099 -0.000001  -0.048102 -0.998842 0.000000  0.442023 0.930103 0
0  2.484753 4.613099 1.013959  -0.048102 -0.998842 0.000000  0.442023 0.907724 0
0  1.184947 4.612617 1.013959  0.000185 -1.000000 0.000000  0.470712 0.907724 0
ohmbattery
0  3.404258 4.523987 -0.000001  -0.194323 -0.980938 0.000000  0.421634 0.930103 0
0  3.404258 4.523987 1.013959  -0.194323 -0.980938 0.000000  0.421634 0.907724 0
0  2.484753 4.613099 1.013959  -0.048102 -0.998842 0.000000  0.442023 0.907724 0
ohmbattery
0  4.269553 4.261503 -0.000001  -0.382683 -0.923880 0.000000  0.401677 0.930103 0
0  4.269553 4.261503 1.013959  -0.382684 -0.923879 0.000000  0.401677 0.907724 0
0  3.404258 4.523987 1.013959  -0.194323 -0.980938 0.000000  0.421634 0.907724 0
ohmbattery
0  5.067013 3.835251 -0.000001  -0.555570 -0.831470 0.000000  0.381719 0.930103 0
0  5.067013 3.835251 1.013959  -0.555570 -0.831470 0.000000  0.381719 0.907724 0
0  4.269553 4.261503 1.013959  -0.382684 -0.923879 0.000000  0.401677 0.907724 0
ohmbattery
0  5.765994 3.261613 -0.000001  -0.707106 -0.707107 0.000000  0.361762 0.930103 0
0  5.765994 3.261614 1.013959  -0.707107 -0.707107 0.000000  0.361762 0.907724 0
0  5.067013 3.835251 1.013959  -0.555570 -0.831470 0.000000  0.381719 0.907724 0
ohmbattery
0  6.339631 2.562634 -0.000000  -0.831470 -0.555569 0.000000  0.341805 0.930103 0
0  6.339631 2.562634 1.013959  -0.831470 -0.555570 0.000000  0.341805 0.907724 0
0  5.765994 3.261614 1.013959  -0.707107 -0.707107 0.000000  0.361762 0.907724 0
ohmbattery
0  6.765882 1.765172 -0.000000  -0.923880 -0.382683 0.000000  0.321847 0.930103 0
0  6.765882 1.765172 1.013959  -0.923879 -0.382684 0.000000  0.321847 0.907724 0
0  6.339631 2.562634 1.013959  -0.831470 -0.555570 0.000000  0.341805 0.907724 0
ohmbattery
0  7.028368 0.899877 -0.000000  -0.980578 -0.196131 0.000000  0.301890 0.930103 0
0  7.028368 0.899877 1.013959  -0.980578 -0.196131 0.000000  0.301890 0.907724 0
0  6.765882 1.765172 1.013959  -0.923879 -0.382684 0.000000  0.321847 0.907724 0
ohmbattery
0  7.118926 0.000000 0.000000  -1.000000 -0.000000 -0.000000  0.281929 0.930103 0
0  7.118926 0.000000 1.013960  -1.000000 -0.000000 -0.000000  0.281929 0.907724 0
0  7.028368 0.899877 1.013959  -0.980578 -0.196131 0.000000  0.301890 0.907724 0
ohmbattery
0  6.770718 -0.266516 19.255268  0.000000 -1.000000 0.000000  0.755075 0.464720 0
0  7.404586 -0.266516 19.255268  0.000000 -1.000000 0.000000  0.769066 0.464720 0
0  7.404586 -0.266516 19.832958  0.000000 -1.000000 0.000000  0.769066 0.477471 0
ohmbattery
0  6.770718 0.266522 19.832958  0.000000 1.000000 -0.000000  0.062242 0.483712 0
0  7.404586 0.266522 19.832958  0.000000 1.000000 -0.000000  0.062242 0.469720 0
0  7.404586 0.266522 19.255268  0.000000 1.000000 -0.000000  0.074993 0.469720 0
ohmbattery
0  7.404586 0.266519 1.604707  0.000000 0.000000 -1.000000  0.842393 0.858718 0
0  7.404586 -0.266519 1.604707  0.000000 0.000000 -1.000000  0.842393 0.870484 0
0  6.142426 -0.266519 1.604707  0.000000 0.000000 -1.000000  0.814534 0.870484 0
ohmbattery
0  7.404586 -0.266519 1.604707  0.000000 -1.000000 0.000000  0.706970 0.847469 0
0  7.404586 -0.266518 2.182397  0.000000 -1.000000 0.000000  0.706970 0.834718 0
0  6.142426 -0.266518 2.182397  0.000000 -1.000000 0.000000  0.734829 0.834718 0
ohmbattery
0  7.404586 0.266519 2.182397  0.000000 1.000000 -0.000000  0.961728 0.854582 0
0  7.404586 0.266519 1.604707  0.000000 1.000000 -0.000000  0.948977 0.854582 0
0  6.142426 0.266519 1.604707  0.000000 1.000000 -0.000000  0.948977 0.826722 0
ohmbattery
0  2.883485 4.419256 19.832958  0.000000 0.000000 1.000000  0.379992 0.509720 0
0  2.883485 4.906097 19.832958  0.000000 0.000000 1.000000  0.390738 0.509721 0
0  2.350447 4.906097 19.832958  0.000000 0.000000 1.000000  0.390738 0.521486 0
ohmbattery
0  2.883485 4.419256 19.255268  1.000000 0.000000 0.000000  0.561197 0.439475 0
0  2.883485 4.906097 19.255268  1.000000 0.000000 0.000000  0.550451 0.439475 0
0  2.883485 4.906097 19.832958  1.000000 0.000000 0.000000  0.550451 0.426724 0
ohmbattery
0  2.350447 4.419256 19.832958  -1.000000 0.000000 0.000000  0.500587 0.488718 0
0  2.350447 4.906097 19.832958  -1.000000 0.000000 0.000000  0.500587 0.499464 0
0  2.350447 4.906097 19.255268  -1.000000 0.000000 0.000000  0.487836 0.499464 0
ohmbattery
0  2.883485 -4.729631 19.832958  0.000000 0.000000 1.000000  0.947917 0.523702 0
0  2.883485 -4.413209 19.832958  0.000000 0.000000 1.000000  0.947917 0.516717 0
0  2.350448 -4.413209 19.832958  0.000000 0.000000 1.000000  0.959683 0.516717 0
ohmbattery
0  2.883485 -4.729631 19.255268  1.000000 0.000000 0.000000  0.390442 0.538472 0
0  2.883485 -4.413209 19.255268  1.000000 0.000000 0.000000  0.383457 0.538472 0
0  2.883485 -4.413209 19.832958  1.000000 0.000000 0.000000  0.383457 0.525720 0
ohmbattery
0  2.350448 -4.729631 19.832958  -1.000000 0.000000 0.000000  0.844352 0.444717 0
0  2.350448 -4.413209 19.832958  -1.000000 0.000000 0.000000  0.851337 0.444717 0
0  2.350448 -4.413209 19.255268  -1.000000 0.000000 0.000000  0.851337 0.457468 0
ohmbattery
0  6.770718 -0.266516 19.832958  0.000000 0.000000 1.000000  0.011723 0.418707 0
0  7.404586 -0.266516 19.832958  0.000000 0.000000 1.000000  0.011723 0.404716 0
0  7.404586 0.266522 19.832958  0.000000 0.000000 1.000000  0.023489 0.404716 0
ohmbattery
0  -5.403419 1.802535 0.870759  0.554818 -0.000000 -0.831972  0.890783 0.604972 0
0  -4.933709 1.802535 1.245162  0.483567 -0.000000 -0.875308  0.877578 0.604972 0
0  -4.933709 -1.802534 1.245162  0.483567 -0.000000 -0.875307  0.877578 0.525719 0
ohmbattery
0  -4.990668 -1.802538 1.327642  -0.483568 0.000000 0.875307  0.496584 0.791722 0
0  -4.806128 -1.802535 1.392192  -0.167439 -0.000008 0.985882  0.500937 0.791722 0
0  -4.806128 1.802535 1.392191  -0.167450 0.000000 0.985880  0.500937 0.870971 0
ohmbattery
0  -6.051575 -1.802534 0.797966  -0.155747 -0.987277 0.032056  0.983548 0.558385 0
0  -6.186843 -1.749737 0.859436  -0.315257 -0.929874 0.189599  0.983548 0.554441 0
0  -6.251925 -1.742973 0.784395  -0.311528 -0.933158 0.179348  0.985732 0.553936 0
ohmbattery
0  -6.344978 -1.662508 0.975006  -0.316324 -0.906426 0.279877  0.983548 0.549308 0
0  -6.648351 -1.424612 1.317614  -0.248208 -0.936498 0.247719  0.983548 0.538015 0
0  -6.719294 -1.424617 1.246512  -0.249733 -0.944359 0.214054  0.985732 0.538015 0
ohmbattery
0  -5.800236 1.802535 0.797937  -0.167393 0.000000 0.985890  0.474995 0.870971 0
0  -6.051575 1.802534 0.797965  0.185844 0.000000 0.982579  0.469471 0.870971 0
0  -6.051575 -1.802534 0.797966  0.185844 0.000000 0.982579  0.469471 0.791723 0
ohmbattery
0  -6.852808 1.380534 1.410476  0.223951 0.000000 0.974600  0.446583 0.861695 0
0  -6.852808 -1.380534 1.410476  0.223950 0.000000 0.974601  0.446583 0.800999 0
0  -6.648351 -1.424612 1.317614  0.627248 0.000000 0.778820  0.451624 0.800030 0
ohmbattery
0  -6.852808 1.380534 1.410476  0.223951 0.000000 0.974600  0.446583 0.861695 0
0  -6.945491 1.380535 1.410500  0.000265 0.000000 1.000000  0.444546 0.861695 0
0  -6.945491 -1.380535 1.410501  0.000261 0.000000 1.000000  0.444546 0.800999 0
ohmbattery
0  -6.186843 -1.749737 0.859436  0.482369 0.000000 0.875968  0.466134 0.792883 0
0  -6.051575 -1.802534 0.797966  0.185844 0.000000 0.982579  0.469471 0.791723 0
0  -6.051575 1.802534 0.797965  0.185844 0.000000 0.982579  0.469471 0.870971 0
ohmbattery
0  -5.460379 -1.802537 0.953239  0.000014 -1.000000 -0.000023  0.983548 0.572944 0
0  -5.403419 -1.802534 0.870759  0.000015 -1.000000 -0.000024  0.985732 0.572944 0
0  -4.933709 -1.802534 1.245162  0.000019 -1.000000 -0.000021  0.985732 0.586053 0
ohmbattery
0  -4.471228 1.802535 1.392191  0.000001 0.000000 1.000000  0.508299 0.870971 0
0  -4.806128 1.802535 1.392191  -0.167450 0.000000 0.985880  0.500937 0.870971 0
0  -4.806128 -1.802535 1.392192  -0.167439 -0.000008 0.985882  0.500937 0.791722 0
ohmbattery
0  -4.799256 1.802535 1.292191  0.167449 -0.000000 -0.985881  0.874406 0.604972 0
0  -4.799256 -1.802534 1.292192  0.167450 -0.000000 -0.985881  0.874407 0.525719 0
0  -4.933709 -1.802534 1.245162  0.483567 -0.000000 -0.875307  0.877578 0.525719 0
ohmbattery
0  -6.719294 -1.424617 1.246512  -0.630501 -0.000000 -0.776188  0.925605 0.534027 0
0  -6.719294 1.424617 1.246512  -0.630502 -0.000000 -0.776188  0.925605 0.596664 0
0  -6.412629 1.662856 0.900690  -0.647967 -0.000000 -0.761669  0.915444 0.601901 0
ohmbattery
0  -6.059703 1.802535 0.697937  -0.189570 -0.000000 -0.981867  0.906205 0.604972 0
0  -5.793365 1.802535 0.697937  0.167449 -0.000000 -0.985881  0.900349 0.604972 0
0  -5.793365 -1.802534 0.697938  0.167449 -0.000000 -0.985881  0.900349 0.525719 0
ohmbattery
0  -6.719294 1.424617 1.246512  -0.630502 -0.000000 -0.776188  0.925605 0.596664 0
0  -6.719294 -1.424617 1.246512  -0.630501 -0.000000 -0.776188  0.925605 0.534027 0
0  -6.861557 -1.380535 1.310500  -0.226642 -0.000000 -0.973978  0.929107 0.534996 0
ohmbattery
0  -6.945491 1.380535 1.310500  0.000000 -0.000000 -1.000000  0.930952 0.595695 0
0  -6.861557 1.380535 1.310500  -0.226642 -0.000000 -0.973978  0.929107 0.595695 0
0  -6.861557 -1.380535 1.310500  -0.226642 -0.000000 -0.973978  0.929107 0.534996 0
ohmbattery
0  -5.641742 1.802536 0.853375  0.000004 1.000000 -0.000017  0.985730 0.498112 0
0  -5.584783 1.802535 0.770895  0.000007 1.000000 -0.000020  0.983546 0.498528 0
0  -5.793365 1.802535 0.697937  -0.000002 1.000000 -0.000004  0.983546 0.494041 0
ohmbattery
0  -6.059703 1.802535 0.697937  -0.189570 -0.000000 -0.981867  0.906205 0.604972 0
0  -6.059703 -1.802534 0.697938  -0.189570 -0.000000 -0.981867  0.906205 0.525719 0
0  -6.251925 -1.742973 0.784395  -0.481473 -0.000000 -0.876461  0.910936 0.527028 0
ohmbattery
0  -4.799256 1.802535 1.292191  0.167471 -0.000000 -0.985877  0.874406 0.604972 0
0  -4.471228 1.802535 1.292191  0.000000 -0.000000 -1.000000  0.867195 0.604972 0
0  -4.471228 -1.802534 1.292192  0.000000 -0.000000 -1.000000  0.867195 0.525719 0
ohmbattery
0  -6.945491 1.380535 1.310500  -1.000000 -0.000000 0.000000  0.985762 0.601714 0
0  -6.945491 -1.380535 1.310500  -1.000000 0.000000 0.000000  0.985762 0.662666 0
0  -6.945491 -1.380535 1.410501  -1.000000 0.000000 0.000000  0.983554 0.662666 0
ohmbattery
0  -4.990668 1.802538 1.327642  -0.483567 0.000000 0.875307  0.496585 0.870971 0
0  -5.460379 1.802537 0.953239  -0.554818 0.000000 0.831972  0.483380 0.870971 0
0  -5.460379 -1.802537 0.953239  -0.554818 0.000000 0.831972  0.483380 0.791722 0
ohmbattery
0  -6.344978 1.662508 0.975005  0.649664 0.000000 0.760222  0.461684 0.867893 0
0  -6.648351 1.424612 1.317614  0.627248 0.000000 0.778820  0.451624 0.862664 0
0  -6.648351 -1.424612 1.317614  0.627248 0.000000 0.778820  0.451624 0.800030 0
ohmbattery
0  -6.051575 -1.802534 0.797966  -0.155747 -0.987277 0.032056  0.983548 0.558385 0
0  -6.059703 -1.802534 0.697938  -0.131599 -0.991245 0.010698  0.985732 0.558385 0
0  -5.793365 -1.802534 0.697938  -0.000002 -1.000000 -0.000005  0.985732 0.564034 0
ohmbattery
0  -6.852808 -1.380534 1.410476  -0.108001 -0.993649 0.031570  0.983548 0.533645 0
0  -6.861557 -1.380535 1.310500  -0.153868 -0.988000 0.013471  0.985732 0.533645 0
0  -6.719294 -1.424617 1.246512  -0.249733 -0.944359 0.214054  0.985732 0.538015 0
ohmbattery
0  -6.945491 -1.380535 1.410501  0.000005 -1.000000 0.000004  0.983548 0.531718 0
0  -6.945491 -1.380535 1.310500  0.000000 -1.000000 0.000000  0.985732 0.531718 0
0  -6.861557 -1.380535 1.310500  -0.153868 -0.988000 0.013471  0.985732 0.533645 0
ohmbattery
0  -5.584783 1.802535 0.770895  0.407672 -0.000000 -0.913129  0.895429 0.604972 0
0  -5.584783 -1.802534 0.770896  0.407672 -0.000000 -0.913129  0.895430 0.525719 0
0  -5.793365 -1.802534 0.697938  0.167449 -0.000000 -0.985881  0.900349 0.525719 0
ohmbattery
0  -4.806128 -1.802535 1.392192  0.000006 -1.000000 -0.000008  0.983548 0.589787 0
0  -4.990668 -1.802538 1.327642  0.000022 -1.000000 -0.000024  0.983548 0.586053 0
0  -4.933709 -1.802534 1.245162  0.000019 -1.000000 -0.000021  0.985732 0.586053 0
ohmbattery
0  -5.800236 -1.802535 0.797938  -0.167393 0.000000 0.985890  0.474995 0.791722 0
0  -5.641742 -1.802536 0.853376  -0.407671 0.000000 0.913129  0.478734 0.791722 0
0  -5.641742 1.802536 0.853375  -0.407671 0.000000 0.913129  0.478734 0.870971 0
ohmbattery
0  -4.471228 -1.802534 1.392192  0.000001 -1.000000 -0.000005  0.983548 0.597021 0
0  -4.806128 -1.802535 1.392192  0.000006 -1.000000 -0.000008  0.983548 0.589787 0
0  -4.799256 -1.802534 1.292192  0.000002 -1.000000 -0.000005  0.985732 0.589787 0
ohmbattery
0  -4.933709 1.802535 1.245162  0.000019 1.000000 -0.000022  0.983546 0.516060 0
0  -5.403419 1.802535 0.870759  0.000015 1.000000 -0.000023  0.983546 0.502951 0
0  -5.460379 1.802537 0.953239  0.000014 1.000000 -0.000023  0.985730 0.502951 0
ohmbattery
0  -6.344978 1.662508 0.975005  -0.316322 0.906427 0.279875  0.985730 0.479314 0
0  -6.412629 1.662856 0.900690  -0.307670 0.908018 0.284329  0.983546 0.479330 0
0  -6.719294 1.424617 1.246512  -0.249732 0.944360 0.214054  0.983546 0.468020 0
ohmbattery
0  -5.793365 1.802535 0.697937  -0.000002 1.000000 -0.000004  0.983546 0.494041 0
0  -6.059703 1.802535 0.697937  -0.131599 0.991245 0.010699  0.983546 0.488392 0
0  -6.051575 1.802534 0.797965  -0.155747 0.987277 0.032056  0.985730 0.488392 0
ohmbattery
0  -6.719294 1.424617 1.246512  -0.249732 0.944360 0.214054  0.983546 0.468020 0
0  -6.861557 1.380535 1.310500  -0.153868 0.988000 0.013470  0.983546 0.463650 0
0  -6.852808 1.380534 1.410476  -0.108001 0.993649 0.031569  0.985730 0.463650 0
ohmbattery
0  -6.861557 1.380535 1.310500  -0.153868 0.988000 0.013470  0.983546 0.463650 0
0  -6.945491 1.380535 1.310500  0.000000 1.000000 0.000000  0.983546 0.461723 0
0  -6.945491 1.380535 1.410500  0.000005 1.000000 0.000004  0.985730 0.461723 0
ohmbattery
0  -4.806128 1.802535 1.392191  0.000006 1.000000 -0.000009  0.985730 0.519795 0
0  -4.799256 1.802535 1.292191  0.000001 1.000000 -0.000005  0.983546 0.519795 0
0  -4.933709 1.802535 1.245162  0.000019 1.000000 -0.000022  0.983546 0.516060 0
ohmbattery
0  -6.051575 1.802534 0.797965  -0.155747 0.987277 0.032056  0.985730 0.488392 0
0  -6.059703 1.802535 0.697937  -0.131599 0.991245 0.010699  0.983546 0.488392 0
0  -6.251925 1.742973 0.784395  -0.311527 0.933159 0.179348  0.983546 0.483942 0
ohmbattery
0  -4.471228 1.802535 1.392191  0.000000 1.000000 -0.000001  0.985730 0.527029 0
0  -4.471228 1.802535 1.292191  0.000000 1.000000 0.000000  0.983546 0.527029 0
0  -4.799256 1.802535 1.292191  0.000001 1.000000 -0.000005  0.983546 0.519795 0
ohmbattery
0  -5.584783 -1.802534 0.770896  0.000007 -1.000000 -0.000020  0.985732 0.568521 0
0  -5.403419 -1.802534 0.870759  0.000015 -1.000000 -0.000024  0.985732 0.572944 0
0  -5.460379 -1.802537 0.953239  0.000014 -1.000000 -0.000023  0.983548 0.572944 0
ohmbattery
0  -6.344978 -1.662508 0.975006  -0.316324 -0.906426 0.279877  0.983548 0.549308 0
0  -6.412629 -1.662856 0.900691  -0.307671 -0.908016 0.284332  0.985732 0.549324 0
0  -6.251925 -1.742973 0.784395  -0.311528 -0.933158 0.179348  0.985732 0.553936 0
ohmbattery
0  -5.641742 -1.802536 0.853376  -0.407671 0.000000 0.913129  0.478734 0.791722 0
0  -5.460379 -1.802537 0.953239  -0.554818 0.000000 0.831972  0.483380 0.791722 0
0  -5.460379 1.802537 0.953239  -0.554818 0.000000 0.831972  0.483380 0.870971 0
ohmbattery
0  -6.186843 1.749737 0.859436  0.482368 0.000000 0.875969  0.466134 0.869810 0
0  -6.344978 1.662508 0.975005  0.649664 0.000000 0.760222  0.461684 0.867893 0
0  -6.344978 -1.662508 0.975006  0.649664 0.000000 0.760222  0.461684 0.794801 0
ohmbattery
0  -5.403419 -1.802534 0.870759  0.554818 -0.000000 -0.831972  0.890783 0.525719 0
0  -5.584783 -1.802534 0.770896  0.407672 -0.000000 -0.913129  0.895430 0.525719 0
0  -5.584783 1.802535 0.770895  0.407672 -0.000000 -0.913129  0.895429 0.604972 0
ohmbattery
0  -6.412629 1.662856 0.900690  -0.647967 -0.000000 -0.761669  0.915444 0.601901 0
0  -6.251925 1.742973 0.784395  -0.481473 -0.000000 -0.876461  0.910935 0.603662 0
0  -6.251925 -1.742973 0.784395  -0.481473 -0.000000 -0.876461  0.910936 0.527028 0
ohmbattery
0  -5.460379 1.802537 0.953239  0.000014 1.000000 -0.000023  0.985730 0.502951 0
0  -5.403419 1.802535 0.870759  0.000015 1.000000 -0.000023  0.983546 0.502951 0
0  -5.584783 1.802535 0.770895  0.000007 1.000000 -0.000020  0.983546 0.498528 0
ohmbattery
0  -6.251925 1.742973 0.784395  -0.311527 0.933159 0.179348  0.983546 0.483942 0
0  -6.412629 1.662856 0.900690  -0.307670 0.908018 0.284329  0.983546 0.479330 0
0  -6.344978 1.662508 0.975005  -0.316322 0.906427 0.279875  0.985730 0.479314 0
ohmbattery
0  -5.641742 -1.802536 0.853376  0.000004 -1.000000 -0.000016  0.983548 0.568105 0
0  -5.800236 -1.802535 0.797938  -0.000005 -1.000000 -0.000003  0.983548 0.564034 0
0  -5.793365 -1.802534 0.697938  -0.000002 -1.000000 -0.000005  0.985732 0.564034 0
ohmbattery
0  5.308990 -1.187922 20.351727  0.923880 -0.382683 0.000000  0.764793 0.623148 0
0  5.308990 -1.187922 20.960112  0.923880 -0.382681 0.000000  0.764793 0.609720 0
0  5.022130 -1.724598 20.960112  0.831470 -0.555570 0.000000  0.778224 0.609720 0
ohmbattery
0  5.022130 -1.724598 20.351727  0.831469 -0.555571 0.000000  0.778224 0.623148 0
0  5.022130 -1.724598 20.960112  0.831470 -0.555570 0.000000  0.778224 0.609720 0
0  4.636084 -2.194997 20.960112  0.707107 -0.707107 0.000000  0.791655 0.609720 0
ohmbattery
0  -0.603469 0.605603 20.351727  -0.956941 0.290282 -0.000000  0.809104 0.712715 0
0  -0.603469 0.605603 20.960112  -0.956941 0.290282 -0.000000  0.809104 0.726143 0
0  -0.426824 1.187928 20.960112  -0.923879 0.382684 -0.000007  0.795672 0.726143 0
ohmbattery
0  4.636084 -2.194997 20.351727  0.707106 -0.707107 0.000000  0.791655 0.623148 0
0  4.636084 -2.194997 20.960112  0.707107 -0.707107 0.000000  0.791655 0.609720 0
0  4.165684 -2.581043 20.960112  0.555571 -0.831469 0.000000  0.805086 0.609720 0
ohmbattery
0  -0.426824 1.187928 20.351727  -0.923880 0.382682 -0.000000  0.795672 0.712715 0
0  -0.426824 1.187928 20.960112  -0.923875 0.382695 -0.000017  0.795672 0.726143 0
0  -0.139964 1.724605 20.960112  -0.831470 0.555569 -0.000000  0.782242 0.726143 0
ohmbattery
0  4.165684 -2.581043 20.351727  0.555570 -0.831470 0.000000  0.805086 0.623148 0
0  4.165684 -2.581043 20.960112  0.555571 -0.831469 0.000000  0.805086 0.609720 0
0  3.629008 -2.867903 20.960112  0.382683 -0.923880 0.000000  0.818517 0.609720 0
ohmbattery
0  2.441083 3.104202 20.351727  -0.000000 1.000000 0.000000  0.715087 0.712715 0
0  2.441083 3.104202 20.960112  -0.000000 1.000000 0.000000  0.715087 0.726143 0
0  3.046682 3.044555 20.960112  0.195090 0.980785 0.000000  0.701656 0.726143 0
ohmbattery
0  -0.139964 1.724605 20.351727  -0.831470 0.555570 -0.000000  0.782242 0.712715 0
0  -0.139964 1.724605 20.960112  -0.831470 0.555569 -0.000000  0.782242 0.726143 0
0  0.246082 2.195004 20.960112  -0.707107 0.707107 0.000000  0.768810 0.726143 0
ohmbattery
0  3.629008 -2.867903 20.351727  0.382682 -0.923880 0.000000  0.818517 0.623148 0
0  3.629008 -2.867903 20.960112  0.382683 -0.923880 0.000000  0.818517 0.609720 0
0  3.046682 -3.044549 20.960112  0.195090 -0.980785 0.000000  0.831948 0.609720 0
ohmbattery
0  3.046682 3.044555 20.351727  0.195090 0.980785 0.000000  0.701656 0.712715 0
0  3.046682 3.044555 20.960112  0.195090 0.980785 0.000000  0.701656 0.726143 0
0  3.629008 2.867910 20.960112  0.382684 0.923879 0.000000  0.688225 0.726143 0
ohmbattery
0  0.246082 2.195004 20.351727  -0.707106 0.707107 0.000000  0.768810 0.712715 0
0  0.246082 2.195004 20.960112  -0.707107 0.707107 0.000000  0.768810 0.726143 0
0  0.716481 2.581050 20.960112  -0.555571 0.831469 0.000000  0.755380 0.726143 0
ohmbattery
0  3.046682 -3.044549 20.351727  0.195089 -0.980786 0.000000  0.831948 0.623148 0
0  3.046682 -3.044549 20.960112  0.195090 -0.980785 0.000000  0.831948 0.609720 0
0  2.441083 -3.104195 20.960112  -0.000000 -1.000000 0.000000  0.845379 0.609720 0
ohmbattery
0  3.629008 2.867910 20.351727  0.382683 0.923880 0.000000  0.688225 0.712715 0
0  3.629008 2.867910 20.960112  0.382684 0.923879 0.000000  0.688225 0.726143 0
0  4.165684 2.581050 20.960112  0.555571 0.831469 0.000000  0.674794 0.726143 0
ohmbattery
0  0.716481 2.581050 20.351727  -0.555570 0.831470 0.000000  0.755380 0.712715 0
0  0.716481 2.581050 20.960112  -0.555571 0.831469 0.000000  0.755380 0.726143 0
0  1.253158 2.867910 20.960112  -0.382683 0.923880 0.000000  0.741949 0.726143 0
ohmbattery
0  2.441083 -3.104195 20.351727  -0.000000 -1.000000 0.000000  0.845379 0.623148 0
0  2.441083 -3.104195 20.960112  -0.000000 -1.000000 0.000000  0.845379 0.609720 0
0  1.835483 -3.044549 20.960112  -0.195090 -0.980785 0.000000  0.858810 0.609720 0
ohmbattery
0  4.165684 2.581050 20.351727  0.555569 0.831470 0.000000  0.674794 0.712715 0
0  4.165684 2.581050 20.960112  0.555571 0.831469 0.000000  0.674794 0.726143 0
0  4.636084 2.195004 20.960112  0.707107 0.707106 0.000000  0.661363 0.726143 0
ohmbattery
0  1.253158 2.867910 20.351727  -0.382682 0.923880 0.000000  0.741949 0.712715 0
0  1.253158 2.867910 20.960112  -0.382683 0.923880 0.000000  0.741949 0.726143 0
0  1.835483 3.044555 20.960112  -0.195089 0.980785 0.000000  0.728518 0.726143 0
ohmbattery
0  1.835483 -3.044549 20.351727  -0.195089 -0.980785 0.000000  0.858810 0.623148 0
0  1.835483 -3.044549 20.960112  -0.195090 -0.980785 0.000000  0.858810 0.609720 0
0  1.253158 -2.867903 20.960112  -0.382684 -0.923879 0.000000  0.872241 0.609720 0
ohmbattery
0  4.636084 2.195004 20.351727  0.707106 0.707108 0.000000  0.661363 0.712715 0
0  4.636084 2.195004 20.960112  0.707107 0.707106 0.000000  0.661363 0.726143 0
0  5.022130 1.724605 20.960112  0.831470 0.555570 -0.000000  0.647932 0.726143 0
ohmbattery
0  1.835483 3.044555 20.351727  -0.195089 0.980786 0.000000  0.728518 0.712715 0
0  1.835483 3.044555 20.960112  -0.195089 0.980785 0.000000  0.728518 0.726143 0
0  2.441083 3.104202 20.960112  -0.000000 1.000000 0.000000  0.715087 0.726143 0
ohmbattery
0  1.253158 -2.867903 20.351727  -0.382683 -0.923880 0.000000  0.872241 0.623148 0
0  1.253158 -2.867903 20.960112  -0.382684 -0.923879 0.000000  0.872241 0.609720 0
0  0.716481 -2.581043 20.960112  -0.555571 -0.831469 0.000000  0.885672 0.609720 0
ohmbattery
0  5.022130 1.724605 20.351727  0.831469 0.555572 -0.000000  0.647932 0.712715 0
0  5.022130 1.724605 20.960112  0.831470 0.555570 -0.000000  0.647932 0.726143 0
0  5.308990 1.187928 20.960112  0.923880 0.382682 -0.000000  0.634501 0.726143 0
ohmbattery
0  0.716481 -2.581043 20.351727  -0.555569 -0.831470 0.000000  0.885672 0.623148 0
0  0.716481 -2.581043 20.960112  -0.555571 -0.831469 0.000000  0.885672 0.609720 0
0  0.246082 -2.194997 20.960112  -0.707107 -0.707106 0.000000  0.899103 0.609720 0
ohmbattery
0  5.308990 1.187928 20.351727  0.923880 0.382683 -0.000000  0.634501 0.712715 0
0  5.308990 1.187928 20.960112  0.923880 0.382682 -0.000000  0.634501 0.726143 0
0  5.485634 0.605603 20.960112  0.980786 0.195089 -0.000000  0.621070 0.726143 0
ohmbattery
0  0.246082 -2.194997 20.351727  -0.707106 -0.707107 0.000000  0.899103 0.623148 0
0  0.246082 -2.194997 20.960112  -0.707107 -0.707106 0.000000  0.899103 0.609720 0
0  -0.139964 -1.724598 20.960112  -0.831470 -0.555569 0.000000  0.912534 0.609720 0
ohmbattery
0  5.485634 0.605603 20.351727  0.980785 0.195089 -0.000000  0.621070 0.712715 0
0  5.485634 0.605603 20.960112  0.980786 0.195089 -0.000000  0.621070 0.726143 0
0  5.545281 0.000003 20.960112  1.000000 -0.000000 0.000000  0.607639 0.726143 0
ohmbattery
0  -0.139964 -1.724598 20.351727  -0.831470 -0.555570 0.000000  0.912534 0.623148 0
0  -0.139964 -1.724598 20.960112  -0.831470 -0.555569 0.000000  0.912534 0.609720 0
0  -0.426824 -1.187922 20.960112  -0.923880 -0.382681 0.000000  0.925965 0.609720 0
ohmbattery
0  5.545281 0.000003 20.351727  1.000000 -0.000000 0.000000  0.737931 0.623148 0
0  5.545281 0.000003 20.960112  1.000000 -0.000000 0.000000  0.737932 0.609721 0
0  5.485634 -0.605596 20.960112  0.980786 -0.195088 0.000000  0.751362 0.609720 0
ohmbattery
0  -0.426824 -1.187922 20.351727  -0.923880 -0.382682 0.000000  0.925965 0.623148 0
0  -0.426824 -1.187922 20.960112  -0.923880 -0.382681 0.000000  0.925965 0.609720 0
0  -0.603469 -0.605596 20.960112  -0.956941 -0.290282 0.000000  0.939396 0.609720 0
ohmbattery
0  5.485634 -0.605596 20.351727  0.980785 -0.195090 0.000000  0.751362 0.623148 0
0  5.485634 -0.605596 20.960112  0.980786 -0.195088 0.000000  0.751362 0.609720 0
0  5.308990 -1.187922 20.960112  0.923880 -0.382681 0.000000  0.764793 0.609720 0
ohmbattery
0  2.441083 2.564979 20.960112  0.000000 0.000000 1.000000  0.483847 0.778630 0
0  2.941485 2.515693 20.960112  0.000000 0.000000 1.000000  0.472802 0.779718 0
0  3.046682 3.044555 20.960112  -0.000001 0.000000 1.000000  0.470480 0.768044 0
ohmbattery
0  3.422657 2.369733 20.960112  -0.000001 0.000000 1.000000  0.462181 0.782940 0
0  3.629008 2.867910 20.960112  -0.000001 0.000000 1.000000  0.457626 0.771943 0
0  3.046682 3.044555 20.960112  -0.000001 0.000000 1.000000  0.470480 0.768044 0
ohmbattery
0  3.422657 2.369733 20.960112  -0.000001 0.000000 1.000000  0.462181 0.782940 0
0  3.866108 2.132703 20.960112  -0.000004 0.000000 1.000000  0.452393 0.788172 0
0  4.165684 2.581050 20.960112  -0.000000 0.000000 1.000000  0.445781 0.778275 0
ohmbattery
0  4.254796 1.813716 20.960112  0.000003 0.000000 1.000000  0.443814 0.795213 0
0  4.636084 2.195004 20.960112  0.000006 0.000000 1.000000  0.435397 0.786796 0
0  4.165684 2.581050 20.960112  -0.000000 0.000000 1.000000  0.445781 0.778275 0
ohmbattery
0  4.254796 1.813716 20.960112  0.000003 0.000000 1.000000  0.443814 0.795213 0
0  4.573782 1.425029 20.960112  0.000000 0.000000 1.000000  0.436772 0.803792 0
0  5.022130 1.724605 20.960112  0.000002 0.000000 1.000000  0.426876 0.797179 0
ohmbattery
0  4.810812 0.981577 20.960112  -0.000002 0.000000 1.000000  0.431540 0.813580 0
0  5.308990 1.187928 20.960112  -0.000003 0.000000 1.000000  0.420544 0.809026 0
0  5.022130 1.724605 20.960112  0.000002 0.000000 1.000000  0.426876 0.797179 0
ohmbattery
0  4.810812 0.981577 20.960112  -0.000002 0.000000 1.000000  0.431540 0.813580 0
0  4.956773 0.500406 20.960112  -0.000002 0.000000 1.000000  0.428319 0.824201 0
0  5.485634 0.605603 20.960112  -0.000002 0.000000 1.000000  0.416645 0.821879 0
ohmbattery
0  5.006059 0.000003 20.960112  -0.000002 0.000000 1.000000  0.427231 0.835247 0
0  5.545281 0.000003 20.960112  0.000000 0.000000 1.000000  0.415328 0.835247 0
0  5.485634 0.605603 20.960112  -0.000002 0.000000 1.000000  0.416645 0.821879 0
ohmbattery
0  5.006059 0.000003 20.960112  -0.000002 0.000000 1.000000  0.427231 0.835247 0
0  4.956773 -0.500399 20.960112  0.000000 0.000000 1.000000  0.428319 0.846292 0
0  5.485634 -0.605596 20.960112  0.000000 0.000000 1.000000  0.416645 0.848614 0
ohmbattery
0  4.810812 -0.981570 20.960112  0.000001 0.000000 1.000000  0.431540 0.856913 0
0  5.308990 -1.187922 20.960112  0.000000 0.000000 1.000000  0.420544 0.861468 0
0  5.485634 -0.605596 20.960112  0.000000 0.000000 1.000000  0.416645 0.848614 0
ohmbattery
0  4.810812 -0.981570 20.960112  0.000001 0.000000 1.000000  0.431540 0.856913 0
0  4.573782 -1.425022 20.960112  0.000000 0.000000 1.000000  0.436772 0.866702 0
0  5.022130 -1.724598 20.960112  -0.000002 0.000000 1.000000  0.426876 0.873314 0
ohmbattery
0  4.254796 -1.813709 20.960112  -0.000002 0.000000 1.000000  0.443814 0.875281 0
0  4.636084 -2.194997 20.960112  -0.000006 0.000000 1.000000  0.435397 0.883697 0
0  5.022130 -1.724598 20.960112  -0.000002 0.000000 1.000000  0.426876 0.873314 0
ohmbattery
0  4.254796 -1.813709 20.960112  -0.000002 0.000000 1.000000  0.443814 0.875281 0
0  3.866108 -2.132696 20.960112  0.000007 0.000000 1.000000  0.452393 0.882322 0
0  4.165684 -2.581043 20.960112  0.000002 0.000000 1.000000  0.445780 0.892218 0
ohmbattery
0  3.422657 -2.369726 20.960112  0.000002 0.000000 1.000000  0.462181 0.887554 0
0  3.629008 -2.867903 20.960112  -0.000001 0.000000 1.000000  0.457626 0.898550 0
0  4.165684 -2.581043 20.960112  0.000002 0.000000 1.000000  0.445780 0.892218 0
ohmbattery
0  3.422657 -2.369726 20.960112  0.000002 0.000000 1.000000  0.462181 0.887554 0
0  2.941485 -2.515687 20.960112  0.000000 0.000000 1.000000  0.472802 0.890776 0
0  3.046682 -3.044549 20.960112  -0.000001 0.000000 1.000000  0.470480 0.902449 0
ohmbattery
0  2.441083 -2.564972 20.960112  0.000000 0.000000 1.000000  0.483847 0.891863 0
0  2.441083 -3.104195 20.960112  0.000000 0.000000 1.000000  0.483847 0.903766 0
0  3.046682 -3.044549 20.960112  -0.000001 0.000000 1.000000  0.470480 0.902449 0
ohmbattery
0  2.441083 -2.564972 20.960112  0.000000 0.000000 1.000000  0.483847 0.891863 0
0  1.940680 -2.515687 20.960112  -0.000000 0.000000 1.000000  0.494893 0.890776 0
0  1.835483 -3.044549 20.960112  0.000001 0.000000 1.000000  0.497215 0.902449 0
ohmbattery
0  1.459509 -2.369726 20.960112  0.000001 0.000000 1.000000  0.505514 0.887554 0
0  1.253158 -2.867903 20.960112  0.000001 0.000000 1.000000  0.510069 0.898550 0
0  1.835483 -3.044549 20.960112  0.000001 0.000000 1.000000  0.497215 0.902449 0
ohmbattery
0  1.459509 -2.369726 20.960112  0.000001 0.000000 1.000000  0.505514 0.887554 0
0  1.016057 -2.132696 20.960112  -0.000000 0.000000 1.000000  0.515302 0.882322 0
0  0.716481 -2.581043 20.960112  0.000002 0.000000 1.000000  0.521915 0.892218 0
ohmbattery
0  0.627370 -1.813709 20.960112  0.000002 0.000000 1.000000  0.523881 0.875281 0
0  0.246082 -2.194997 20.960112  0.000006 0.000000 1.000000  0.532297 0.883697 0
0  0.716481 -2.581043 20.960112  0.000002 0.000000 1.000000  0.521915 0.892218 0
ohmbattery
0  0.627370 -1.813709 20.960112  0.000002 0.000000 1.000000  0.523881 0.875281 0
0  0.308383 -1.425022 20.960112  0.000000 0.000000 1.000000  0.530922 0.866702 0
0  -0.139964 -1.724598 20.960112  0.000003 0.000000 1.000000  0.540819 0.873314 0
ohmbattery
0  0.071353 -0.981570 20.960112  0.000002 0.000000 1.000000  0.536154 0.856913 0
0  -0.426824 -1.187922 20.960112  0.000003 0.000000 1.000000  0.547151 0.861468 0
0  -0.139964 -1.724598 20.960112  0.000003 0.000000 1.000000  0.540819 0.873314 0
ohmbattery
0  0.071353 -0.981570 20.960112  0.000002 0.000000 1.000000  0.536154 0.856913 0
0  -0.074607 -0.500399 20.960112  0.000004 0.000000 1.000000  0.539376 0.846292 0
0  -0.603469 -0.605596 20.960112  0.000001 0.000000 1.000000  0.551050 0.848614 0
ohmbattery
0  0.071353 0.981577 20.960112  0.000002 0.000000 1.000000  0.536154 0.813580 0
0  -0.426824 1.187928 20.960112  0.000006 0.000000 1.000000  0.547151 0.809026 0
0  -0.603469 0.605603 20.960112  0.000001 0.000000 1.000000  0.551050 0.821879 0
ohmbattery
0  0.071353 0.981577 20.960112  0.000002 0.000000 1.000000  0.536154 0.813580 0
0  0.308383 1.425029 20.960112  0.000000 0.000000 1.000000  0.530922 0.803792 0
0  -0.139964 1.724605 20.960112  -0.000000 0.000000 1.000000  0.540819 0.797179 0
ohmbattery
0  0.627370 1.813716 20.960112  -0.000002 0.000000 1.000000  0.523881 0.795213 0
0  0.246082 2.195004 20.960112  -0.000006 0.000000 1.000000  0.532298 0.786796 0
0  -0.139964 1.724605 20.960112  -0.000000 0.000000 1.000000  0.540819 0.797179 0
ohmbattery
0  0.627370 1.813716 20.960112  -0.000002 0.000000 1.000000  0.523881 0.795213 0
0  1.016057 2.132703 20.960112  0.000000 0.000000 1.000000  0.515302 0.788172 0
0  0.716481 2.581050 20.960112  -0.000002 0.000000 1.000000  0.521915 0.778275 0
ohmbattery
0  1.459509 2.369733 20.960112  -0.000002 0.000000 1.000000  0.505514 0.782940 0
0  1.253158 2.867910 20.960112  0.000001 0.000000 1.000000  0.510069 0.771943 0
0  0.716481 2.581050 20.960112  -0.000002 0.000000 1.000000  0.521915 0.778275 0
ohmbattery
0  1.459509 2.369733 20.960112  -0.000002 0.000000 1.000000  0.505514 0.782940 0
0  1.940680 2.515693 20.960112  -0.000000 0.000000 1.000000  0.494893 0.779718 0
0  1.835483 3.044555 20.960112  0.000001 0.000000 1.000000  0.497215 0.768044 0
ohmbattery
0  2.441083 2.564979 20.960112  0.000000 0.000000 1.000000  0.483847 0.778630 0
0  2.441083 3.104202 20.960112  0.000000 0.000000 1.000000  0.483847 0.766727 0
0  1.835483 3.044555 20.960112  0.000001 0.000000 1.000000  0.497215 0.768044 0
ohmbattery
0  0.916892 -0.303179 20.668291  -0.000002 0.000000 1.000000  0.721087 0.857200 0
0  -0.074608 -0.500400 20.668291  0.000001 0.000000 1.000000  0.718899 0.879407 0
0  0.071354 -0.981571 20.668291  0.000001 0.000000 1.000000  0.708014 0.877242 0
ohmbattery
0  3.876840 -0.594705 20.668291  0.000001 0.000000 1.000000  0.708279 0.792811 0
0  4.810812 -0.981570 20.668291  0.000000 0.000000 1.000000  0.697760 0.773131 0
0  4.956774 -0.500398 20.668291  -0.000000 0.000000 1.000000  0.708014 0.768884 0
ohmbattery
0  -0.123894 0.000002 20.668291  0.000000 0.000000 1.000000  0.729998 0.879407 0
0  0.887031 0.000002 20.668291  0.000001 0.000000 1.000000  0.727811 0.857200 0
0  0.916891 0.303182 20.668291  0.000002 0.000000 1.000000  0.734407 0.855889 0
ohmbattery
0  2.441081 1.554055 20.668291  -0.000003 0.000000 1.000000  0.758587 0.819701 0
0  2.441082 2.564980 20.668291  0.000002 0.000000 1.000000  0.780793 0.817513 0
0  1.940680 2.515694 20.668291  0.000003 0.000000 1.000000  0.780793 0.828613 0
ohmbattery
0  0.071353 0.981576 20.668291  0.000000 0.000000 1.000000  0.751138 0.872994 0
0  1.005325 0.594712 20.668291  0.000003 0.000000 1.000000  0.740619 0.853315 0
0  1.148935 0.863387 20.668291  0.000001 0.000000 1.000000  0.746210 0.849579 0
ohmbattery
0  0.627371 -1.813710 20.668291  0.000000 0.000000 1.000000  0.688532 0.866828 0
0  1.342203 -1.098878 20.668291  0.000003 0.000000 1.000000  0.702688 0.849579 0
0  1.148937 -0.863383 20.668291  0.000000 0.000000 1.000000  0.708279 0.853315 0
ohmbattery
0  -0.074607 0.500406 20.960112  0.980457 -0.196712 0.002862  0.925178 0.938722 0
0  -0.074609 0.500404 20.668291  0.980785 -0.195090 -0.000003  0.925178 0.945165 0
0  0.071353 0.981576 20.668291  0.923880 -0.382682 0.000001  0.914077 0.945165 0
ohmbattery
0  4.573782 -1.425022 20.960112  -0.831470 0.555570 -0.000000  0.725354 0.938722 0
0  4.573783 -1.425020 20.668291  -0.831469 0.555571 -0.000001  0.725354 0.945165 0
0  4.254796 -1.813708 20.668291  -0.707107 0.707107 0.000002  0.714253 0.945165 0
ohmbattery
0  -0.074607 0.500406 20.960112  0.980457 -0.196712 0.002862  0.925178 0.938722 0
0  -0.128893 0.000003 20.960112  0.999853 0.000002 0.017129  0.936290 0.938721 0
0  -0.123894 0.000002 20.668291  0.999935 0.000001 0.011396  0.936279 0.945165 0
ohmbattery
0  4.810812 -0.981570 20.960112  -0.923880 0.382682 0.000001  0.736455 0.938722 0
0  4.810812 -0.981570 20.668291  -0.923880 0.382682 0.000000  0.736455 0.945165 0
0  4.573783 -1.425020 20.668291  -0.831469 0.555571 -0.000001  0.725354 0.945165 0
ohmbattery
0  -0.074607 -0.500399 20.960112  0.980457 0.196712 0.002861  0.592138 0.938723 0
0  -0.074608 -0.500400 20.668291  0.980785 0.195090 -0.000002  0.592138 0.945165 0
0  -0.123894 0.000002 20.668291  0.999935 0.000001 0.011396  0.581037 0.945165 0
ohmbattery
0  4.956773 -0.500399 20.960112  -0.980785 0.195090 -0.000003  0.747557 0.938722 0
0  4.956774 -0.500398 20.668291  -0.980786 0.195089 -0.000003  0.747557 0.945165 0
0  4.810812 -0.981570 20.668291  -0.923880 0.382682 0.000000  0.736455 0.945165 0
ohmbattery
0  0.071353 -0.981570 20.960112  0.923879 0.382686 0.000001  0.603240 0.938723 0
0  0.071354 -0.981571 20.668291  0.923879 0.382685 0.000002  0.603240 0.945165 0
0  -0.074608 -0.500400 20.668291  0.980785 0.195090 -0.000002  0.592138 0.945165 0
ohmbattery
0  5.006059 0.000003 20.960112  -1.000000 -0.000001 -0.000002  0.758658 0.938722 0
0  5.006059 0.000004 20.668291  -1.000000 -0.000002 -0.000002  0.758658 0.945165 0
0  4.956774 -0.500398 20.668291  -0.980786 0.195089 -0.000003  0.747557 0.945165 0
ohmbattery
0  0.308383 -1.425022 20.960112  0.831470 0.555570 0.000001  0.614341 0.938723 0
0  0.308383 -1.425022 20.668291  0.831472 0.555568 0.000001  0.614341 0.945165 0
0  0.071354 -0.981571 20.668291  0.923879 0.382685 0.000002  0.603240 0.945165 0
ohmbattery
0  4.956773 0.500406 20.960112  -0.980786 -0.195088 -0.000003  0.769759 0.938722 0
0  4.956774 0.500406 20.668291  -0.980786 -0.195089 -0.000002  0.769759 0.945165 0
0  5.006059 0.000004 20.668291  -1.000000 -0.000002 -0.000002  0.758658 0.945165 0
ohmbattery
0  0.627370 -1.813709 20.960112  0.707107 0.707106 0.000002  0.625442 0.938723 0
0  0.627371 -1.813710 20.668291  0.707108 0.707106 0.000002  0.625442 0.945165 0
0  0.308383 -1.425022 20.668291  0.831472 0.555568 0.000001  0.614341 0.945165 0
ohmbattery
0  4.810812 0.981577 20.960112  -0.923880 -0.382683 0.000001  0.780861 0.938722 0
0  4.810812 0.981578 20.668291  -0.923879 -0.382684 0.000002  0.780861 0.945165 0
0  4.956774 0.500406 20.668291  -0.980786 -0.195089 -0.000002  0.769759 0.945165 0
ohmbattery
0  1.016057 -2.132696 20.960112  0.555568 0.831471 0.000001  0.636544 0.938722 0
0  1.016059 -2.132697 20.668291  0.555569 0.831470 0.000001  0.636544 0.945165 0
0  0.627371 -1.813710 20.668291  0.707108 0.707106 0.000002  0.625442 0.945165 0
ohmbattery
0  4.573782 1.425029 20.960112  -0.831471 -0.555569 0.000002  0.791962 0.938722 0
0  4.573782 1.425029 20.668291  -0.831472 -0.555567 0.000003  0.791962 0.945165 0
0  4.810812 0.981578 20.668291  -0.923879 -0.382684 0.000002  0.780861 0.945165 0
ohmbattery
0  1.459509 -2.369726 20.960112  0.382682 0.923880 0.000001  0.647645 0.938722 0
0  1.459510 -2.369726 20.668291  0.382685 0.923879 0.000001  0.647645 0.945165 0
0  1.016059 -2.132697 20.668291  0.555569 0.831470 0.000001  0.636544 0.945165 0
ohmbattery
0  1.940680 2.515693 20.960112  0.195089 -0.980786 -0.000003  0.858570 0.938722 0
0  1.940680 2.515694 20.668291  0.195089 -0.980786 -0.000002  0.858570 0.945165 0
0  2.441082 2.564980 20.668291  -0.000000 -1.000000 -0.000001  0.847468 0.945165 0
ohmbattery
0  4.254796 1.813716 20.960112  -0.707108 -0.707105 0.000003  0.803063 0.938722 0
0  4.254794 1.813716 20.668291  -0.707108 -0.707105 0.000003  0.803063 0.945165 0
0  4.573782 1.425029 20.668291  -0.831472 -0.555567 0.000003  0.791962 0.945165 0
ohmbattery
0  1.940680 -2.515687 20.960112  0.195091 0.980785 -0.000002  0.658746 0.938722 0
0  1.940682 -2.515688 20.668291  0.195091 0.980785 -0.000002  0.658746 0.945165 0
0  1.459510 -2.369726 20.668291  0.382685 0.923879 0.000001  0.647645 0.945165 0
ohmbattery
0  1.459509 2.369733 20.960112  0.382684 -0.923879 0.000001  0.869671 0.938722 0
0  1.459508 2.369732 20.668291  0.382685 -0.923879 0.000001  0.869671 0.945165 0
0  1.940680 2.515694 20.668291  0.195089 -0.980786 -0.000002  0.858570 0.945165 0
ohmbattery
0  3.866108 2.132703 20.960112  -0.555568 -0.831471 0.000002  0.814165 0.938722 0
0  3.866106 2.132704 20.668291  -0.555569 -0.831470 0.000002  0.814165 0.945165 0
0  4.254794 1.813716 20.668291  -0.707108 -0.707105 0.000003  0.803063 0.945165 0
ohmbattery
0  2.441083 -2.564972 20.960112  0.000000 1.000000 -0.000003  0.669847 0.938722 0
0  2.441084 -2.564973 20.668291  0.000000 1.000000 -0.000003  0.669847 0.945165 0
0  1.940682 -2.515688 20.668291  0.195091 0.980785 -0.000002  0.658746 0.945165 0
ohmbattery
0  1.016057 2.132703 20.960112  0.555570 -0.831470 0.000001  0.880773 0.938722 0
0  1.016057 2.132703 20.668291  0.555570 -0.831470 0.000002  0.880773 0.945165 0
0  1.459508 2.369732 20.668291  0.382685 -0.923879 0.000001  0.869671 0.945165 0
ohmbattery
0  3.422657 2.369733 20.960112  -0.382682 -0.923880 0.000000  0.825266 0.938722 0
0  3.422656 2.369733 20.668291  -0.382685 -0.923879 0.000000  0.825266 0.945165 0
0  3.866106 2.132704 20.668291  -0.555569 -0.831470 0.000002  0.814165 0.945165 0
ohmbattery
0  2.941485 -2.515687 20.960112  -0.195088 0.980786 -0.000003  0.680949 0.938722 0
0  2.941486 -2.515688 20.668291  -0.195089 0.980786 -0.000002  0.680949 0.945165 0
0  2.441084 -2.564973 20.668291  0.000000 1.000000 -0.000003  0.669847 0.945165 0
ohmbattery
0  0.627370 1.813716 20.960112  0.707106 -0.707108 0.000002  0.891874 0.938722 0
0  0.627370 1.813715 20.668291  0.707106 -0.707107 0.000002  0.891874 0.945165 0
0  1.016057 2.132703 20.668291  0.555570 -0.831470 0.000002  0.880773 0.945165 0
ohmbattery
0  2.941485 2.515693 20.960112  -0.195091 -0.980785 -0.000003  0.836367 0.938722 0
0  2.941484 2.515695 20.668291  -0.195091 -0.980785 -0.000003  0.836367 0.945165 0
0  3.422656 2.369733 20.668291  -0.382685 -0.923879 0.000000  0.825266 0.945165 0
ohmbattery
0  3.422657 -2.369726 20.960112  -0.382683 0.923880 0.000001  0.692050 0.938722 0
0  3.422657 -2.369725 20.668291  -0.382685 0.923879 0.000002  0.692050 0.945165 0
0  2.941486 -2.515688 20.668291  -0.195089 0.980786 -0.000002  0.680949 0.945165 0
ohmbattery
0  0.308383 1.425029 20.960112  0.831468 -0.555573 0.000001  0.902975 0.938722 0
0  0.308382 1.425027 20.668291  0.831468 -0.555572 0.000001  0.902975 0.945165 0
0  0.627370 1.813715 20.668291  0.707106 -0.707107 0.000002  0.891874 0.945165 0
ohmbattery
0  2.441083 2.564979 20.960112  -0.000000 -1.000000 -0.000002  0.847468 0.938722 0
0  2.441082 2.564980 20.668291  -0.000000 -1.000000 -0.000001  0.847468 0.945165 0
0  2.941484 2.515695 20.668291  -0.195091 -0.980785 -0.000003  0.836367 0.945165 0
ohmbattery
0  3.866108 -2.132696 20.960112  -0.555572 0.831469 0.000001  0.703151 0.938722 0
0  3.866108 -2.132696 20.668291  -0.555571 0.831469 0.000002  0.703151 0.945165 0
0  3.422657 -2.369725 20.668291  -0.382685 0.923879 0.000002  0.692050 0.945165 0
ohmbattery
0  0.071353 0.981577 20.960112  0.923880 -0.382682 0.000001  0.914077 0.938722 0
0  0.071353 0.981576 20.668291  0.923880 -0.382682 0.000001  0.914077 0.945165 0
0  0.308382 1.425027 20.668291  0.831468 -0.555572 0.000001  0.902975 0.945165 0
ohmbattery
0  4.254796 -1.813709 20.960112  -0.707108 0.707106 0.000002  0.714253 0.938722 0
0  4.254796 -1.813708 20.668291  -0.707107 0.707107 0.000002  0.714253 0.945165 0
0  3.866108 -2.132696 20.668291  -0.555571 0.831469 0.000002  0.703151 0.945165 0
ohmbattery
0  3.304469 -1.292143 20.668291  -0.555570 0.831470 -0.000002  0.656261 0.949719 0
0  3.539965 -1.098876 20.668291  -0.707107 0.707107 -0.000002  0.662985 0.949719 0
0  3.539964 -1.098878 20.376478  -0.707108 0.707106 -0.000002  0.662985 0.956160 0
ohmbattery
0  1.148935 0.863387 20.668291  0.831470 -0.555570 -0.000001  0.777294 0.949719 0
0  1.005325 0.594712 20.668291  0.923880 -0.382683 -0.000001  0.784018 0.949719 0
0  1.005326 0.594714 20.376478  0.923880 -0.382683 -0.000001  0.784018 0.956160 0
ohmbattery
0  3.035794 -1.435753 20.668291  -0.382684 0.923879 -0.000002  0.649536 0.949719 0
0  3.304469 -1.292143 20.668291  -0.555570 0.831470 -0.000002  0.656261 0.949719 0
0  3.304469 -1.292143 20.376478  -0.555570 0.831470 -0.000002  0.656261 0.956160 0
ohmbattery
0  2.744262 1.524195 20.668291  -0.195088 -0.980786 0.000003  0.736950 0.949719 0
0  2.441081 1.554055 20.668291  0.000002 -1.000000 0.000002  0.743674 0.949719 0
0  2.441083 1.554055 20.376478  0.000001 -1.000000 0.000002  0.743674 0.956160 0
ohmbattery
0  1.342201 1.098883 20.668291  0.707108 -0.707105 -0.000002  0.770570 0.949719 0
0  1.148935 0.863387 20.668291  0.831470 -0.555570 -0.000001  0.777294 0.949719 0
0  1.148936 0.863389 20.376478  0.831470 -0.555570 -0.000001  0.777294 0.956160 0
ohmbattery
0  2.744265 -1.524187 20.668291  -0.195090 0.980785 0.000001  0.642813 0.949719 0
0  3.035794 -1.435753 20.668291  -0.382684 0.923879 -0.000002  0.649536 0.949719 0
0  3.035793 -1.435754 20.376478  -0.382682 0.923880 -0.000001  0.649536 0.956160 0
ohmbattery
0  3.035791 1.435761 20.668291  -0.382682 -0.923880 -0.000001  0.730226 0.949719 0
0  2.744262 1.524195 20.668291  -0.195088 -0.980786 0.000003  0.736950 0.949719 0
0  2.744265 1.524193 20.376478  -0.195090 -0.980785 0.000003  0.736950 0.956160 0
ohmbattery
0  1.577696 1.292149 20.668291  0.555571 -0.831469 -0.000001  0.763846 0.949719 0
0  1.342201 1.098883 20.668291  0.707108 -0.707105 -0.000002  0.770570 0.949719 0
0  1.342202 1.098884 20.376478  0.707108 -0.707106 -0.000001  0.770570 0.956160 0
ohmbattery
0  2.441084 -1.554048 20.668291  -0.000002 1.000000 0.000001  0.636089 0.949719 0
0  2.744265 -1.524187 20.668291  -0.195090 0.980785 0.000001  0.642813 0.949719 0
0  2.744265 -1.524187 20.376478  -0.195089 0.980785 0.000002  0.642813 0.956160 0
ohmbattery
0  3.304466 1.292151 20.668291  -0.555571 -0.831469 -0.000002  0.723501 0.949719 0
0  3.035791 1.435761 20.668291  -0.382682 -0.923880 -0.000001  0.730226 0.949719 0
0  3.035793 1.435760 20.376478  -0.382683 -0.923880 -0.000001  0.730226 0.956160 0
ohmbattery
0  1.846371 1.435759 20.668291  0.382684 -0.923879 -0.000001  0.757122 0.949719 0
0  1.577696 1.292149 20.668291  0.555571 -0.831469 -0.000001  0.763846 0.949719 0
0  1.577697 1.292150 20.376478  0.555570 -0.831469 -0.000001  0.763846 0.956160 0
ohmbattery
0  2.137904 -1.524188 20.668291  0.195089 0.980786 0.000001  0.629364 0.949719 0
0  2.441084 -1.554048 20.668291  -0.000002 1.000000 0.000001  0.636089 0.949719 0
0  2.441083 -1.554048 20.376478  -0.000001 1.000000 0.000002  0.636089 0.956160 0
ohmbattery
0  3.539962 1.098885 20.668291  -0.707108 -0.707106 -0.000002  0.716777 0.949719 0
0  3.304466 1.292151 20.668291  -0.555571 -0.831469 -0.000002  0.723501 0.949719 0
0  3.304469 1.292150 20.376478  -0.555571 -0.831469 -0.000000  0.723501 0.956160 0
ohmbattery
0  2.137901 1.524194 20.668291  0.195090 -0.980785 0.000002  0.750398 0.949719 0
0  1.846371 1.435759 20.668291  0.382684 -0.923879 -0.000001  0.757122 0.949719 0
0  1.846372 1.435760 20.376478  0.382682 -0.923880 -0.000000  0.757122 0.956160 0
ohmbattery
0  1.846374 -1.435754 20.668291  0.382681 0.923881 -0.000002  0.622640 0.949719 0
0  2.137904 -1.524188 20.668291  0.195089 0.980786 0.000001  0.629364 0.949719 0
0  2.137901 -1.524187 20.376478  0.195091 0.980785 0.000002  0.629364 0.956160 0
ohmbattery
0  3.733228 0.863390 20.668291  -0.831469 -0.555571 -0.000001  0.710053 0.949719 0
0  3.539962 1.098885 20.668291  -0.707108 -0.707106 -0.000002  0.716777 0.949719 0
0  3.539964 1.098884 20.376478  -0.707107 -0.707107 -0.000001  0.716777 0.956160 0
ohmbattery
0  2.441081 1.554055 20.668291  0.000002 -1.000000 0.000002  0.743674 0.949719 0
0  2.137901 1.524194 20.668291  0.195090 -0.980785 0.000002  0.750398 0.949719 0
0  2.137901 1.524193 20.376478  0.195089 -0.980785 0.000003  0.750398 0.956160 0
ohmbattery
0  1.577699 -1.292144 20.668291  0.555568 0.831471 -0.000002  0.615916 0.949719 0
0  1.846374 -1.435754 20.668291  0.382681 0.923881 -0.000002  0.622640 0.949719 0
0  1.846372 -1.435754 20.376478  0.382683 0.923880 -0.000002  0.622640 0.956160 0
ohmbattery
0  3.876839 0.594715 20.668291  -0.923879 -0.382685 -0.000001  0.703329 0.949719 0
0  3.733228 0.863390 20.668291  -0.831469 -0.555571 -0.000001  0.710053 0.949719 0
0  3.733229 0.863389 20.376478  -0.831468 -0.555572 -0.000001  0.710053 0.956160 0
ohmbattery
0  1.342203 -1.098878 20.668291  0.707105 0.707109 -0.000002  0.609192 0.949719 0
0  1.577699 -1.292144 20.668291  0.555568 0.831471 -0.000002  0.615916 0.949719 0
0  1.577697 -1.292143 20.376478  0.555573 0.831468 -0.000001  0.615916 0.956160 0
ohmbattery
0  3.965273 0.303186 20.668291  -0.980785 -0.195089 0.000002  0.696605 0.949719 0
0  3.876839 0.594715 20.668291  -0.923879 -0.382685 -0.000001  0.703329 0.949719 0
0  3.876840 0.594714 20.376478  -0.923880 -0.382683 -0.000000  0.703329 0.956160 0
ohmbattery
0  1.148937 -0.863383 20.668291  0.831469 0.555571 -0.000001  0.602468 0.949719 0
0  1.342203 -1.098878 20.668291  0.707105 0.707109 -0.000002  0.609192 0.949719 0
0  1.342202 -1.098878 20.376478  0.707108 0.707105 -0.000002  0.609192 0.956160 0
ohmbattery
0  3.995135 0.000005 20.668291  -1.000000 -0.000003 0.000002  0.689881 0.949719 0
0  3.965273 0.303186 20.668291  -0.980785 -0.195089 0.000002  0.696605 0.949719 0
0  3.965273 0.303185 20.376478  -0.980786 -0.195087 0.000003  0.696605 0.956160 0
ohmbattery
0  1.005327 -0.594708 20.668291  0.923879 0.382684 -0.000001  0.595744 0.949719 0
0  1.148937 -0.863383 20.668291  0.831469 0.555571 -0.000001  0.602468 0.949719 0
0  1.148936 -0.863383 20.376478  0.831470 0.555570 -0.000001  0.602468 0.956160 0
ohmbattery
0  3.965274 -0.303175 20.668291  -0.980785 0.195090 0.000003  0.683157 0.949719 0
0  3.995135 0.000005 20.668291  -1.000000 -0.000003 0.000002  0.689881 0.949719 0
0  3.995134 0.000003 20.376478  -1.000000 -0.000001 0.000003  0.689881 0.956160 0
ohmbattery
0  0.916892 -0.303179 20.668291  0.980785 0.195090 0.000002  0.589020 0.949719 0
0  1.005327 -0.594708 20.668291  0.923879 0.382684 -0.000001  0.595744 0.949719 0
0  1.005326 -0.594707 20.376478  0.923879 0.382684 -0.000000  0.595744 0.956160 0
ohmbattery
0  3.876840 -0.594705 20.668291  -0.923881 0.382681 -0.000001  0.676433 0.949719 0
0  3.965274 -0.303175 20.668291  -0.980785 0.195090 0.000003  0.683157 0.949719 0
0  3.965273 -0.303179 20.376478  -0.980785 0.195092 0.000003  0.683157 0.956160 0
ohmbattery
0  0.887031 0.000002 20.668291  1.000000 0.000001 0.000002  0.582295 0.949719 0
0  0.916892 -0.303179 20.668291  0.980785 0.195090 0.000002  0.589020 0.949719 0
0  0.916893 -0.303179 20.376478  0.980785 0.195089 0.000003  0.589020 0.956160 0
ohmbattery
0  3.733230 -0.863380 20.668291  -0.831470 0.555570 -0.000002  0.669709 0.949719 0
0  3.876840 -0.594705 20.668291  -0.923881 0.382681 -0.000001  0.676433 0.949719 0
0  3.876840 -0.594707 20.376478  -0.923880 0.382683 -0.000002  0.676433 0.956160 0
ohmbattery
0  0.916891 0.303182 20.668291  0.980785 -0.195090 0.000002  0.790742 0.949719 0
0  0.887031 0.000002 20.668291  1.000000 0.000001 0.000002  0.797466 0.949719 0
0  0.887031 0.000003 20.376478  1.000000 -0.000000 0.000003  0.797466 0.956160 0
ohmbattery
0  3.539965 -1.098876 20.668291  -0.707107 0.707107 -0.000002  0.662985 0.949719 0
0  3.733230 -0.863380 20.668291  -0.831470 0.555570 -0.000002  0.669709 0.949719 0
0  3.733229 -0.863383 20.376478  -0.831469 0.555571 -0.000001  0.669709 0.956160 0
ohmbattery
0  1.005325 0.594712 20.668291  0.923880 -0.382683 -0.000001  0.784018 0.949719 0
0  0.916891 0.303182 20.668291  0.980785 -0.195090 0.000002  0.790742 0.949719 0
0  0.916893 0.303185 20.376478  0.980785 -0.195091 0.000002  0.790742 0.956160 0
ohmbattery
0  -0.603469 0.605603 20.351727  0.000000 1.000000 0.000000  0.011714 0.713719 0
0  -5.729506 0.605603 20.351727  0.000000 1.000000 0.000000  0.124867 0.713719 0
0  -5.729506 0.605603 20.960112  0.000000 1.000000 0.000000  0.124867 0.727148 0
ohmbattery
0  -5.296148 0.732292 21.085909  0.000412 0.000000 1.000000  0.930041 0.712716 0
0  -6.378221 0.731846 21.086355  0.000412 0.000000 1.000000  0.953925 0.712726 0
0  -6.378221 -0.731840 21.086355  0.000412 0.000000 1.000000  0.953925 0.745033 0
ohmbattery
0  -0.603469 -0.605596 20.960112  0.000001 0.000000 1.000000  0.551050 0.848614 0
0  -0.128893 0.000003 20.960112  0.000002 0.000000 1.000000  0.540574 0.835247 0
0  -0.603469 0.605603 20.960112  0.000001 0.000000 1.000000  0.551050 0.821879 0
ohmbattery
0  -0.603469 0.605603 20.960112  0.000000 0.000000 1.000000  0.551050 0.821879 0
0  -5.729506 0.605603 20.960112  0.000000 0.000000 1.000000  0.664197 0.821879 0
0  -5.729506 -0.605596 20.960112  0.000000 0.000000 1.000000  0.664197 0.848614 0
ohmbattery
0  -5.296148 -0.732285 21.085909  1.000000 0.000000 0.000000  0.058331 0.480329 0
0  -5.296148 -0.784132 20.351727  1.000000 0.000000 0.000000  0.042126 0.481473 0
0  -5.296148 0.784138 20.351727  1.000000 0.000000 0.000000  0.042126 0.446858 0
ohmbattery
0  -5.296148 0.732292 21.085909  -0.000145 0.997501 0.070655  0.964380 0.030966 0
0  -5.296148 0.784138 20.351727  0.000000 0.997516 0.070442  0.964380 0.014721 0
0  -6.378221 0.784138 20.351727  -0.000237 0.997491 0.070789  0.988262 0.014721 0
ohmbattery
0  -5.296148 -0.732285 21.085909  -0.000145 -0.997501 0.070655  0.858696 0.051726 0
0  -6.378221 -0.731840 21.086355  -0.000381 -0.997476 0.071002  0.882578 0.051715 0
0  -6.378221 -0.784132 20.351727  -0.000236 -0.997491 0.070789  0.882578 0.067970 0
ohmbattery
0  2.441082 2.564980 20.668291  0.000002 0.000000 1.000000  0.780793 0.817513 0
0  2.441081 1.554055 20.668291  -0.000003 0.000000 1.000000  0.758587 0.819701 0
0  2.744262 1.524195 20.668291  0.000001 0.000000 1.000000  0.757275 0.813105 0
ohmbattery
0  1.342201 1.098883 20.668291  0.000001 0.000000 1.000000  0.750965 0.844824 0
0  0.627370 1.813715 20.668291  0.000002 0.000000 1.000000  0.768214 0.858980 0
0  0.308382 1.425027 20.668291  0.000002 0.000000 1.000000  0.760366 0.866828 0
ohmbattery
0  2.744265 -1.524187 20.668291  0.000000 0.000000 1.000000  0.690311 0.819701 0
0  2.941486 -2.515688 20.668291  0.000002 0.000000 1.000000  0.668105 0.817513 0
0  3.422657 -2.369725 20.668291  0.000003 0.000000 1.000000  0.670270 0.806628 0
ohmbattery
0  3.304466 1.292151 20.668291  0.000001 0.000000 1.000000  0.750965 0.801302 0
0  3.866106 2.132704 20.668291  -0.000002 0.000000 1.000000  0.768214 0.787146 0
0  3.422656 2.369733 20.668291  -0.000005 0.000000 1.000000  0.774381 0.796374 0
ohmbattery
0  1.016057 2.132703 20.668291  0.000000 0.000000 1.000000  0.774381 0.849752 0
0  1.577696 1.292149 20.668291  0.000001 0.000000 1.000000  0.754701 0.839233 0
0  1.846371 1.435759 20.668291  -0.000006 0.000000 1.000000  0.757275 0.833021 0
ohmbattery
0  2.441084 -2.564973 20.668291  0.000002 0.000000 1.000000  0.668105 0.828613 0
0  2.441084 -1.554048 20.668291  0.000002 0.000000 1.000000  0.690311 0.826425 0
0  2.137904 -1.524188 20.668291  0.000001 0.000000 1.000000  0.691624 0.833021 0
ohmbattery
0  3.866106 2.132704 20.668291  -0.000002 0.000000 1.000000  0.768214 0.787146 0
0  3.304466 1.292151 20.668291  0.000001 0.000000 1.000000  0.750965 0.801302 0
0  3.539962 1.098885 20.668291  0.000001 0.000000 1.000000  0.746211 0.796547 0
ohmbattery
0  2.137901 1.524194 20.668291  -0.000010 0.000000 1.000000  0.758587 0.826425 0
0  1.940680 2.515694 20.668291  0.000003 0.000000 1.000000  0.780793 0.828613 0
0  1.459508 2.369732 20.668291  0.000001 0.000000 1.000000  0.778628 0.839498 0
ohmbattery
0  1.846374 -1.435754 20.668291  -0.000000 0.000000 1.000000  0.694197 0.839233 0
0  1.459510 -2.369726 20.668291  -0.000003 0.000000 1.000000  0.674517 0.849752 0
0  1.940682 -2.515688 20.668291  -0.000001 0.000000 1.000000  0.670270 0.839498 0
ohmbattery
0  3.733228 0.863390 20.668291  -0.000003 0.000000 1.000000  0.740619 0.792811 0
0  4.573782 1.425029 20.668291  0.000003 0.000000 1.000000  0.751138 0.773132 0
0  4.254794 1.813716 20.668291  0.000002 0.000000 1.000000  0.760366 0.779298 0
ohmbattery
0  1.577699 -1.292144 20.668291  -0.000001 0.000000 1.000000  0.697933 0.844824 0
0  1.016059 -2.132697 20.668291  -0.000001 0.000000 1.000000  0.680683 0.858980 0
0  1.459510 -2.369726 20.668291  -0.000003 0.000000 1.000000  0.674517 0.849752 0
ohmbattery
0  3.876839 0.594715 20.668291  -0.000002 0.000000 1.000000  0.734407 0.790237 0
0  4.810812 0.981578 20.668291  0.000001 0.000000 1.000000  0.740884 0.768884 0
0  4.573782 1.425029 20.668291  0.000003 0.000000 1.000000  0.751138 0.773132 0
ohmbattery
0  1.342203 -1.098878 20.668291  0.000003 0.000000 1.000000  0.702688 0.849579 0
0  0.627371 -1.813710 20.668291  0.000000 0.000000 1.000000  0.688532 0.866828 0
0  1.016059 -2.132697 20.668291  -0.000001 0.000000 1.000000  0.680683 0.858980 0
ohmbattery
0  2.441084 -1.554048 20.668291  0.000002 0.000000 1.000000  0.690311 0.826425 0
0  2.441084 -2.564973 20.668291  0.000002 0.000000 1.000000  0.668105 0.828613 0
0  2.941486 -2.515688 20.668291  0.000002 0.000000 1.000000  0.668105 0.817513 0
ohmbattery
0  1.005325 0.594712 20.668291  0.000003 0.000000 1.000000  0.740619 0.853315 0
0  0.071353 0.981576 20.668291  0.000000 0.000000 1.000000  0.751138 0.872994 0
0  -0.074609 0.500404 20.668291  -0.000002 0.000000 1.000000  0.740884 0.877242 0
ohmbattery
0  1.577696 1.292149 20.668291  0.000001 0.000000 1.000000  0.754701 0.839233 0
0  1.016057 2.132703 20.668291  0.000000 0.000000 1.000000  0.774381 0.849752 0
0  0.627370 1.813715 20.668291  0.000002 0.000000 1.000000  0.768214 0.858980 0
ohmbattery
0  4.573783 -1.425020 20.668291  -0.000002 0.000000 1.000000  0.688532 0.779298 0
0  3.733230 -0.863380 20.668291  -0.000001 0.000000 1.000000  0.702688 0.796547 0
0  3.539965 -1.098876 20.668291  0.000000 0.000000 1.000000  0.697933 0.801302 0
ohmbattery
0  2.941484 2.515695 20.668291  -0.000003 0.000000 1.000000  0.778628 0.806628 0
0  2.744262 1.524195 20.668291  0.000001 0.000000 1.000000  0.757275 0.813105 0
0  3.035791 1.435761 20.668291  -0.000001 0.000000 1.000000  0.754701 0.806893 0
ohmbattery
0  3.304469 -1.292143 20.668291  -0.000001 0.000000 1.000000  0.694197 0.806893 0
0  3.866108 -2.132696 20.668291  -0.000000 0.000000 1.000000  0.674517 0.796374 0
0  4.254796 -1.813708 20.668291  -0.000002 0.000000 1.000000  0.680683 0.787146 0
ohmbattery
0  3.035794 -1.435753 20.668291  0.000001 0.000000 1.000000  0.691624 0.813105 0
0  3.422657 -2.369725 20.668291  0.000003 0.000000 1.000000  0.670270 0.806628 0
0  3.866108 -2.132696 20.668291  -0.000000 0.000000 1.000000  0.674517 0.796374 0
ohmbattery
0  3.733230 -0.863380 20.668291  -0.000001 0.000000 1.000000  0.702688 0.796547 0
0  4.573783 -1.425020 20.668291  -0.000002 0.000000 1.000000  0.688532 0.779298 0
0  4.810812 -0.981570 20.668291  0.000000 0.000000 1.000000  0.697760 0.773131 0
ohmbattery
0  -0.074608 -0.500400 20.668291  0.000001 0.000000 1.000000  0.718899 0.879407 0
0  0.916892 -0.303179 20.668291  -0.000002 0.000000 1.000000  0.721087 0.857200 0
0  0.887031 0.000002 20.668291  0.000001 0.000000 1.000000  0.727811 0.857200 0
ohmbattery
0  0.308383 -1.425022 20.668291  -0.000001 0.000000 1.000000  0.697760 0.872994 0
0  1.148937 -0.863383 20.668291  0.000000 0.000000 1.000000  0.708279 0.853315 0
0  1.005327 -0.594708 20.668291  -0.000001 0.000000 1.000000  0.714491 0.855889 0
ohmbattery
0  4.956774 0.500406 20.668291  -0.000000 0.000000 1.000000  0.729999 0.766719 0
0  3.965273 0.303186 20.668291  0.000003 0.000000 1.000000  0.727811 0.788926 0
0  3.995135 0.000005 20.668291  0.000002 0.000000 1.000000  0.721087 0.788926 0
ohmbattery
0  4.810812 0.981578 20.668291  0.000001 0.000000 1.000000  0.740884 0.768884 0
0  3.876839 0.594715 20.668291  -0.000002 0.000000 1.000000  0.734407 0.790237 0
0  3.965273 0.303186 20.668291  0.000003 0.000000 1.000000  0.727811 0.788926 0
ohmbattery
0  3.965274 -0.303175 20.668291  -0.000001 0.000000 1.000000  0.714491 0.790237 0
0  4.956774 -0.500398 20.668291  -0.000000 0.000000 1.000000  0.708014 0.768884 0
0  5.006059 0.000004 20.668291  -0.000002 0.000000 1.000000  0.718900 0.766719 0
ohmbattery
0  -0.603469 -0.605596 20.960112  0.000000 -1.000000 0.000000  0.926140 0.726146 0
0  -5.729506 -0.605596 20.960112  0.000000 -1.000000 0.000000  0.813002 0.726146 0
0  -5.729506 -0.605596 20.351727  0.000000 -1.000000 0.000000  0.813002 0.712718 0
ohmbattery
0  -0.798840 1.806056 20.171268  -0.881922 0.471396 0.000000  0.979643 0.895118 0
0  -0.798840 1.806056 20.779654  -0.881922 0.471396 0.000000  0.966215 0.895118 0
0  -0.653649 2.077688 20.779654  -0.831468 0.555572 -0.000004  0.966215 0.888320 0
ohmbattery
0  2.428693 3.725233 20.171268  0.000000 1.000000 0.000000  0.979643 0.808122 0
0  2.428693 3.725233 20.779654  0.000000 1.000000 0.000000  0.966215 0.808122 0
0  3.151912 3.654002 20.779654  0.195090 0.980785 0.000000  0.966215 0.792082 0
ohmbattery
0  -0.653649 2.077688 20.171268  -0.831469 0.555572 0.000000  0.979643 0.888320 0
0  -0.653649 2.077688 20.779654  -0.831463 0.555580 -0.000003  0.966215 0.888320 0
0  -0.192625 2.639449 20.779654  -0.707107 0.707107 0.000000  0.966215 0.872280 0
ohmbattery
0  3.151912 3.654002 20.171268  0.195089 0.980785 0.000000  0.979643 0.792082 0
0  3.151912 3.654002 20.779654  0.195090 0.980785 0.000000  0.966215 0.792082 0
0  3.847338 3.443048 20.779654  0.382683 0.923880 0.000000  0.966215 0.776043 0
ohmbattery
0  -0.192625 2.639449 20.171268  -0.707105 0.707108 0.000000  0.979643 0.872280 0
0  -0.192625 2.639449 20.779654  -0.707107 0.707107 0.000000  0.966215 0.872280 0
0  0.369137 3.100474 20.779654  -0.555570 0.831469 0.000000  0.966215 0.856241 0
ohmbattery
0  3.847338 3.443048 20.171268  0.382683 0.923880 0.000000  0.979643 0.776043 0
0  3.847338 3.443048 20.779654  0.382683 0.923880 0.000000  0.966215 0.776043 0
0  4.488250 3.100474 20.779654  0.555570 0.831470 0.000000  0.966215 0.760003 0
ohmbattery
0  0.369137 3.100474 20.171268  -0.555569 0.831470 0.000000  0.979643 0.856241 0
0  0.369137 3.100474 20.779654  -0.555570 0.831469 0.000000  0.966215 0.856241 0
0  1.010048 3.443048 20.779654  -0.382683 0.923880 0.000000  0.966215 0.840201 0
ohmbattery
0  4.488250 3.100474 20.171268  0.555570 0.831470 0.000000  0.979643 0.760003 0
0  4.488250 3.100474 20.779654  0.555570 0.831470 0.000000  0.966215 0.760003 0
0  5.050011 2.639449 20.779654  0.707107 0.707106 0.000000  0.966215 0.743963 0
ohmbattery
0  1.010048 3.443048 20.171268  -0.382683 0.923880 0.000000  0.979643 0.840201 0
0  1.010048 3.443048 20.779654  -0.382683 0.923880 0.000000  0.966215 0.840201 0
0  1.705474 3.654002 20.779654  -0.195090 0.980785 0.000000  0.966215 0.824161 0
ohmbattery
0  5.050011 2.639449 20.171268  0.707106 0.707108 0.000000  0.979643 0.743963 0
0  5.050011 2.639449 20.779654  0.707107 0.707106 0.000000  0.966215 0.743963 0
0  5.511036 2.077688 20.779654  0.831469 0.555571 0.000000  0.966215 0.727924 0
ohmbattery
0  1.705474 3.654002 20.171268  -0.195089 0.980786 0.000000  0.979643 0.824161 0
0  1.705474 3.654002 20.779654  -0.195090 0.980785 0.000000  0.966215 0.824161 0
0  2.428693 3.725233 20.779654  0.000000 1.000000 0.000000  0.966215 0.808122 0
ohmbattery
0  5.511036 2.077688 20.171268  0.831468 0.555572 0.000000  0.979643 0.727924 0
0  5.511036 2.077688 20.779654  0.831469 0.555571 0.000000  0.966215 0.727924 0
0  5.853611 1.436777 20.779654  0.923880 0.382682 0.000000  0.966215 0.711884 0
ohmbattery
0  5.853611 1.436777 20.171268  0.923880 0.382683 -0.000000  0.979643 0.711884 0
0  5.853611 1.436777 20.779654  0.923880 0.382682 0.000000  0.966215 0.711884 0
0  6.064563 0.741351 20.779654  0.981761 0.190118 -0.000000  0.966215 0.695845 0
ohmbattery
0  6.064563 0.741350 20.171268  0.981761 0.190118 -0.000000  0.979643 0.695845 0
0  6.064563 0.741351 20.779654  0.981761 0.190118 -0.000000  0.966215 0.695845 0
0  6.130002 0.000003 20.779654  1.000000 0.000000 -0.000000  0.966215 0.679419 0
ohmbattery
0  -0.798840 1.806056 20.171268  0.000002 1.000000 0.000000  0.934267 0.014640 0
0  -0.930975 1.806056 20.171268  0.000002 1.000000 0.000000  0.934267 0.011723 0
0  -0.930975 1.806056 20.779654  0.000002 1.000000 0.000000  0.947700 0.011723 0
ohmbattery
0  -0.930975 2.549967 20.171268  1.000000 0.000000 0.000000  0.565662 0.424140 0
0  -0.930975 3.293877 20.171268  1.000000 0.000000 0.000000  0.565662 0.407717 0
0  -0.930975 3.293877 20.779654  1.000000 0.000000 0.000000  0.579094 0.407717 0
ohmbattery
0  -0.930975 3.293877 20.171268  0.000000 -1.000000 0.000000  0.348174 0.564635 0
0  -0.210034 3.293877 20.171268  0.000000 -1.000000 0.000000  0.348174 0.548718 0
0  -0.210034 3.293877 20.779654  0.000000 -1.000000 0.000000  0.361605 0.548718 0
ohmbattery
0  -0.152354 1.742733 20.779654  0.831470 -0.555570 0.000000  0.934703 0.450189 0
0  -0.439214 1.206056 20.779654  0.881922 -0.471396 0.000000  0.934703 0.463622 0
0  -0.439214 1.206056 20.171268  0.881921 -0.471398 0.000000  0.921273 0.463622 0
ohmbattery
0  3.034292 3.062683 20.779654  -0.195090 -0.980785 0.000000  0.934703 0.369594 0
0  2.428693 3.122330 20.779654  -0.000000 -1.000000 0.000000  0.934703 0.383027 0
0  2.428693 3.122330 20.171268  -0.000000 -1.000000 0.000000  0.921274 0.383026 0
ohmbattery
0  0.233692 2.213132 20.779654  0.707108 -0.707106 0.000000  0.934703 0.436756 0
0  -0.152354 1.742733 20.779654  0.831470 -0.555570 0.000000  0.934703 0.450189 0
0  -0.152354 1.742733 20.171268  0.831469 -0.555572 0.000000  0.921273 0.450189 0
ohmbattery
0  3.616618 2.886038 20.779654  -0.382683 -0.923880 0.000000  0.934703 0.356162 0
0  3.034292 3.062683 20.779654  -0.195090 -0.980785 0.000000  0.934703 0.369594 0
0  3.034292 3.062683 20.171268  -0.195089 -0.980786 0.000000  0.921274 0.369594 0
ohmbattery
0  0.704091 2.599178 20.779654  0.555570 -0.831470 0.000000  0.934703 0.423324 0
0  0.233692 2.213132 20.779654  0.707108 -0.707106 0.000000  0.934703 0.436756 0
0  0.233692 2.213132 20.171268  0.707106 -0.707108 0.000000  0.921273 0.436756 0
ohmbattery
0  4.153295 2.599178 20.779654  -0.555571 -0.831469 0.000000  0.934703 0.342729 0
0  3.616618 2.886038 20.779654  -0.382683 -0.923880 0.000000  0.934703 0.356162 0
0  3.616618 2.886038 20.171268  -0.382682 -0.923880 0.000000  0.921274 0.356162 0
ohmbattery
0  1.240768 2.886038 20.779654  0.382683 -0.923880 0.000000  0.934703 0.409891 0
0  0.704091 2.599178 20.779654  0.555570 -0.831470 0.000000  0.934703 0.423324 0
0  0.704091 2.599178 20.171268  0.555569 -0.831470 0.000000  0.921273 0.423324 0
ohmbattery
0  4.623694 2.213132 20.779654  -0.707107 -0.707107 0.000000  0.934703 0.329297 0
0  4.153295 2.599178 20.779654  -0.555571 -0.831469 0.000000  0.934703 0.342729 0
0  4.153295 2.599178 20.171268  -0.555570 -0.831470 0.000000  0.921274 0.342729 0
ohmbattery
0  1.823094 3.062683 20.779654  0.195090 -0.980785 0.000000  0.934703 0.396459 0
0  1.240768 2.886038 20.779654  0.382683 -0.923880 0.000000  0.934703 0.409891 0
0  1.240768 2.886038 20.171268  0.382683 -0.923880 0.000000  0.921273 0.409891 0
ohmbattery
0  5.009740 1.742733 20.779654  -0.831470 -0.555569 0.000000  0.934703 0.315864 0
0  4.623694 2.213132 20.779654  -0.707107 -0.707107 0.000000  0.934703 0.329297 0
0  4.623694 2.213132 20.171268  -0.707106 -0.707108 0.000000  0.921274 0.329297 0
ohmbattery
0  2.428693 3.122330 20.779654  -0.000000 -1.000000 0.000000  0.934703 0.383027 0
0  1.823094 3.062683 20.779654  0.195090 -0.980785 0.000000  0.934703 0.396459 0
0  1.823094 3.062683 20.171268  0.195089 -0.980786 0.000000  0.921273 0.396459 0
ohmbattery
0  5.296600 1.206056 20.779654  -0.923880 -0.382682 0.000000  0.934703 0.302431 0
0  5.009740 1.742733 20.779654  -0.831470 -0.555569 0.000000  0.934703 0.315864 0
0  5.009740 1.742733 20.171268  -0.831469 -0.555571 0.000000  0.921274 0.315864 0
ohmbattery
0  5.473245 0.623731 20.779654  -0.981061 -0.193698 0.000000  0.934703 0.288999 0
0  5.296600 1.206056 20.779654  -0.923880 -0.382682 0.000000  0.934703 0.302431 0
0  5.296600 1.206056 20.171268  -0.923879 -0.382684 0.000000  0.921274 0.302431 0
ohmbattery
0  5.532891 0.000003 20.779654  -1.000000 -0.000000 0.000000  0.934703 0.275168 0
0  5.473245 0.623731 20.779654  -0.981061 -0.193698 0.000000  0.934703 0.288999 0
0  5.473245 0.623731 20.171268  -0.981061 -0.193698 0.000000  0.921274 0.288999 0
ohmbattery
0  -1.530975 1.206056 20.779654  0.000000 -1.000000 0.000000  0.876214 0.895715 0
0  -1.530975 1.206056 20.171268  0.000000 -1.000000 0.000000  0.876214 0.909144 0
0  -0.439214 1.206056 20.171268  0.000000 -1.000000 0.000000  0.852116 0.909144 0
ohmbattery
0  -1.530975 3.893877 20.779654  -1.000000 0.000000 0.000000  0.525631 0.865042 0
0  -1.530975 3.893877 20.171268  -1.000000 0.000000 0.000000  0.512202 0.865042 0
0  -1.530975 2.549967 20.171268  -1.000000 0.000000 0.000000  0.512202 0.835378 0
ohmbattery
0  0.164033 3.893877 20.779654  0.000000 1.000000 0.000000  0.379550 0.564134 0
0  0.164033 3.893877 20.171268  0.000000 1.000000 0.000000  0.366122 0.564134 0
0  -1.530975 3.893877 20.171268  0.000000 1.000000 0.000000  0.366122 0.526721 0
ohmbattery
0  3.151912 3.654002 20.779654  0.000001 0.000000 1.000000  0.858944 0.768016 0
0  2.428693 3.725233 20.779654  0.000000 0.000000 1.000000  0.874907 0.766444 0
0  2.428693 3.122330 20.779654  -0.000000 0.000000 1.000000  0.874907 0.779752 0
ohmbattery
0  3.151912 3.654002 20.779654  0.000001 0.000000 1.000000  0.858944 0.768016 0
0  3.034292 3.062683 20.779654  0.000001 0.000000 1.000000  0.861539 0.781069 0
0  3.616618 2.886038 20.779654  0.000000 0.000000 1.000000  0.848686 0.784967 0
ohmbattery
0  4.488250 3.100474 20.779654  0.000000 0.000000 1.000000  0.829446 0.780235 0
0  3.847338 3.443048 20.779654  0.000000 0.000000 1.000000  0.843593 0.772673 0
0  3.616618 2.886038 20.779654  0.000000 0.000000 1.000000  0.848686 0.784967 0
ohmbattery
0  4.488250 3.100474 20.779654  0.000000 0.000000 1.000000  0.829446 0.780235 0
0  4.153295 2.599178 20.779654  0.000000 0.000000 1.000000  0.836840 0.791299 0
0  4.623694 2.213132 20.779654  0.000000 0.000000 1.000000  0.826457 0.799821 0
ohmbattery
0  5.511036 2.077688 20.779654  -0.000000 0.000000 1.000000  0.806871 0.802810 0
0  5.050011 2.639449 20.779654  0.000000 0.000000 1.000000  0.817047 0.790410 0
0  4.623694 2.213132 20.779654  0.000000 0.000000 1.000000  0.826457 0.799821 0
ohmbattery
0  5.511036 2.077688 20.779654  -0.000000 0.000000 1.000000  0.806871 0.802810 0
0  5.009740 1.742733 20.779654  -0.000003 0.000000 1.000000  0.817936 0.810204 0
0  5.296600 1.206056 20.779654  0.000000 0.000000 1.000000  0.811604 0.822050 0
ohmbattery
0  6.064563 0.741351 20.779654  0.000000 0.000000 1.000000  0.794653 0.832308 0
0  5.853611 1.436777 20.779654  0.000002 0.000000 1.000000  0.799309 0.816957 0
0  5.296600 1.206056 20.779654  0.000000 0.000000 1.000000  0.811604 0.822050 0
ohmbattery
0  6.130002 0.000003 20.779654  0.000000 0.000000 1.000000  0.793208 0.848671 0
0  6.064563 0.741351 20.779654  0.000000 0.000000 1.000000  0.794653 0.832308 0
0  5.473245 0.623731 20.779654  0.000000 0.000000 1.000000  0.807704 0.834904 0
ohmbattery
0  -0.798840 1.806056 20.779654  0.000001 0.000000 1.000000  0.946149 0.808807 0
0  -0.439214 1.206056 20.779654  0.000003 0.000000 1.000000  0.938211 0.822050 0
0  -0.152354 1.742733 20.779654  0.000002 0.000000 1.000000  0.931879 0.810204 0
ohmbattery
0  -0.653649 2.077688 20.779654  0.000000 0.000000 1.000000  0.942944 0.802811 0
0  -0.152354 1.742733 20.779654  0.000002 0.000000 1.000000  0.931879 0.810204 0
0  0.233692 2.213132 20.779654  0.000000 0.000000 1.000000  0.923357 0.799821 0
ohmbattery
0  0.369137 3.100474 20.779654  0.000000 0.000000 1.000000  0.920368 0.780234 0
0  -0.192625 2.639449 20.779654  0.000000 0.000000 1.000000  0.932768 0.790411 0
0  0.233692 2.213132 20.779654  0.000000 0.000000 1.000000  0.923357 0.799821 0
ohmbattery
0  0.369137 3.100474 20.779654  0.000000 0.000000 1.000000  0.920368 0.780234 0
0  0.704091 2.599178 20.779654  0.000000 0.000000 1.000000  0.912974 0.791299 0
0  1.240768 2.886038 20.779654  0.000000 0.000000 1.000000  0.901128 0.784968 0
ohmbattery
0  1.705474 3.654002 20.779654  -0.000001 0.000000 1.000000  0.890871 0.768016 0
0  1.010048 3.443048 20.779654  0.000000 0.000000 1.000000  0.906221 0.772673 0
0  1.240768 2.886038 20.779654  0.000000 0.000000 1.000000  0.901128 0.784968 0
ohmbattery
0  1.705474 3.654002 20.779654  -0.000001 0.000000 1.000000  0.890871 0.768016 0
0  1.823094 3.062683 20.779654  -0.000001 0.000000 1.000000  0.888274 0.781069 0
0  2.428693 3.122330 20.779654  -0.000000 0.000000 1.000000  0.874907 0.779752 0
ohmbattery
0  -0.930975 1.806056 20.779654  0.000000 0.000000 1.000000  0.949065 0.808807 0
0  -1.530975 1.206056 20.779654  0.000000 0.000000 1.000000  0.962309 0.822050 0
0  -0.439214 1.206056 20.779654  0.000003 0.000000 1.000000  0.938211 0.822050 0
ohmbattery
0  -0.930975 3.293877 20.779654  0.000000 0.000000 1.000000  0.949065 0.775966 0
0  -1.530975 3.893877 20.779654  0.000000 0.000000 1.000000  0.962309 0.762722 0
0  -1.530975 2.549967 20.779654  0.000000 0.000000 1.000000  0.962309 0.792386 0
ohmbattery
0  -0.210034 3.293877 20.171268  0.848591 -0.529049 0.000000  0.429878 0.884722 0
0  0.164033 3.893877 20.171268  0.848591 -0.529050 0.000000  0.429878 0.900326 0
0  0.164033 3.893877 20.779654  0.848591 -0.529049 0.000000  0.416451 0.900326 0
ohmbattery
0  -0.930975 3.293877 20.779654  0.000000 0.000000 1.000000  0.949065 0.775966 0
0  -0.210034 3.293877 20.779654  0.000000 0.000000 1.000000  0.933152 0.775965 0
0  0.164033 3.893877 20.779654  0.000000 0.000000 1.000000  0.924895 0.762722 0
ohmbattery
0  -0.930975 1.806056 20.779654  0.000000 0.000000 1.000000  0.949065 0.808807 0
0  -0.930975 2.549967 20.779654  0.000000 0.000000 1.000000  0.949065 0.792386 0
0  -1.530975 2.549967 20.779654  0.000000 0.000000 1.000000  0.962309 0.792386 0
ohmbattery
0  -1.530975 2.549967 20.779654  -1.000000 0.000000 0.000000  0.525631 0.835378 0
0  -1.530975 2.549967 20.171268  -1.000000 0.000000 0.000000  0.512202 0.835378 0
0  -1.530975 1.206056 20.171268  -1.000000 0.000000 0.000000  0.512202 0.805714 0
ohmbattery
0  -0.930975 1.806056 20.171268  1.000000 0.000000 0.000000  0.565662 0.440564 0
0  -0.930975 2.549967 20.171268  1.000000 0.000000 0.000000  0.565662 0.424140 0
0  -0.930975 2.549967 20.779654  1.000000 0.000000 0.000000  0.579094 0.424140 0
ohmbattery
0  -0.653649 -2.077681 20.779654  -0.831470 -0.555570 0.000000  0.966215 0.470517 0
0  -0.798840 -1.806050 20.779654  -0.881922 -0.471396 0.000000  0.966215 0.463719 0
0  -0.798840 -1.806050 20.171268  -0.881920 -0.471399 0.000000  0.979643 0.463719 0
ohmbattery
0  3.151912 -3.653995 20.779654  0.195090 -0.980785 0.000000  0.966215 0.566755 0
0  2.428693 -3.725226 20.779654  0.000000 -1.000000 0.000000  0.966215 0.550715 0
0  2.428693 -3.725226 20.171268  0.000000 -1.000000 0.000000  0.979643 0.550715 0
ohmbattery
0  -0.192625 -2.639442 20.779654  -0.707107 -0.707107 0.000000  0.966215 0.486557 0
0  -0.653649 -2.077681 20.779654  -0.831470 -0.555570 0.000000  0.966215 0.470517 0
0  -0.653649 -2.077681 20.171268  -0.831469 -0.555572 0.000000  0.979643 0.470517 0
ohmbattery
0  3.847338 -3.443042 20.779654  0.382683 -0.923880 0.000000  0.966215 0.582794 0
0  3.151912 -3.653995 20.779654  0.195090 -0.980785 0.000000  0.966215 0.566755 0
0  3.151912 -3.653995 20.171268  0.195089 -0.980785 0.000000  0.979643 0.566755 0
ohmbattery
0  0.369137 -3.100467 20.779654  -0.555570 -0.831469 0.000000  0.966215 0.502596 0
0  -0.192625 -2.639442 20.779654  -0.707107 -0.707107 0.000000  0.966215 0.486557 0
0  -0.192625 -2.639442 20.171268  -0.707105 -0.707108 0.000000  0.979643 0.486557 0
ohmbattery
0  4.488250 -3.100467 20.779654  0.555570 -0.831470 0.000000  0.966215 0.598834 0
0  3.847338 -3.443042 20.779654  0.382683 -0.923880 0.000000  0.966215 0.582794 0
0  3.847338 -3.443042 20.171268  0.382683 -0.923880 0.000000  0.979643 0.582794 0
ohmbattery
0  1.010048 -3.443042 20.779654  -0.382683 -0.923880 0.000000  0.966215 0.518636 0
0  0.369137 -3.100467 20.779654  -0.555570 -0.831469 0.000000  0.966215 0.502596 0
0  0.369137 -3.100467 20.171268  -0.555569 -0.831470 0.000000  0.979643 0.502596 0
ohmbattery
0  5.050011 -2.639442 20.779654  0.707107 -0.707106 0.000000  0.966215 0.614874 0
0  4.488250 -3.100467 20.779654  0.555570 -0.831470 0.000000  0.966215 0.598834 0
0  4.488250 -3.100467 20.171268  0.555570 -0.831470 0.000000  0.979643 0.598834 0
ohmbattery
0  1.705474 -3.653995 20.779654  -0.195090 -0.980785 0.000000  0.966215 0.534675 0
0  1.010048 -3.443042 20.779654  -0.382683 -0.923880 0.000000  0.966215 0.518636 0
0  1.010048 -3.443042 20.171268  -0.382683 -0.923880 0.000000  0.979643 0.518636 0
ohmbattery
0  5.511036 -2.077681 20.779654  0.831469 -0.555571 0.000000  0.966215 0.630913 0
0  5.050011 -2.639442 20.779654  0.707107 -0.707106 0.000000  0.966215 0.614874 0
0  5.050011 -2.639442 20.171268  0.707106 -0.707108 0.000000  0.979643 0.614874 0
ohmbattery
0  2.428693 -3.725226 20.779654  0.000000 -1.000000 0.000000  0.966215 0.550715 0
0  1.705474 -3.653995 20.779654  -0.195090 -0.980785 0.000000  0.966215 0.534675 0
0  1.705474 -3.653995 20.171268  -0.195089 -0.980786 0.000000  0.979643 0.534675 0
ohmbattery
0  5.853611 -1.436770 20.779654  0.923880 -0.382682 0.000000  0.966215 0.646953 0
0  5.511036 -2.077681 20.779654  0.831469 -0.555571 0.000000  0.966215 0.630913 0
0  5.511036 -2.077681 20.171268  0.831468 -0.555572 0.000000  0.979643 0.630913 0
ohmbattery
0  6.064563 -0.741344 20.779654  0.981761 -0.190118 0.000000  0.966215 0.662992 0
0  5.853611 -1.436770 20.779654  0.923880 -0.382682 0.000000  0.966215 0.646953 0
0  5.853611 -1.436770 20.171268  0.923880 -0.382683 0.000000  0.979643 0.646953 0
ohmbattery
0  6.130002 0.000003 20.779654  1.000000 0.000000 -0.000000  0.966215 0.679419 0
0  6.064563 -0.741344 20.779654  0.981761 -0.190118 0.000000  0.966215 0.662992 0
0  6.064563 -0.741344 20.171268  0.981761 -0.190118 0.000000  0.979643 0.662992 0
ohmbattery
0  -0.930975 -1.806050 20.779654  0.000002 -1.000000 0.000000  0.899918 0.054636 0
0  -0.930975 -1.806050 20.171268  0.000002 -1.000000 0.000000  0.886483 0.054636 0
0  -0.798840 -1.806050 20.171268  0.000002 -1.000000 0.000000  0.886483 0.051717 0
ohmbattery
0  -0.930975 -3.293870 20.779654  1.000000 0.000000 0.000000  0.707801 0.812147 0
0  -0.930975 -3.293870 20.171268  1.000000 0.000000 0.000000  0.707801 0.798722 0
0  -0.930975 -2.549960 20.171268  1.000000 0.000000 0.000000  0.724216 0.798722 0
ohmbattery
0  -0.210034 -3.293870 20.779654  0.000000 1.000000 0.000000  0.752550 0.816722 0
0  -0.210034 -3.293870 20.171268  0.000000 1.000000 0.000000  0.752550 0.830147 0
0  -0.930975 -3.293870 20.171268  0.000000 1.000000 0.000000  0.736641 0.830147 0
ohmbattery
0  -0.439214 -1.206050 20.171268  0.881922 0.471396 0.000000  0.921274 0.086715 0
0  -0.439214 -1.206050 20.779654  0.881922 0.471396 0.000000  0.934703 0.086715 0
0  -0.152354 -1.742727 20.779654  0.831469 0.555572 -0.000000  0.934703 0.100148 0
ohmbattery
0  2.428693 -3.122323 20.171268  -0.000000 1.000000 0.000000  0.921274 0.167310 0
0  2.428693 -3.122323 20.779654  -0.000000 1.000000 0.000000  0.934703 0.167310 0
0  3.034292 -3.062677 20.779654  -0.195090 0.980785 0.000000  0.934703 0.180743 0
ohmbattery
0  -0.152354 -1.742727 20.171268  0.831469 0.555572 0.000000  0.921274 0.100148 0
0  -0.152354 -1.742727 20.779654  0.831465 0.555578 0.000000  0.934703 0.100148 0
0  0.233692 -2.213125 20.779654  0.707108 0.707106 0.000000  0.934703 0.113580 0
ohmbattery
0  3.034292 -3.062677 20.171268  -0.195089 0.980786 0.000000  0.921274 0.180743 0
0  3.034292 -3.062677 20.779654  -0.195090 0.980785 0.000000  0.934703 0.180743 0
0  3.616618 -2.886032 20.779654  -0.382683 0.923880 0.000000  0.934703 0.194175 0
ohmbattery
0  0.233692 -2.213125 20.171268  0.707106 0.707107 0.000000  0.921274 0.113580 0
0  0.233692 -2.213125 20.779654  0.707108 0.707106 0.000000  0.934703 0.113580 0
0  0.704091 -2.599172 20.779654  0.555570 0.831470 0.000000  0.934703 0.127013 0
ohmbattery
0  3.616618 -2.886032 20.171268  -0.382682 0.923880 0.000000  0.921274 0.194175 0
0  3.616618 -2.886032 20.779654  -0.382683 0.923880 0.000000  0.934703 0.194175 0
0  4.153295 -2.599172 20.779654  -0.555571 0.831469 0.000000  0.934703 0.207608 0
ohmbattery
0  0.704091 -2.599172 20.171268  0.555569 0.831470 0.000000  0.921274 0.127013 0
0  0.704091 -2.599172 20.779654  0.555570 0.831470 0.000000  0.934703 0.127013 0
0  1.240768 -2.886032 20.779654  0.382683 0.923880 0.000000  0.934703 0.140445 0
ohmbattery
0  4.153295 -2.599172 20.171268  -0.555570 0.831470 0.000000  0.921274 0.207608 0
0  4.153295 -2.599172 20.779654  -0.555571 0.831469 0.000000  0.934703 0.207608 0
0  4.623694 -2.213125 20.779654  -0.707107 0.707107 0.000000  0.934703 0.221040 0
ohmbattery
0  1.240768 -2.886032 20.171268  0.382683 0.923880 0.000000  0.921274 0.140445 0
0  1.240768 -2.886032 20.779654  0.382683 0.923880 0.000000  0.934703 0.140445 0
0  1.823094 -3.062677 20.779654  0.195090 0.980785 0.000000  0.934703 0.153878 0
ohmbattery
0  4.623694 -2.213125 20.171268  -0.707106 0.707108 0.000000  0.921274 0.221040 0
0  4.623694 -2.213125 20.779654  -0.707107 0.707107 0.000000  0.934703 0.221040 0
0  5.009740 -1.742727 20.779654  -0.831470 0.555569 0.000000  0.934703 0.234473 0
ohmbattery
0  1.823094 -3.062677 20.171268  0.195089 0.980786 0.000000  0.921274 0.153878 0
0  1.823094 -3.062677 20.779654  0.195090 0.980785 0.000000  0.934703 0.153878 0
0  2.428693 -3.122323 20.779654  -0.000000 1.000000 0.000000  0.934703 0.167310 0
ohmbattery
0  5.009740 -1.742727 20.171268  -0.831469 0.555571 0.000000  0.921274 0.234473 0
0  5.009740 -1.742727 20.779654  -0.831470 0.555569 0.000000  0.934703 0.234473 0
0  5.296600 -1.206050 20.779654  -0.923880 0.382683 0.000000  0.934703 0.247905 0
ohmbattery
0  5.296600 -1.206050 20.171268  -0.923879 0.382684 -0.000000  0.921274 0.247905 0
0  5.296600 -1.206050 20.779654  -0.923880 0.382683 0.000000  0.934703 0.247905 0
0  5.473245 -0.623724 20.779654  -0.981061 0.193698 -0.000000  0.934703 0.261338 0
ohmbattery
0  5.473245 -0.623724 20.171268  -0.981061 0.193698 -0.000000  0.921274 0.261338 0
0  5.473245 -0.623724 20.779654  -0.981061 0.193698 -0.000000  0.934703 0.261338 0
0  5.532891 0.000003 20.779654  -1.000000 -0.000000 0.000000  0.934703 0.275168 0
ohmbattery
0  -0.439214 -1.206050 20.171268  0.000000 1.000000 0.000000  0.775996 0.879814 0
0  -1.530975 -1.206050 20.171268  0.000000 1.000000 0.000000  0.775996 0.855715 0
0  -1.530975 -1.206050 20.779654  0.000000 1.000000 0.000000  0.789424 0.855715 0
ohmbattery
0  -1.530975 -2.549960 20.171268  -1.000000 0.000000 0.000000  0.158441 0.713717 0
0  -1.530975 -3.893870 20.171268  -1.000000 0.000000 0.000000  0.188108 0.713717 0
0  -1.530975 -3.893870 20.779654  -1.000000 0.000000 0.000000  0.188108 0.727147 0
ohmbattery
0  -1.530975 -3.893870 20.171268  0.000000 -1.000000 0.000000  0.695316 0.816720 0
0  0.164033 -3.893870 20.171268  0.000000 -1.000000 0.000000  0.732734 0.816720 0
0  0.164033 -3.893870 20.779654  0.000000 -1.000000 0.000000  0.732734 0.830151 0
ohmbattery
0  3.151912 -3.653995 20.779654  0.000001 0.000000 1.000000  0.858944 0.929326 0
0  3.034292 -3.062677 20.779654  0.000001 0.000000 1.000000  0.861539 0.916274 0
0  2.428693 -3.122323 20.779654  -0.000000 0.000000 1.000000  0.874907 0.917591 0
ohmbattery
0  3.616618 -2.886032 20.779654  0.000000 0.000000 1.000000  0.848686 0.912375 0
0  3.034292 -3.062677 20.779654  0.000001 0.000000 1.000000  0.861539 0.916274 0
0  3.151912 -3.653995 20.779654  0.000001 0.000000 1.000000  0.858944 0.929326 0
ohmbattery
0  4.488250 -3.100467 20.779654  0.000000 0.000000 1.000000  0.829446 0.917108 0
0  4.153295 -2.599172 20.779654  0.000000 0.000000 1.000000  0.836840 0.906043 0
0  3.616618 -2.886032 20.779654  0.000000 0.000000 1.000000  0.848686 0.912375 0
ohmbattery
0  4.623694 -2.213125 20.779654  -0.000003 0.000000 1.000000  0.826457 0.897522 0
0  4.153295 -2.599172 20.779654  0.000000 0.000000 1.000000  0.836840 0.906043 0
0  4.488250 -3.100467 20.779654  0.000000 0.000000 1.000000  0.829446 0.917108 0
ohmbattery
0  5.009740 -1.742727 20.779654  -0.000003 0.000000 1.000000  0.817935 0.887139 0
0  4.623694 -2.213125 20.779654  -0.000003 0.000000 1.000000  0.826457 0.897522 0
0  5.050011 -2.639442 20.779654  -0.000000 0.000000 1.000000  0.817047 0.906932 0
ohmbattery
0  5.296600 -1.206050 20.779654  0.000000 0.000000 1.000000  0.811604 0.875293 0
0  5.009740 -1.742727 20.779654  -0.000003 0.000000 1.000000  0.817935 0.887139 0
0  5.511036 -2.077681 20.779654  0.000002 0.000000 1.000000  0.806871 0.894532 0
ohmbattery
0  6.064563 -0.741344 20.779654  0.000000 0.000000 1.000000  0.794653 0.865035 0
0  5.473245 -0.623724 20.779654  0.000000 0.000000 1.000000  0.807704 0.862439 0
0  5.296600 -1.206050 20.779654  0.000000 0.000000 1.000000  0.811604 0.875293 0
ohmbattery
0  6.130002 0.000003 20.779654  0.000000 0.000000 1.000000  0.793208 0.848671 0
0  5.532891 0.000003 20.779654  0.000000 0.000000 1.000000  0.806388 0.848671 0
0  5.473245 -0.623724 20.779654  0.000000 0.000000 1.000000  0.807704 0.862439 0
ohmbattery
0  -0.152354 -1.742727 20.779654  0.000002 0.000000 1.000000  0.931879 0.887139 0
0  -0.439214 -1.206050 20.779654  0.000002 0.000000 1.000000  0.938211 0.875293 0
0  -0.798840 -1.806050 20.779654  -0.000001 0.000000 1.000000  0.946149 0.888537 0
ohmbattery
0  0.233692 -2.213125 20.779654  0.000000 0.000000 1.000000  0.923357 0.897522 0
0  -0.152354 -1.742727 20.779654  0.000002 0.000000 1.000000  0.931879 0.887139 0
0  -0.653649 -2.077681 20.779654  0.000000 0.000000 1.000000  0.942944 0.894532 0
ohmbattery
0  0.369137 -3.100467 20.779654  0.000000 0.000000 1.000000  0.920368 0.917108 0
0  0.704091 -2.599172 20.779654  0.000000 0.000000 1.000000  0.912974 0.906043 0
0  0.233692 -2.213125 20.779654  0.000000 0.000000 1.000000  0.923357 0.897522 0
ohmbattery
0  1.240768 -2.886032 20.779654  0.000000 0.000000 1.000000  0.901128 0.912375 0
0  0.704091 -2.599172 20.779654  0.000000 0.000000 1.000000  0.912974 0.906043 0
0  0.369137 -3.100467 20.779654  0.000000 0.000000 1.000000  0.920368 0.917108 0
ohmbattery
0  1.705474 -3.653995 20.779654  -0.000001 0.000000 1.000000  0.890871 0.929326 0
0  1.823094 -3.062677 20.779654  -0.000003 0.000000 1.000000  0.888274 0.916274 0
0  1.240768 -2.886032 20.779654  0.000000 0.000000 1.000000  0.901128 0.912375 0
ohmbattery
0  2.428693 -3.122323 20.779654  -0.000000 0.000000 1.000000  0.874907 0.917591 0
0  1.823094 -3.062677 20.779654  -0.000003 0.000000 1.000000  0.888274 0.916274 0
0  1.705474 -3.653995 20.779654  -0.000001 0.000000 1.000000  0.890871 0.929326 0
ohmbattery
0  -0.439214 -1.206050 20.779654  0.000002 0.000000 1.000000  0.938211 0.875293 0
0  -1.530975 -1.206050 20.779654  0.000000 0.000000 1.000000  0.962309 0.875293 0
0  -0.930975 -1.806050 20.779654  -0.000001 0.000000 1.000000  0.949065 0.888537 0
ohmbattery
0  -1.530975 -2.549960 20.779654  0.000000 0.000000 1.000000  0.962309 0.904957 0
0  -1.530975 -3.893870 20.779654  0.000000 0.000000 1.000000  0.962309 0.934622 0
0  -0.930975 -3.293870 20.779654  0.000000 0.000000 1.000000  0.949065 0.921377 0
ohmbattery
0  0.164033 -3.893870 20.779654  0.848591 0.529050 0.000000  0.913939 0.882716 0
0  0.164033 -3.893870 20.171268  0.848591 0.529050 0.000000  0.913939 0.896148 0
0  -0.210034 -3.293870 20.171268  0.848591 0.529050 0.000000  0.898328 0.896148 0
ohmbattery
0  -0.930975 -3.293870 20.779654  0.000000 0.000000 1.000000  0.949065 0.921377 0
0  -1.530975 -3.893870 20.779654  0.000000 0.000000 1.000000  0.962309 0.934622 0
0  0.164033 -3.893870 20.779654  0.000000 0.000000 1.000000  0.924895 0.934621 0
ohmbattery
0  -0.930975 -1.806050 20.779654  -0.000001 0.000000 1.000000  0.949065 0.888537 0
0  -1.530975 -1.206050 20.779654  0.000000 0.000000 1.000000  0.962309 0.875293 0
0  -1.530975 -2.549960 20.779654  0.000000 0.000000 1.000000  0.962309 0.904957 0
ohmbattery
0  -1.530975 -1.206050 20.171268  -1.000000 0.000000 0.000000  0.128774 0.713717 0
0  -1.530975 -2.549960 20.171268  -1.000000 0.000000 0.000000  0.158441 0.713717 0
0  -1.530975 -2.549960 20.779654  -1.000000 0.000000 0.000000  0.158441 0.727147 0
ohmbattery
0  -0.930975 -2.549960 20.779654  1.000000 0.000000 0.000000  0.724216 0.812147 0
0  -0.930975 -2.549960 20.171268  1.000000 0.000000 0.000000  0.724216 0.798722 0
0  -0.930975 -1.806050 20.171268  1.000000 0.000000 0.000000  0.740631 0.798722 0
ohmbattery
0  3.576978 0.758982 1.249124  0.831470 0.555570 -0.000000  0.035251 0.683725 0
0  3.576978 0.758982 0.107242  0.831469 0.555570 -0.000000  0.035247 0.708929 0
0  3.200064 1.135895 0.107242  0.555570 0.831470 -0.000000  0.023482 0.708927 0
ohmbattery
0  3.780962 0.266519 0.542288  0.965730 0.259550 -0.000000  0.047013 0.699328 0
0  3.780962 0.266519 0.107242  0.980785 0.195090 0.000000  0.047012 0.708931 0
0  3.576978 0.758982 0.107242  0.831469 0.555570 -0.000000  0.035247 0.708929 0
ohmbattery
0  3.576978 -0.758982 0.107242  0.831470 -0.555570 0.000000  0.070542 0.708934 0
0  3.780962 -0.266519 0.107242  0.980785 -0.195089 0.000000  0.058778 0.708932 0
0  3.780962 -0.266519 0.542288  0.965730 -0.259550 0.000000  0.058779 0.699330 0
ohmbattery
0  3.200064 -1.135895 1.249124  0.555570 -0.831470 0.000000  0.082311 0.683732 0
0  3.200064 -1.135895 0.107242  0.555570 -0.831470 0.000000  0.082308 0.708936 0
0  3.576978 -0.758982 0.107242  0.831470 -0.555570 0.000000  0.070542 0.708934 0
ohmbattery
0  3.200064 1.135895 0.107242  0.555570 0.831470 -0.000000  0.023482 0.708927 0
0  2.707602 1.339880 0.107242  0.195090 0.980785 -0.000001  0.011717 0.708925 0
0  2.707602 1.339880 0.542288  0.259550 0.965730 -0.000000  0.011718 0.699323 0
ohmbattery
0  2.174564 -1.339880 0.107242  -0.195090 -0.980785 0.000000  0.105838 0.708939 0
0  2.707602 -1.339880 0.107242  0.195090 -0.980785 0.000000  0.094073 0.708938 0
0  2.707602 -1.339880 0.542288  0.259550 -0.965730 0.000000  0.094074 0.699335 0
ohmbattery
0  2.707602 -1.339880 0.542288  0.259550 -0.965730 0.000000  0.094074 0.699335 0
0  2.707602 -1.339880 0.107242  0.195090 -0.980785 0.000000  0.094073 0.708938 0
0  3.200064 -1.135895 0.107242  0.555570 -0.831470 0.000000  0.082308 0.708936 0
ohmbattery
0  1.101203 0.266519 0.542288  -0.966131 0.258013 -0.004576  0.152901 0.699343 0
0  1.178943 0.522795 1.249124  -0.914127 0.402863 -0.045527  0.158757 0.683722 0
0  1.305187 0.758982 1.249124  -0.814839 0.579266 -0.022091  0.164668 0.683744 0
ohmbattery
0  1.305187 0.758982 1.249124  -0.814839 0.579266 -0.022091  0.164668 0.683744 0
0  1.305187 0.758982 0.107242  -0.831470 0.555570 -0.000000  0.164665 0.708948 0
0  1.101203 0.266519 0.542288  -0.966131 0.258013 -0.004576  0.152901 0.699343 0
ohmbattery
0  1.682101 -1.135895 0.107242  -0.555570 -0.831470 0.000000  0.117604 0.708941 0
0  2.174564 -1.339880 0.107242  -0.195090 -0.980785 0.000000  0.105838 0.708939 0
0  2.174564 -1.339880 0.542288  -0.259550 -0.965730 0.000000  0.105840 0.699337 0
ohmbattery
0  1.305187 -0.758982 0.107242  -0.831470 -0.555570 0.000000  0.129369 0.708943 0
0  1.682101 -1.135895 0.107242  -0.555570 -0.831470 0.000000  0.117604 0.708941 0
0  1.682101 -1.135895 1.249124  -0.555570 -0.831470 0.000000  0.117607 0.683737 0
ohmbattery
0  1.101203 -0.266519 0.542288  -0.965730 -0.259550 0.000000  0.141136 0.699342 0
0  1.101203 -0.266519 0.107242  -0.980785 -0.195090 0.000000  0.141134 0.708944 0
0  1.305187 -0.758982 0.107242  -0.831470 -0.555570 0.000000  0.129369 0.708943 0
ohmbattery
0  1.101203 0.266519 0.107242  -0.980785 0.195090 0.000000  0.152899 0.708946 0
0  1.101203 -0.266519 0.107242  -0.980785 -0.195090 0.000000  0.141134 0.708944 0
0  1.101203 -0.266519 0.542288  -0.965730 -0.259550 0.000000  0.141136 0.699342 0
ohmbattery
0  1.682101 1.135895 1.249124  -0.555570 0.831470 -0.000000  0.176434 0.683746 0
0  1.682101 1.135895 0.107242  -0.555570 0.831470 -0.000000  0.176430 0.708949 0
0  1.305187 0.758982 0.107242  -0.831470 0.555570 -0.000000  0.164665 0.708948 0
ohmbattery
0  2.174564 1.339880 0.542288  -0.259550 0.965730 -0.000000  0.188196 0.699349 0
0  2.174564 1.339880 0.107242  -0.195090 0.980785 -0.000000  0.188195 0.708951 0
0  1.682101 1.135895 0.107242  -0.555570 0.831470 -0.000000  0.176430 0.708949 0
ohmbattery
0  3.780962 -0.266519 0.107242  0.980785 -0.195089 0.000000  0.058778 0.708932 0
0  3.780962 0.266519 0.107242  0.980785 0.195090 0.000000  0.047012 0.708931 0
0  3.780962 0.266519 0.542288  0.965730 0.259550 -0.000000  0.047013 0.699328 0
ohmbattery
0  2.707602 4.392393 0.542288  1.000000 0.000000 0.000000  0.966211 0.899715 0
0  2.707602 4.392393 1.249123  1.000000 0.000000 0.000000  0.981813 0.899715 0
0  2.707602 1.339880 1.249124  1.000000 0.000000 0.000000  0.981813 0.967094 0
ohmbattery
0  -3.542164 -0.266519 1.249124  0.000000 -1.000000 0.000000  0.840448 0.444715 0
0  -3.542164 -0.266519 0.542288  0.000000 -1.000000 0.000000  0.840448 0.460317 0
0  1.101203 -0.266519 0.542288  0.000000 -1.000000 0.000000  0.737954 0.460317 0
ohmbattery
0  -3.542164 0.266519 0.542288  0.000000 1.000000 -0.000000  0.552593 0.812324 0
0  -3.542164 0.266519 1.249124  0.000000 1.000000 -0.000000  0.552593 0.796722 0
0  1.101203 0.266519 1.249124  0.000000 1.000000 -0.000000  0.655087 0.796722 0
ohmbattery
0  2.707602 -4.392393 1.249125  1.000000 -0.000000 0.000000  0.827049 0.891317 0
0  2.707602 -4.392393 0.542289  1.000000 -0.000000 0.000000  0.827049 0.875715 0
0  2.707602 -1.339880 0.542288  1.000000 -0.000000 0.000000  0.894428 0.875715 0
ohmbattery
0  6.798055 0.266519 0.542288  0.000000 -0.000000 -1.000000  0.905461 0.983486 0
0  6.798055 -0.266519 0.542288  0.000000 -0.000000 -1.000000  0.905461 0.971721 0
0  3.780962 -0.266519 0.542288  0.000000 -0.000000 -1.000000  0.972055 0.971721 0
ohmbattery
0  6.798055 0.266519 1.249124  0.000000 1.000000 -0.000000  0.750392 0.931322 0
0  6.798055 0.266519 0.542288  0.000000 1.000000 -0.000000  0.750392 0.915720 0
0  3.780962 0.266519 0.542288  0.000000 1.000000 -0.000000  0.816985 0.915720 0
ohmbattery
0  2.707602 4.392393 0.542288  0.000000 -0.000000 -1.000000  0.587769 0.970722 0
0  2.707602 1.339880 0.542288  0.000000 -0.000000 -1.000000  0.655150 0.970722 0
0  2.174564 1.339880 0.542288  0.000000 -0.000000 -1.000000  0.655150 0.982489 0
ohmbattery
0  2.174564 -1.339880 0.542288  0.000000 -0.000000 -1.000000  0.726433 0.970723 0
0  2.707602 -1.339880 0.542288  0.000000 -0.000000 -1.000000  0.726433 0.982489 0
0  2.707602 -4.392393 0.542289  0.000000 -0.000000 -1.000000  0.659052 0.982489 0
ohmbattery
0  -3.542164 -0.266519 0.542288  0.000000 -0.000000 -1.000000  0.856728 0.593721 0
0  -3.542164 0.266519 0.542288  0.000000 -0.000000 -1.000000  0.856728 0.605487 0
0  1.101203 0.266519 0.542288  0.000000 -0.000000 -1.000000  0.754232 0.605487 0
ohmbattery
0  2.174564 -4.392393 0.542289  -1.000000 -0.000000 0.000000  0.868753 0.949717 0
0  2.174564 -4.392393 1.249125  -1.000000 -0.000000 0.000000  0.868753 0.965319 0
0  2.174564 -1.339879 1.249124  -1.000000 -0.000000 0.000000  0.801374 0.965319 0
ohmbattery
0  2.174564 4.392393 1.249123  -1.000000 0.000000 0.000000  0.431464 0.766722 0
0  2.174564 4.392393 0.542288  -1.000000 0.000000 0.000000  0.431464 0.782324 0
0  2.174564 1.339880 0.542288  -1.000000 0.000000 0.000000  0.364085 0.782324 0
ohmbattery
0  6.798055 -0.266519 0.542288  0.000000 -1.000000 0.000000  0.872656 0.965325 0
0  6.798055 -0.266519 1.249124  0.000000 -1.000000 0.000000  0.872656 0.949723 0
0  3.780962 -0.266519 1.249124  0.000000 -1.000000 0.000000  0.939254 0.949723 0
ohmbattery
0  2.707602 1.339880 0.542288  0.259550 0.965730 -0.000000  0.199962 0.699351 0
0  2.707602 1.339880 0.107242  0.195090 0.980785 -0.000001  0.199960 0.708953 0
0  2.174564 1.339880 0.107242  -0.195090 0.980785 -0.000000  0.188195 0.708951 0
ohmbattery
0  1.467360 0.973728 21.346361  -0.707107 0.707107 -0.000000  0.355964 0.603717 0
0  1.467360 0.973728 20.304689  -0.707107 0.707106 -0.000000  0.355964 0.622283 0
0  1.248520 0.688531 20.304689  -0.866026 0.499999 -0.000000  0.348029 0.622283 0
ohmbattery
0  3.818140 0.000003 21.346361  1.000000 -0.000000 -0.000000  0.427379 0.603717 0
0  3.818140 0.000003 20.304689  1.000000 0.000000 0.000000  0.427379 0.622283 0
0  3.771219 0.356411 20.304689  0.965926 0.258819 -0.000000  0.419444 0.622283 0
ohmbattery
0  2.084677 -1.330130 21.346361  -0.258818 -0.965926 0.000000  0.292483 0.603717 0
0  2.084677 -1.330130 20.304689  -0.258818 -0.965926 0.000000  0.292483 0.622283 0
0  2.441085 -1.377052 20.304689  -0.000000 -1.000000 0.000000  0.284548 0.622283 0
ohmbattery
0  1.248520 0.688531 21.346361  -0.866026 0.500000 -0.000000  0.348029 0.603717 0
0  1.248520 0.688531 20.304689  -0.866026 0.499999 -0.000000  0.348029 0.622283 0
0  1.110952 0.356411 20.304689  -0.965926 0.258820 -0.000000  0.340093 0.622283 0
ohmbattery
0  3.771219 0.356412 21.346361  0.965926 0.258819 -0.000000  0.419444 0.603717 0
0  3.771219 0.356411 20.304689  0.965926 0.258819 -0.000000  0.419444 0.622283 0
0  3.633650 0.688531 20.304689  0.866025 0.500000 -0.000000  0.411509 0.622283 0
ohmbattery
0  2.441085 -1.377052 21.346361  0.000000 -1.000000 0.000000  0.284548 0.603717 0
0  2.441085 -1.377052 20.304689  -0.000000 -1.000000 0.000000  0.284548 0.622283 0
0  2.797493 -1.330130 20.304689  0.258818 -0.965926 0.000000  0.276613 0.622283 0
ohmbattery
0  1.110952 0.356412 21.346361  -0.965926 0.258819 -0.000000  0.340093 0.603717 0
0  1.110952 0.356411 20.304689  -0.965926 0.258820 -0.000000  0.340093 0.622283 0
0  1.064029 0.000003 20.304689  -1.000000 0.000000 0.000000  0.332159 0.622283 0
ohmbattery
0  3.633650 0.688531 21.346361  0.866025 0.500000 -0.000000  0.411509 0.603717 0
0  3.633650 0.688531 20.304689  0.866025 0.500000 -0.000000  0.411509 0.622283 0
0  3.414810 0.973728 20.304689  0.707107 0.707106 -0.000000  0.403574 0.622283 0
ohmbattery
0  2.797493 -1.330130 21.346361  0.258818 -0.965926 0.000000  0.276613 0.603717 0
0  2.797493 -1.330130 20.304689  0.258818 -0.965926 0.000000  0.276613 0.622283 0
0  3.129613 -1.192562 20.304689  0.500000 -0.866025 0.000000  0.268678 0.622283 0
ohmbattery
0  1.064029 0.000003 21.346361  -1.000000 0.000000 -0.000000  0.332159 0.603717 0
0  1.064029 0.000003 20.304689  -1.000000 0.000000 0.000000  0.332159 0.622283 0
0  1.110952 -0.356405 20.304689  -0.965926 -0.258820 0.000000  0.324224 0.622283 0
ohmbattery
0  3.414810 0.973728 21.346361  0.707107 0.707106 -0.000000  0.403574 0.603717 0
0  3.414810 0.973728 20.304689  0.707107 0.707106 -0.000000  0.403574 0.622283 0
0  3.129613 1.192569 20.304689  0.500000 0.866025 -0.000000  0.395639 0.622283 0
ohmbattery
0  3.129613 -1.192562 21.346361  0.500000 -0.866025 0.000000  0.268678 0.603717 0
0  3.129613 -1.192562 20.304689  0.500000 -0.866025 0.000000  0.268678 0.622283 0
0  3.414810 -0.973722 20.304689  0.707108 -0.707106 0.000000  0.260743 0.622283 0
ohmbattery
0  1.110952 -0.356405 21.346361  -0.965926 -0.258819 0.000000  0.324224 0.603717 0
0  1.110952 -0.356405 20.304689  -0.965926 -0.258820 0.000000  0.324224 0.622283 0
0  1.248520 -0.688524 20.304689  -0.866026 -0.499999 0.000000  0.316288 0.622283 0
ohmbattery
0  3.129613 1.192569 21.346361  0.500000 0.866025 -0.000000  0.395639 0.603717 0
0  3.129613 1.192569 20.304689  0.500000 0.866025 -0.000000  0.395639 0.622283 0
0  2.797493 1.330137 20.304689  0.258818 0.965926 -0.000000  0.387704 0.622283 0
ohmbattery
0  2.441085 1.377059 21.346361  0.000000 1.000000 0.000000  0.379769 0.603717 0
0  2.441085 1.377058 20.304689  0.000000 1.000000 0.000000  0.379769 0.622283 0
0  2.084677 1.330137 20.304689  -0.258818 0.965926 -0.000000  0.371834 0.622283 0
ohmbattery
0  3.414810 -0.973722 21.346361  0.707107 -0.707106 0.000000  0.260743 0.603717 0
0  3.414810 -0.973722 20.304689  0.707108 -0.707106 0.000000  0.260743 0.622283 0
0  3.633650 -0.688524 20.304689  0.866025 -0.500000 0.000000  0.252808 0.622283 0
ohmbattery
0  1.248520 -0.688524 21.346361  -0.866026 -0.500000 0.000000  0.316288 0.603717 0
0  1.248520 -0.688524 20.304689  -0.866026 -0.499999 0.000000  0.316288 0.622283 0
0  1.467360 -0.973722 20.304689  -0.707107 -0.707106 0.000000  0.308353 0.622283 0
ohmbattery
0  2.797493 1.330137 21.346361  0.258818 0.965926 0.000000  0.387704 0.603717 0
0  2.797493 1.330137 20.304689  0.258818 0.965926 -0.000000  0.387704 0.622283 0
0  2.441085 1.377058 20.304689  0.000000 1.000000 0.000000  0.379769 0.622283 0
ohmbattery
0  2.084677 1.330137 21.346361  -0.258818 0.965926 -0.000000  0.371834 0.603717 0
0  2.084677 1.330137 20.304689  -0.258818 0.965926 -0.000000  0.371834 0.622283 0
0  1.752558 1.192569 20.304689  -0.500000 0.866025 -0.000000  0.363899 0.622283 0
ohmbattery
0  3.633650 -0.688524 21.346361  0.866025 -0.500001 0.000000  0.252808 0.603717 0
0  3.633650 -0.688524 20.304689  0.866025 -0.500000 0.000000  0.252808 0.622283 0
0  3.771219 -0.356405 20.304689  0.965926 -0.258819 0.000000  0.244873 0.622283 0
ohmbattery
0  1.467360 -0.973722 21.346361  -0.707107 -0.707107 0.000000  0.308353 0.603717 0
0  1.467360 -0.973722 20.304689  -0.707107 -0.707106 0.000000  0.308353 0.622283 0
0  1.752558 -1.192562 20.304689  -0.500000 -0.866025 0.000000  0.300418 0.622283 0
ohmbattery
0  1.752558 1.192569 21.346361  -0.499999 0.866026 -0.000000  0.363899 0.603717 0
0  1.752558 1.192569 20.304689  -0.500000 0.866025 -0.000000  0.363899 0.622283 0
0  1.467360 0.973728 20.304689  -0.707107 0.707106 -0.000000  0.355964 0.622283 0
ohmbattery
0  3.771219 -0.356405 21.346361  0.965926 -0.258819 0.000000  0.244873 0.603717 0
0  3.771219 -0.356405 20.304689  0.965926 -0.258819 0.000000  0.244873 0.622283 0
0  3.818140 0.000003 20.304689  1.000000 0.000000 0.000000  0.236938 0.622283 0
ohmbattery
0  1.752558 -1.192562 21.346361  -0.500000 -0.866025 0.000000  0.300418 0.603717 0
0  1.752558 -1.192562 20.304689  -0.500000 -0.866025 0.000000  0.300418 0.622283 0
0  2.084677 -1.330130 20.304689  -0.258818 -0.965926 0.000000  0.292483 0.622283 0
ohmbattery
0  -8.134162 0.504763 19.917341  0.000000 0.707106 -0.707108  0.517353 0.613716 0
0  -7.601492 0.504763 19.917341  0.000000 0.707106 -0.707108  0.517353 0.625474 0
0  -7.601492 0.273177 19.762602  0.000000 0.382682 -0.923880  0.523501 0.625474 0
ohmbattery
0  -7.601492 -0.659500 20.695278  0.000000 -0.923879 0.382684  0.462021 0.625474 0
0  -7.601492 -0.504759 20.926865  0.000000 -0.707107 0.707106  0.468169 0.625474 0
0  -8.134162 -0.504759 20.926865  0.000000 -0.707107 0.707106  0.468169 0.613716 0
ohmbattery
0  -7.601492 0.659503 20.148928  0.000000 0.923880 -0.382682  0.511205 0.625474 0
0  -7.601492 0.504763 19.917341  0.000000 0.707106 -0.707108  0.517353 0.625474 0
0  -8.134162 0.504763 19.917341  0.000000 0.707106 -0.707108  0.517353 0.613716 0
ohmbattery
0  -7.601492 -0.713838 20.422104  0.000000 -1.000000 0.000001  0.455873 0.625474 0
0  -7.601492 -0.659500 20.695278  0.000000 -0.923879 0.382684  0.462021 0.625474 0
0  -8.134162 -0.659500 20.695278  0.000000 -0.923879 0.382683  0.462021 0.613716 0
ohmbattery
0  -7.601492 0.659504 20.695278  0.000000 0.923880 0.382682  0.498909 0.625474 0
0  -7.601492 0.713841 20.422104  0.000000 1.000000 0.000001  0.505057 0.625474 0
0  -8.134162 0.713841 20.422104  0.000000 1.000000 0.000001  0.505057 0.613716 0
ohmbattery
0  -7.601492 0.713841 20.422104  0.000000 1.000000 0.000001  0.505057 0.625474 0
0  -7.601492 0.659503 20.148928  0.000000 0.923880 -0.382682  0.511205 0.625474 0
0  -8.134162 0.659503 20.148928  0.000000 0.923880 -0.382682  0.511205 0.613716 0
ohmbattery
0  -7.601492 -0.659500 20.148928  0.000000 -0.923880 -0.382683  0.449725 0.625474 0
0  -7.601492 -0.713838 20.422104  0.000000 -1.000000 0.000001  0.455873 0.625474 0
0  -8.134162 -0.713838 20.422104  0.000000 -1.000000 0.000001  0.455873 0.613716 0
ohmbattery
0  -7.601492 0.504763 20.926865  0.000000 0.707108 0.707106  0.492761 0.625474 0
0  -7.601492 0.659504 20.695278  0.000000 0.923880 0.382682  0.498909 0.625474 0
0  -8.134162 0.659504 20.695278  0.000000 0.923880 0.382682  0.498909 0.613716 0
ohmbattery
0  -7.601492 -0.504759 19.917341  0.000000 -0.707105 -0.707108  0.443577 0.625474 0
0  -7.601492 -0.659500 20.148928  0.000000 -0.923880 -0.382683  0.449725 0.625474 0
0  -8.134162 -0.659500 20.148928  0.000000 -0.923880 -0.382683  0.449725 0.613716 0
ohmbattery
0  -7.601492 0.273177 21.081606  0.000000 0.382682 0.923880  0.486613 0.625474 0
0  -7.601492 0.504763 20.926865  0.000000 0.707108 0.707106  0.492761 0.625474 0
0  -8.134162 0.504763 20.926865  0.000000 0.707108 0.707106  0.492761 0.613716 0
ohmbattery
0  -7.601492 -0.273173 19.762602  0.000000 -0.382683 -0.923880  0.437429 0.625474 0
0  -7.601492 -0.504759 19.917341  0.000000 -0.707105 -0.707108  0.443577 0.625474 0
0  -8.134162 -0.504759 19.917341  0.000000 -0.707106 -0.707108  0.443577 0.613716 0
ohmbattery
0  -7.601492 0.000002 21.135942  0.000000 -0.000000 1.000000  0.480465 0.625474 0
0  -7.601492 0.273177 21.081606  0.000000 0.382682 0.923880  0.486613 0.625474 0
0  -8.134162 0.273177 21.081606  0.000000 0.382682 0.923880  0.486613 0.613716 0
ohmbattery
0  -8.134162 0.000002 19.708263  0.000000 -0.000000 -1.000000  0.431282 0.613716 0
0  -7.601492 0.000002 19.708263  0.000000 -0.000000 -1.000000  0.431282 0.625474 0
0  -7.601492 -0.273173 19.762602  0.000000 -0.382683 -0.923880  0.437429 0.625474 0
ohmbattery
0  -7.601492 -0.273173 21.081606  0.000000 -0.382682 0.923880  0.474317 0.625474 0
0  -7.601492 0.000002 21.135942  0.000000 -0.000000 1.000000  0.480465 0.625474 0
0  -8.134162 0.000002 21.135942  0.000000 -0.000000 1.000000  0.480465 0.613716 0
ohmbattery
0  -7.601492 0.273177 19.762602  0.000000 0.382682 -0.923880  0.523501 0.625474 0
0  -7.601492 0.000002 19.708263  0.000000 -0.000000 -1.000000  0.529649 0.625474 0
0  -8.134162 0.000002 19.708263  0.000000 -0.000000 -1.000000  0.529649 0.613716 0
ohmbattery
0  -7.601492 -0.504759 20.926865  0.000000 -0.707107 0.707106  0.468169 0.625474 0
0  -7.601492 -0.273173 21.081606  0.000000 -0.382682 0.923880  0.474317 0.625474 0
0  -8.134162 -0.273173 21.081606  0.000000 -0.382682 0.923880  0.474317 0.613716 0
ohmbattery
0  -8.134162 0.353380 20.068726  0.000000 -0.707105 0.707109  0.440891 0.488721 0
0  -7.679070 0.353380 20.068726  0.000000 -0.707106 0.707108  0.440891 0.498766 0
0  -7.679070 0.461713 20.230856  0.000000 -0.923880 0.382683  0.436586 0.498766 0
ohmbattery
0  -8.134162 0.461713 20.613350  -1.000000 -0.000001 0.000000  0.782400 0.791345 0
0  -8.134162 0.659504 20.695278  -1.000000 -0.000003 0.000000  0.779775 0.795274 0
0  -8.134162 0.713841 20.422104  -1.000000 -0.000002 0.000000  0.785455 0.797627 0
ohmbattery
0  -8.134162 0.353380 20.775482  -1.000000 0.000001 0.000000  0.779357 0.788302 0
0  -8.134162 0.504763 20.926865  -1.000000 0.000000 0.000000  0.775428 0.790927 0
0  -8.134162 0.659504 20.695278  -1.000000 -0.000003 0.000000  0.779775 0.795274 0
ohmbattery
0  -8.134162 0.353380 20.775482  -1.000000 0.000001 0.000000  0.779357 0.788302 0
0  -8.134162 0.191249 20.883814  -1.000000 0.000000 0.000000  0.777710 0.784325 0
0  -8.134162 0.273177 21.081606  -1.000000 0.000000 0.000000  0.773075 0.785247 0
ohmbattery
0  -8.134162 0.000002 20.921856  -1.000000 0.000000 0.000000  0.777710 0.780021 0
0  -8.134162 0.000002 21.135942  -1.000000 0.000000 0.000000  0.773075 0.779099 0
0  -8.134162 0.273177 21.081606  -1.000000 0.000000 0.000000  0.773075 0.785247 0
ohmbattery
0  -8.134162 0.000002 20.921856  -1.000000 0.000000 0.000000  0.777710 0.780021 0
0  -8.134162 -0.191245 20.883814  -1.000000 0.000000 0.000000  0.779357 0.776045 0
0  -8.134162 -0.273173 21.081606  -1.000000 0.000000 0.000000  0.775428 0.773419 0
ohmbattery
0  -8.134162 -0.353376 20.775482  -1.000000 -0.000001 0.000000  0.782400 0.773001 0
0  -8.134162 -0.504759 20.926865  -1.000000 0.000000 0.000000  0.779775 0.769072 0
0  -8.134162 -0.273173 21.081606  -1.000000 0.000000 0.000000  0.775428 0.773419 0
ohmbattery
0  -8.134162 -0.353376 20.775482  -1.000000 -0.000001 0.000000  0.782400 0.773001 0
0  -8.134162 -0.461709 20.613350  -1.000000 0.000003 0.000000  0.786377 0.771354 0
0  -8.134162 -0.659500 20.695278  -1.000000 0.000001 0.000000  0.785455 0.766719 0
ohmbattery
0  -8.134162 -0.499750 20.422104  -1.000000 0.000002 0.000000  0.790681 0.771354 0
0  -8.134162 -0.713838 20.422104  -1.000000 0.000000 0.000000  0.791603 0.766719 0
0  -8.134162 -0.659500 20.695278  -1.000000 0.000001 0.000000  0.785455 0.766719 0
ohmbattery
0  -8.134162 -0.461709 20.230856  -1.000000 -0.000001 0.000000  0.794657 0.773001 0
0  -8.134162 -0.659500 20.148928  -1.000000 -0.000001 0.000000  0.797282 0.769072 0
0  -8.134162 -0.713838 20.422104  -1.000000 0.000000 0.000000  0.791603 0.766719 0
ohmbattery
0  -8.134162 -0.353376 20.068726  -1.000000 -0.000001 0.000002  0.797701 0.776045 0
0  -8.134162 -0.504759 19.917341  -1.000000 -0.000002 0.000001  0.801630 0.773419 0
0  -8.134162 -0.659500 20.148928  -1.000000 -0.000001 0.000000  0.797282 0.769072 0
ohmbattery
0  -8.134162 -0.353376 20.068726  -1.000000 -0.000001 0.000002  0.797701 0.776045 0
0  -8.134162 -0.191245 19.960394  -1.000000 0.000003 0.000004  0.799348 0.780021 0
0  -8.134163 -0.273173 19.762602  -1.000000 0.000002 0.000003  0.803983 0.779099 0
ohmbattery
0  -8.134162 0.000002 19.922352  -1.000000 -0.000000 0.000002  0.799348 0.784325 0
0  -8.134162 0.000002 19.708263  -1.000000 0.000000 -0.000000  0.803983 0.785247 0
0  -8.134163 -0.273173 19.762602  -1.000000 0.000002 0.000003  0.803983 0.779099 0
ohmbattery
0  -8.134162 0.000002 19.922352  -1.000000 -0.000000 0.000002  0.799348 0.784325 0
0  -8.134162 0.191249 19.960394  -1.000000 -0.000003 0.000004  0.797701 0.788302 0
0  -8.134163 0.273177 19.762602  -1.000000 -0.000002 0.000003  0.801630 0.790927 0
ohmbattery
0  -8.134162 0.353380 20.068726  -1.000000 0.000001 0.000002  0.794657 0.791345 0
0  -8.134162 0.504763 19.917341  -1.000000 0.000002 0.000001  0.797282 0.795274 0
0  -8.134163 0.273177 19.762602  -1.000000 -0.000002 0.000003  0.801630 0.790927 0
ohmbattery
0  -8.134162 0.353380 20.068726  -1.000000 0.000001 0.000002  0.794657 0.791345 0
0  -8.134162 0.461713 20.230856  -1.000000 0.000001 0.000000  0.790681 0.792992 0
0  -8.134162 0.659503 20.148928  -1.000000 0.000001 0.000000  0.791603 0.797627 0
ohmbattery
0  -8.134162 0.461713 20.230856  -1.000000 0.000001 0.000000  0.790681 0.792992 0
0  -8.134162 0.499754 20.422104  -1.000000 0.000000 0.000000  0.786377 0.792992 0
0  -8.134162 0.713841 20.422104  -1.000000 -0.000002 0.000000  0.785455 0.797627 0
ohmbattery
0  -7.679070 0.353380 20.775482  -1.000000 0.000000 0.000000  0.912116 0.016412 0
0  -7.679070 0.461713 20.613350  -1.000000 0.000000 0.000000  0.915160 0.013369 0
0  -7.679070 0.353380 20.068726  -1.000000 0.000001 0.000000  0.927417 0.013369 0
ohmbattery
0  -7.679070 0.461713 20.613350  -1.000000 0.000000 0.000000  0.915160 0.013369 0
0  -7.679070 0.499754 20.422104  -1.000000 0.000001 0.000000  0.919136 0.011722 0
0  -7.679070 0.353380 20.068726  -1.000000 0.000001 0.000000  0.927417 0.013369 0
ohmbattery
0  -7.679070 0.499754 20.422104  -1.000000 0.000001 0.000000  0.919136 0.011722 0
0  -7.679070 0.461713 20.230856  -1.000000 0.000016 0.000000  0.923441 0.011722 0
0  -7.679070 0.353380 20.068726  -1.000000 0.000001 0.000000  0.927417 0.013369 0
ohmbattery
0  -7.679070 0.353380 20.068726  -1.000000 0.000001 0.000000  0.927417 0.013369 0
0  -7.679070 0.191249 19.960394  -1.000000 0.000000 0.000000  0.930461 0.016412 0
0  -7.679070 -0.353376 20.068726  -1.000000 -0.000002 0.000000  0.930461 0.028670 0
ohmbattery
0  -7.679070 0.191249 19.960394  -1.000000 0.000000 0.000000  0.930461 0.016412 0
0  -7.679070 0.000002 19.922352  -1.000000 -0.000001 0.000000  0.932108 0.020389 0
0  -7.679070 -0.353376 20.068726  -1.000000 -0.000002 0.000000  0.930461 0.028670 0
ohmbattery
0  -7.679070 0.000002 19.922352  -1.000000 -0.000001 0.000000  0.932108 0.020389 0
0  -7.679070 -0.191245 19.960394  -1.000000 -0.000008 0.000000  0.932108 0.024693 0
0  -7.679070 -0.353376 20.068726  -1.000000 -0.000002 0.000000  0.930461 0.028670 0
ohmbattery
0  -7.679070 -0.353376 20.068726  -1.000000 -0.000002 0.000000  0.930461 0.028670 0
0  -7.679070 -0.461709 20.230856  -1.000000 -0.000016 0.000000  0.927417 0.031713 0
0  -7.679070 -0.499750 20.422104  -1.000000 -0.000001 0.000000  0.923440 0.033360 0
ohmbattery
0  -7.679070 -0.499750 20.422104  -1.000000 -0.000001 0.000000  0.923440 0.033360 0
0  -7.679070 -0.461709 20.613350  -1.000000 0.000000 0.000000  0.919136 0.033360 0
0  -7.679070 -0.353376 20.068726  -1.000000 -0.000002 0.000000  0.930461 0.028670 0
ohmbattery
0  -7.679070 -0.461709 20.613350  -1.000000 0.000000 0.000000  0.919136 0.033360 0
0  -7.679070 -0.353376 20.775482  -1.000000 -0.000000 0.000000  0.915160 0.031713 0
0  -7.679070 -0.353376 20.068726  -1.000000 -0.000002 0.000000  0.930461 0.028670 0
ohmbattery
0  -7.679070 -0.353376 20.775482  -1.000000 -0.000000 0.000000  0.915160 0.031713 0
0  -7.679070 -0.191245 20.883814  -1.000000 -0.000008 0.000000  0.912116 0.028670 0
0  -7.679070 0.000002 20.921856  -1.000000 0.000002 0.000000  0.910469 0.024693 0
ohmbattery
0  -7.679070 0.000002 20.921856  -1.000000 0.000002 0.000000  0.910469 0.024693 0
0  -7.679070 0.191249 20.883814  -1.000000 0.000000 0.000000  0.910469 0.020389 0
0  -7.679070 -0.353376 20.775482  -1.000000 -0.000000 0.000000  0.915160 0.031713 0
ohmbattery
0  -7.679070 0.191249 20.883814  -1.000000 0.000000 0.000000  0.910469 0.020389 0
0  -7.679070 0.353380 20.775482  -1.000000 0.000000 0.000000  0.912116 0.016412 0
0  -7.679070 -0.353376 20.775482  -1.000000 -0.000000 0.000000  0.915160 0.031713 0
ohmbattery
0  -7.679070 0.353380 20.775482  -1.000000 0.000000 0.000000  0.912116 0.016412 0
0  -7.679070 0.353380 20.068726  -1.000000 0.000001 0.000000  0.927417 0.013369 0
0  -7.679070 -0.353376 20.068726  -1.000000 -0.000002 0.000000  0.930461 0.028670 0
ohmbattery
0  -8.134162 -0.461709 20.613350  0.000000 0.923880 -0.382683  0.471020 0.488721 0
0  -7.679070 -0.461709 20.613350  0.000000 0.923880 -0.382683  0.471020 0.498766 0
0  -7.679070 -0.499750 20.422104  0.000000 1.000000 -0.000001  0.466716 0.498766 0
ohmbattery
0  -8.134162 0.499754 20.422104  0.000000 -1.000000 -0.000001  0.432282 0.488721 0
0  -7.679070 0.499754 20.422104  0.000000 -1.000000 -0.000001  0.432282 0.498766 0
0  -7.679070 0.461713 20.613350  0.000000 -0.923880 -0.382682  0.427978 0.498766 0
ohmbattery
0  -8.134162 0.461713 20.230856  0.000000 -0.923879 0.382684  0.436587 0.488721 0
0  -7.679070 0.461713 20.230856  0.000000 -0.923880 0.382683  0.436586 0.498766 0
0  -7.679070 0.499754 20.422104  0.000000 -1.000000 -0.000001  0.432282 0.498766 0
ohmbattery
0  -8.134162 -0.499750 20.422104  0.000000 1.000000 -0.000001  0.466716 0.488721 0
0  -7.679070 -0.499750 20.422104  0.000000 1.000000 -0.000001  0.466716 0.498766 0
0  -7.679070 -0.461709 20.230856  0.000000 0.923879 0.382684  0.462411 0.498766 0
ohmbattery
0  -8.134162 0.461713 20.613350  0.000000 -0.923880 -0.382682  0.427978 0.488721 0
0  -7.679070 0.461713 20.613350  0.000000 -0.923880 -0.382682  0.427978 0.498766 0
0  -7.679070 0.353380 20.775482  0.000000 -0.707108 -0.707106  0.423674 0.498766 0
ohmbattery
0  -8.134162 -0.461709 20.230856  0.000000 0.923879 0.382684  0.462411 0.488721 0
0  -7.679070 -0.461709 20.230856  0.000000 0.923879 0.382684  0.462411 0.498766 0
0  -7.679070 -0.353376 20.068726  0.000000 0.707105 0.707109  0.458107 0.498766 0
ohmbattery
0  -8.134162 0.353380 20.775482  0.000000 -0.707107 -0.707106  0.423674 0.488721 0
0  -7.679070 0.353380 20.775482  0.000000 -0.707108 -0.707106  0.423674 0.498766 0
0  -7.679070 0.191249 20.883814  0.000000 -0.382683 -0.923880  0.419370 0.498766 0
ohmbattery
0  -8.134162 -0.353376 20.068726  0.000000 0.707104 0.707109  0.458107 0.488721 0
0  -7.679070 -0.353376 20.068726  0.000000 0.707105 0.707109  0.458107 0.498766 0
0  -7.679070 -0.191245 19.960394  0.000000 0.382683 0.923880  0.453803 0.498766 0
ohmbattery
0  -8.134162 0.191249 20.883814  0.000000 -0.382683 -0.923880  0.419370 0.488721 0
0  -7.679070 0.191249 20.883814  0.000000 -0.382683 -0.923880  0.419370 0.498766 0
0  -7.679070 0.000002 20.921856  0.000000 -0.000000 -1.000000  0.415066 0.498766 0
ohmbattery
0  -8.134162 -0.191245 19.960394  0.000000 0.382683 0.923880  0.453803 0.488721 0
0  -7.679070 -0.191245 19.960394  0.000000 0.382683 0.923880  0.453803 0.498766 0
0  -7.679070 0.000002 19.922352  0.000000 0.000000 1.000000  0.449499 0.498766 0
ohmbattery
0  -8.134162 0.000002 20.921856  0.000000 -0.000000 -1.000000  0.483932 0.488721 0
0  -7.679070 0.000002 20.921856  0.000000 -0.000000 -1.000000  0.483932 0.498766 0
0  -7.679070 -0.191245 20.883814  0.000000 0.382684 -0.923880  0.479628 0.498766 0
ohmbattery
0  -8.134162 0.000002 19.922352  0.000000 0.000000 1.000000  0.449499 0.488721 0
0  -7.679070 0.000002 19.922352  0.000000 0.000000 1.000000  0.449499 0.498766 0
0  -7.679070 0.191249 19.960394  0.000000 -0.382683 0.923880  0.445195 0.498766 0
ohmbattery
0  -8.134162 -0.191245 20.883814  0.000000 0.382683 -0.923880  0.479628 0.488721 0
0  -7.679070 -0.191245 20.883814  0.000000 0.382684 -0.923880  0.479628 0.498766 0
0  -7.679070 -0.353376 20.775482  0.000000 0.707107 -0.707107  0.475324 0.498766 0
ohmbattery
0  -8.134162 0.191249 19.960394  0.000000 -0.382683 0.923880  0.445195 0.488721 0
0  -7.679070 0.191249 19.960394  0.000000 -0.382683 0.923880  0.445195 0.498766 0
0  -7.679070 0.353380 20.068726  0.000000 -0.707106 0.707108  0.440891 0.498766 0
ohmbattery
0  -8.134162 -0.353376 20.775482  0.000000 0.707106 -0.707107  0.475324 0.488721 0
0  -7.679070 -0.353376 20.775482  0.000000 0.707107 -0.707107  0.475324 0.498766 0
0  -7.679070 -0.461709 20.613350  0.000000 0.923880 -0.382683  0.471020 0.498766 0
end
