version 1
nodes
0 "root" -1
end
skeleton
time 0
0 0 0 0 0 0 0
end
triangles
syringe_lod1
0  0.445153 0.286796 2.136063  0.595179 -0.650706 0.471533  0.842839 0.124834 0
0  -0.445179 0.205089 1.730545  -0.584431 -0.807802 -0.076795  0.881394 0.140726 0
0  0.445179 0.766379 0.837269  0.741938 -0.639795 -0.200474  0.842920 0.186278 0
syringe_lod1
0  0.445153 0.286796 2.136063  0.595179 -0.650706 0.471533  0.842839 0.124834 0
0  -0.445187 0.484966 2.242721  -0.623116 -0.361748 0.693444  0.881322 0.115601 0
0  -0.445179 0.205089 1.730545  -0.584431 -0.807802 -0.076795  0.881394 0.140726 0
syringe_lod1
0  0.445240 1.047640 -2.428555  0.572070 -0.602942 -0.556054  0.708829 0.206282 0
0  0.445257 3.059535 -2.695377  0.680102 -0.092685 -0.727235  0.623800 0.220618 0
0  0.445179 0.766379 0.837269  0.741938 -0.639795 -0.200474  0.722780 0.067346 0
syringe_lod1
0  -0.445158 0.878169 0.751383  -1.000000 0.000006 -0.000018  0.817127 0.829853 0
0  -0.445179 0.205089 1.730545  -0.584431 -0.807802 -0.076795  0.860487 0.804123 0
0  -0.445187 0.484966 2.242721  -0.623116 -0.361748 0.693444  0.880763 0.814992 0
syringe_lod1
0  -0.445173 3.059165 2.315879  -1.000000 0.000006 -0.000018  0.885474 0.925429 0
0  -0.445083 3.059540 -2.695393  -0.673456 -0.093431 -0.733299  0.668776 0.925429 0
0  -0.445158 0.878169 0.751383  -1.000000 0.000006 -0.000018  0.817127 0.829853 0
syringe_lod1
0  -0.445187 0.484966 2.242721  -0.623116 -0.361748 0.693444  0.880763 0.814992 0
0  -0.445173 3.059165 2.315879  -1.000000 0.000006 -0.000018  0.885474 0.925429 0
0  -0.445158 0.878169 0.751383  -1.000000 0.000006 -0.000018  0.817127 0.829853 0
syringe_lod1
0  0.445257 3.059535 -2.695377  0.680102 -0.092685 -0.727235  0.623800 0.220618 0
0  0.445166 3.059160 2.315895  1.000000 -0.000006 0.000018  0.623800 0.003920 0
0  0.445179 0.766379 0.837269  0.741938 -0.639795 -0.200474  0.722780 0.067346 0
syringe_lod1
0  0.445166 3.059160 2.315895  1.000000 -0.000006 0.000018  0.623800 0.003920 0
0  0.445153 0.286796 2.136063  0.595179 -0.650706 0.471533  0.739300 0.015907 0
0  0.445179 0.766379 0.837269  0.741938 -0.639795 -0.200474  0.722780 0.067346 0
syringe_lod1
0  1.010377 -0.448324 1.551810  0.397074 0.481829 -0.781136  0.650275 0.382628 0
0  1.048252 1.479180 1.566079  0.515533 -0.386617 -0.764691  0.578461 0.343533 0
0  1.510531 -0.682730 2.071419  0.918635 0.020830 -0.394557  0.674014 0.360279 0
syringe_lod1
0  1.027928 2.274749 0.060712  0.476202 -0.808914 -0.344804  0.509000 0.362568 0
0  1.507990 2.123101 1.831992  0.945720 -0.240294 -0.218796  0.566255 0.311431 0
0  1.048252 1.479180 1.566079  0.515533 -0.386617 -0.764691  0.578461 0.343533 0
syringe_lod1
0  0.894658 6.782879 -4.592277  0.740818 0.585537 0.329144  0.104775 0.298278 0
0  1.045410 4.491570 0.330248  0.934494 0.329195 -0.135466  0.140685 0.068899 0
0  1.025070 5.136664 -3.768195  0.943988 0.262522 0.199923  0.156333 0.241198 0
syringe_lod1
0  0.000000 2.960060 -5.239404  -0.099394 -0.955141 -0.278975  0.294196 0.497822 0
0  1.322894 3.628284 -4.338072  0.566152 -0.819795 -0.086069  0.319846 0.430578 0
0  0.021556 2.865068 -4.472628  0.224661 -0.962944 -0.149222  0.328154 0.497822 0
syringe_lod1
0  0.836869 5.083664 0.481684  0.718789 0.663692 -0.207016  0.306152 0.139261 0
0  1.474676 5.233037 1.794266  0.952458 0.222694 -0.207920  0.241630 0.144058 0
0  1.045410 4.491570 0.330248  0.934494 0.329195 -0.135466  0.317714 0.103222 0
syringe_lod1
0  0.000000 3.725906 -7.261336  -0.000675 -0.593102 -0.805127  0.201307 0.497822 0
0  1.302925 4.727311 -7.053985  0.824488 0.227002 -0.518353  0.163678 0.440935 0
0  1.389103 3.980928 -6.761152  0.854615 -0.400600 -0.330382  0.199562 0.435722 0
syringe_lod1
0  1.540524 2.981084 0.483840  0.989324 -0.135684 -0.053169  0.425960 0.374579 0
0  1.088614 2.874374 -2.357417  0.658366 -0.752542 0.015319  0.416310 0.416326 0
0  1.451121 3.711545 -3.152411  0.959166 -0.260196 -0.110899  0.358881 0.409998 0
syringe_lod1
0  0.401984 1.757515 -3.272898  0.294144 -0.775118 -0.559170  0.407938 0.483025 0
0  0.543936 2.701423 -3.630711  0.415670 -0.473962 -0.776259  0.367404 0.468362 0
0  1.026904 2.399278 -3.344715  0.734132 -0.279514 -0.618807  0.391097 0.453938 0
syringe_lod1
0  1.026216 7.171406 -5.280851  0.850745 0.479312 0.215621  0.566127 0.192645 0
0  0.894658 6.782879 -4.592277  0.740818 0.585537 0.329144  0.530228 0.181213 0
0  1.353368 5.067594 -4.708831  0.965388 0.212390 0.151381  0.525021 0.107536 0
syringe_lod1
0  1.010377 -0.448324 1.551810  0.397074 0.481829 -0.781136  0.650275 0.382628 0
0  1.513067 -1.139049 1.393026  0.903393 0.275811 -0.328343  0.688776 0.391074 0
0  1.028613 -0.774141 0.890970  0.350091 0.380224 -0.856076  0.660565 0.412063 0
syringe_lod1
0  1.466607 -2.981062 2.130316  0.594944 -0.795308 -0.116305  0.472729 0.040552 0
0  2.029719 2.188513 2.861493  0.885484 0.124008 0.447817  0.250260 0.003906 0
0  1.969721 -2.937335 2.868490  0.734942 -0.581839 0.348316  0.471318 0.003906 0
syringe_lod1
0  1.507990 2.123101 1.831992  0.945720 -0.240294 -0.218796  0.257410 0.051199 0
0  2.029719 2.188513 2.861493  0.885484 0.124008 0.447817  0.250260 0.003906 0
0  1.048252 1.479180 1.566079  0.515533 -0.386617 -0.764691  0.300982 0.040552 0
syringe_lod1
0  -1.992168 -2.943171 2.869672  -0.731883 -0.558166 0.390893  0.218034 0.321143 0
0  1.969721 -2.937335 2.868490  0.734942 -0.581839 0.348316  0.222283 0.238947 0
0  2.029719 2.188513 2.861493  0.885484 0.124008 0.447817  0.444720 0.234145 0
syringe_lod1
0  1.048252 1.479180 1.566079  0.515533 -0.386617 -0.764691  0.300982 0.040552 0
0  2.029719 2.188513 2.861493  0.885484 0.124008 0.447817  0.250260 0.003906 0
0  1.510531 -0.682730 2.071419  0.918635 0.020830 -0.394557  0.367286 0.040552 0
syringe_lod1
0  1.069576 3.513469 2.831515  -0.065495 0.165697 0.983999  0.168214 0.243614 0
0  -0.270291 3.508627 2.527985  0.034535 0.656652 0.753402  0.175108 0.291068 0
0  -1.438489 3.510148 2.903074  -0.570296 0.196543 0.797579  0.159369 0.288393 0
syringe_lod1
0  1.386454 6.539102 2.920640  0.437172 0.625441 0.646301  0.060384 0.008592 0
0  1.515597 3.395562 2.854028  0.687214 0.086811 0.721250  0.202049 0.009598 0
0  1.459981 6.106408 1.819803  0.660916 0.498859 -0.560651  0.078596 0.055648 0
syringe_lod1
0  0.886324 7.470628 -6.030463  0.754388 0.547614 -0.361962  0.586825 0.201850 0
0  -0.001321 7.436716 -4.868904  -0.005102 0.898849 0.438229  0.538185 0.232401 0
0  1.026216 7.171406 -5.280851  0.850745 0.479312 0.215621  0.566127 0.192645 0
syringe_lod1
0  1.466607 -2.981062 2.130316  0.594944 -0.795308 -0.116305  0.873382 0.733147 0
0  1.012405 -2.948981 0.923409  0.374226 -0.694391 -0.614635  0.823137 0.731168 0
0  1.434827 -2.912654 1.361852  0.671965 -0.632925 -0.384538  0.843319 0.722394 0
syringe_lod1
0  1.515597 3.395562 2.854028  0.687214 0.086811 0.721250  0.202049 0.009598 0
0  2.029719 2.188513 2.861493  0.885484 0.124008 0.447817  0.250260 0.003906 0
0  1.507990 2.123101 1.831992  0.945720 -0.240294 -0.218796  0.257410 0.051199 0
syringe_lod1
0  1.466607 -2.981062 2.130316  0.594944 -0.795308 -0.116305  0.590108 0.004078 0
0  1.513067 -1.139049 1.393026  0.903393 0.275811 -0.328343  0.511938 0.032557 0
0  1.510531 -0.682730 2.071419  0.918635 0.020830 -0.394557  0.490045 0.007528 0
syringe_lod1
0  -1.023717 -0.667745 0.950174  -0.449433 0.568656 -0.688942  0.261611 0.389603 0
0  1.010377 -0.448324 1.551810  0.397074 0.481829 -0.781136  0.239257 0.345296 0
0  1.028613 -0.774141 0.890970  0.350091 0.380224 -0.856076  0.271620 0.345452 0
syringe_lod1
0  1.027928 2.274749 0.060712  0.476202 -0.808914 -0.344804  0.048392 0.225037 0
0  1.048252 1.479180 1.566079  0.515533 -0.386617 -0.764691  0.048294 0.297744 0
0  -1.017014 1.901490 0.984137  -0.426380 -0.776571 -0.463830  0.003930 0.275712 0
syringe_lod1
0  1.474676 5.233037 1.794266  0.952458 0.222694 -0.207920  0.241630 0.144058 0
0  0.691193 5.817370 1.472867  0.176078 0.693636 -0.698474  0.269934 0.180659 0
0  1.459981 6.106408 1.819803  0.660916 0.498859 -0.560651  0.232700 0.177369 0
syringe_lod1
0  -1.438489 3.510148 2.903074  -0.570296 0.196543 0.797579  0.499564 0.321143 0
0  1.515597 3.395562 2.854028  0.687214 0.086811 0.721250  0.487746 0.253520 0
0  1.069576 3.513469 2.831515  -0.065495 0.165697 0.983999  0.499816 0.273120 0
syringe_lod1
0  1.466607 -2.981062 2.130316  0.594944 -0.795308 -0.116305  0.472729 0.040552 0
0  1.510531 -0.682730 2.071419  0.918635 0.020830 -0.394557  0.367286 0.040552 0
0  2.029719 2.188513 2.861493  0.885484 0.124008 0.447817  0.250260 0.003906 0
syringe_lod1
0  1.515597 3.395562 2.854028  0.687214 0.086811 0.721250  0.202049 0.009598 0
0  1.540524 2.981084 0.483840  0.989324 -0.135684 -0.053169  0.204834 0.110743 0
0  1.474676 5.233037 1.794266  0.952458 0.222694 -0.207920  0.117015 0.057175 0
syringe_lod1
0  1.386454 6.539102 2.920640  0.437172 0.625441 0.646301  0.625688 0.264667 0
0  1.069576 3.513469 2.831515  -0.065495 0.165697 0.983999  0.499816 0.273120 0
0  1.515597 3.395562 2.854028  0.687214 0.086811 0.721250  0.487746 0.253520 0
syringe_lod1
0  1.474676 5.233037 1.794266  0.952458 0.222694 -0.207920  0.241630 0.144058 0
0  0.836869 5.083664 0.481684  0.718789 0.663692 -0.207016  0.306152 0.139261 0
0  0.691193 5.817370 1.472867  0.176078 0.693636 -0.698474  0.269934 0.180659 0
syringe_lod1
0  0.971049 2.132673 -2.824306  0.691027 -0.493387 0.528253  0.415419 0.449232 0
0  1.026904 2.399278 -3.344715  0.734132 -0.279514 -0.618807  0.391097 0.453938 0
0  1.088614 2.874374 -2.357417  0.658366 -0.752542 0.015319  0.416310 0.416326 0
syringe_lod1
0  1.451121 3.711545 -3.152411  0.959166 -0.260196 -0.110899  0.480039 0.072606 0
0  1.389103 3.980928 -6.761152  0.854615 -0.400600 -0.330382  0.596557 0.050330 0
0  1.353368 5.067594 -4.708831  0.965388 0.212390 0.151381  0.525021 0.107536 0
syringe_lod1
0  1.389103 3.980928 -6.761152  0.854615 -0.400600 -0.330382  0.199562 0.435722 0
0  0.000000 3.267892 -6.451303  0.005018 -0.982729 -0.184983  0.237285 0.497822 0
0  0.000000 3.725906 -7.261336  -0.000675 -0.593102 -0.805127  0.201307 0.497822 0
syringe_lod1
0  0.691193 5.817370 1.472867  0.176078 0.693636 -0.698474  0.269934 0.180659 0
0  0.970957 6.562500 1.864454  0.229599 0.865271 -0.445636  0.240783 0.201940 0
0  1.459981 6.106408 1.819803  0.660916 0.498859 -0.560651  0.232700 0.177369 0
syringe_lod1
0  0.836869 5.083664 0.481684  0.718789 0.663692 -0.207016  0.101060 0.067293 0
0  1.045410 4.491570 0.330248  0.934494 0.329195 -0.135466  0.140685 0.068899 0
0  0.894658 6.782879 -4.592277  0.740818 0.585537 0.329144  0.104775 0.298278 0
syringe_lod1
0  1.045410 4.491570 0.330248  0.934494 0.329195 -0.135466  0.317714 0.103222 0
0  1.474676 5.233037 1.794266  0.952458 0.222694 -0.207920  0.241630 0.144058 0
0  1.540524 2.981084 0.483840  0.989324 -0.135684 -0.053169  0.280840 0.056848 0
syringe_lod1
0  0.000000 2.960060 -5.239404  -0.099394 -0.955141 -0.278975  0.294196 0.497822 0
0  -0.000000 3.351034 -5.673006  -0.041487 -0.987624 -0.151257  0.269475 0.497822 0
0  1.300232 3.704917 -5.849225  0.704089 -0.630174 -0.327321  0.253966 0.438873 0
syringe_lod1
0  1.088614 2.874374 -2.357417  0.658366 -0.752542 0.015319  0.416310 0.416326 0
0  1.026904 2.399278 -3.344715  0.734132 -0.279514 -0.618807  0.391097 0.453938 0
0  1.451121 3.711545 -3.152411  0.959166 -0.260196 -0.110899  0.358881 0.409998 0
syringe_lod1
0  1.026216 7.171406 -5.280851  0.850745 0.479312 0.215621  0.566127 0.192645 0
0  -0.001321 7.436716 -4.868904  -0.005102 0.898849 0.438229  0.538185 0.232401 0
0  0.894658 6.782879 -4.592277  0.740818 0.585537 0.329144  0.530228 0.181213 0
syringe_lod1
0  -1.062163 2.840554 -2.344668  -0.668822 -0.719054 0.188781  0.003976 0.115708 0
0  0.971049 2.132673 -2.824306  0.691027 -0.493387 0.528253  0.043742 0.084940 0
0  1.088614 2.874374 -2.357417  0.658366 -0.752542 0.015319  0.047071 0.116793 0
syringe_lod1
0  1.026904 2.399278 -3.344715  0.734132 -0.279514 -0.618807  0.391097 0.453938 0
0  0.543936 2.701423 -3.630711  0.415670 -0.473962 -0.776259  0.367404 0.468362 0
0  1.451121 3.711545 -3.152411  0.959166 -0.260196 -0.110899  0.358881 0.409998 0
syringe_lod1
0  1.300232 3.704917 -5.849225  0.704089 -0.630174 -0.327321  0.253966 0.438873 0
0  -0.000000 3.351034 -5.673006  -0.041487 -0.987624 -0.151257  0.269475 0.497822 0
0  0.000000 3.267892 -6.451303  0.005018 -0.982729 -0.184983  0.237285 0.497822 0
syringe_lod1
0  1.513067 -1.139049 1.393026  0.903393 0.275811 -0.328343  0.688776 0.391074 0
0  1.012405 -2.948981 0.923409  0.374226 -0.694391 -0.614635  0.744745 0.453315 0
0  1.028613 -0.774141 0.890970  0.350091 0.380224 -0.856076  0.660565 0.412063 0
syringe_lod1
0  -0.440050 2.619384 -3.660547  -0.310668 -0.617051 -0.723003  0.368217 0.497822 0
0  0.543936 2.701423 -3.630711  0.415670 -0.473962 -0.776259  0.367404 0.468362 0
0  0.401984 1.757515 -3.272898  0.294144 -0.775118 -0.559170  0.407938 0.483025 0
syringe_lod1
0  1.386454 6.539102 2.920640  0.437172 0.625441 0.646301  0.060384 0.008592 0
0  0.970957 6.562500 1.864454  0.229599 0.865271 -0.445636  0.048823 0.053332 0
0  -0.275025 6.618586 2.512069  -0.042229 0.998048 -0.046010  0.003906 0.025685 0
syringe_lod1
0  1.513067 -1.139049 1.393026  0.903393 0.275811 -0.328343  0.511938 0.032557 0
0  1.466607 -2.981062 2.130316  0.594944 -0.795308 -0.116305  0.590108 0.004078 0
0  1.434827 -2.912654 1.361852  0.671965 -0.632925 -0.384538  0.588038 0.036655 0
syringe_lod1
0  1.515597 3.395562 2.854028  0.687214 0.086811 0.721250  0.487746 0.253520 0
0  -1.438489 3.510148 2.903074  -0.570296 0.196543 0.797579  0.499564 0.321143 0
0  2.029719 2.188513 2.861493  0.885484 0.124008 0.447817  0.444720 0.234145 0
syringe_lod1
0  0.401984 1.757515 -3.272898  0.294144 -0.775118 -0.559170  0.407938 0.483025 0
0  0.971049 2.132673 -2.824306  0.691027 -0.493387 0.528253  0.415419 0.449232 0
0  0.421667 1.685278 -2.873189  0.028794 -0.919872 0.391160  0.425756 0.479539 0
syringe_lod1
0  1.300232 3.704917 -5.849225  0.704089 -0.630174 -0.327321  0.216109 0.383979 0
0  1.389103 3.980928 -6.761152  0.854615 -0.400600 -0.330382  0.211074 0.423613 0
0  1.322894 3.628284 -4.338072  0.566152 -0.819795 -0.086069  0.209455 0.318744 0
syringe_lod1
0  1.540524 2.981084 0.483840  0.989324 -0.135684 -0.053169  0.204834 0.110743 0
0  1.515597 3.395562 2.854028  0.687214 0.086811 0.721250  0.202049 0.009598 0
0  1.507990 2.123101 1.831992  0.945720 -0.240294 -0.218796  0.257410 0.051199 0
syringe_lod1
0  1.451121 3.711545 -3.152411  0.959166 -0.260196 -0.110899  0.480039 0.072606 0
0  1.025070 5.136664 -3.768195  0.943988 0.262522 0.199923  0.483806 0.121608 0
0  1.540524 2.981084 0.483840  0.989324 -0.135684 -0.053169  0.280840 0.056848 0
syringe_lod1
0  1.048252 1.479180 1.566079  0.515533 -0.386617 -0.764691  1.003919 0.319270 0
0  -1.001806 -0.364708 1.606842  -0.399359 0.362909 -0.841908  1.048157 0.371052 0
0  -1.015089 1.401622 1.554197  -0.505724 -0.327947 -0.797931  1.047904 0.300320 0
syringe_lod1
0  -1.501953 3.232748 0.680928  -0.993962 0.020073 -0.107872  1.279356 0.058042 0
0  -1.049775 4.428945 0.098027  -0.956242 0.283447 -0.072517  1.317714 0.103222 0
0  -1.027065 5.142383 -3.755974  -0.948048 0.281980 0.147284  1.483605 0.120849 0
syringe_lod1
0  -1.001806 -0.364708 1.606842  -0.399359 0.362909 -0.841908  1.647796 0.379003 0
0  -1.506775 2.024050 1.980202  -0.899662 -0.060267 -0.432407  1.573032 0.312351 0
0  -1.015089 1.401622 1.554197  -0.505724 -0.327947 -0.797931  1.580842 0.342928 0
syringe_lod1
0  -2.037566 2.129035 2.861254  -0.896049 0.089332 0.434874  1.663771 0.486784 0
0  -1.438489 3.510148 2.903074  -0.570296 0.196543 0.797579  1.714130 0.487670 0
0  -1.490351 3.335730 2.158061  -0.991141 0.096418 -0.091336  1.714285 0.481329 0
syringe_lod1
0  -1.322894 3.628284 -4.338072  -0.582441 -0.812860 -0.004533  1.319846 0.430578 0
0  0.000000 2.960060 -5.239404  -0.099394 -0.955141 -0.278975  1.294196 0.497822 0
0  0.021556 2.865068 -4.472628  0.224661 -0.962944 -0.149222  1.328154 0.497822 0
syringe_lod1
0  0.000000 3.725906 -7.261336  -0.000675 -0.593102 -0.805127  1.201306 0.497822 0
0  -1.303073 4.712987 -7.050469  -0.851956 0.156254 -0.499755  1.164030 0.440615 0
0  -0.006152 4.751787 -7.489909  -0.002056 0.115551 -0.993299  1.161217 0.497822 0
syringe_lod1
0  -0.971612 2.141997 -2.819568  -0.662031 -0.500739 0.557652  1.043742 0.084940 0
0  -0.405743 1.660002 -2.950058  -0.356938 -0.921413 0.153604  1.022627 0.066423 0
0  0.421667 1.685278 -2.873189  0.028794 -0.919872 0.391160  1.003906 0.064996 0
syringe_lod1
0  -1.001806 -0.364708 1.606842  -0.399359 0.362909 -0.841908  1.647796 0.379003 0
0  -1.514320 -1.132910 1.393275  -0.911164 0.085660 -0.403041  1.688599 0.390900 0
0  -1.507969 -0.724422 2.054448  -0.917190 0.126286 -0.377908  1.675177 0.361815 0
syringe_lod1
0  -1.436574 6.427565 2.923179  -0.377998 0.624144 0.683785  1.065078 0.007822 0
0  -1.459888 6.106364 1.819506  -0.784427 0.489958 -0.380283  1.078599 0.055661 0
0  -1.490351 3.335730 2.158061  -0.991141 0.096418 -0.091336  1.199832 0.037339 0
syringe_lod1
0  -0.891996 7.473829 -6.030646  -0.604635 0.645689 -0.466371  1.586811 0.201903 0
0  -0.001321 7.436716 -4.868904  -0.005102 0.898849 0.438229  1.538185 0.232401 0
0  -0.004079 7.828443 -6.079504  -0.003033 0.935456 -0.353432  1.573610 0.245921 0
syringe_lod1
0  -1.473574 -2.946007 2.129798  -0.546901 -0.817754 -0.179383  1.873392 0.733254 0
0  -1.435278 -2.910639 1.363807  -0.792152 -0.569800 -0.218686  1.843319 0.722394 0
0  -1.029303 -2.939557 0.935299  -0.422815 -0.651943 -0.629443  1.823162 0.731098 0
syringe_lod1
0  -1.473574 -2.946007 2.129798  -0.546901 -0.817754 -0.179383  1.873392 0.733254 0
0  1.466607 -2.981062 2.130316  0.594944 -0.795308 -0.116305  1.879700 0.797116 0
0  -1.992168 -2.943171 2.869672  -0.731883 -0.558166 0.390893  1.911357 0.724081 0
syringe_lod1
0  -1.436574 6.427565 2.923179  -0.377998 0.624144 0.683785  1.065078 0.007822 0
0  -0.275025 6.618586 2.512069  -0.042229 0.998048 -0.046010  1.015255 0.023633 0
0  -0.986937 6.533274 1.828163  -0.147581 0.800835 -0.580417  1.048542 0.055749 0
syringe_lod1
0  -1.473574 -2.946007 2.129798  -0.546901 -0.817754 -0.179383  1.588671 0.004144 0
0  -1.507969 -0.724422 2.054448  -0.917190 0.126286 -0.377908  1.491650 0.008571 0
0  -1.514320 -1.132910 1.393275  -0.911164 0.085660 -0.403041  1.511713 0.032456 0
syringe_lod1
0  -1.473574 -2.946007 2.129798  -0.546901 -0.817754 -0.179383  1.471401 0.040552 0
0  -1.992168 -2.943171 2.869672  -0.731883 -0.558166 0.390893  1.471413 0.003906 0
0  -1.507969 -0.724422 2.054448  -0.917190 0.126286 -0.377908  1.367286 0.040552 0
syringe_lod1
0  -1.506775 2.024050 1.980202  -0.899662 -0.060267 -0.432407  1.573032 0.312351 0
0  -1.017014 1.901490 0.984137  -0.426380 -0.776571 -0.463830  1.549159 0.347321 0
0  -1.015089 1.401622 1.554197  -0.505724 -0.327947 -0.797931  1.580842 0.342928 0
syringe_lod1
0  -0.000172 5.459002 0.673367  -0.027043 0.978919 -0.202452  1.322021 0.171912 0
0  -1.389298 5.571919 1.690011  -0.781969 0.125256 -0.610603  1.248577 0.156348 0
0  0.691193 5.817370 1.472867  0.176078 0.693636 -0.698474  1.291034 0.202787 0
syringe_lod1
0  -1.389298 5.571919 1.690011  -0.781969 0.125256 -0.610603  1.113646 0.057175 0
0  -1.490351 3.335730 2.158061  -0.991141 0.096418 -0.091336  1.199832 0.037339 0
0  -1.459888 6.106364 1.819506  -0.784427 0.489958 -0.380283  1.078599 0.055661 0
syringe_lod1
0  0.000000 3.267892 -6.451303  0.005018 -0.982729 -0.184983  1.237285 0.497822 0
0  -1.357728 3.765506 -6.613519  -0.828007 -0.547536 -0.120870  1.211158 0.437232 0
0  0.000000 3.725906 -7.261336  -0.000675 -0.593102 -0.805127  1.201306 0.497822 0
syringe_lod1
0  -1.389298 5.571919 1.690011  -0.781969 0.125256 -0.610603  1.248577 0.156348 0
0  -1.459888 6.106364 1.819506  -0.784427 0.489958 -0.380283  1.232700 0.177369 0
0  -0.986937 6.533274 1.828163  -0.147581 0.800835 -0.580417  1.241190 0.202233 0
syringe_lod1
0  0.000000 2.960060 -5.239404  -0.099394 -0.955141 -0.278975  1.294196 0.497822 0
0  -1.401287 3.891919 -5.603875  -0.884135 -0.413842 -0.216887  1.267206 0.437157 0
0  -0.000000 3.351034 -5.673006  -0.041487 -0.987624 -0.151257  1.269475 0.497822 0
syringe_lod1
0  -1.062163 2.840554 -2.344668  -0.668822 -0.719054 0.188781  1.415762 0.417712 0
0  -1.408846 3.539575 -3.152689  -0.980413 -0.195847 -0.020835  1.364338 0.407900 0
0  -0.923977 2.119981 -3.323461  -0.668051 -0.449549 -0.592970  1.396872 0.462861 0
syringe_lod1
0  -1.062163 2.840554 -2.344668  -0.668822 -0.719054 0.188781  1.045843 0.108862 0
0  -0.971612 2.141997 -2.819568  -0.662031 -0.500739 0.557652  1.043742 0.084940 0
0  0.421667 1.685278 -2.873189  0.028794 -0.919872 0.391160  1.003906 0.064996 0
syringe_lod1
0  -1.027065 5.142383 -3.755974  -0.948048 0.281980 0.147284  1.157133 0.240856 0
0  -1.049775 4.428945 0.098027  -0.956242 0.283447 -0.072517  1.138464 0.074746 0
0  -0.918085 6.733595 -4.551614  -0.771736 0.558968 0.303280  1.106057 0.295000 0
syringe_lod1
0  -0.923977 2.119981 -3.323461  -0.668051 -0.449549 -0.592970  1.396872 0.462861 0
0  -1.408846 3.539575 -3.152689  -0.980413 -0.195847 -0.020835  1.364338 0.407900 0
0  -0.440050 2.619384 -3.660547  -0.310668 -0.617051 -0.723003  1.367361 0.476246 0
syringe_lod1
0  -1.357728 3.765506 -6.613519  -0.828007 -0.547536 -0.120870  1.211158 0.437232 0
0  -0.000000 3.351034 -5.673006  -0.041487 -0.987624 -0.151257  1.269475 0.497822 0
0  -1.401287 3.891919 -5.603875  -0.884135 -0.413842 -0.216887  1.267206 0.437157 0
syringe_lod1
0  -1.514320 -1.132910 1.393275  -0.911164 0.085660 -0.403041  1.688599 0.390900 0
0  -1.029303 -2.939557 0.935299  -0.422815 -0.651943 -0.629443  1.744620 0.453298 0
0  -1.435278 -2.910639 1.363807  -0.792152 -0.569800 -0.218686  1.754791 0.430402 0
syringe_lod1
0  -1.438489 3.510148 2.903074  -0.570296 0.196543 0.797579  1.202233 0.007337 0
0  -1.436574 6.427565 2.923179  -0.377998 0.624144 0.683785  1.065078 0.007822 0
0  -1.490351 3.335730 2.158061  -0.991141 0.096418 -0.091336  1.199832 0.037339 0
syringe_lod1
0  -1.423835 4.340228 -4.264171  -0.979863 0.199626 -0.004225  1.497652 0.085409 0
0  -1.027065 5.142383 -3.755974  -0.948048 0.281980 0.147284  1.483605 0.120849 0
0  -0.918085 6.733595 -4.551614  -0.771736 0.558968 0.303280  1.529409 0.179539 0
syringe_lod1
0  -0.971612 2.141997 -2.819568  -0.662031 -0.500739 0.557652  1.415577 0.449189 0
0  -0.923977 2.119981 -3.323461  -0.668051 -0.449549 -0.592970  1.396872 0.462861 0
0  -0.405743 1.660002 -2.950058  -0.356938 -0.921413 0.153604  1.421910 0.480359 0
syringe_lod1
0  -1.408846 3.539575 -3.152689  -0.980413 -0.195847 -0.020835  1.204537 0.267064 0
0  -1.401287 3.891919 -5.603875  -0.884135 -0.413842 -0.216887  1.209209 0.369428 0
0  -1.322894 3.628284 -4.338072  -0.582441 -0.812860 -0.004533  1.209455 0.318744 0
syringe_lod1
0  -1.501953 3.232748 0.680928  -0.993962 0.020073 -0.107872  1.201957 0.094624 0
0  -1.506775 2.024050 1.980202  -0.899662 -0.060267 -0.432407  1.263200 0.048616 0
0  -1.490351 3.335730 2.158061  -0.991141 0.096418 -0.091336  1.199832 0.037339 0
syringe_lod1
0  -1.408846 3.539575 -3.152689  -0.980413 -0.195847 -0.020835  1.204537 0.267064 0
0  -1.501953 3.232748 0.680928  -0.993962 0.020073 -0.107872  1.201957 0.094624 0
0  -1.423835 4.340228 -4.264171  -0.979863 0.199626 -0.004225  1.183562 0.296017 0
syringe_lod1
0  -1.623676 -3.267450 7.394072  -0.144855 -0.740409 0.656362  0.661760 0.851832 0
0  -2.223983 -3.177628 7.239521  -0.609428 -0.502487 0.613273  0.638638 0.869234 0
0  -1.649865 -3.252311 6.676107  -0.075760 -0.995295 -0.060401  0.637322 0.838257 0
syringe_lod1
0  2.318946 2.249214 3.244608  0.723007 0.589914 -0.359532  0.189084 0.505644 0
0  2.245099 -3.174665 3.032670  0.682464 -0.505337 -0.528088  0.180078 0.731881 0
0  2.051766 2.352447 2.997063  0.221113 0.765555 -0.604181  0.172383 0.505644 0
syringe_lod1
0  2.224428 -3.178511 7.240829  0.614369 -0.513111 0.599389  0.649049 0.293092 0
0  1.653187 -3.248512 6.676989  0.028032 -0.993951 0.106188  0.647355 0.323805 0
0  2.334911 -3.277555 6.628543  0.578453 -0.790387 0.201693  0.626273 0.307497 0
syringe_lod1
0  -1.626445 -3.240437 2.847323  -0.182224 -0.726887 -0.662140  0.766163 0.732090 0
0  -2.248818 -3.175935 3.039893  -0.659790 -0.586944 -0.469228  0.743229 0.731930 0
0  -1.774221 -2.935610 2.822282  -0.314690 -0.077948 -0.945989  0.766163 0.721684 0
syringe_lod1
0  -2.248818 -3.175935 3.039893  -0.659790 -0.586944 -0.469228  0.638237 0.920629 0
0  -1.642400 -3.245200 3.560968  -0.060145 -0.993244 -0.099240  0.637725 0.951316 0
0  -2.350941 -3.270947 3.612759  -0.603467 -0.787946 -0.122348  0.616081 0.934534 0
syringe_lod1
0  -2.223983 -3.177628 7.239521  -0.609428 -0.502487 0.613273  0.638638 0.869234 0
0  -2.361008 -3.258079 6.637548  -0.779552 -0.624109 0.052793  0.616270 0.855855 0
0  -1.649865 -3.252311 6.676107  -0.075760 -0.995295 -0.060401  0.637322 0.838257 0
syringe_lod1
0  2.051766 2.352447 2.997063  0.221113 0.765555 -0.604181  0.028679 0.759567 0
0  2.266107 2.341023 7.005457  0.776219 0.528669 0.343500  0.018653 0.930540 0
0  2.318946 2.249214 3.244608  0.723007 0.589914 -0.359532  0.015134 0.768514 0
syringe_lod1
0  2.051766 2.352447 2.997063  0.221113 0.765555 -0.604181  0.028679 0.759567 0
0  -1.774222 2.058039 2.822282  -0.257125 0.171178 -0.951097  0.193460 0.742554 0
0  -2.057893 2.348752 3.003515  -0.486094 0.751425 -0.446176  0.202005 0.759596 0
syringe_lod1
0  -1.982868 2.341687 7.300190  -0.534202 0.590503 0.604925  0.200289 0.940504 0
0  2.018229 2.256185 7.329540  0.312303 0.359357 0.879391  0.028371 0.944222 0
0  2.266107 2.341023 7.005457  0.776219 0.528669 0.343500  0.018653 0.930540 0
syringe_lod1
0  2.388815 -3.066936 6.713387  0.953490 -0.198254 0.227051  0.339996 0.727229 0
0  2.266107 2.341023 7.005457  0.776219 0.528669 0.343500  0.352826 0.505644 0
0  2.224428 -3.178511 7.240829  0.614369 -0.513111 0.599389  0.362911 0.731386 0
syringe_lod1
0  -1.982868 2.341687 7.300190  -0.534202 0.590503 0.604925  0.548496 0.505644 0
0  -2.223983 -3.177628 7.239521  -0.609428 -0.502487 0.613273  0.560611 0.731402 0
0  -1.623676 -3.267450 7.394072  -0.144855 -0.740409 0.656362  0.533737 0.733481 0
syringe_lod1
0  2.224428 -3.178511 7.240829  0.614369 -0.513111 0.599389  0.362911 0.731386 0
0  2.018229 2.256185 7.329540  0.312303 0.359357 0.879391  0.373421 0.505644 0
0  1.624646 -3.261487 7.397170  0.187414 -0.668004 0.720171  0.389636 0.733250 0
syringe_lod1
0  -2.312597 2.231756 6.978902  -0.697437 0.586673 0.411578  0.569797 0.505644 0
0  -2.361008 -3.258079 6.637548  -0.779552 -0.624109 0.052793  0.584940 0.733243 0
0  -2.223983 -3.177628 7.239521  -0.609428 -0.502487 0.613273  0.560611 0.731402 0
syringe_lod1
0  -2.248818 -3.175935 3.039893  -0.659790 -0.586944 -0.469228  0.743229 0.731930 0
0  -2.318294 2.254495 3.246042  -0.886693 0.398535 -0.234404  0.733990 0.505644 0
0  -2.057893 2.348752 3.003515  -0.486094 0.751425 -0.446176  0.750992 0.505644 0
syringe_lod1
0  -2.318294 2.254495 3.246042  -0.886693 0.398535 -0.234404  0.214990 0.768351 0
0  -1.982868 2.341687 7.300190  -0.534202 0.590503 0.604925  0.200289 0.940504 0
0  -2.057893 2.348752 3.003515  -0.486094 0.751425 -0.446176  0.202005 0.759596 0
syringe_lod1
0  -2.223983 -3.177628 7.239521  -0.609428 -0.502487 0.613273  0.560611 0.731402 0
0  -1.982868 2.341687 7.300190  -0.534202 0.590503 0.604925  0.548496 0.505644 0
0  -2.312597 2.231756 6.978902  -0.697437 0.586673 0.411578  0.569797 0.505644 0
syringe_lod1
0  -1.626445 -3.240437 2.847323  -0.182224 -0.726887 -0.662140  0.008447 0.733392 0
0  1.772300 -2.935610 2.822171  0.308181 -0.075005 -0.948367  0.157211 0.721695 0
0  1.623948 -3.249793 2.847923  0.022625 -0.732274 -0.680635  0.152801 0.733488 0
syringe_lod1
0  1.624646 -3.261487 7.397170  0.187414 -0.668004 0.720171  0.671946 0.310255 0
0  1.653187 -3.248512 6.676989  0.028032 -0.993951 0.106188  0.647355 0.323805 0
0  2.224428 -3.178511 7.240829  0.614369 -0.513111 0.599389  0.649049 0.293092 0
syringe_lod1
0  -1.626445 -3.240437 2.847323  -0.182224 -0.726887 -0.662140  0.661669 0.936669 0
0  -1.642400 -3.245200 3.560968  -0.060145 -0.993244 -0.099240  0.637725 0.951316 0
0  -2.248818 -3.175935 3.039893  -0.659790 -0.586944 -0.469228  0.638237 0.920629 0
syringe_lod1
0  1.623948 -3.249793 2.847923  0.022625 -0.732274 -0.680635  0.050648 0.417104 0
0  2.245099 -3.174665 3.032670  0.682464 -0.505337 -0.528088  0.026975 0.433169 0
0  1.650068 -3.255479 3.571956  -0.062453 -0.996540 0.054839  0.026456 0.402025 0
syringe_lod1
0  2.245099 -3.174665 3.032670  0.682464 -0.505337 -0.528088  0.026975 0.433169 0
0  2.353446 -3.262504 3.610243  0.766581 -0.619138 -0.170355  0.004959 0.418965 0
0  1.650068 -3.255479 3.571956  -0.062453 -0.996540 0.054839  0.026456 0.402025 0
syringe_lod1
0  0.527135 -5.991771 2.716774  -0.327643 -0.735398 0.593161  0.971986 0.453309 0
0  0.549753 -6.263006 2.625752  0.225890 -0.919362 -0.322097  0.960261 0.452625 0
0  1.291706 -5.991133 3.782690  -0.921651 -0.212163 0.324880  0.972264 0.396463 0
syringe_lod1
0  -0.548005 -5.991943 2.705527  0.334040 -0.696894 0.634631  0.971874 0.476100 0
0  0.549753 -6.263006 2.625752  0.225890 -0.919362 -0.322097  0.960261 0.452625 0
0  0.527135 -5.991771 2.716774  -0.327643 -0.735398 0.593161  0.971986 0.453309 0
syringe_lod1
0  1.549543 -2.879706 6.683538  0.821615 -0.168997 0.544416  0.664754 0.443933 0
0  0.902169 -3.563318 6.858002  0.812498 -0.091765 0.575697  0.694602 0.473506 0
0  1.521198 -3.563605 6.594572  0.837726 -0.128605 0.530732  0.661974 0.473506 0
syringe_lod1
0  1.405580 -4.327875 6.574709  0.800947 -0.100000 0.590325  0.755885 0.933252 0
0  0.902169 -3.563318 6.858002  0.812498 -0.091765 0.575697  0.730698 0.966290 0
0  0.904115 -4.327624 6.735701  0.375499 -0.340880 0.861859  0.730228 0.933251 0
syringe_lod1
0  0.904115 -4.327624 6.735701  0.375499 -0.340880 0.861859  0.230255 0.397425 0
0  0.888767 -3.715996 7.173743  0.639926 -0.047925 0.766941  0.256712 0.415392 0
0  0.886008 -4.271312 7.034706  0.572921 -0.578480 0.580622  0.233505 0.408567 0
syringe_lod1
0  0.690238 -2.879704 2.392178  0.468678 -0.093438 -0.878414  0.466171 0.443934 0
0  1.532437 -3.563613 3.669870  0.939566 -0.116078 -0.322091  0.534251 0.473507 0
0  0.599555 -3.563615 2.426954  0.419868 -0.126484 -0.898728  0.464854 0.473508 0
syringe_lod1
0  -0.881325 -4.331017 6.928419  -0.253118 -0.716065 0.650524  0.515056 0.213598 0
0  0.904115 -4.327624 6.735701  0.375499 -0.340880 0.861859  0.506752 0.173880 0
0  0.886008 -4.271312 7.034706  0.572921 -0.578480 0.580622  0.515057 0.175285 0
syringe_lod1
0  -0.887522 -3.715957 7.102502  -0.671111 -0.054732 0.739334  0.727930 0.357500 0
0  0.886008 -4.271312 7.034706  0.572921 -0.578480 0.580622  0.766243 0.336333 0
0  0.888767 -3.715996 7.173743  0.639926 -0.047925 0.766941  0.766243 0.357500 0
syringe_lod1
0  1.295958 -6.261723 6.555464  0.378625 -0.883456 0.275952  0.960993 0.277809 0
0  1.291706 -5.991133 3.782690  -0.921651 -0.212163 0.324880  0.972264 0.396463 0
0  1.371043 -6.262215 3.833153  0.216188 -0.950132 -0.224748  0.960542 0.395179 0
syringe_lod1
0  0.599555 -3.563615 2.426954  0.419868 -0.126484 -0.898728  0.942965 0.966261 0
0  1.453904 -4.317503 3.764637  0.952297 -0.096333 -0.289570  0.878428 0.933668 0
0  0.610496 -4.317600 2.566264  0.482969 -0.105245 -0.869289  0.942935 0.933658 0
syringe_lod1
0  -0.560710 -4.317612 2.525801  -0.445098 -0.096814 -0.890233  0.970213 0.933655 0
0  0.599555 -3.563615 2.426954  0.419868 -0.126484 -0.898728  0.942965 0.966261 0
0  0.610496 -4.317600 2.566264  0.482969 -0.105245 -0.869289  0.942935 0.933658 0
syringe_lod1
0  -0.548005 -5.991943 2.705527  0.334040 -0.696894 0.634631  1.971988 0.452885 0
0  -1.377737 -6.262158 3.877148  -0.227440 -0.955474 -0.187993  1.960542 0.395178 0
0  -0.598943 -6.263100 2.664224  -0.057580 -0.930926 -0.360640  1.960258 0.453176 0
syringe_lod1
0  -1.483052 -3.563608 6.660247  -0.816854 -0.099172 0.568256  1.664755 0.473506 0
0  -0.893117 -2.879706 6.976925  -0.544928 -0.077892 0.834857  1.693552 0.443932 0
0  -1.583696 -2.879706 6.628145  -0.863693 -0.081052 0.497457  1.661974 0.443933 0
syringe_lod1
0  -1.483052 -3.563608 6.660247  -0.816854 -0.099172 0.568256  1.753150 0.966291 0
0  -1.388165 -4.327851 6.609301  -0.796639 -0.193889 0.572514  1.755013 0.933253 0
0  -0.881325 -4.331017 6.928419  -0.253118 -0.716065 0.650524  1.730228 0.933251 0
syringe_lod1
0  -0.881325 -4.331017 6.928419  -0.253118 -0.716065 0.650524  1.231757 0.403774 0
0  -0.887522 -3.715957 7.102502  -0.671111 -0.054732 0.739334  1.256709 0.412313 0
0  -0.896766 -3.563365 6.862316  -0.780814 -0.029751 0.624055  1.263299 0.401381 0
syringe_lod1
0  -0.887522 -3.715957 7.102502  -0.671111 -0.054732 0.739334  1.881339 0.427069 0
0  0.880578 -2.879706 7.078033  0.352174 -0.050623 0.934564  1.842816 0.463230 0
0  -0.893117 -2.879706 6.976925  -0.056286 0.147898 0.987400  1.881339 0.463230 0
syringe_lod1
0  -0.705321 -2.879703 2.405884  -0.469921 -0.108469 -0.876019  1.467019 0.443934 0
0  -1.559804 -3.563613 3.725940  -0.947865 -0.123811 -0.293638  1.535611 0.473507 0
0  -1.609906 -2.879706 3.709836  -0.952357 -0.095732 -0.289571  1.535647 0.443934 0
syringe_lod1
0  0.599555 -3.563615 2.426954  0.419868 -0.126484 -0.898728  1.436561 0.473506 0
0  -0.705321 -2.879703 2.405884  -0.469921 -0.108469 -0.876019  1.467019 0.443934 0
0  0.690238 -2.879704 2.392178  0.468678 -0.093438 -0.878414  1.436563 0.443932 0
syringe_lod1
0  -0.881325 -4.331017 6.928419  -0.253118 -0.716065 0.650524  1.730228 0.933251 0
0  -0.896766 -3.563365 6.862316  -0.780814 -0.029751 0.624055  1.729886 0.966290 0
0  -1.483052 -3.563608 6.660247  -0.816854 -0.099172 0.568256  1.753150 0.966291 0
syringe_lod1
0  -1.301590 -5.990888 3.842735  0.654289 -0.725687 0.212803  1.972276 0.394013 0
0  -1.275196 -6.261844 6.599988  -0.409027 -0.866294 0.286759  1.961001 0.278390 0
0  -1.377737 -6.262158 3.877148  -0.227440 -0.955474 -0.187993  1.960542 0.395178 0
syringe_lod1
0  -0.663421 -3.563615 2.481254  -0.481711 -0.122241 -0.867762  1.943807 0.966261 0
0  -1.455582 -4.317489 3.776448  -0.952901 -0.098202 -0.286943  1.878428 0.933668 0
0  -1.559804 -3.563613 3.725940  -0.947865 -0.123811 -0.293638  1.878394 0.966271 0
syringe_lod1
0  -0.893117 -2.879706 6.976925  -0.544928 -0.077892 0.834857  1.292875 0.406072 0
0  -0.896766 -3.563365 6.862316  -0.780814 -0.029751 0.624055  1.263299 0.401381 0
0  -0.887522 -3.715957 7.102502  -0.671111 -0.054732 0.739334  1.256709 0.412313 0
syringe_lod1
0  -1.388165 -4.327851 6.609301  -0.796639 -0.193889 0.572514  1.499887 0.154433 0
0  0.904115 -4.327624 6.735701  0.375499 -0.340880 0.861859  1.504048 0.213598 0
0  -0.881325 -4.331017 6.928419  -0.253118 -0.716065 0.650524  1.512012 0.175155 0
syringe_lod1
0  0.881382 -3.132488 2.155242  0.499416 -0.059548 0.864314  0.101681 0.562443 0
0  1.115894 -2.843457 1.955748  0.906721 -0.200006 0.371289  0.114180 0.551085 0
0  0.413188 -2.843458 2.189933  -0.420165 -0.023904 0.907133  0.114180 0.583812 0
syringe_lod1
0  1.018969 -3.132501 1.417096  0.826632 -0.103032 -0.553230  0.101681 0.527713 0
0  0.881711 -2.843457 1.253044  0.389579 -0.124593 -0.912527  0.114180 0.518358 0
0  1.115894 -2.843457 1.955748  0.906721 -0.200006 0.371289  0.114180 0.551085 0
syringe_lod1
0  0.271658 -3.132507 2.038051  -0.808622 -0.067292 0.584467  0.101681 0.593110 0
0  0.413188 -2.843458 2.189933  -0.420165 -0.023904 0.907133  0.114180 0.583812 0
0  0.179006 -2.843458 1.487226  -0.911664 -0.121066 -0.392699  0.114180 0.616539 0
syringe_lod1
0  0.413188 -2.843458 2.189933  -0.420165 -0.023904 0.907133  0.114180 0.583812 0
0  0.271658 -3.132507 2.038051  -0.808622 -0.067292 0.584467  0.101681 0.593110 0
0  0.881382 -3.132488 2.155242  0.499416 -0.059548 0.864314  0.101681 0.562443 0
syringe_lod1
0  0.343158 -3.132506 1.349941  -0.579671 -0.108259 -0.807627  0.101681 0.625906 0
0  0.179006 -2.843458 1.487226  -0.911664 -0.121066 -0.392699  0.114180 0.616539 0
0  0.881711 -2.843457 1.253044  0.389579 -0.124593 -0.912527  0.114180 0.636551 0
syringe_lod1
0  -0.445099 1.068846 -2.452091  -0.604151 -0.570061 -0.556805  0.881355 0.331582 0
0  0.445257 3.059535 -2.695377  0.680102 -0.092685 -0.727235  0.842816 0.419230 0
0  0.445240 1.047640 -2.428555  0.572070 -0.602942 -0.556054  0.842856 0.330203 0
syringe_lod1
0  0.271658 -3.132507 2.038051  -0.808622 -0.067292 0.584467  0.607102 0.911920 0
0  0.235198 -3.549053 1.585369  -0.735382 -0.619681 -0.274242  0.589090 0.923399 0
0  0.412519 -3.549059 2.063417  -0.392909 -0.667247 0.632774  0.589090 0.901044 0
syringe_lod1
0  0.936469 -3.549055 2.045229  0.594297 -0.626897 0.503797  0.589090 0.877843 0
0  1.018969 -3.132501 1.417096  0.826632 -0.103032 -0.553230  0.607102 0.853562 0
0  0.881382 -3.132488 2.155242  0.499416 -0.059548 0.864314  0.607103 0.884854 0
syringe_lod1
0  0.343158 -3.132506 1.349941  -0.579671 -0.108259 -0.807627  0.607102 0.934927 0
0  0.895017 -3.549047 1.336096  0.424575 -0.612986 -0.666322  0.589090 0.942613 0
0  0.235198 -3.549053 1.585369  -0.735382 -0.619681 -0.274242  0.589090 0.923399 0
syringe_lod1
0  0.235198 -3.549053 1.585369  -0.735382 -0.619681 -0.274242  0.470884 0.427652 0
0  0.895017 -3.549047 1.336096  0.424575 -0.612986 -0.666322  0.460661 0.405798 0
0  0.936469 -3.549055 2.045229  0.594297 -0.626897 0.503797  0.484116 0.399715 0
syringe_lod1
0  -0.951815 -3.132508 2.092998  -0.622555 -0.072898 0.779173  1.101681 0.560692 0
0  -1.115893 -2.843458 1.955750  -0.911686 -0.121038 0.392657  1.114180 0.551085 0
0  -1.023158 -3.132502 1.404888  -0.855320 -0.059208 -0.514705  1.101681 0.527651 0
syringe_lod1
0  -0.197909 -3.132511 1.552299  0.933821 -0.157006 -0.321444  1.101681 0.615086 0
0  -0.413186 -2.843458 2.189932  0.461993 -0.096747 0.881591  1.114180 0.583812 0
0  -0.389849 -3.132509 2.102229  0.627629 -0.125084 0.768398  1.101681 0.586369 0
syringe_lod1
0  -0.389849 -3.132509 2.102229  0.627629 -0.125084 0.768398  1.101681 0.586369 0
0  -0.413186 -2.843458 2.189932  0.461993 -0.096747 0.881591  1.114180 0.583812 0
0  -0.951815 -3.132508 2.092998  -0.622555 -0.072898 0.779173  1.101681 0.560692 0
syringe_lod1
0  -1.023158 -3.132502 1.404888  -0.855320 -0.059208 -0.514705  1.101681 0.527651 0
0  -0.881711 -2.843458 1.253045  -0.416668 0.037793 -0.908273  1.114180 0.518358 0
0  -0.638818 -3.132503 1.272529  0.207301 -0.150908 -0.966568  1.101681 0.505644 0
syringe_lod1
0  -0.638818 -3.132503 1.272529  0.207301 -0.150908 -0.966568  1.101681 0.636551 0
0  -0.179006 -2.843457 1.487226  0.898251 -0.055901 -0.435914  1.114180 0.616539 0
0  -0.197909 -3.132511 1.552299  0.933821 -0.157006 -0.321444  1.101681 0.615086 0
syringe_lod1
0  -0.511532 -3.549061 2.133779  0.275203 -0.633090 0.723505  1.589090 0.896272 0
0  -0.951815 -3.132508 2.092998  -0.622555 -0.072898 0.779173  1.607103 0.876183 0
0  -0.989377 -3.549058 1.956416  -0.670786 -0.645113 0.365890  1.589090 0.873925 0
syringe_lod1
0  -0.389849 -3.132509 2.102229  0.627629 -0.125084 0.768398  1.607103 0.902860 0
0  -0.235075 -3.549065 1.585744  0.719757 -0.626770 -0.298511  1.589090 0.923383 0
0  -0.197909 -3.132511 1.552299  0.933821 -0.157006 -0.321444  1.607102 0.926186 0
syringe_lod1
0  -1.023158 -3.132502 1.404888  -0.855320 -0.059208 -0.514705  1.607102 0.857678 0
0  -0.989377 -3.549058 1.956416  -0.670786 -0.645113 0.365890  1.589090 0.873925 0
0  -0.951815 -3.132508 2.092998  -0.622555 -0.072898 0.779173  1.607103 0.876183 0
syringe_lod1
0  -0.197909 -3.132511 1.552299  0.933821 -0.157006 -0.321444  1.607102 0.926186 0
0  -0.894643 -3.549085 1.335898  -0.366413 -0.656281 -0.659573  1.589090 0.942613 0
0  -0.638818 -3.132503 1.272529  0.207301 -0.150908 -0.966568  1.607102 0.942649 0
syringe_lod1
0  -0.989377 -3.549058 1.956416  -0.670786 -0.645113 0.365890  1.481619 0.396858 0
0  -0.894643 -3.549085 1.335898  -0.366413 -0.656281 -0.659573  1.460568 0.405517 0
0  -0.235075 -3.549065 1.585744  0.719757 -0.626770 -0.298511  1.470900 0.427657 0
syringe_lod1
0  -1.616243 3.707129 5.122929  -0.254640 0.967024 0.004866  0.365564 0.985192 0
0  -1.579980 3.653798 4.189118  -0.673210 0.670233 -0.312372  0.326002 0.975884 0
0  -1.836945 3.648963 5.106823  -0.755013 0.652253 -0.067248  0.365564 0.975668 0
syringe_lod1
0  0.904524 3.648963 3.524035  0.512443 0.513433 -0.688323  0.682063 0.975668 0
0  1.399706 3.707129 4.314807  0.222774 0.966767 -0.125436  0.642501 0.985192 0
0  1.582787 3.648963 4.190508  0.608863 0.666260 -0.430561  0.642501 0.975668 0
syringe_lod1
0  -1.836945 3.648963 5.106823  -0.755013 0.652253 -0.067248  0.365564 0.975668 0
0  -1.399707 3.707129 5.931051  -0.220017 0.966767 0.130210  0.405126 0.985192 0
0  -1.616243 3.707129 5.122929  -0.254640 0.967024 0.004866  0.365564 0.985192 0
syringe_lod1
0  1.399706 3.707129 5.931051  0.220017 0.966767 0.130211  0.563376 0.985192 0
0  1.836945 3.648963 5.106823  0.763478 0.638483 0.097167  0.602938 0.975668 0
0  1.616243 3.707129 5.122929  0.255644 0.966767 0.002757  0.602938 0.985192 0
syringe_lod1
0  0.018713 3.653798 6.958138  -0.005674 0.466744 0.884374  0.484251 0.975884 0
0  0.808121 3.707129 6.522637  0.141835 0.959562 0.243152  0.523813 0.985192 0
0  0.000000 3.707129 6.739172  -0.004240 0.971504 0.236985  0.484251 0.985192 0
syringe_lod1
0  -1.598893 3.648963 6.027453  -0.801644 0.479896 0.356465  0.405126 0.975668 0
0  -0.808122 3.707129 6.522638  -0.148495 0.956000 0.253008  0.444689 0.985192 0
0  -1.399707 3.707129 5.931051  -0.220017 0.966767 0.130210  0.405126 0.985192 0
syringe_lod1
0  -0.808122 3.707129 3.723221  -0.163298 0.965486 -0.202904  0.286439 0.985192 0
0  -1.579980 3.653798 4.189118  -0.673210 0.670233 -0.312372  0.326002 0.975884 0
0  -1.399706 3.707129 4.314807  -0.207354 0.971504 -0.114820  0.326002 0.985192 0
syringe_lod1
0  0.018713 3.653798 6.958138  -0.005674 0.466744 0.884374  0.484251 0.975884 0
0  -0.808122 3.707129 6.522638  -0.148495 0.956000 0.253008  0.444689 0.985192 0
0  -0.923081 3.634948 6.721754  -0.517367 0.446333 0.730149  0.444689 0.974950 0
syringe_lod1
0  1.582787 3.648963 4.190508  0.608863 0.666260 -0.430561  0.642501 0.975668 0
0  1.616243 3.707129 5.122929  0.255644 0.966767 0.002757  0.602938 0.985192 0
0  1.836945 3.648963 5.106823  0.763478 0.638483 0.097167  0.602938 0.975668 0
syringe_lod1
0  -1.427458 2.147592 3.832627  -0.707760 0.029162 -0.705851  0.834693 0.071007 0
0  -1.579980 3.653798 4.189118  -0.673210 0.670233 -0.312372  0.774373 0.087783 0
0  -0.901311 3.648627 3.522209  -0.307765 0.662304 -0.683106  0.774373 0.045844 0
syringe_lod1
0  1.598893 3.648963 6.027454  0.682571 0.520401 0.513107  0.563376 0.975668 0
0  0.808121 3.707129 6.522637  0.141835 0.959562 0.243152  0.523813 0.985192 0
0  0.934285 3.640087 6.708095  0.523540 0.580312 0.623814  0.523813 0.975275 0
syringe_lod1
0  0.812568 9.408719 7.058942  0.495088 0.115151 0.861179  0.272995 0.962433 0
0  0.325129 4.328590 7.248583  0.034722 -0.074175 0.996641  0.250678 0.742960 0
0  1.336512 4.336712 6.807049  0.546272 -0.524227 0.653279  0.297866 0.742960 0
syringe_lod1
0  1.680064 9.418379 6.381277  0.866383 0.275345 0.416612  0.321238 0.962433 0
0  1.980657 4.311769 5.943343  0.884294 -0.085004 0.459128  0.343970 0.742960 0
0  2.075042 9.407338 5.396117  0.990047 0.140141 -0.012961  0.367772 0.962433 0
syringe_lod1
0  1.027511 3.723775 3.769100  0.514269 -0.374951 -0.771323  0.766228 0.275049 0
0  1.710931 4.328779 3.810080  0.576028 -0.446154 -0.684937  0.733797 0.253051 0
0  1.675847 3.733294 4.693439  0.904937 -0.385853 -0.179461  0.766228 0.219935 0
syringe_lod1
0  1.710931 4.328779 3.810080  0.576028 -0.446154 -0.684937  0.733797 0.253051 0
0  1.027511 3.723775 3.769100  0.514269 -0.374951 -0.771323  0.766228 0.275049 0
0  0.777425 4.328929 3.118905  0.553779 -0.309006 -0.773204  0.733797 0.298050 0
syringe_lod1
0  0.467474 3.187018 3.426927  0.256155 0.078572 -0.963437  0.985440 0.899181 0
0  1.027511 3.723775 3.769100  0.514269 -0.374951 -0.771323  0.962101 0.871009 0
0  1.402202 3.186905 4.102494  0.801615 0.055177 -0.595288  0.985441 0.849940 0
syringe_lod1
0  -0.189562 10.548841 6.079141  -0.082285 0.957297 0.277150  0.988607 0.146009 0
0  0.991385 10.548159 4.929416  0.322621 0.946365 -0.017560  0.963435 0.104809 0
0  -0.313584 10.514351 4.175059  -0.031928 0.952607 -0.302524  0.996094 0.071088 0
syringe_lod1
0  1.675847 3.733294 4.693439  0.904937 -0.385853 -0.179461  0.766228 0.219935 0
0  1.710931 4.328779 3.810080  0.576028 -0.446154 -0.684937  0.733797 0.253051 0
0  2.135910 4.336712 4.877139  0.984533 -0.143740 0.100172  0.733797 0.208577 0
syringe_lod1
0  1.491515 10.115259 5.947920  0.583017 0.740337 0.334652  0.933501 0.146118 0
0  2.075042 9.407338 5.396117  0.990047 0.140141 -0.012961  0.890926 0.125199 0
0  1.510912 10.136833 4.254055  0.604698 0.694048 -0.390688  0.936714 0.077033 0
syringe_lod1
0  -0.189562 10.548841 6.079141  -0.082285 0.957297 0.277150  0.988607 0.146009 0
0  1.491515 10.115259 5.947920  0.583017 0.740337 0.334652  0.933501 0.146118 0
0  0.991385 10.548159 4.929416  0.322621 0.946365 -0.017560  0.963435 0.104809 0
syringe_lod1
0  1.149895 3.186826 6.490592  0.625728 0.051555 0.778336  0.985441 0.739340 0
0  1.470449 3.732991 6.017169  0.773681 -0.410462 0.482637  0.962101 0.763613 0
0  0.641813 3.724019 6.696804  0.244218 -0.361768 0.899712  0.962101 0.716889 0
syringe_lod1
0  1.710931 4.328779 3.810080  0.576028 -0.446154 -0.684937  0.439178 0.742960 0
0  1.951771 9.396959 4.332846  0.818486 0.405713 -0.406789  0.414633 0.962433 0
0  2.135910 4.336712 4.877139  0.984533 -0.143740 0.100172  0.390074 0.742960 0
syringe_lod1
0  1.751391 3.186225 5.122929  0.996030 0.068053 0.057385  0.985441 0.803624 0
0  1.675847 3.733294 4.693439  0.904937 -0.385853 -0.179461  0.962101 0.822012 0
0  1.470449 3.732991 6.017169  0.773681 -0.410462 0.482637  0.962101 0.763613 0
syringe_lod1
0  -0.467479 3.187017 6.818929  -0.284594 0.072093 0.955934  0.985441 0.688232 0
0  0.641813 3.724019 6.696804  0.244218 -0.361768 0.899712  0.962101 0.716889 0
0  -0.441073 3.699721 6.779058  -0.279821 -0.378568 0.882262  0.962101 0.688232 0
syringe_lod1
0  1.402202 3.186905 4.102494  0.801615 0.055177 -0.595288  0.985441 0.849940 0
0  1.675847 3.733294 4.693439  0.904937 -0.385853 -0.179461  0.962101 0.822012 0
0  1.751391 3.186225 5.122929  0.996030 0.068053 0.057385  0.985441 0.803624 0
syringe_lod1
0  1.675847 3.733294 4.693439  0.904937 -0.385853 -0.179461  0.766228 0.219935 0
0  1.980657 4.311769 5.943343  0.884294 -0.085004 0.459128  0.733797 0.166819 0
0  1.470449 3.732991 6.017169  0.773681 -0.410462 0.482637  0.766228 0.154245 0
syringe_lod1
0  -0.197419 3.703773 3.392007  -0.195380 -0.339411 -0.920123  0.766228 0.317926 0
0  0.777425 4.328929 3.118905  0.553779 -0.309006 -0.773204  0.733797 0.298050 0
0  1.027511 3.723775 3.769100  0.514269 -0.374951 -0.771323  0.766228 0.275049 0
syringe_lod1
0  0.672236 10.109529 6.668998  0.252481 0.713476 0.653610  0.967186 0.178037 0
0  1.680064 9.418379 6.381277  0.866383 0.275345 0.416612  0.910933 0.175015 0
0  1.491515 10.115259 5.947920  0.583017 0.740337 0.334652  0.933501 0.146118 0
syringe_lod1
0  0.812568 9.408719 7.058942  0.495088 0.115151 0.861179  0.272995 0.962433 0
0  1.336512 4.336712 6.807049  0.546272 -0.524227 0.653279  0.297866 0.742960 0
0  1.680064 9.418379 6.381277  0.866383 0.275345 0.416612  0.321238 0.962433 0
syringe_lod1
0  1.273854 9.429230 3.462811  0.530146 0.488491 -0.693053  0.931245 0.026830 0
0  -0.216926 10.116734 3.391064  -0.083037 0.723954 -0.684832  0.986637 0.039349 0
0  1.510912 10.136833 4.254055  0.604698 0.694048 -0.390688  0.936714 0.077033 0
syringe_lod1
0  0.269360 9.385518 3.033632  0.014215 0.401309 -0.915832  0.510834 0.962433 0
0  0.777425 4.328929 3.118905  0.553779 -0.309006 -0.773204  0.488861 0.742960 0
0  -0.589355 4.310742 3.036658  -0.180587 -0.520238 -0.834710  0.522491 0.742960 0
syringe_lod1
0  0.991385 10.548159 4.929416  0.322621 0.946365 -0.017560  0.963435 0.104809 0
0  1.491515 10.115259 5.947920  0.583017 0.740337 0.334652  0.933501 0.146118 0
0  1.510912 10.136833 4.254055  0.604698 0.694048 -0.390688  0.936714 0.077033 0
syringe_lod1
0  0.991385 10.548159 4.929416  0.322621 0.946365 -0.017560  0.963435 0.104809 0
0  -0.216926 10.116734 3.391064  -0.083037 0.723954 -0.684832  0.986637 0.039349 0
0  -0.313584 10.514351 4.175059  -0.031928 0.952607 -0.302524  0.996094 0.071088 0
syringe_lod1
0  1.680064 9.418379 6.381277  0.866383 0.275345 0.416612  0.321238 0.962433 0
0  1.336512 4.336712 6.807049  0.546272 -0.524227 0.653279  0.297866 0.742960 0
0  1.980657 4.311769 5.943343  0.884294 -0.085004 0.459128  0.343970 0.742960 0
syringe_lod1
0  -0.442051 10.098166 6.789168  -0.215208 0.674262 0.706439  0.996094 0.184626 0
0  0.812568 9.408719 7.058942  0.495088 0.115151 0.861179  0.954791 0.209436 0
0  0.672236 10.109529 6.668998  0.252481 0.713476 0.653610  0.967186 0.178037 0
syringe_lod1
0  2.135910 4.336712 4.877139  0.984533 -0.143740 0.100172  0.390074 0.742960 0
0  2.075042 9.407338 5.396117  0.990047 0.140141 -0.012961  0.367772 0.962433 0
0  1.980657 4.311769 5.943343  0.884294 -0.085004 0.459128  0.343970 0.742960 0
syringe_lod1
0  -0.313584 10.514351 4.175059  -0.031928 0.952607 -0.302524  1.984318 0.075381 0
0  -0.216926 10.116734 3.391064  -0.083037 0.723954 -0.684832  1.982402 0.041303 0
0  -1.474532 10.119901 4.290283  -0.643317 0.678555 -0.354552  1.933765 0.076168 0
syringe_lod1
0  -0.589355 4.310742 3.036658  -0.180587 -0.520238 -0.834710  1.733797 0.305910 0
0  -1.460953 3.722805 4.212803  -0.850549 -0.320031 -0.417309  1.766228 0.244973 0
0  -1.720531 4.336825 3.822630  -0.565844 -0.307804 -0.764904  1.733797 0.252440 0
syringe_lod1
0  -0.216926 10.116734 3.391064  -0.083037 0.723954 -0.684832  1.982402 0.041303 0
0  -1.859092 9.432687 4.091996  -0.799904 0.119947 -0.588018  1.904439 0.060360 0
0  -1.474532 10.119901 4.290283  -0.643317 0.678555 -0.354552  1.933765 0.076168 0
syringe_lod1
0  -1.149896 3.186826 3.755265  -0.609275 0.134143 -0.781530  1.985440 0.867739 0
0  -1.460953 3.722805 4.212803  -0.850549 -0.320031 -0.417309  1.962101 0.844271 0
0  -0.197419 3.703773 3.392007  -0.195380 -0.339411 -0.920123  1.962101 0.905529 0
syringe_lod1
0  -0.313584 10.514351 4.175059  -0.031928 0.952607 -0.302524  1.984318 0.075381 0
0  -1.474532 10.119901 4.290283  -0.643317 0.678555 -0.354552  1.933765 0.076168 0
0  -0.982577 10.510015 5.033805  -0.314042 0.949240 0.017915  1.957736 0.107982 0
syringe_lod1
0  -1.751392 3.186225 5.122929  -0.989623 0.128623 -0.064056  1.985440 0.803624 0
0  -1.638453 3.732601 5.777311  -0.841534 -0.419494 0.340361  1.962101 0.775791 0
0  -1.460953 3.722805 4.212803  -0.850549 -0.320031 -0.417309  1.962101 0.844271 0
syringe_lod1
0  -0.982577 10.510015 5.033805  -0.314042 0.949240 0.017915  1.957736 0.107982 0
0  -1.609365 10.127209 5.747100  -0.656159 0.698464 0.285662  1.930605 0.136744 0
0  -0.189562 10.548841 6.079141  -0.082285 0.957297 0.277150  1.985302 0.144737 0
syringe_lod1
0  -0.982577 10.510015 5.033805  -0.314042 0.949240 0.017915  1.957736 0.107982 0
0  -0.189562 10.548841 6.079141  -0.082285 0.957297 0.277150  1.985302 0.144737 0
0  -0.313584 10.514351 4.175059  -0.031928 0.952607 -0.302524  1.984318 0.075381 0
syringe_lod1
0  -0.189562 10.548841 6.079141  -0.082285 0.957297 0.277150  1.985302 0.144737 0
0  -1.609365 10.127209 5.747100  -0.656159 0.698464 0.285662  1.930605 0.136744 0
0  -0.442051 10.098166 6.789168  -0.215208 0.674262 0.706439  1.977709 0.180394 0
syringe_lod1
0  -0.467479 3.187017 6.818929  -0.284594 0.072093 0.955934  1.985440 0.707898 0
0  -1.638453 3.732601 5.777311  -0.841534 -0.419494 0.340361  1.962101 0.775791 0
0  -1.402206 3.186904 6.143359  -0.713394 0.149285 0.684677  1.985440 0.757139 0
syringe_lod1
0  -0.441073 3.699721 6.779058  -0.279821 -0.378568 0.882262  1.766228 0.091132 0
0  -1.884379 4.339801 6.238404  -0.721749 -0.127197 0.680367  1.733797 0.155264 0
0  -1.638453 3.732601 5.777311  -0.841534 -0.419494 0.340361  1.766228 0.167943 0
syringe_lod1
0  -1.402206 3.186904 6.143359  -0.713394 0.149285 0.684677  1.985440 0.757139 0
0  -1.638453 3.732601 5.777311  -0.841534 -0.419494 0.340361  1.962101 0.775791 0
0  -1.751392 3.186225 5.122929  -0.989623 0.128623 -0.064056  1.985440 0.803624 0
syringe_lod1
0  -1.609365 10.127209 5.747100  -0.656159 0.698464 0.285662  1.930605 0.136744 0
0  -2.033881 9.412130 5.741660  -0.981737 0.179188 0.063917  1.895915 0.141767 0
0  -1.251759 9.397101 6.808074  -0.610301 0.077783 0.788342  1.932488 0.196895 0
syringe_lod1
0  -1.859092 9.432687 4.091996  -0.799904 0.119947 -0.588018  1.904439 0.060360 0
0  -1.609365 10.127209 5.747100  -0.656159 0.698464 0.285662  1.930605 0.136744 0
0  -1.474532 10.119901 4.290283  -0.643317 0.678555 -0.354552  1.933765 0.076168 0
syringe_lod1
0  -1.884379 4.339801 6.238404  -0.721749 -0.127197 0.680367  1.331212 0.742960 0
0  -2.033881 9.412130 5.741660  -0.981737 0.179188 0.063917  1.352899 0.962433 0
0  -2.128623 4.320276 4.866778  -0.840463 -0.461268 -0.284347  1.390553 0.742960 0
syringe_lod1
0  2.493445 -1.790115 4.700308  0.679701 -0.491814 -0.544174  0.439693 0.328965 0
0  2.296218 0.141433 4.667069  0.319644 0.674921 -0.665063  0.362719 0.337545 0
0  2.493507 0.089619 4.710629  0.699792 0.497716 -0.512416  0.362164 0.328965 0
syringe_lod1
0  2.298503 0.145566 5.325434  0.352186 0.680854 0.642186  0.335002 0.337545 0
0  2.493507 0.089619 4.710629  0.699792 0.497716 -0.512416  0.362164 0.328965 0
0  2.296218 0.141433 4.667069  0.319644 0.674921 -0.665063  0.362719 0.337545 0
syringe_lod1
0  2.295468 -1.848057 5.320055  0.315621 -0.704760 0.635371  0.252359 0.337545 0
0  2.493445 -1.790115 4.700308  0.679701 -0.491814 -0.544174  0.224727 0.328965 0
0  2.493280 -1.779116 5.294513  0.692746 -0.461308 0.554344  0.252701 0.328965 0
syringe_lod1
0  2.298503 0.145566 5.325434  0.352186 0.680854 0.642186  0.335002 0.337545 0
0  2.493280 -1.779116 5.294513  0.692746 -0.461308 0.554344  0.252701 0.328965 0
0  2.493305 0.078539 5.284584  0.713400 0.464866 0.524366  0.335085 0.328965 0
syringe_lod1
0  1.961814 -8.021327 5.923627  -0.465844 -0.884214 0.033984  0.530913 0.959821 0
0  1.843410 -7.692022 6.711506  -0.591757 0.606832 -0.530640  0.543551 0.919547 0
0  1.845013 -7.682191 5.924308  -0.902235 0.431207 0.005698  0.543551 0.959821 0
syringe_lod1
0  2.134453 -7.850324 7.041305  0.603500 -0.295611 0.740541  0.568644 0.919024 0
0  2.274254 -7.534631 5.919336  0.342983 0.905013 0.251622  0.556006 0.959821 0
0  2.022631 -7.585806 6.960188  0.299549 0.813251 0.498893  0.556006 0.918103 0
syringe_lod1
0  3.049206 -7.813371 5.352260  0.963296 -0.129600 0.235086  0.187251 0.124253 0
0  2.274254 -7.534631 5.919336  0.342983 0.905013 0.251622  0.180390 0.090411 0
0  2.362296 -7.919677 5.915957  0.680854 -0.651067 0.335484  0.190684 0.090258 0
syringe_lod1
0  0.819081 -3.407455 1.621074  0.930725 0.024666 -0.364886  0.914192 0.478928 0
0  0.669242 -6.398658 1.586081  -0.432943 -0.466683 -0.771212  0.926633 0.353558 0
0  0.547035 -3.407455 1.549857  -0.710609 0.026002 -0.703107  0.926633 0.478928 0
syringe_lod1
0  0.645410 -3.407604 1.881120  -0.148819 0.072754 0.986184  0.897182 0.478928 0
0  0.885170 -6.185848 1.676567  0.621762 0.460286 -0.633679  0.914192 0.353963 0
0  0.819081 -3.407455 1.621074  0.930725 0.024666 -0.364886  0.914192 0.478928 0
syringe_lod1
0  2.404364 -7.812273 3.109704  0.984700 -0.157229 -0.075134  0.944290 0.833707 0
0  3.049206 -7.813371 5.352260  0.963296 -0.129600 0.235086  0.916152 0.741396 0
0  2.362296 -7.919677 5.915957  0.680854 -0.651067 0.335484  0.944290 0.722382 0
syringe_lod1
0  2.071692 -8.065120 3.081783  -0.143881 -0.984872 -0.096570  0.926633 0.214217 0
0  1.918496 -7.647606 2.327105  -0.983110 0.173786 0.057382  0.939123 0.248314 0
0  2.032172 -7.887679 2.193215  -0.336034 -0.784913 -0.520570  0.926633 0.248674 0
syringe_lod1
0  2.194638 -7.512448 2.268162  0.540825 0.651696 0.531790  0.901702 0.254169 0
0  2.317358 -7.229516 1.832760  0.858943 -0.098665 -0.502476  0.914192 0.275238 0
0  1.959930 -6.538383 2.013494  0.433115 0.516418 0.738731  0.901702 0.302249 0
syringe_lod1
0  1.963551 -6.845378 1.639550  0.031234 -0.241450 -0.969911  0.926633 0.295581 0
0  0.885170 -6.185848 1.676567  0.621762 0.460286 -0.633679  0.914192 0.353963 0
0  1.919880 -6.445868 1.724322  0.508717 0.731360 -0.454225  0.914192 0.306355 0
syringe_lod1
0  1.846657 -6.832944 1.921151  -0.744917 -0.469590 0.473903  0.939123 0.297442 0
0  0.669242 -6.398658 1.586081  -0.432943 -0.466683 -0.771212  0.926633 0.353558 0
0  1.963551 -6.845378 1.639550  0.031234 -0.241450 -0.969911  0.926633 0.295581 0
syringe_lod1
0  2.032172 -7.887679 2.193215  -0.336034 -0.784913 -0.520570  0.926633 0.248674 0
0  2.317358 -7.229516 1.832760  0.858943 -0.098665 -0.502476  0.914192 0.275238 0
0  2.301799 -7.813705 2.301142  0.838239 -0.450793 -0.306824  0.914192 0.246297 0
syringe_lod1
0  2.194638 -7.512448 2.268162  0.540825 0.651696 0.531790  0.901702 0.254169 0
0  2.301799 -7.813705 2.301142  0.838239 -0.450793 -0.306824  0.914192 0.246297 0
0  2.317358 -7.229516 1.832760  0.858943 -0.098665 -0.502476  0.914192 0.275238 0
syringe_lod1
0  1.959930 -6.538383 2.013494  0.433115 0.516418 0.738731  0.901702 0.302249 0
0  0.885170 -6.185848 1.676567  0.621762 0.460286 -0.633679  0.914192 0.353963 0
0  0.792361 -6.204462 1.954340  0.143107 0.144711 0.979070  0.901702 0.354822 0
syringe_lod1
0  1.846657 -6.832944 1.921151  -0.744917 -0.469590 0.473903  0.889259 0.297442 0
0  0.792361 -6.204462 1.954340  0.143107 0.144711 0.979070  0.901702 0.354822 0
0  0.539309 -6.378950 1.858164  -0.796100 -0.487048 0.359179  0.889259 0.355865 0
syringe_lod1
0  -1.908053 -7.966896 6.820211  0.094271 -0.993452 0.064540  0.530913 0.834121 0
0  1.843410 -7.692022 6.711506  -0.591757 0.606832 -0.530640  0.543551 0.919547 0
0  1.933857 -7.967026 6.773689  -0.105838 -0.994188 -0.019713  0.530913 0.920635 0
syringe_lod1
0  2.134453 -7.850324 7.041305  0.603500 -0.295611 0.740541  0.568644 0.919024 0
0  -1.908053 -7.966896 6.820211  0.094271 -0.993452 0.064540  0.581099 0.834121 0
0  1.933857 -7.967026 6.773689  -0.105838 -0.994188 -0.019713  0.581099 0.920635 0
syringe_lod1
0  1.963551 -6.845378 1.639550  0.031234 -0.241450 -0.969911  0.926633 0.295581 0
0  1.919880 -6.445868 1.724322  0.508717 0.731360 -0.454225  0.914192 0.306355 0
0  2.317358 -7.229516 1.832760  0.858943 -0.098665 -0.502476  0.914192 0.275238 0
syringe_lod1
0  1.918496 -7.647606 2.327105  -0.983110 0.173786 0.057382  0.889259 0.248314 0
0  2.194638 -7.512448 2.268162  0.540825 0.651696 0.531790  0.901702 0.254169 0
0  1.846657 -6.832944 1.921151  -0.744917 -0.469590 0.473903  0.889259 0.297442 0
syringe_lod1
0  2.301799 -7.813705 2.301142  0.838239 -0.450793 -0.306824  0.914192 0.246297 0
0  2.071692 -8.065120 3.081783  -0.143881 -0.984872 -0.096570  0.926633 0.214217 0
0  2.032172 -7.887679 2.193215  -0.336034 -0.784913 -0.520570  0.926633 0.248674 0
syringe_lod1
0  2.194638 -7.512448 2.268162  0.540825 0.651696 0.531790  0.901702 0.254169 0
0  2.404364 -7.812273 3.109704  0.984700 -0.157229 -0.075134  0.914192 0.214217 0
0  2.301799 -7.813705 2.301142  0.838239 -0.450793 -0.306824  0.914192 0.246297 0
syringe_lod1
0  2.194638 -7.512448 2.268162  0.540825 0.651696 0.531790  0.901702 0.254169 0
0  1.819648 -7.734357 3.081668  -0.990978 0.099789 -0.089468  0.889259 0.214217 0
0  2.146692 -7.459830 3.083592  0.104049 0.993877 -0.037175  0.901702 0.214217 0
syringe_lod1
0  2.032172 -7.887679 2.193215  -0.336034 -0.784913 -0.520570  0.926633 0.248674 0
0  1.846657 -6.832944 1.921151  -0.744917 -0.469590 0.473903  0.939123 0.297442 0
0  1.963551 -6.845378 1.639550  0.031234 -0.241450 -0.969911  0.926633 0.295581 0
syringe_lod1
0  1.845013 -7.682191 5.924308  -0.902235 0.431207 0.005698  0.543551 0.959821 0
0  2.022631 -7.585806 6.960188  0.299549 0.813251 0.498893  0.556006 0.918103 0
0  2.274254 -7.534631 5.919336  0.342983 0.905013 0.251622  0.556006 0.959821 0
syringe_lod1
0  1.845013 -7.682191 5.924308  -0.902235 0.431207 0.005698  0.056216 0.401784 0
0  2.146692 -7.459830 3.083592  0.104049 0.993877 -0.037175  0.178645 0.384915 0
0  1.819648 -7.734357 3.081668  -0.990978 0.099789 -0.089468  0.178640 0.401784 0
syringe_lod1
0  1.961814 -8.021327 5.923627  -0.465844 -0.884214 0.033984  0.056268 0.337472 0
0  2.071692 -8.065120 3.081783  -0.143881 -0.984872 -0.096570  0.178684 0.343630 0
0  2.362296 -7.919677 5.915957  0.680854 -0.651067 0.335484  0.057328 0.358888 0
syringe_lod1
0  3.049346 -7.733408 3.653933  0.825272 0.069698 -0.560419  0.398377 0.192037 0
0  2.274254 -7.534631 5.919336  0.342983 0.905013 0.251622  0.490689 0.163899 0
0  3.049206 -7.813371 5.352260  0.963296 -0.129600 0.235086  0.471768 0.192042 0
syringe_lod1
0  1.845013 -7.682191 5.924308  -0.902235 0.431207 0.005698  0.056300 0.319490 0
0  1.819648 -7.734357 3.081668  -0.990978 0.099789 -0.089468  0.178720 0.322338 0
0  1.961814 -8.021327 5.923627  -0.465844 -0.884214 0.033984  0.056268 0.337472 0
syringe_lod1
0  0.547035 -3.407455 1.549857  -0.710609 0.026002 -0.703107  0.926633 0.478928 0
0  0.539309 -6.378950 1.858164  -0.796100 -0.487048 0.359179  0.939123 0.355865 0
0  0.645410 -3.407604 1.881120  -0.148819 0.072754 0.986184  0.939123 0.478928 0
syringe_lod1
0  1.933857 -7.967026 6.773689  -0.105838 -0.994188 -0.019713  0.581099 0.920635 0
0  2.362296 -7.919677 5.915957  0.680854 -0.651067 0.335484  0.568644 0.959821 0
0  2.134453 -7.850324 7.041305  0.603500 -0.295611 0.740541  0.568644 0.919024 0
syringe_lod1
0  -1.961743 -8.021431 5.924869  0.466329 -0.883895 0.035588  1.530913 0.959821 0
0  -1.851218 -7.692116 6.694757  0.612316 0.574186 -0.543489  1.543551 0.920669 0
0  -1.908053 -7.966896 6.820211  0.094271 -0.993452 0.064540  1.530914 0.918144 0
syringe_lod1
0  -2.274292 -7.534602 5.919302  -0.340982 0.906364 0.249472  1.556006 0.959821 0
0  -2.155613 -7.843091 6.996919  -0.619483 -0.258652 0.741174  1.568644 0.920427 0
0  -2.058288 -7.586169 6.894592  -0.319217 0.830221 0.456983  1.556006 0.920638 0
syringe_lod1
0  -0.789972 -6.202654 1.953612  -0.121145 0.146659 0.981741  1.901702 0.354963 0
0  -0.482436 -3.407954 1.722186  0.990148 0.039704 -0.134278  1.889259 0.478928 0
0  -0.747863 -3.407455 1.893120  -0.357864 0.031777 0.933233  1.901702 0.478928 0
syringe_lod1
0  -0.819081 -3.407455 1.621074  -0.693588 0.052346 -0.718468  1.914192 0.478928 0
0  -0.670217 -6.398861 1.583371  0.434114 -0.463673 -0.772368  1.926633 0.353540 0
0  -0.885199 -6.185560 1.674384  -0.616202 0.451920 -0.645030  1.914192 0.353983 0
syringe_lod1
0  -0.885199 -6.185560 1.674384  -0.616202 0.451920 -0.645030  1.914192 0.353983 0
0  -0.747863 -3.407455 1.893120  -0.357864 0.031777 0.933233  1.901702 0.478928 0
0  -0.819081 -3.407455 1.621074  -0.693588 0.052346 -0.718468  1.914192 0.478928 0
syringe_lod1
0  -2.404335 -7.811879 3.108788  -0.984414 -0.165316 -0.059994  1.944290 0.833707 0
0  -3.049355 -7.813387 5.351950  -0.963359 -0.129671 0.234788  1.916152 0.741396 0
0  -3.049155 -7.733472 3.654046  -0.825591 0.069272 -0.560001  1.916147 0.814786 0
syringe_lod1
0  -1.918496 -7.647606 2.327104  0.986915 0.159415 0.024196  1.939123 0.248314 0
0  -2.071682 -8.065122 3.081782  0.143621 -0.984913 -0.096540  1.926633 0.214217 0
0  -2.032179 -7.887739 2.193266  0.335912 -0.785018 -0.520490  1.926633 0.248671 0
syringe_lod1
0  -0.885199 -6.185560 1.674384  -0.616202 0.451920 -0.645030  1.914192 0.353983 0
0  -1.963239 -6.844900 1.639450  -0.031917 -0.241799 -0.969801  1.926633 0.295609 0
0  -1.919914 -6.445846 1.724229  -0.600410 0.694176 -0.397023  1.914192 0.306355 0
syringe_lod1
0  -1.846626 -6.832992 1.920407  0.782671 -0.515935 0.348191  1.939123 0.297437 0
0  -0.670217 -6.398861 1.583371  0.434114 -0.463673 -0.772368  1.926633 0.353540 0
0  -0.539306 -6.378920 1.858128  0.798590 -0.480475 0.362488  1.939123 0.355867 0
syringe_lod1
0  -2.032179 -7.887739 2.193266  0.335912 -0.785018 -0.520490  1.926633 0.248671 0
0  -2.317405 -7.229577 1.832785  -0.868693 -0.032576 -0.494279  1.914192 0.275236 0
0  -1.963239 -6.844900 1.639450  -0.031917 -0.241799 -0.969801  1.926633 0.295609 0
syringe_lod1
0  -1.799523 -6.462844 1.999056  -0.311660 0.519507 0.795601  1.901702 0.308898 0
0  -0.885199 -6.185560 1.674384  -0.616202 0.451920 -0.645030  1.914192 0.353983 0
0  -1.919914 -6.445846 1.724229  -0.600410 0.694176 -0.397023  1.914192 0.306355 0
syringe_lod1
0  -0.789972 -6.202654 1.953612  -0.121145 0.146659 0.981741  1.901702 0.354963 0
0  -1.846626 -6.832992 1.920407  0.782671 -0.515935 0.348191  1.889259 0.297437 0
0  -0.539306 -6.378920 1.858128  0.798590 -0.480475 0.362488  1.889259 0.355867 0
syringe_lod1
0  -1.908053 -7.966896 6.820211  0.094271 -0.993452 0.064540  1.581099 0.918144 0
0  2.134453 -7.850324 7.041305  0.603500 -0.295611 0.740541  1.568644 0.834121 0
0  -2.155613 -7.843091 6.996919  -0.619483 -0.258652 0.741174  1.568644 0.920427 0
syringe_lod1
0  -1.919914 -6.445846 1.724229  -0.600410 0.694176 -0.397023  1.914192 0.306355 0
0  -2.223757 -7.458032 2.215392  -0.602765 0.597495 0.528842  1.901702 0.257502 0
0  -1.799523 -6.462844 1.999056  -0.311660 0.519507 0.795601  1.901702 0.308898 0
syringe_lod1
0  -2.155613 -7.843091 6.996919  -0.619483 -0.258652 0.741174  1.568644 0.920427 0
0  2.022631 -7.585806 6.960188  0.299549 0.813251 0.498893  1.556006 0.834121 0
0  -2.058288 -7.586169 6.894592  -0.319217 0.830221 0.456983  1.556006 0.920638 0
syringe_lod1
0  -1.919914 -6.445846 1.724229  -0.600410 0.694176 -0.397023  1.914192 0.306355 0
0  -1.963239 -6.844900 1.639450  -0.031917 -0.241799 -0.969801  1.926633 0.295609 0
0  -2.317405 -7.229577 1.832785  -0.868693 -0.032576 -0.494279  1.914192 0.275236 0
syringe_lod1
0  -1.851218 -7.692116 6.694757  0.612316 0.574186 -0.543489  1.543551 0.920669 0
0  2.022631 -7.585806 6.960188  0.299549 0.813251 0.498893  1.556006 0.834121 0
0  1.843410 -7.692022 6.711506  -0.591757 0.606832 -0.530640  1.543551 0.834121 0
syringe_lod1
0  -2.223757 -7.458032 2.215392  -0.602765 0.597495 0.528842  1.901702 0.257502 0
0  -1.918496 -7.647606 2.327104  0.986915 0.159415 0.024196  1.889259 0.248314 0
0  -1.846626 -6.832992 1.920407  0.782671 -0.515935 0.348191  1.889259 0.297437 0
syringe_lod1
0  -2.071682 -8.065122 3.081782  0.143621 -0.984913 -0.096540  1.926633 0.214217 0
0  -2.301774 -7.813688 2.301203  -0.808836 -0.493301 -0.320059  1.914192 0.246295 0
0  -2.032179 -7.887739 2.193266  0.335912 -0.785018 -0.520490  1.926633 0.248671 0
syringe_lod1
0  -2.223757 -7.458032 2.215392  -0.602765 0.597495 0.528842  1.901702 0.257502 0
0  -2.404335 -7.811879 3.108788  -0.984414 -0.165316 -0.059994  1.914192 0.214217 0
0  -2.146632 -7.459686 3.084768  -0.096944 0.995285 -0.002995  1.901702 0.214217 0
syringe_lod1
0  -1.819655 -7.734335 3.081667  0.992043 0.095438 -0.082115  1.889259 0.214217 0
0  -2.223757 -7.458032 2.215392  -0.602765 0.597495 0.528842  1.901702 0.257502 0
0  -2.146632 -7.459686 3.084768  -0.096944 0.995285 -0.002995  1.901702 0.214217 0
syringe_lod1
0  -1.846626 -6.832992 1.920407  0.782671 -0.515935 0.348191  1.939123 0.297437 0
0  -2.032179 -7.887739 2.193266  0.335912 -0.785018 -0.520490  1.926633 0.248671 0
0  -1.963239 -6.844900 1.639450  -0.031917 -0.241799 -0.969801  1.926633 0.295609 0
syringe_lod1
0  -1.845056 -7.682073 5.923868  0.901931 0.431693 0.012736  1.543551 0.959821 0
0  -2.058288 -7.586169 6.894592  -0.319217 0.830221 0.456983  1.556006 0.920638 0
0  -1.851218 -7.692116 6.694757  0.612316 0.574186 -0.543489  1.543551 0.920669 0
syringe_lod1
0  -2.146632 -7.459686 3.084768  -0.096944 0.995285 -0.002995  1.178645 0.384915 0
0  -1.845056 -7.682073 5.923868  0.901931 0.431693 0.012736  1.056216 0.401784 0
0  -1.819655 -7.734335 3.081667  0.992043 0.095438 -0.082115  1.178640 0.401784 0
syringe_lod1
0  -2.274292 -7.534602 5.919302  -0.340982 0.906364 0.249472  1.056944 0.377984 0
0  -2.146632 -7.459686 3.084768  -0.096944 0.995285 -0.002995  1.178645 0.384915 0
0  -2.404335 -7.811879 3.108788  -0.984414 -0.165316 -0.059994  1.177699 0.371017 0
syringe_lod1
0  -2.071682 -8.065122 3.081782  0.143621 -0.984913 -0.096540  1.178684 0.343630 0
0  -1.961743 -8.021431 5.924869  0.466329 -0.883895 0.035588  1.056268 0.337477 0
0  -2.362343 -7.919656 5.916019  -0.680821 -0.652584 0.332590  1.057320 0.358889 0
syringe_lod1
0  -3.049155 -7.733472 3.654046  -0.825591 0.069272 -0.560001  1.398377 0.192037 0
0  -2.274292 -7.534602 5.919302  -0.340982 0.906364 0.249472  1.490689 0.163899 0
0  -2.404335 -7.811879 3.108788  -0.984414 -0.165316 -0.059994  1.379362 0.163899 0
syringe_lod1
0  -1.961743 -8.021431 5.924869  0.466329 -0.883895 0.035588  1.056268 0.337477 0
0  -2.071682 -8.065122 3.081782  0.143621 -0.984913 -0.096540  1.178684 0.343630 0
0  -1.819655 -7.734335 3.081667  0.992043 0.095438 -0.082115  1.178720 0.322337 0
syringe_lod1
0  -1.819655 -7.734335 3.081667  0.992043 0.095438 -0.082115  1.178720 0.322337 0
0  -1.845056 -7.682073 5.923868  0.901931 0.431693 0.012736  1.056300 0.319490 0
0  -1.961743 -8.021431 5.924869  0.466329 -0.883895 0.035588  1.056268 0.337477 0
syringe_lod1
0  -1.908053 -7.966896 6.820211  0.094271 -0.993452 0.064540  1.581099 0.918144 0
0  -2.362343 -7.919656 5.916019  -0.680821 -0.652584 0.332590  1.568644 0.959821 0
0  -1.961743 -8.021431 5.924869  0.466329 -0.883895 0.035588  1.581099 0.959821 0
syringe_lod1
0  -1.797183 -3.195970 7.159249  -0.172012 -0.978753 -0.111596  0.963325 0.503290 0
0  -2.021326 -3.132622 7.125588  -0.259969 -0.902265 0.343996  0.959698 0.493511 0
0  -2.181166 -3.197834 6.833748  0.189087 -0.954028 0.232543  0.973386 0.484979 0
syringe_lod1
0  -1.781452 -3.126238 6.932464  0.487264 -0.843612 -0.225594  0.973587 0.504588 0
0  -1.797183 -3.195970 7.159249  -0.172012 -0.978753 -0.111596  0.963325 0.503290 0
0  -1.939933 -3.163765 6.730494  0.121395 -0.986060 0.113794  0.980125 0.493118 0
syringe_lod1
0  2.101399 -3.167444 7.119330  0.003680 -0.977495 0.210928  1.960245 0.489700 0
0  1.886436 -3.158522 7.164425  0.057296 -0.997376 -0.044246  1.961258 0.500536 0
0  2.204762 -3.194846 6.990545  -0.255713 -0.963432 0.080064  1.966025 0.484730 0
syringe_lod1
0  1.711076 -3.187696 7.001975  0.155652 -0.961361 -0.227061  1.970160 0.505760 0
0  2.083468 -3.158841 6.779527  -0.156428 -0.987502 0.019250  1.976572 0.487016 0
0  2.204762 -3.194846 6.990545  -0.255713 -0.963432 0.080064  1.966025 0.484730 0
syringe_lod1
0  1.711076 -3.187696 7.001975  0.155652 -0.961361 -0.227061  1.970160 0.505760 0
0  1.829949 -3.132407 6.821651  -0.158584 -0.909825 -0.383496  1.978887 0.500147 0
0  2.083468 -3.158841 6.779527  -0.156428 -0.987502 0.019250  1.976572 0.487016 0
syringe_lod1
0  -2.101488 -3.167444 3.126316  -0.000542 -0.980489 -0.196575  2.960245 0.489700 0
0  -1.886526 -3.158522 3.081220  -0.063092 -0.997204 0.040048  2.961258 0.500536 0
0  -2.202981 -3.193259 3.255357  0.259875 -0.965087 -0.032738  2.966021 0.484718 0
syringe_lod1
0  -2.202981 -3.193259 3.255357  0.259875 -0.965087 -0.032738  2.966021 0.484718 0
0  -1.886526 -3.158522 3.081220  -0.063092 -0.997204 0.040048  2.961258 0.500536 0
0  -1.708136 -3.190279 3.242522  -0.162680 -0.960444 0.226015  2.970157 0.505770 0
syringe_lod1
0  -1.708136 -3.190279 3.242522  -0.162680 -0.960444 0.226015  2.970157 0.505770 0
0  -1.830039 -3.132407 3.423994  0.160067 -0.904240 0.395891  2.978887 0.500147 0
0  -2.083558 -3.158842 3.466118  0.151633 -0.988269 -0.018220  2.976572 0.487016 0
syringe_lod1
0  2.159305 -3.167487 3.185209  -0.150539 -0.964519 0.216891  3.963122 0.487190 0
0  2.085811 -3.161442 3.468690  -0.037052 -0.986343 -0.160485  3.976557 0.486998 0
0  1.883695 -3.165290 3.072687  0.098059 -0.971579 0.215450  3.961275 0.500580 0
syringe_lod1
0  0.212246 -5.960854 2.878164  0.163217 -0.660752 -0.732644  0.085060 0.505644 0
0  -0.405775 -6.237475 3.264152  -0.430134 -0.784022 -0.447543  0.093835 0.528550 0
0  -0.393162 -5.960347 2.989300  -0.330941 -0.656870 -0.677495  0.085060 0.520915 0
syringe_lod1
0  0.791725 -5.960194 5.455649  0.751970 -0.638368 -0.164396  0.077213 0.536186 0
0  0.285211 -6.235239 5.061806  0.348980 -0.804736 -0.480221  0.068438 0.513084 0
0  0.437156 -5.960021 4.888769  0.533626 -0.507483 -0.676539  0.077213 0.520915 0
syringe_lod1
0  0.239991 -6.250886 4.203032  0.217090 -0.796786 0.563919  0.093835 0.606711 0
0  0.579867 -5.960854 4.250144  0.577614 -0.632815 0.515662  0.085060 0.620176 0
0  -0.022073 -5.960624 4.462477  -0.072983 -0.684755 0.725110  0.085060 0.597269 0
syringe_lod1
0  -0.792113 -5.960853 3.458032  -0.718178 -0.675485 -0.167150  0.085060 0.542698 0
0  -0.516908 -6.244526 3.969923  -0.569987 -0.755573 0.322837  0.093835 0.566806 0
0  -0.574278 -5.960461 4.244555  -0.514805 -0.647358 0.562053  0.085060 0.573918 0
syringe_lod1
0  0.579867 -5.960854 4.250144  0.577614 -0.632815 0.515662  0.085060 0.620176 0
0  0.577124 -6.247436 3.666526  0.627210 -0.778785 0.010061  0.093835 0.635051 0
0  0.784478 -5.960461 3.460077  0.762075 -0.609650 -0.218101  0.085060 0.650273 0
syringe_lod1
0  -0.022073 -5.960624 4.462477  -0.072983 -0.684755 0.725110  0.085060 0.597269 0
0  -0.516908 -6.244526 3.969923  -0.569987 -0.755573 0.322837  0.093835 0.566806 0
0  0.239991 -6.250886 4.203032  0.217090 -0.796786 0.563919  0.093835 0.606711 0
syringe_lod1
0  -0.029408 -6.068943 4.770649  -0.095032 -0.026367 -0.995125  0.077213 0.680136 0
0  -0.558249 -6.244493 5.413843  -0.771821 -0.635398 -0.023712  0.068438 0.649808 0
0  -0.629251 -5.960765 5.026745  -0.592660 -0.649733 -0.476026  0.077213 0.650320 0
syringe_lod1
0  -0.465256 -6.232285 5.887674  -0.467861 -0.812738 0.347221  0.068438 0.616816 0
0  -0.016145 -5.960653 6.378391  -0.073136 -0.622029 0.779571  0.077213 0.589871 0
0  -0.766300 -5.960179 5.873784  -0.659423 -0.718211 0.222116  0.077213 0.621373 0
syringe_lod1
0  0.694099 -5.962015 5.996843  0.600928 -0.685955 0.410305  0.077213 0.559092 0
0  0.574154 -6.239061 5.558451  0.608137 -0.793641 -0.017426  0.068438 0.544055 0
0  0.791725 -5.960194 5.455649  0.751970 -0.638368 -0.164396  0.077213 0.536186 0
syringe_lod1
0  -0.252116 -6.253067 5.055974  -0.457937 -0.651201 -0.605170  0.131562 0.520714 0
0  0.235584 -6.338357 5.328536  0.217085 -0.952296 -0.214493  0.122214 0.540808 0
0  -0.190882 -6.342621 5.282483  -0.157422 -0.962375 -0.221477  0.122214 0.514404 0
syringe_lod1
0  -0.114431 -6.337984 3.995620  -0.095088 -0.924279 0.369685  0.898548 0.891385 0
0  0.239991 -6.250886 4.203032  0.217090 -0.796786 0.563919  0.907896 0.870735 0
0  -0.516908 -6.244526 3.969923  -0.569987 -0.755573 0.322837  0.907896 0.900094 0
syringe_lod1
0  -0.405775 -6.237475 3.264152  -0.430134 -0.784022 -0.447543  0.907896 0.804701 0
0  -0.049964 -6.356238 3.336694  -0.036752 -0.944573 -0.326239  0.898548 0.819541 0
0  -0.324533 -6.353630 3.757276  -0.284963 -0.958368 0.018055  0.898548 0.794654 0
syringe_lod1
0  0.154774 -6.243870 6.139505  0.162594 -0.785793 0.596736  0.131562 0.585856 0
0  -0.186544 -6.276472 5.885477  -0.197873 -0.916594 0.347422  0.122214 0.601120 0
0  0.276873 -6.348272 5.753438  0.289696 -0.932725 0.214712  0.122214 0.567211 0
syringe_lod1
0  0.239991 -6.250886 4.203032  0.217090 -0.796786 0.563919  0.907896 0.870735 0
0  0.341442 -6.339087 3.743945  0.257155 -0.965303 0.045401  0.898548 0.856629 0
0  0.577124 -6.247436 3.666526  0.627210 -0.778785 0.010061  0.907896 0.845892 0
syringe_lod1
0  0.154774 -6.243870 6.139505  0.162594 -0.785793 0.596736  0.131562 0.585856 0
0  0.276873 -6.348272 5.753438  0.289696 -0.932725 0.214712  0.122214 0.567211 0
0  0.574154 -6.239061 5.558451  0.608137 -0.793641 -0.017426  0.131562 0.560901 0
syringe_lod1
0  -0.252116 -6.253067 5.055974  -0.457937 -0.651201 -0.605170  0.131562 0.520714 0
0  -0.190882 -6.342621 5.282483  -0.157422 -0.962375 -0.221477  0.122214 0.514404 0
0  -0.558249 -6.244493 5.413843  -0.771821 -0.635398 -0.023712  0.131562 0.505644 0
syringe_lod1
0  -0.049964 -6.356238 3.336694  -0.036752 -0.944573 -0.326239  0.744572 0.472996 0
0  0.341442 -6.339087 3.743945  0.257155 -0.965303 0.045401  0.731304 0.483463 0
0  -0.114431 -6.337984 3.995620  -0.095088 -0.924279 0.369685  0.722552 0.472327 0
syringe_lod1
0  0.285211 -6.235239 5.061806  0.348980 -0.804736 -0.480221  0.068438 0.513084 0
0  -0.029408 -6.068943 4.770649  -0.095032 -0.026367 -0.995125  0.077213 0.505644 0
0  0.437156 -5.960021 4.888769  0.533626 -0.507483 -0.676539  0.077213 0.520915 0
syringe_lod1
0  -0.629251 -5.960765 5.026745  -0.592660 -0.649733 -0.476026  0.077213 0.650320 0
0  -0.465256 -6.232285 5.887674  -0.467861 -0.812738 0.347221  0.068438 0.616816 0
0  -0.766300 -5.960179 5.873784  -0.659423 -0.718211 0.222116  0.077213 0.621373 0
syringe_lod1
0  0.577124 -6.247436 3.666526  0.627210 -0.778785 0.010061  0.907896 0.845892 0
0  -0.049964 -6.356238 3.336694  -0.036752 -0.944573 -0.326239  0.898548 0.819541 0
0  0.281163 -6.235275 3.142556  0.312530 -0.772602 -0.552640  0.907896 0.826483 0
syringe_lod1
0  0.574154 -6.239061 5.558451  0.608137 -0.793641 -0.017426  0.131562 0.560901 0
0  0.235584 -6.338357 5.328536  0.217085 -0.952296 -0.214493  0.122214 0.540808 0
0  0.285211 -6.235239 5.061806  0.348980 -0.804736 -0.480221  0.131562 0.540679 0
syringe_lod1
0  -0.324533 -6.353630 3.757276  -0.284963 -0.958368 0.018055  0.898548 0.794654 0
0  -0.516908 -6.244526 3.969923  -0.569987 -0.755573 0.322837  0.907896 0.789630 0
0  -0.405775 -6.237475 3.264152  -0.430134 -0.784022 -0.447543  0.907896 0.804701 0
syringe_lod1
0  -0.114431 -6.337984 3.995620  -0.095088 -0.924279 0.369685  0.722552 0.472327 0
0  -0.324533 -6.353630 3.757276  -0.284963 -0.958368 0.018055  0.732175 0.462155 0
0  -0.049964 -6.356238 3.336694  -0.036752 -0.944573 -0.326239  0.744572 0.472996 0
syringe_lod1
0  -0.190882 -6.342621 5.282483  -0.157422 -0.962375 -0.221477  0.856617 0.471964 0
0  0.235584 -6.338357 5.328536  0.217085 -0.952296 -0.214493  0.866239 0.482764 0
0  -0.268498 -6.427534 5.717389  -0.789900 -0.574488 0.214527  0.844219 0.482722 0
syringe_lod1
0  0.235584 -6.338357 5.328536  0.217085 -0.952296 -0.214493  0.866239 0.482764 0
0  0.276873 -6.348272 5.753438  0.289696 -0.932725 0.214712  0.856617 0.493563 0
0  -0.268498 -6.427534 5.717389  -0.789900 -0.574488 0.214527  0.844219 0.482722 0
syringe_lod1
0  -0.445173 3.059165 2.315879  0.054500 -0.047191 0.997398  0.881372 0.003924 0
0  0.445153 0.286796 2.136063  0.595179 -0.650706 0.471533  0.842839 0.124834 0
0  0.445166 3.059160 2.315895  0.054459 -0.047201 0.997400  0.842872 0.003906 0
syringe_lod1
0  -0.445099 1.068846 -2.452091  -0.604151 -0.570061 -0.556805  0.881355 0.331582 0
0  0.445179 0.766379 0.837269  0.741938 -0.639795 -0.200474  0.842920 0.186278 0
0  -0.445158 0.878169 0.751383  -0.062333 -0.948754 -0.309808  0.881417 0.192325 0
syringe_lod1
0  -0.445179 0.205089 1.730545  -0.584431 -0.807802 -0.076795  0.881394 0.140726 0
0  -0.445158 0.878169 0.751383  -0.062333 -0.948754 -0.309808  0.881417 0.192325 0
0  0.445179 0.766379 0.837269  0.741938 -0.639795 -0.200474  0.842920 0.186278 0
syringe_lod1
0  -0.445099 1.068846 -2.452091  -0.604151 -0.570061 -0.556805  0.682271 0.841339 0
0  -0.445158 0.878169 0.751383  -1.000000 0.000006 -0.000018  0.817127 0.829853 0
0  -0.445083 3.059540 -2.695393  -0.673456 -0.093431 -0.733299  0.668776 0.925429 0
syringe_lod1
0  1.302925 4.727311 -7.053985  0.824488 0.227002 -0.518353  0.615108 0.078788 0
0  1.026216 7.171406 -5.280851  0.850745 0.479312 0.215621  0.566127 0.192645 0
0  1.353368 5.067594 -4.708831  0.965388 0.212390 0.151381  0.525021 0.107536 0
syringe_lod1
0  1.010377 -0.448324 1.551810  0.397074 0.481829 -0.781136  0.048142 0.371052 0
0  -1.001806 -0.364708 1.606842  -0.399359 0.362909 -0.841908  0.003906 0.371041 0
0  1.048252 1.479180 1.566079  0.515533 -0.386617 -0.764691  0.048294 0.297744 0
syringe_lod1
0  1.540524 2.981084 0.483840  0.989324 -0.135684 -0.053169  0.280840 0.056848 0
0  1.025070 5.136664 -3.768195  0.943988 0.262522 0.199923  0.483806 0.121608 0
0  1.045410 4.491570 0.330248  0.934494 0.329195 -0.135466  0.317714 0.103222 0
syringe_lod1
0  1.389103 3.980928 -6.761152  0.854615 -0.400600 -0.330382  0.596557 0.050330 0
0  1.302925 4.727311 -7.053985  0.824488 0.227002 -0.518353  0.615108 0.078788 0
0  1.353368 5.067594 -4.708831  0.965388 0.212390 0.151381  0.525021 0.107536 0
syringe_lod1
0  0.000000 2.960060 -5.239404  -0.099394 -0.955141 -0.278975  0.294196 0.497822 0
0  1.300232 3.704917 -5.849225  0.704089 -0.630174 -0.327321  0.253966 0.438873 0
0  1.322894 3.628284 -4.338072  0.566152 -0.819795 -0.086069  0.319846 0.430578 0
syringe_lod1
0  1.507990 2.123101 1.831992  0.945720 -0.240294 -0.218796  0.566255 0.311431 0
0  1.088614 2.874374 -2.357417  0.658366 -0.752542 0.015319  0.416310 0.416326 0
0  1.540524 2.981084 0.483840  0.989324 -0.135684 -0.053169  0.425960 0.374579 0
syringe_lod1
0  0.000000 3.725906 -7.261336  -0.000675 -0.593102 -0.805127  0.201307 0.497822 0
0  -0.006152 4.751787 -7.489909  -0.002056 0.115551 -0.993299  0.161217 0.497822 0
0  1.302925 4.727311 -7.053985  0.824488 0.227002 -0.518353  0.163678 0.440935 0
syringe_lod1
0  0.886324 7.470628 -6.030463  0.754388 0.547614 -0.361962  0.034906 0.460168 0
0  -0.006152 4.751787 -7.489909  -0.002056 0.115551 -0.993299  0.161217 0.497822 0
0  -0.004079 7.828443 -6.079504  -0.003033 0.935456 -0.353432  0.022647 0.497822 0
syringe_lod1
0  1.010377 -0.448324 1.551810  0.397074 0.481829 -0.781136  0.650275 0.382628 0
0  1.510531 -0.682730 2.071419  0.918635 0.020830 -0.394557  0.674014 0.360279 0
0  1.513067 -1.139049 1.393026  0.903393 0.275811 -0.328343  0.688776 0.391074 0
syringe_lod1
0  0.886324 7.470628 -6.030463  0.754388 0.547614 -0.361962  0.586825 0.201850 0
0  -0.004079 7.828443 -6.079504  -0.003033 0.935456 -0.353432  0.573610 0.245921 0
0  -0.001321 7.436716 -4.868904  -0.005102 0.898849 0.438229  0.538185 0.232401 0
syringe_lod1
0  0.421667 1.685278 -2.873189  0.028794 -0.919872 0.391160  0.425756 0.479539 0
0  -0.405743 1.660002 -2.950058  -0.356938 -0.921413 0.153604  0.421406 0.497822 0
0  0.401984 1.757515 -3.272898  0.294144 -0.775118 -0.559170  0.407938 0.483025 0
syringe_lod1
0  1.969721 -2.937335 2.868490  0.734942 -0.581839 0.348316  0.910201 0.723663 0
0  -1.992168 -2.943171 2.869672  -0.731883 -0.558166 0.390893  0.884577 0.798877 0
0  1.466607 -2.981062 2.130316  0.594944 -0.795308 -0.116305  0.873382 0.733147 0
syringe_lod1
0  0.691193 5.817370 1.472867  0.176078 0.693636 -0.698474  0.269934 0.180659 0
0  0.836869 5.083664 0.481684  0.718789 0.663692 -0.207016  0.306152 0.139261 0
0  -0.000172 5.459002 0.673367  -0.027043 0.978919 -0.202452  0.322021 0.171912 0
syringe_lod1
0  1.474676 5.233037 1.794266  0.952458 0.222694 -0.207920  0.117015 0.057175 0
0  1.459981 6.106408 1.819803  0.660916 0.498859 -0.560651  0.078596 0.055648 0
0  1.515597 3.395562 2.854028  0.687214 0.086811 0.721250  0.202049 0.009598 0
syringe_lod1
0  1.389103 3.980928 -6.761152  0.854615 -0.400600 -0.330382  0.199562 0.435722 0
0  1.300232 3.704917 -5.849225  0.704089 -0.630174 -0.327321  0.253966 0.438873 0
0  0.000000 3.267892 -6.451303  0.005018 -0.982729 -0.184983  0.237285 0.497822 0
syringe_lod1
0  1.459981 6.106408 1.819803  0.660916 0.498859 -0.560651  0.078596 0.055648 0
0  0.970957 6.562500 1.864454  0.229599 0.865271 -0.445636  0.048823 0.053332 0
0  1.386454 6.539102 2.920640  0.437172 0.625441 0.646301  0.060384 0.008592 0
syringe_lod1
0  -1.015089 1.401622 1.554197  -0.505724 -0.327947 -0.797931  0.003925 0.296944 0
0  -1.017014 1.901490 0.984137  -0.426380 -0.776571 -0.463830  0.003930 0.275712 0
0  1.048252 1.479180 1.566079  0.515533 -0.386617 -0.764691  0.048294 0.297744 0
syringe_lod1
0  1.322894 3.628284 -4.338072  0.566152 -0.819795 -0.086069  0.319846 0.430578 0
0  1.451121 3.711545 -3.152411  0.959166 -0.260196 -0.110899  0.358881 0.409998 0
0  0.543936 2.701423 -3.630711  0.415670 -0.473962 -0.776259  0.367404 0.468362 0
syringe_lod1
0  -0.000172 5.459002 0.673367  -0.027043 0.978919 -0.202452  0.063625 0.063215 0
0  0.894658 6.782879 -4.592277  0.740818 0.585537 0.329144  0.104775 0.298278 0
0  -0.001321 7.436716 -4.868904  -0.005102 0.898849 0.438229  0.059898 0.311871 0
syringe_lod1
0  -1.062163 2.840554 -2.344668  -0.668822 -0.719054 0.188781  0.003976 0.115708 0
0  0.421667 1.685278 -2.873189  0.028794 -0.919872 0.391160  0.019657 0.066197 0
0  0.971049 2.132673 -2.824306  0.691027 -0.493387 0.528253  0.043742 0.084940 0
syringe_lod1
0  -1.438489 3.510148 2.903074  -0.570296 0.196543 0.797579  0.499564 0.321143 0
0  -1.992168 -2.943171 2.869672  -0.731883 -0.558166 0.390893  0.218034 0.321143 0
0  2.029719 2.188513 2.861493  0.885484 0.124008 0.447817  0.444720 0.234145 0
syringe_lod1
0  1.069576 3.513469 2.831515  -0.065495 0.165697 0.983999  0.632794 0.428354 0
0  -0.275025 6.618586 2.512069  0.036005 0.000388 0.999352  0.498648 0.379851 0
0  -0.270291 3.508627 2.527985  0.034535 0.656652 0.753402  0.633033 0.379851 0
syringe_lod1
0  1.025070 5.136664 -3.768195  0.943988 0.262522 0.199923  0.483806 0.121608 0
0  1.451121 3.711545 -3.152411  0.959166 -0.260196 -0.110899  0.480039 0.072606 0
0  1.353368 5.067594 -4.708831  0.965388 0.212390 0.151381  0.525021 0.107536 0
syringe_lod1
0  0.691193 5.817370 1.472867  0.176078 0.693636 -0.698474  0.269934 0.180659 0
0  -0.986937 6.533274 1.828163  -0.147581 0.800835 -0.580417  0.274699 0.226324 0
0  0.970957 6.562500 1.864454  0.229599 0.865271 -0.445636  0.240783 0.201940 0
syringe_lod1
0  1.513067 -1.139049 1.393026  0.903393 0.275811 -0.328343  0.688776 0.391074 0
0  1.434827 -2.912654 1.361852  0.671965 -0.632925 -0.384538  0.754844 0.430450 0
0  1.012405 -2.948981 0.923409  0.374226 -0.694391 -0.614635  0.744745 0.453315 0
syringe_lod1
0  1.027928 2.274749 0.060712  0.476202 -0.808914 -0.344804  1.003942 0.225026 0
0  -1.062163 2.840554 -2.344668  -0.668822 -0.719054 0.188781  1.048379 0.124010 0
0  1.088614 2.874374 -2.357417  0.658366 -0.752542 0.015319  1.003962 0.145875 0
syringe_lod1
0  1.353368 5.067594 -4.708831  0.965388 0.212390 0.151381  0.525021 0.107536 0
0  0.894658 6.782879 -4.592277  0.740818 0.585537 0.329144  0.530228 0.181213 0
0  1.025070 5.136664 -3.768195  0.943988 0.262522 0.199923  0.483806 0.121608 0
syringe_lod1
0  0.401984 1.757515 -3.272898  0.294144 -0.775118 -0.559170  0.407938 0.483025 0
0  1.026904 2.399278 -3.344715  0.734132 -0.279514 -0.618807  0.391097 0.453938 0
0  0.971049 2.132673 -2.824306  0.691027 -0.493387 0.528253  0.415419 0.449232 0
syringe_lod1
0  1.451121 3.711545 -3.152411  0.959166 -0.260196 -0.110899  0.202350 0.272955 0
0  1.322894 3.628284 -4.338072  0.566152 -0.819795 -0.086069  0.209455 0.318744 0
0  1.389103 3.980928 -6.761152  0.854615 -0.400600 -0.330382  0.211074 0.423613 0
syringe_lod1
0  -1.001806 -0.364708 1.606842  -0.399359 0.362909 -0.841908  1.647796 0.379003 0
0  -1.507969 -0.724422 2.054448  -0.917190 0.126286 -0.377908  1.675177 0.361815 0
0  -1.506775 2.024050 1.980202  -0.899662 -0.060267 -0.432407  1.573032 0.312351 0
syringe_lod1
0  -1.501953 3.232748 0.680928  -0.993962 0.020073 -0.107872  1.279356 0.058042 0
0  -0.835481 5.082784 0.477063  -0.725501 0.664566 -0.178888  1.306152 0.139261 0
0  -1.049775 4.428945 0.098027  -0.956242 0.283447 -0.072517  1.317714 0.103222 0
syringe_lod1
0  -1.423835 4.340228 -4.264171  -0.979863 0.199626 -0.004225  1.497652 0.085409 0
0  -1.303073 4.712987 -7.050469  -0.851956 0.156254 -0.499755  1.615119 0.078701 0
0  -1.401287 3.891919 -5.603875  -0.884135 -0.413842 -0.216887  1.542051 0.059645 0
syringe_lod1
0  -1.322894 3.628284 -4.338072  -0.582441 -0.812860 -0.004533  1.319846 0.430578 0
0  -1.401287 3.891919 -5.603875  -0.884135 -0.413842 -0.216887  1.267206 0.437157 0
0  0.000000 2.960060 -5.239404  -0.099394 -0.955141 -0.278975  1.294196 0.497822 0
syringe_lod1
0  -1.031629 7.149577 -5.245334  -0.758685 0.544894 0.357055  1.566097 0.191818 0
0  -1.303073 4.712987 -7.050469  -0.851956 0.156254 -0.499755  1.615119 0.078701 0
0  -1.423835 4.340228 -4.264171  -0.979863 0.199626 -0.004225  1.497652 0.085409 0
syringe_lod1
0  -1.062163 2.840554 -2.344668  -0.668822 -0.719054 0.188781  1.415762 0.417712 0
0  -1.506775 2.024050 1.980202  -0.899662 -0.060267 -0.432407  1.573032 0.312351 0
0  -1.408846 3.539575 -3.152689  -0.980413 -0.195847 -0.020835  1.364338 0.407900 0
syringe_lod1
0  0.000000 3.725906 -7.261336  -0.000675 -0.593102 -0.805127  1.201306 0.497822 0
0  -1.357728 3.765506 -6.613519  -0.828007 -0.547536 -0.120870  1.211158 0.437232 0
0  -1.303073 4.712987 -7.050469  -0.851956 0.156254 -0.499755  1.164030 0.440615 0
syringe_lod1
0  -1.357728 3.765506 -6.613519  -0.828007 -0.547536 -0.120870  1.597115 0.050400 0
0  -1.401287 3.891919 -5.603875  -0.884135 -0.413842 -0.216887  1.542051 0.059645 0
0  -1.303073 4.712987 -7.050469  -0.851956 0.156254 -0.499755  1.615119 0.078701 0
syringe_lod1
0  -1.031629 7.149577 -5.245334  -0.758685 0.544894 0.357055  1.566097 0.191818 0
0  -1.423835 4.340228 -4.264171  -0.979863 0.199626 -0.004225  1.497652 0.085409 0
0  -0.918085 6.733595 -4.551614  -0.771736 0.558968 0.303280  1.529409 0.179539 0
syringe_lod1
0  1.012405 -2.948981 0.923409  0.374226 -0.694391 -0.614635  1.366042 0.389603 0
0  -1.023717 -0.667745 0.950174  -0.449433 0.568656 -0.688942  1.266408 0.345367 0
0  1.028613 -0.774141 0.890970  0.350091 0.380224 -0.856076  1.277749 0.389603 0
syringe_lod1
0  -1.001806 -0.364708 1.606842  -0.399359 0.362909 -0.841908  1.647796 0.379003 0
0  -1.023717 -0.667745 0.950174  -0.449433 0.568656 -0.688942  1.657418 0.407882 0
0  -1.514320 -1.132910 1.393275  -0.911164 0.085660 -0.403041  1.688599 0.390900 0
syringe_lod1
0  -1.506775 2.024050 1.980202  -0.899662 -0.060267 -0.432407  1.263200 0.048616 0
0  -1.992168 -2.943171 2.869672  -0.731883 -0.558166 0.390893  1.471413 0.003906 0
0  -2.037566 2.129035 2.861254  -0.896049 0.089332 0.434874  1.251646 0.003906 0
syringe_lod1
0  -0.891996 7.473829 -6.030646  -0.604635 0.645689 -0.466371  1.034616 0.459954 0
0  -0.006152 4.751787 -7.489909  -0.002056 0.115551 -0.993299  1.161217 0.497822 0
0  -1.303073 4.712987 -7.050469  -0.851956 0.156254 -0.499755  1.164030 0.440615 0
syringe_lod1
0  -0.891996 7.473829 -6.030646  -0.604635 0.645689 -0.466371  1.586811 0.201903 0
0  -1.031629 7.149577 -5.245334  -0.758685 0.544894 0.357055  1.566097 0.191818 0
0  -0.001321 7.436716 -4.868904  -0.005102 0.898849 0.438229  1.538185 0.232401 0
syringe_lod1
0  -1.490351 3.335730 2.158061  -0.991141 0.096418 -0.091336  1.199832 0.037339 0
0  -1.506775 2.024050 1.980202  -0.899662 -0.060267 -0.432407  1.263200 0.048616 0
0  -2.037566 2.129035 2.861254  -0.896049 0.089332 0.434874  1.251646 0.003906 0
syringe_lod1
0  -1.023717 -0.667745 0.950174  -0.449433 0.568656 -0.688942  1.266408 0.345367 0
0  -1.001806 -0.364708 1.606842  -0.399359 0.362909 -0.841908  1.234879 0.345358 0
0  1.010377 -0.448324 1.551810  0.397074 0.481829 -0.781136  1.244999 0.389603 0
syringe_lod1
0  -0.405743 1.660002 -2.950058  -0.356938 -0.921413 0.153604  1.421910 0.480359 0
0  -0.923977 2.119981 -3.323461  -0.668051 -0.449549 -0.592970  1.396872 0.462861 0
0  0.401984 1.757515 -3.272898  0.294144 -0.775118 -0.559170  1.408244 0.497822 0
syringe_lod1
0  -1.501953 3.232748 0.680928  -0.993962 0.020073 -0.107872  1.201957 0.094624 0
0  -1.408846 3.539575 -3.152689  -0.980413 -0.195847 -0.020835  1.204537 0.267064 0
0  -1.506775 2.024050 1.980202  -0.899662 -0.060267 -0.432407  1.263200 0.048616 0
syringe_lod1
0  -0.971612 2.141997 -2.819568  -0.662031 -0.500739 0.557652  1.415577 0.449189 0
0  -1.062163 2.840554 -2.344668  -0.668822 -0.719054 0.188781  1.415762 0.417712 0
0  -0.923977 2.119981 -3.323461  -0.668051 -0.449549 -0.592970  1.396872 0.462861 0
syringe_lod1
0  -0.000172 5.459002 0.673367  -0.027043 0.978919 -0.202452  1.322021 0.171912 0
0  -0.835481 5.082784 0.477063  -0.725501 0.664566 -0.178888  1.306152 0.139261 0
0  -1.389298 5.571919 1.690011  -0.781969 0.125256 -0.610603  1.248577 0.156348 0
syringe_lod1
0  -1.389298 5.571919 1.690011  -0.781969 0.125256 -0.610603  1.113646 0.057175 0
0  -1.501953 3.232748 0.680928  -0.993962 0.020073 -0.107872  1.201957 0.094624 0
0  -1.490351 3.335730 2.158061  -0.991141 0.096418 -0.091336  1.199832 0.037339 0
syringe_lod1
0  -1.436574 6.427565 2.923179  -0.377998 0.624144 0.683785  1.065078 0.007822 0
0  -0.986937 6.533274 1.828163  -0.147581 0.800835 -0.580417  1.048542 0.055749 0
0  -1.459888 6.106364 1.819506  -0.784427 0.489958 -0.380283  1.078599 0.055661 0
syringe_lod1
0  -0.918085 6.733595 -4.551614  -0.771736 0.558968 0.303280  1.106057 0.295000 0
0  -1.049775 4.428945 0.098027  -0.956242 0.283447 -0.072517  1.138464 0.074746 0
0  -0.835481 5.082784 0.477063  -0.725501 0.664566 -0.178888  1.101049 0.067455 0
syringe_lod1
0  -0.000172 5.459002 0.673367  -0.027043 0.978919 -0.202452  1.063625 0.063215 0
0  -0.918085 6.733595 -4.551614  -0.771736 0.558968 0.303280  1.106057 0.295000 0
0  -0.835481 5.082784 0.477063  -0.725501 0.664566 -0.178888  1.101049 0.067455 0
syringe_lod1
0  -0.440050 2.619384 -3.660547  -0.310668 -0.617051 -0.723003  1.367361 0.476246 0
0  -1.408846 3.539575 -3.152689  -0.980413 -0.195847 -0.020835  1.364338 0.407900 0
0  -1.322894 3.628284 -4.338072  -0.582441 -0.812860 -0.004533  1.319846 0.430578 0
syringe_lod1
0  -1.322894 3.628284 -4.338072  -0.582441 -0.812860 -0.004533  1.319846 0.430578 0
0  0.021556 2.865068 -4.472628  0.224661 -0.962944 -0.149222  1.328154 0.497822 0
0  -0.440050 2.619384 -3.660547  -0.310668 -0.617051 -0.723003  1.367361 0.476246 0
syringe_lod1
0  -1.031629 7.149577 -5.245334  -0.758685 0.544894 0.357055  1.566097 0.191818 0
0  -0.918085 6.733595 -4.551614  -0.771736 0.558968 0.303280  1.529409 0.179539 0
0  -0.001321 7.436716 -4.868904  -0.005102 0.898849 0.438229  1.538185 0.232401 0
syringe_lod1
0  -2.037566 2.129035 2.861254  -0.896049 0.089332 0.434874  1.444739 0.234145 0
0  -1.992168 -2.943171 2.869672  -0.731883 -0.558166 0.390893  1.222235 0.238979 0
0  -1.438489 3.510148 2.903074  -0.570296 0.196543 0.797579  1.493433 0.262762 0
syringe_lod1
0  -1.473574 -2.946007 2.129798  -0.546901 -0.817754 -0.179383  1.873392 0.733254 0
0  1.012405 -2.948981 0.923409  0.374226 -0.694391 -0.614635  1.808594 0.771438 0
0  1.466607 -2.981062 2.130316  0.594944 -0.795308 -0.116305  1.879700 0.797116 0
syringe_lod1
0  -1.357728 3.765506 -6.613519  -0.828007 -0.547536 -0.120870  1.211158 0.437232 0
0  0.000000 3.267892 -6.451303  0.005018 -0.982729 -0.184983  1.237285 0.497822 0
0  -0.000000 3.351034 -5.673006  -0.041487 -0.987624 -0.151257  1.269475 0.497822 0
syringe_lod1
0  0.691193 5.817370 1.472867  0.176078 0.693636 -0.698474  1.291034 0.202787 0
0  -1.389298 5.571919 1.690011  -0.781969 0.125256 -0.610603  1.248577 0.156348 0
0  -0.986937 6.533274 1.828163  -0.147581 0.800835 -0.580417  1.241190 0.202233 0
syringe_lod1
0  -1.438489 3.510148 2.903074  -0.570296 0.196543 0.797579  1.632780 0.431041 0
0  -0.275025 6.618586 2.512069  0.036005 0.000388 0.999352  1.498648 0.391526 0
0  -1.436574 6.427565 2.923179  -0.377998 0.624144 0.683785  1.498648 0.431041 0
syringe_lod1
0  -1.514320 -1.132910 1.393275  -0.911164 0.085660 -0.403041  1.688599 0.390900 0
0  -1.023717 -0.667745 0.950174  -0.449433 0.568656 -0.688942  1.657418 0.407882 0
0  -1.029303 -2.939557 0.935299  -0.422815 -0.651943 -0.629443  1.744620 0.453298 0
syringe_lod1
0  -0.440050 2.619384 -3.660547  -0.310668 -0.617051 -0.723003  1.367361 0.476246 0
0  0.401984 1.757515 -3.272898  0.294144 -0.775118 -0.559170  1.408244 0.497822 0
0  -0.923977 2.119981 -3.323461  -0.668051 -0.449549 -0.592970  1.396872 0.462861 0
syringe_lod1
0  0.970957 6.562500 1.864454  0.229599 0.865271 -0.445636  1.004395 0.042041 0
0  -0.986937 6.533274 1.828163  -0.147581 0.800835 -0.580417  1.048542 0.055749 0
0  -0.275025 6.618586 2.512069  -0.042229 0.998048 -0.046010  1.015255 0.023633 0
syringe_lod1
0  -1.514320 -1.132910 1.393275  -0.911164 0.085660 -0.403041  1.511713 0.032456 0
0  -1.435278 -2.910639 1.363807  -0.792152 -0.569800 -0.218686  1.587968 0.036664 0
0  -1.473574 -2.946007 2.129798  -0.546901 -0.817754 -0.179383  1.588671 0.004144 0
syringe_lod1
0  -1.408846 3.539575 -3.152689  -0.980413 -0.195847 -0.020835  1.204537 0.267064 0
0  -1.423835 4.340228 -4.264171  -0.979863 0.199626 -0.004225  1.183562 0.296017 0
0  -1.401287 3.891919 -5.603875  -0.884135 -0.413842 -0.216887  1.209209 0.369428 0
syringe_lod1
0  -1.623676 -3.267450 7.394072  -0.144855 -0.740409 0.656362  0.807529 0.712292 0
0  1.653187 -3.248512 6.676989  0.028032 -0.993951 0.106188  0.951032 0.682582 0
0  1.624646 -3.261487 7.397170  0.187414 -0.668004 0.720171  0.947992 0.712388 0
syringe_lod1
0  -1.423835 4.340228 -4.264171  -0.979863 0.199626 -0.004225  1.497652 0.085409 0
0  -1.501953 3.232748 0.680928  -0.993962 0.020073 -0.107872  1.279356 0.058042 0
0  -1.027065 5.142383 -3.755974  -0.948048 0.281980 0.147284  1.483605 0.120849 0
syringe_lod1
0  -2.248818 -3.175935 3.039893  -0.659790 -0.586944 -0.469228  0.743229 0.731930 0
0  -2.350941 -3.270947 3.612759  -0.603467 -0.787946 -0.122348  0.719094 0.733657 0
0  -2.318294 2.254495 3.246042  -0.886693 0.398535 -0.234404  0.733990 0.505644 0
syringe_lod1
0  -1.649865 -3.252311 6.676107  -0.075760 -0.995295 -0.060401  0.805055 0.682806 0
0  -2.350941 -3.270947 3.612759  -0.603467 -0.787946 -0.122348  0.776591 0.549328 0
0  -1.642400 -3.245200 3.560968  -0.060145 -0.993244 -0.099240  0.805144 0.546255 0
syringe_lod1
0  1.772300 -2.935610 2.822171  0.308181 -0.075005 -0.948367  0.157211 0.721695 0
0  2.051766 2.352447 2.997063  0.221113 0.765555 -0.604181  0.172383 0.505644 0
0  2.245099 -3.174665 3.032670  0.682464 -0.505337 -0.528088  0.180078 0.731881 0
syringe_lod1
0  -1.649865 -3.252311 6.676107  -0.075760 -0.995295 -0.060401  0.805055 0.682806 0
0  1.650068 -3.255479 3.571956  -0.062453 -0.996540 0.054839  0.950455 0.546749 0
0  1.653187 -3.248512 6.676989  0.028032 -0.993951 0.106188  0.951032 0.682582 0
syringe_lod1
0  2.318946 2.249214 3.244608  0.723007 0.589914 -0.359532  0.189084 0.505644 0
0  2.353446 -3.262504 3.610243  0.766581 -0.619138 -0.170355  0.204164 0.733420 0
0  2.245099 -3.174665 3.032670  0.682464 -0.505337 -0.528088  0.180078 0.731881 0
syringe_lod1
0  2.353446 -3.262504 3.610243  0.766581 -0.619138 -0.170355  0.204164 0.733420 0
0  2.388815 -3.066936 6.713387  0.953490 -0.198254 0.227051  0.339996 0.727229 0
0  2.334911 -3.277555 6.628543  0.578453 -0.790387 0.201693  0.337946 0.733877 0
syringe_lod1
0  2.051766 2.352447 2.997063  0.221113 0.765555 -0.604181  0.028679 0.759567 0
0  1.774221 2.058039 2.822282  0.253019 0.160951 -0.953979  0.036706 0.742554 0
0  -1.774222 2.058039 2.822282  -0.257125 0.171178 -0.951097  0.193460 0.742554 0
syringe_lod1
0  -2.361008 -3.258079 6.637548  -0.779552 -0.624109 0.052793  0.584940 0.733243 0
0  -2.318294 2.254495 3.246042  -0.886693 0.398535 -0.234404  0.733990 0.505644 0
0  -2.350941 -3.270947 3.612759  -0.603467 -0.787946 -0.122348  0.719094 0.733657 0
syringe_lod1
0  1.624646 -3.261487 7.397170  0.187414 -0.668004 0.720171  0.389636 0.733250 0
0  -1.982868 2.341687 7.300190  -0.534202 0.590503 0.604925  0.548496 0.505644 0
0  -1.623676 -3.267450 7.394072  -0.144855 -0.740409 0.656362  0.533737 0.733481 0
syringe_lod1
0  2.224428 -3.178511 7.240829  0.614369 -0.513111 0.599389  0.362911 0.731386 0
0  2.266107 2.341023 7.005457  0.776219 0.528669 0.343500  0.352826 0.505644 0
0  2.018229 2.256185 7.329540  0.312303 0.359357 0.879391  0.373421 0.505644 0
syringe_lod1
0  -2.057893 2.348752 3.003515  -0.486094 0.751425 -0.446176  0.750992 0.505644 0
0  -1.774221 -2.935610 2.822282  -0.314690 -0.077948 -0.945989  0.766163 0.721684 0
0  -2.248818 -3.175935 3.039893  -0.659790 -0.586944 -0.469228  0.743229 0.731930 0
syringe_lod1
0  1.623948 -3.249793 2.847923  0.022625 -0.732274 -0.680635  0.152801 0.733488 0
0  1.772300 -2.935610 2.822171  0.308181 -0.075005 -0.948367  0.157211 0.721695 0
0  2.245099 -3.174665 3.032670  0.682464 -0.505337 -0.528088  0.180078 0.731881 0
syringe_lod1
0  2.051766 2.352447 2.997063  0.221113 0.765555 -0.604181  0.028679 0.759567 0
0  -1.982868 2.341687 7.300190  -0.534202 0.590503 0.604925  0.200289 0.940504 0
0  2.266107 2.341023 7.005457  0.776219 0.528669 0.343500  0.018653 0.930540 0
syringe_lod1
0  -2.318294 2.254495 3.246042  -0.886693 0.398535 -0.234404  0.214990 0.768351 0
0  -2.312597 2.231756 6.978902  -0.697437 0.586673 0.411578  0.215556 0.929934 0
0  -1.982868 2.341687 7.300190  -0.534202 0.590503 0.604925  0.200289 0.940504 0
syringe_lod1
0  1.623948 -3.249793 2.847923  0.022625 -0.732274 -0.680635  0.948008 0.516694 0
0  -1.642400 -3.245200 3.560968  -0.060145 -0.993244 -0.099240  0.805144 0.546255 0
0  -1.626445 -3.240437 2.847323  -0.182224 -0.726887 -0.662140  0.807488 0.516475 0
syringe_lod1
0  2.318946 2.249214 3.244608  0.723007 0.589914 -0.359532  0.189084 0.505644 0
0  2.388815 -3.066936 6.713387  0.953490 -0.198254 0.227051  0.339996 0.727229 0
0  2.353446 -3.262504 3.610243  0.766581 -0.619138 -0.170355  0.204164 0.733420 0
syringe_lod1
0  1.650068 -3.255479 3.571956  -0.062453 -0.996540 0.054839  0.950455 0.546749 0
0  2.334911 -3.277555 6.628543  0.578453 -0.790387 0.201693  0.978655 0.680218 0
0  1.653187 -3.248512 6.676989  0.028032 -0.993951 0.106188  0.951032 0.682582 0
syringe_lod1
0  1.521198 -3.563605 6.594572  0.837726 -0.128605 0.530732  0.661974 0.473506 0
0  1.622747 -2.879706 3.738113  0.961053 -0.074852 -0.266033  0.536981 0.443934 0
0  1.549543 -2.879706 6.683538  0.821615 -0.168997 0.544416  0.664754 0.443933 0
syringe_lod1
0  2.224428 -3.178511 7.240829  0.614369 -0.513111 0.599389  0.362911 0.731386 0
0  2.334911 -3.277555 6.628543  0.578453 -0.790387 0.201693  0.337946 0.733877 0
0  2.388815 -3.066936 6.713387  0.953490 -0.198254 0.227051  0.339996 0.727229 0
syringe_lod1
0  -1.626445 -3.240437 2.847323  -0.182224 -0.726887 -0.662140  0.008447 0.733392 0
0  -1.774221 -2.935610 2.822282  -0.314690 -0.077948 -0.945989  0.003909 0.721695 0
0  1.772300 -2.935610 2.822171  0.308181 -0.075005 -0.948367  0.157211 0.721695 0
syringe_lod1
0  1.291706 -5.991133 3.782690  -0.921651 -0.212163 0.324880  0.972264 0.396463 0
0  0.549753 -6.263006 2.625752  0.225890 -0.919362 -0.322097  0.960261 0.452625 0
0  1.371043 -6.262215 3.833153  0.216188 -0.950132 -0.224748  0.960542 0.395179 0
syringe_lod1
0  -1.250522 -5.990927 6.535315  0.548389 -0.660529 -0.512806  0.971869 0.224289 0
0  1.264158 -5.990778 6.506105  -0.546784 -0.655249 -0.521225  0.972769 0.278770 0
0  1.295958 -6.261723 6.555464  0.378625 -0.883456 0.275952  0.960993 0.277809 0
syringe_lod1
0  -0.548005 -5.991943 2.705527  0.334040 -0.696894 0.634631  0.971874 0.476100 0
0  -0.598943 -6.263100 2.664224  -0.057580 -0.930926 -0.360640  0.960146 0.476043 0
0  0.549753 -6.263006 2.625752  0.225890 -0.919362 -0.322097  0.960261 0.452625 0
syringe_lod1
0  1.549543 -2.879706 6.683538  0.821615 -0.168997 0.544416  0.664754 0.443933 0
0  0.880578 -2.879706 7.078033  0.352174 -0.050623 0.934564  0.694075 0.443932 0
0  0.902169 -3.563318 6.858002  0.812498 -0.091765 0.575697  0.694602 0.473506 0
syringe_lod1
0  1.405580 -4.327875 6.574709  0.800947 -0.100000 0.590325  0.755885 0.933252 0
0  1.521198 -3.563605 6.594572  0.837726 -0.128605 0.530732  0.756936 0.966291 0
0  0.902169 -3.563318 6.858002  0.812498 -0.091765 0.575697  0.730698 0.966290 0
syringe_lod1
0  1.371043 -6.262215 3.833153  0.216188 -0.950132 -0.224748  0.712261 0.742640 0
0  0.610496 -4.317600 2.566264  0.482969 -0.105245 -0.869289  0.774923 0.826727 0
0  1.453904 -4.317503 3.764637  0.952297 -0.096333 -0.289570  0.712178 0.826723 0
syringe_lod1
0  0.904115 -4.327624 6.735701  0.375499 -0.340880 0.861859  0.230255 0.397425 0
0  0.902169 -3.563318 6.858002  0.812498 -0.091765 0.575697  0.263298 0.400425 0
0  0.888767 -3.715996 7.173743  0.639926 -0.047925 0.766941  0.256712 0.415392 0
syringe_lod1
0  -1.275196 -6.261844 6.599988  -0.409027 -0.866294 0.286759  0.532380 0.742640 0
0  1.295958 -6.261723 6.555464  0.378625 -0.883456 0.275952  0.590342 0.742640 0
0  0.904115 -4.327624 6.735701  0.375499 -0.340880 0.861859  0.579090 0.826292 0
syringe_lod1
0  0.690238 -2.879704 2.392178  0.468678 -0.093438 -0.878414  0.466171 0.443934 0
0  1.622747 -2.879706 3.738113  0.961053 -0.074852 -0.266033  0.536981 0.443934 0
0  1.532437 -3.563613 3.669870  0.939566 -0.116078 -0.322091  0.534251 0.473507 0
syringe_lod1
0  1.521198 -3.563605 6.594572  0.837726 -0.128605 0.530732  0.756936 0.966291 0
0  1.453904 -4.317503 3.764637  0.952297 -0.096333 -0.289570  0.878428 0.933668 0
0  1.532437 -3.563613 3.669870  0.939566 -0.116078 -0.322091  0.878394 0.966271 0
syringe_lod1
0  -0.887522 -3.715957 7.102502  -0.671111 -0.054732 0.739334  0.727930 0.357500 0
0  -0.881325 -4.331017 6.928419  -0.253118 -0.716065 0.650524  0.727930 0.336333 0
0  0.886008 -4.271312 7.034706  0.572921 -0.578480 0.580622  0.766243 0.336333 0
syringe_lod1
0  1.295958 -6.261723 6.555464  0.378625 -0.883456 0.275952  0.960993 0.277809 0
0  1.264158 -5.990778 6.506105  -0.546784 -0.655249 -0.521225  0.972769 0.278770 0
0  1.291706 -5.991133 3.782690  -0.921651 -0.212163 0.324880  0.972264 0.396463 0
syringe_lod1
0  0.599555 -3.563615 2.426954  0.419868 -0.126484 -0.898728  0.942965 0.966261 0
0  1.532437 -3.563613 3.669870  0.939566 -0.116078 -0.322091  0.878394 0.966271 0
0  1.453904 -4.317503 3.764637  0.952297 -0.096333 -0.289570  0.878428 0.933668 0
syringe_lod1
0  -0.560710 -4.317612 2.525801  -0.445098 -0.096814 -0.890233  0.970213 0.933655 0
0  -0.663421 -3.563615 2.481254  -0.481711 -0.122241 -0.867762  0.970215 0.966259 0
0  0.599555 -3.563615 2.426954  0.419868 -0.126484 -0.898728  0.942965 0.966261 0
syringe_lod1
0  -0.548005 -5.991943 2.705527  0.334040 -0.696894 0.634631  1.714726 0.745915 0
0  0.527135 -5.991771 2.716774  -0.327643 -0.735398 0.593161  1.714242 0.752553 0
0  1.291706 -5.991133 3.782690  0.000183 -1.000000 0.000288  1.700595 0.762097 0
syringe_lod1
0  1.405580 -4.327875 6.574709  0.800947 -0.100000 0.590325  0.593594 0.826294 0
0  1.371043 -6.262215 3.833153  0.216188 -0.950132 -0.224748  0.712261 0.742640 0
0  1.453904 -4.317503 3.764637  0.952297 -0.096333 -0.289570  0.712178 0.826723 0
syringe_lod1
0  0.880578 -2.879706 7.078033  0.352174 -0.050623 0.934564  0.292875 0.410994 0
0  0.888767 -3.715996 7.173743  0.639926 -0.047925 0.766941  0.256712 0.415392 0
0  0.902169 -3.563318 6.858002  0.812498 -0.091765 0.575697  0.263298 0.400425 0
syringe_lod1
0  1.295958 -6.261723 6.555464  0.378625 -0.883456 0.275952  0.590342 0.742640 0
0  1.405580 -4.327875 6.574709  0.800947 -0.100000 0.590325  0.593594 0.826294 0
0  0.904115 -4.327624 6.735701  0.375499 -0.340880 0.861859  0.579090 0.826292 0
syringe_lod1
0  -1.583696 -2.879706 6.628145  -0.863693 -0.081052 0.497457  1.661974 0.443933 0
0  -1.559804 -3.563613 3.725940  -0.947865 -0.123811 -0.293638  1.535611 0.473507 0
0  -1.483052 -3.563608 6.660247  -0.816854 -0.099172 0.568256  1.664755 0.473506 0
syringe_lod1
0  -0.548005 -5.991943 2.705527  0.334040 -0.696894 0.634631  1.971988 0.452885 0
0  -1.301590 -5.990888 3.842735  0.654289 -0.725687 0.212803  1.972276 0.394013 0
0  -1.377737 -6.262158 3.877148  -0.227440 -0.955474 -0.187993  1.960542 0.395178 0
syringe_lod1
0  -1.250522 -5.990927 6.535315  0.548389 -0.660529 -0.512806  1.972745 0.277490 0
0  1.295958 -6.261723 6.555464  0.378625 -0.883456 0.275952  1.960146 0.224478 0
0  -1.275196 -6.261844 6.599988  -0.409027 -0.866294 0.286759  1.961001 0.278390 0
syringe_lod1
0  -1.483052 -3.563608 6.660247  -0.816854 -0.099172 0.568256  1.664755 0.473506 0
0  -0.896766 -3.563365 6.862316  -0.780814 -0.029751 0.624055  1.694771 0.473506 0
0  -0.893117 -2.879706 6.976925  -0.544928 -0.077892 0.834857  1.693552 0.443932 0
syringe_lod1
0  0.610496 -4.317600 2.566264  0.482969 -0.105245 -0.869289  1.800537 0.826720 0
0  -0.598943 -6.263100 2.664224  -0.057580 -0.930926 -0.360640  1.773733 0.742640 0
0  -0.560710 -4.317612 2.525801  -0.445098 -0.096814 -0.890233  1.773187 0.826727 0
syringe_lod1
0  -1.455582 -4.317489 3.776448  -0.952901 -0.098202 -0.286943  1.713133 0.826723 0
0  -0.598943 -6.263100 2.664224  -0.057580 -0.930926 -0.360640  1.773733 0.742640 0
0  -1.377737 -6.262158 3.877148  -0.227440 -0.955474 -0.187993  1.711361 0.742640 0
syringe_lod1
0  -0.887522 -3.715957 7.102502  -0.671111 -0.054732 0.739334  1.881339 0.427069 0
0  0.888767 -3.715996 7.173743  0.639926 -0.047925 0.766941  1.842816 0.427069 0
0  0.880578 -2.879706 7.078033  0.352174 -0.050623 0.934564  1.842816 0.463230 0
syringe_lod1
0  -1.275196 -6.261844 6.599988  -0.409027 -0.866294 0.286759  1.588798 0.742640 0
0  0.904115 -4.327624 6.735701  0.375499 -0.340880 0.861859  1.532380 0.826299 0
0  -1.388165 -4.327851 6.609301  -0.796639 -0.193889 0.572514  1.598908 0.826297 0
syringe_lod1
0  -0.705321 -2.879703 2.405884  -0.469921 -0.108469 -0.876019  1.467019 0.443934 0
0  -0.663421 -3.563615 2.481254  -0.481711 -0.122241 -0.867762  1.467047 0.473508 0
0  -1.559804 -3.563613 3.725940  -0.947865 -0.123811 -0.293638  1.535611 0.473507 0
syringe_lod1
0  -1.483052 -3.563608 6.660247  -0.816854 -0.099172 0.568256  1.753150 0.966291 0
0  -1.455582 -4.317489 3.776448  -0.952901 -0.098202 -0.286943  1.878428 0.933668 0
0  -1.388165 -4.327851 6.609301  -0.796639 -0.193889 0.572514  1.755013 0.933253 0
syringe_lod1
0  0.599555 -3.563615 2.426954  0.419868 -0.126484 -0.898728  1.436561 0.473506 0
0  -0.663421 -3.563615 2.481254  -0.481711 -0.122241 -0.867762  1.467047 0.473508 0
0  -0.705321 -2.879703 2.405884  -0.469921 -0.108469 -0.876019  1.467019 0.443934 0
syringe_lod1
0  -1.301590 -5.990888 3.842735  0.654289 -0.725687 0.212803  1.972276 0.394013 0
0  -1.250522 -5.990927 6.535315  0.548389 -0.660529 -0.512806  1.972745 0.277490 0
0  -1.275196 -6.261844 6.599988  -0.409027 -0.866294 0.286759  1.961001 0.278390 0
syringe_lod1
0  -1.388165 -4.327851 6.609301  -0.796639 -0.193889 0.572514  1.598908 0.826297 0
0  -1.377737 -6.262158 3.877148  -0.227440 -0.955474 -0.187993  1.711361 0.742640 0
0  -1.275196 -6.261844 6.599988  -0.409027 -0.866294 0.286759  1.588798 0.742640 0
syringe_lod1
0  -0.663421 -3.563615 2.481254  -0.481711 -0.122241 -0.867762  1.943807 0.966261 0
0  -0.560710 -4.317612 2.525801  -0.445098 -0.096814 -0.890233  1.945112 0.933657 0
0  -1.455582 -4.317489 3.776448  -0.952901 -0.098202 -0.286943  1.878428 0.933668 0
syringe_lod1
0  -0.548005 -5.991943 2.705527  0.334040 -0.696894 0.634631  1.714087 0.752579 0
0  -1.250522 -5.990927 6.535315  0.548389 -0.660529 -0.512806  1.666140 0.761324 0
0  -1.301590 -5.990888 3.842735  0.654289 -0.725687 0.212803  1.699971 0.762461 0
syringe_lod1
0  1.598893 3.648963 6.027454  0.682571 0.520401 0.513107  0.774373 0.339412 0
0  1.873600 2.147592 5.122929  0.999741 -0.015603 0.016550  0.834693 0.381350 0
0  1.836945 3.648963 5.106823  0.763478 0.638483 0.097167  0.774373 0.381350 0
syringe_lod1
0  0.881382 -3.132488 2.155242  0.499416 -0.059548 0.864314  0.101681 0.562443 0
0  1.018969 -3.132501 1.417096  0.826632 -0.103032 -0.553230  0.101681 0.527713 0
0  1.115894 -2.843457 1.955748  0.906721 -0.200006 0.371289  0.114180 0.551085 0
syringe_lod1
0  1.018969 -3.132501 1.417096  0.826632 -0.103032 -0.553230  0.101681 0.527713 0
0  0.343158 -3.132506 1.349941  -0.579671 -0.108259 -0.807627  0.101681 0.505644 0
0  0.881711 -2.843457 1.253044  0.389579 -0.124593 -0.912527  0.114180 0.518358 0
syringe_lod1
0  0.343158 -3.132506 1.349941  -0.579671 -0.108259 -0.807627  0.101681 0.625906 0
0  0.271658 -3.132507 2.038051  -0.808622 -0.067292 0.584467  0.101681 0.593110 0
0  0.179006 -2.843458 1.487226  -0.911664 -0.121066 -0.392699  0.114180 0.616539 0
syringe_lod1
0  0.343158 -3.132506 1.349941  -0.579671 -0.108259 -0.807627  0.607102 0.834172 0
0  1.018969 -3.132501 1.417096  0.826632 -0.103032 -0.553230  0.607102 0.853562 0
0  0.895017 -3.549047 1.336096  0.424575 -0.612986 -0.666322  0.589090 0.846188 0
syringe_lod1
0  0.271658 -3.132507 2.038051  -0.808622 -0.067292 0.584467  0.607102 0.911920 0
0  0.343158 -3.132506 1.349941  -0.579671 -0.108259 -0.807627  0.607102 0.934927 0
0  0.235198 -3.549053 1.585369  -0.735382 -0.619681 -0.274242  0.589090 0.923399 0
syringe_lod1
0  0.936469 -3.549055 2.045229  0.594297 -0.626897 0.503797  0.589090 0.877843 0
0  0.895017 -3.549047 1.336096  0.424575 -0.612986 -0.666322  0.589090 0.846188 0
0  1.018969 -3.132501 1.417096  0.826632 -0.103032 -0.553230  0.607102 0.853562 0
syringe_lod1
0  0.881382 -3.132488 2.155242  0.499416 -0.059548 0.864314  0.607103 0.884854 0
0  0.271658 -3.132507 2.038051  -0.808622 -0.067292 0.584467  0.607102 0.911920 0
0  0.412519 -3.549059 2.063417  -0.392909 -0.667247 0.632774  0.589090 0.901044 0
syringe_lod1
0  0.412519 -3.549059 2.063417  -0.392909 -0.667247 0.632774  0.489019 0.419574 0
0  0.235198 -3.549053 1.585369  -0.735382 -0.619681 -0.274242  0.470884 0.427652 0
0  0.936469 -3.549055 2.045229  0.594297 -0.626897 0.503797  0.484116 0.399715 0
syringe_lod1
0  0.412519 -3.549059 2.063417  -0.392909 -0.667247 0.632774  0.589090 0.901044 0
0  0.936469 -3.549055 2.045229  0.594297 -0.626897 0.503797  0.589090 0.877843 0
0  0.881382 -3.132488 2.155242  0.499416 -0.059548 0.864314  0.607103 0.884854 0
syringe_lod1
0  -0.951815 -3.132508 2.092998  -0.622555 -0.072898 0.779173  1.101681 0.560692 0
0  -0.413186 -2.843458 2.189932  0.461993 -0.096747 0.881591  1.114180 0.583812 0
0  -1.115893 -2.843458 1.955750  -0.911686 -0.121038 0.392657  1.114180 0.551085 0
syringe_lod1
0  -1.023158 -3.132502 1.404888  -0.855320 -0.059208 -0.514705  1.101681 0.527651 0
0  -1.115893 -2.843458 1.955750  -0.911686 -0.121038 0.392657  1.114180 0.551085 0
0  -0.881711 -2.843458 1.253045  -0.416668 0.037793 -0.908273  1.114180 0.518358 0
syringe_lod1
0  -0.197909 -3.132511 1.552299  0.933821 -0.157006 -0.321444  1.101681 0.615086 0
0  -0.179006 -2.843457 1.487226  0.898251 -0.055901 -0.435914  1.114180 0.616539 0
0  -0.413186 -2.843458 2.189932  0.461993 -0.096747 0.881591  1.114180 0.583812 0
syringe_lod1
0  -0.638818 -3.132503 1.272529  0.207301 -0.150908 -0.966568  1.101681 0.636551 0
0  -0.881711 -2.843458 1.253045  -0.416668 0.037793 -0.908273  1.114180 0.636551 0
0  -0.179006 -2.843457 1.487226  0.898251 -0.055901 -0.435914  1.114180 0.616539 0
syringe_lod1
0  -0.389849 -3.132509 2.102229  0.627629 -0.125084 0.768398  1.607103 0.902860 0
0  -0.511532 -3.549061 2.133779  0.275203 -0.633090 0.723505  1.589090 0.896272 0
0  -0.235075 -3.549065 1.585744  0.719757 -0.626770 -0.298511  1.589090 0.923383 0
syringe_lod1
0  -1.023158 -3.132502 1.404888  -0.855320 -0.059208 -0.514705  1.607102 0.857678 0
0  -0.894643 -3.549085 1.335898  -0.366413 -0.656281 -0.659573  1.589090 0.846481 0
0  -0.989377 -3.549058 1.956416  -0.670786 -0.645113 0.365890  1.589090 0.873925 0
syringe_lod1
0  -0.197909 -3.132511 1.552299  0.933821 -0.157006 -0.321444  1.607102 0.926186 0
0  -0.235075 -3.549065 1.585744  0.719757 -0.626770 -0.298511  1.589090 0.923383 0
0  -0.894643 -3.549085 1.335898  -0.366413 -0.656281 -0.659573  1.589090 0.942613 0
syringe_lod1
0  -0.894643 -3.549085 1.335898  -0.366413 -0.656281 -0.659573  1.589090 0.846481 0
0  -1.023158 -3.132502 1.404888  -0.855320 -0.059208 -0.514705  1.607102 0.857678 0
0  -0.638818 -3.132503 1.272529  0.207301 -0.150908 -0.966568  1.607102 0.839583 0
syringe_lod1
0  -0.511532 -3.549061 2.133779  0.275203 -0.633090 0.723505  1.489701 0.414984 0
0  -0.989377 -3.549058 1.956416  -0.670786 -0.645113 0.365890  1.481619 0.396858 0
0  -0.235075 -3.549065 1.585744  0.719757 -0.626770 -0.298511  1.470900 0.427657 0
syringe_lod1
0  -0.511532 -3.549061 2.133779  0.275203 -0.633090 0.723505  1.589090 0.896272 0
0  -0.389849 -3.132509 2.102229  0.627629 -0.125084 0.768398  1.607103 0.902860 0
0  -0.951815 -3.132508 2.092998  -0.622555 -0.072898 0.779173  1.607103 0.876183 0
syringe_lod1
0  -1.836945 3.648963 5.106823  -0.755013 0.652253 -0.067248  0.774373 0.129721 0
0  -1.427458 2.147592 3.832627  -0.707760 0.029162 -0.705851  0.834693 0.071007 0
0  -1.873600 2.147592 5.122929  -0.999874 -0.011596 0.010803  0.834693 0.129721 0
syringe_lod1
0  0.018713 3.653798 6.958138  -0.005674 0.466744 0.884374  0.774373 0.255535 0
0  1.290299 2.147592 6.550390  0.685848 0.007741 0.727703  0.834693 0.314249 0
0  0.934285 3.640087 6.708095  0.523540 0.580312 0.623814  0.774373 0.297473 0
syringe_lod1
0  1.427457 2.147592 3.832627  0.707709 0.028844 -0.705915  0.834693 0.440063 0
0  0.904524 3.648963 3.524035  0.512443 0.513433 -0.688323  0.774373 0.465226 0
0  1.582787 3.648963 4.190508  0.608863 0.666260 -0.430561  0.774373 0.423288 0
syringe_lod1
0  1.290299 2.147592 6.550390  0.685848 0.007741 0.727703  0.834693 0.314249 0
0  1.598893 3.648963 6.027454  0.682571 0.520401 0.513107  0.774373 0.339412 0
0  0.934285 3.640087 6.708095  0.523540 0.580312 0.623814  0.774373 0.297473 0
syringe_lod1
0  -1.616243 3.707129 5.122929  -0.254640 0.967024 0.004866  0.365564 0.985192 0
0  -1.399706 3.707129 4.314807  -0.207354 0.971504 -0.114820  0.326002 0.985192 0
0  -1.579980 3.653798 4.189118  -0.673210 0.670233 -0.312372  0.326002 0.975884 0
syringe_lod1
0  0.904524 3.648963 3.524035  0.512443 0.513433 -0.688323  0.682063 0.975668 0
0  0.808122 3.707129 3.723221  0.166713 0.965262 -0.201189  0.682063 0.985192 0
0  1.399706 3.707129 4.314807  0.222774 0.966767 -0.125436  0.642501 0.985192 0
syringe_lod1
0  -1.836945 3.648963 5.106823  -0.755013 0.652253 -0.067248  0.365564 0.975668 0
0  -1.598893 3.648963 6.027453  -0.801644 0.479896 0.356465  0.405126 0.975668 0
0  -1.399707 3.707129 5.931051  -0.220017 0.966767 0.130210  0.405126 0.985192 0
syringe_lod1
0  1.399706 3.707129 5.931051  0.220017 0.966767 0.130211  0.563376 0.985192 0
0  1.598893 3.648963 6.027454  0.682571 0.520401 0.513107  0.563376 0.975668 0
0  1.836945 3.648963 5.106823  0.763478 0.638483 0.097167  0.602938 0.975668 0
syringe_lod1
0  0.018713 3.653798 6.958138  -0.005674 0.466744 0.884374  0.484251 0.975884 0
0  0.934285 3.640087 6.708095  0.523540 0.580312 0.623814  0.523813 0.975275 0
0  0.808121 3.707129 6.522637  0.141835 0.959562 0.243152  0.523813 0.985192 0
syringe_lod1
0  -1.598893 3.648963 6.027453  -0.801644 0.479896 0.356465  0.405126 0.975668 0
0  -0.923081 3.634948 6.721754  -0.517367 0.446333 0.730149  0.444689 0.974950 0
0  -0.808122 3.707129 6.522638  -0.148495 0.956000 0.253008  0.444689 0.985192 0
syringe_lod1
0  -0.923081 3.634948 6.721754  -0.517367 0.446333 0.730149  0.774373 0.213597 0
0  -0.000000 2.147592 6.996529  -0.010587 -0.013435 0.999854  0.834693 0.255535 0
0  0.018713 3.653798 6.958138  -0.005674 0.466744 0.884374  0.774373 0.255535 0
syringe_lod1
0  -0.808122 3.707129 3.723221  -0.163298 0.965486 -0.202904  0.286439 0.985192 0
0  -0.901311 3.648627 3.522209  -0.307765 0.662304 -0.683106  0.286439 0.975656 0
0  -1.579980 3.653798 4.189118  -0.673210 0.670233 -0.312372  0.326002 0.975884 0
syringe_lod1
0  -1.873600 2.147592 5.122929  -0.999874 -0.011596 0.010803  0.834693 0.129721 0
0  -1.598893 3.648963 6.027453  -0.801644 0.479896 0.356465  0.774373 0.171659 0
0  -1.836945 3.648963 5.106823  -0.755013 0.652253 -0.067248  0.774373 0.129721 0
syringe_lod1
0  -0.901311 3.648627 3.522209  -0.307765 0.662304 -0.683106  0.286439 0.975656 0
0  -0.808122 3.707129 3.723221  -0.163298 0.965486 -0.202904  0.286439 0.985192 0
0  0.000000 3.774301 3.490231  0.026183 0.077618 -0.996639  0.246877 0.985207 0
syringe_lod1
0  0.018713 3.653798 6.958138  -0.005674 0.466744 0.884374  0.484251 0.975884 0
0  0.000000 3.707129 6.739172  -0.004240 0.971504 0.236985  0.484251 0.985192 0
0  -0.808122 3.707129 6.522638  -0.148495 0.956000 0.253008  0.444689 0.985192 0
syringe_lod1
0  0.808122 3.707129 3.723221  0.166713 0.965262 -0.201189  0.682063 0.985192 0
0  0.904524 3.648963 3.524035  0.512443 0.513433 -0.688323  0.682063 0.975668 0
0  0.000000 3.774301 3.490231  0.026183 0.077618 -0.996639  0.721625 0.985207 0
syringe_lod1
0  1.582787 3.648963 4.190508  0.608863 0.666260 -0.430561  0.642501 0.975668 0
0  1.399706 3.707129 4.314807  0.222774 0.966767 -0.125436  0.642501 0.985192 0
0  1.616243 3.707129 5.122929  0.255644 0.966767 0.002757  0.602938 0.985192 0
syringe_lod1
0  -0.901311 3.648627 3.522209  -0.307765 0.662304 -0.683106  0.774373 0.045844 0
0  0.000000 2.147592 3.249328  0.000202 0.022626 -0.999744  0.834693 0.003906 0
0  -1.427458 2.147592 3.832627  -0.707760 0.029162 -0.705851  0.834693 0.071007 0
syringe_lod1
0  0.904524 3.648963 3.524035  0.512443 0.513433 -0.688323  0.774373 0.465226 0
0  0.000000 2.147592 3.249328  0.000202 0.022626 -0.999744  0.834693 0.507164 0
0  0.000000 3.774301 3.490231  0.026183 0.077618 -0.996639  0.774373 0.507164 0
syringe_lod1
0  1.598893 3.648963 6.027454  0.682571 0.520401 0.513107  0.563376 0.975668 0
0  1.399706 3.707129 5.931051  0.220017 0.966767 0.130211  0.563376 0.985192 0
0  0.808121 3.707129 6.522637  0.141835 0.959562 0.243152  0.523813 0.985192 0
syringe_lod1
0  1.836945 3.648963 5.106823  0.763478 0.638483 0.097167  0.774373 0.381350 0
0  1.427457 2.147592 3.832627  0.707709 0.028844 -0.705915  0.834693 0.440063 0
0  1.582787 3.648963 4.190508  0.608863 0.666260 -0.430561  0.774373 0.423288 0
syringe_lod1
0  -0.923081 3.634948 6.721754  -0.517367 0.446333 0.730149  0.774373 0.213597 0
0  -1.598893 3.648963 6.027453  -0.801644 0.479896 0.356465  0.774373 0.171659 0
0  -1.345679 2.147592 6.468615  -0.707145 0.000485 0.707068  0.834693 0.192628 0
syringe_lod1
0  -1.720531 4.336825 3.822630  -0.565844 -0.307804 -0.764904  1.438503 0.742960 0
0  -0.812559 9.408718 3.186912  -0.420327 0.084850 -0.903397  1.486351 0.962433 0
0  -0.589355 4.310742 3.036658  -0.180587 -0.520238 -0.834710  1.497538 0.742960 0
syringe_lod1
0  1.710931 4.328779 3.810080  0.576028 -0.446154 -0.684937  0.439178 0.742960 0
0  0.777425 4.328929 3.118905  0.553779 -0.309006 -0.773204  0.488861 0.742960 0
0  1.273854 9.429230 3.462811  0.530146 0.488491 -0.693053  0.462979 0.962433 0
syringe_lod1
0  1.710931 4.328779 3.810080  0.576028 -0.446154 -0.684937  0.439178 0.742960 0
0  1.273854 9.429230 3.462811  0.530146 0.488491 -0.693053  0.462979 0.962433 0
0  1.951771 9.396959 4.332846  0.818486 0.405713 -0.406789  0.414633 0.962433 0
syringe_lod1
0  0.269360 9.385518 3.033632  0.014215 0.401309 -0.915832  0.510834 0.962433 0
0  1.273854 9.429230 3.462811  0.530146 0.488491 -0.693053  0.462979 0.962433 0
0  0.777425 4.328929 3.118905  0.553779 -0.309006 -0.773204  0.488861 0.742960 0
syringe_lod1
0  -0.197419 3.703773 3.392007  -0.195380 -0.339411 -0.920123  0.766228 0.317926 0
0  -0.589355 4.310742 3.036658  -0.180587 -0.520238 -0.834710  0.733797 0.328511 0
0  0.777425 4.328929 3.118905  0.553779 -0.309006 -0.773204  0.733797 0.298050 0
syringe_lod1
0  1.951771 9.396959 4.332846  0.818486 0.405713 -0.406789  0.414633 0.962433 0
0  2.075042 9.407338 5.396117  0.990047 0.140141 -0.012961  0.367772 0.962433 0
0  2.135910 4.336712 4.877139  0.984533 -0.143740 0.100172  0.390074 0.742960 0
syringe_lod1
0  -0.189562 10.548841 6.079141  -0.082285 0.957297 0.277150  0.988607 0.146009 0
0  0.672236 10.109529 6.668998  0.252481 0.713476 0.653610  0.967186 0.178037 0
0  1.491515 10.115259 5.947920  0.583017 0.740337 0.334652  0.933501 0.146118 0
syringe_lod1
0  -0.467479 3.187017 6.818929  -0.284594 0.072093 0.955934  0.985441 0.688232 0
0  1.149895 3.186826 6.490592  0.625728 0.051555 0.778336  0.985441 0.739340 0
0  0.641813 3.724019 6.696804  0.244218 -0.361768 0.899712  0.962101 0.716889 0
syringe_lod1
0  0.467474 3.187018 3.426927  0.256155 0.078572 -0.963437  0.985440 0.899181 0
0  -0.197419 3.703773 3.392007  -0.195380 -0.339411 -0.920123  0.962101 0.909284 0
0  1.027511 3.723775 3.769100  0.514269 -0.374951 -0.771323  0.962101 0.871009 0
syringe_lod1
0  1.675847 3.733294 4.693439  0.904937 -0.385853 -0.179461  0.766228 0.219935 0
0  2.135910 4.336712 4.877139  0.984533 -0.143740 0.100172  0.733797 0.208577 0
0  1.980657 4.311769 5.943343  0.884294 -0.085004 0.459128  0.733797 0.166819 0
syringe_lod1
0  -0.441073 3.699721 6.779058  -0.279821 -0.378568 0.882262  0.766228 0.069801 0
0  0.641813 3.724019 6.696804  0.244218 -0.361768 0.899712  0.766228 0.101688 0
0  0.325129 4.328590 7.248583  0.034722 -0.074175 0.996641  0.733797 0.082321 0
syringe_lod1
0  0.641813 3.724019 6.696804  0.244218 -0.361768 0.899712  0.766228 0.101688 0
0  1.336512 4.336712 6.807049  0.546272 -0.524227 0.653279  0.733797 0.125061 0
0  0.325129 4.328590 7.248583  0.034722 -0.074175 0.996641  0.733797 0.082321 0
syringe_lod1
0  0.641813 3.724019 6.696804  0.244218 -0.361768 0.899712  0.766228 0.101688 0
0  1.470449 3.732991 6.017169  0.773681 -0.410462 0.482637  0.766228 0.154245 0
0  1.336512 4.336712 6.807049  0.546272 -0.524227 0.653279  0.733797 0.125061 0
syringe_lod1
0  1.980657 4.311769 5.943343  0.884294 -0.085004 0.459128  0.733797 0.166819 0
0  1.336512 4.336712 6.807049  0.546272 -0.524227 0.653279  0.733797 0.125061 0
0  1.470449 3.732991 6.017169  0.773681 -0.410462 0.482637  0.766228 0.154245 0
syringe_lod1
0  1.149895 3.186826 6.490592  0.625728 0.051555 0.778336  0.985441 0.739340 0
0  1.751391 3.186225 5.122929  0.996030 0.068053 0.057385  0.985441 0.803624 0
0  1.470449 3.732991 6.017169  0.773681 -0.410462 0.482637  0.962101 0.763613 0
syringe_lod1
0  0.672236 10.109529 6.668998  0.252481 0.713476 0.653610  0.967186 0.178037 0
0  0.812568 9.408719 7.058942  0.495088 0.115151 0.861179  0.954791 0.209436 0
0  1.680064 9.418379 6.381277  0.866383 0.275345 0.416612  0.910933 0.175015 0
syringe_lod1
0  1.273854 9.429230 3.462811  0.530146 0.488491 -0.693053  0.931245 0.026830 0
0  0.269360 9.385518 3.033632  0.014215 0.401309 -0.915832  0.982556 0.006008 0
0  -0.216926 10.116734 3.391064  -0.083037 0.723954 -0.684832  0.986637 0.039349 0
syringe_lod1
0  1.510912 10.136833 4.254055  0.604698 0.694048 -0.390688  0.936714 0.077033 0
0  2.075042 9.407338 5.396117  0.990047 0.140141 -0.012961  0.890926 0.125199 0
0  1.951771 9.396959 4.332846  0.818486 0.405713 -0.406789  0.897498 0.071484 0
syringe_lod1
0  0.325129 4.328590 7.248583  0.034722 -0.074175 0.996641  0.250678 0.742960 0
0  0.812568 9.408719 7.058942  0.495088 0.115151 0.861179  0.272995 0.962433 0
0  -0.260644 9.409028 7.207267  0.031286 0.119709 0.992316  0.236854 0.962433 0
syringe_lod1
0  1.510912 10.136833 4.254055  0.604698 0.694048 -0.390688  0.936714 0.077033 0
0  1.951771 9.396959 4.332846  0.818486 0.405713 -0.406789  0.897498 0.071484 0
0  1.273854 9.429230 3.462811  0.530146 0.488491 -0.693053  0.931245 0.026830 0
syringe_lod1
0  0.991385 10.548159 4.929416  0.322621 0.946365 -0.017560  0.963435 0.104809 0
0  1.510912 10.136833 4.254055  0.604698 0.694048 -0.390688  0.936714 0.077033 0
0  -0.216926 10.116734 3.391064  -0.083037 0.723954 -0.684832  0.986637 0.039349 0
syringe_lod1
0  1.680064 9.418379 6.381277  0.866383 0.275345 0.416612  0.910933 0.175015 0
0  2.075042 9.407338 5.396117  0.990047 0.140141 -0.012961  0.890926 0.125199 0
0  1.491515 10.115259 5.947920  0.583017 0.740337 0.334652  0.933501 0.146118 0
syringe_lod1
0  -0.189562 10.548841 6.079141  -0.082285 0.957297 0.277150  0.988607 0.146009 0
0  -0.442051 10.098166 6.789168  -0.215208 0.674262 0.706439  0.996094 0.184626 0
0  0.672236 10.109529 6.668998  0.252481 0.713476 0.653610  0.967186 0.178037 0
syringe_lod1
0  1.402202 3.186905 4.102494  0.801615 0.055177 -0.595288  0.985441 0.849940 0
0  1.027511 3.723775 3.769100  0.514269 -0.374951 -0.771323  0.962101 0.871009 0
0  1.675847 3.733294 4.693439  0.904937 -0.385853 -0.179461  0.962101 0.822012 0
syringe_lod1
0  -0.442051 10.098166 6.789168  -0.215208 0.674262 0.706439  0.996094 0.184626 0
0  -0.260644 9.409028 7.207267  0.031286 0.119709 0.992316  0.996094 0.219047 0
0  0.812568 9.408719 7.058942  0.495088 0.115151 0.861179  0.954791 0.209436 0
syringe_lod1
0  -0.777389 4.328938 7.126974  -0.510439 -0.082132 0.855983  1.270484 0.742960 0
0  -0.260644 9.409028 7.207267  0.031286 0.119709 0.992316  1.248162 0.962433 0
0  -1.251759 9.397101 6.808074  -0.610301 0.077783 0.788342  1.294932 0.962433 0
syringe_lod1
0  -2.128623 4.320276 4.866778  -0.840463 -0.461268 -0.284347  1.733797 0.209011 0
0  -1.460953 3.722805 4.212803  -0.850549 -0.320031 -0.417309  1.766228 0.244973 0
0  -1.638453 3.732601 5.777311  -0.841534 -0.419494 0.340361  1.766228 0.167943 0
syringe_lod1
0  -0.589355 4.310742 3.036658  -0.180587 -0.520238 -0.834710  1.733797 0.305910 0
0  -0.197419 3.703773 3.392007  -0.195380 -0.339411 -0.920123  1.766228 0.313697 0
0  -1.460953 3.722805 4.212803  -0.850549 -0.320031 -0.417309  1.766228 0.244973 0
syringe_lod1
0  -0.216926 10.116734 3.391064  -0.083037 0.723954 -0.684832  1.982402 0.041303 0
0  -0.812559 9.408718 3.186912  -0.420327 0.084850 -0.903397  1.954997 0.013513 0
0  -1.859092 9.432687 4.091996  -0.799904 0.119947 -0.588018  1.904439 0.060360 0
syringe_lod1
0  -0.216926 10.116734 3.391064  -0.083037 0.723954 -0.684832  1.982402 0.041303 0
0  0.269360 9.385518 3.033632  0.014215 0.401309 -0.915832  1.996094 0.003906 0
0  -0.812559 9.408718 3.186912  -0.420327 0.084850 -0.903397  1.954997 0.013513 0
syringe_lod1
0  -1.460953 3.722805 4.212803  -0.850549 -0.320031 -0.417309  1.766228 0.244973 0
0  -2.128623 4.320276 4.866778  -0.840463 -0.461268 -0.284347  1.733797 0.209011 0
0  -1.720531 4.336825 3.822630  -0.565844 -0.307804 -0.764904  1.733797 0.252440 0
syringe_lod1
0  -2.128623 4.320276 4.866778  -0.840463 -0.461268 -0.284347  1.390553 0.742960 0
0  -2.033881 9.412130 5.741660  -0.981737 0.179188 0.063917  1.352899 0.962433 0
0  -1.859092 9.432687 4.091996  -0.799904 0.119947 -0.588018  1.425825 0.962433 0
syringe_lod1
0  -0.467479 3.187017 6.818929  -0.284594 0.072093 0.955934  1.985440 0.707898 0
0  -0.441073 3.699721 6.779058  -0.279821 -0.378568 0.882262  1.962101 0.707394 0
0  -1.638453 3.732601 5.777311  -0.841534 -0.419494 0.340361  1.962101 0.775791 0
syringe_lod1
0  -1.720531 4.336825 3.822630  -0.565844 -0.307804 -0.764904  1.438503 0.742960 0
0  -2.128623 4.320276 4.866778  -0.840463 -0.461268 -0.284347  1.390553 0.742960 0
0  -1.859092 9.432687 4.091996  -0.799904 0.119947 -0.588018  1.425825 0.962433 0
syringe_lod1
0  0.467474 3.187018 3.426927  0.256155 0.078572 -0.963437  1.985440 0.918847 0
0  -1.149896 3.186826 3.755265  -0.609275 0.134143 -0.781530  1.985440 0.867739 0
0  -0.197419 3.703773 3.392007  -0.195380 -0.339411 -0.920123  1.962101 0.905529 0
syringe_lod1
0  -1.149896 3.186826 3.755265  -0.609275 0.134143 -0.781530  1.985440 0.867739 0
0  -1.751392 3.186225 5.122929  -0.989623 0.128623 -0.064056  1.985440 0.803624 0
0  -1.460953 3.722805 4.212803  -0.850549 -0.320031 -0.417309  1.962101 0.844271 0
syringe_lod1
0  -1.638453 3.732601 5.777311  -0.841534 -0.419494 0.340361  1.766228 0.167943 0
0  -1.884379 4.339801 6.238404  -0.721749 -0.127197 0.680367  1.733797 0.155264 0
0  -2.128623 4.320276 4.866778  -0.840463 -0.461268 -0.284347  1.733797 0.209011 0
syringe_lod1
0  -0.441073 3.699721 6.779058  -0.279821 -0.378568 0.882262  1.766228 0.091132 0
0  0.325129 4.328590 7.248583  0.034722 -0.074175 0.996641  1.733797 0.069801 0
0  -0.777389 4.328938 7.126974  -0.510439 -0.082132 0.855983  1.733797 0.100260 0
syringe_lod1
0  -0.441073 3.699721 6.779058  -0.279821 -0.378568 0.882262  1.766228 0.091132 0
0  -0.777389 4.328938 7.126974  -0.510439 -0.082132 0.855983  1.733797 0.100260 0
0  -1.884379 4.339801 6.238404  -0.721749 -0.127197 0.680367  1.733797 0.155264 0
syringe_lod1
0  -0.442051 10.098166 6.789168  -0.215208 0.674262 0.706439  1.977709 0.180394 0
0  -1.609365 10.127209 5.747100  -0.656159 0.698464 0.285662  1.930605 0.136744 0
0  -1.251759 9.397101 6.808074  -0.610301 0.077783 0.788342  1.932488 0.196895 0
syringe_lod1
0  -1.884379 4.339801 6.238404  -0.721749 -0.127197 0.680367  1.331212 0.742960 0
0  -0.777389 4.328938 7.126974  -0.510439 -0.082132 0.855983  1.270484 0.742960 0
0  -1.251759 9.397101 6.808074  -0.610301 0.077783 0.788342  1.294932 0.962433 0
syringe_lod1
0  -1.474532 10.119901 4.290283  -0.643317 0.678555 -0.354552  1.933765 0.076168 0
0  -1.609365 10.127209 5.747100  -0.656159 0.698464 0.285662  1.930605 0.136744 0
0  -0.982577 10.510015 5.033805  -0.314042 0.949240 0.017915  1.957736 0.107982 0
syringe_lod1
0  -1.859092 9.432687 4.091996  -0.799904 0.119947 -0.588018  1.904439 0.060360 0
0  -2.033881 9.412130 5.741660  -0.981737 0.179188 0.063917  1.895915 0.141767 0
0  -1.609365 10.127209 5.747100  -0.656159 0.698464 0.285662  1.930605 0.136744 0
syringe_lod1
0  -0.777389 4.328938 7.126974  -0.510439 -0.082132 0.855983  1.270484 0.742960 0
0  0.325129 4.328590 7.248583  0.034722 -0.074175 0.996641  1.236855 0.742960 0
0  -0.260644 9.409028 7.207267  0.031286 0.119709 0.992316  1.248162 0.962433 0
syringe_lod1
0  -0.589355 4.310742 3.036658  -0.180587 -0.520238 -0.834710  1.497538 0.742960 0
0  -0.812559 9.408718 3.186912  -0.420327 0.084850 -0.903397  1.486351 0.962433 0
0  0.269360 9.385518 3.033632  0.014215 0.401309 -0.915832  1.522491 0.962433 0
syringe_lod1
0  -0.442051 10.098166 6.789168  -0.215208 0.674262 0.706439  1.977709 0.180394 0
0  -1.251759 9.397101 6.808074  -0.610301 0.077783 0.788342  1.932488 0.196895 0
0  -0.260644 9.409028 7.207267  0.031286 0.119709 0.992316  1.982926 0.216976 0
syringe_lod1
0  -1.884379 4.339801 6.238404  -0.721749 -0.127197 0.680367  1.331212 0.742960 0
0  -1.251759 9.397101 6.808074  -0.610301 0.077783 0.788342  1.294932 0.962433 0
0  -2.033881 9.412130 5.741660  -0.981737 0.179188 0.063917  1.352899 0.962433 0
syringe_lod1
0  2.493445 -1.790115 4.700308  0.679701 -0.491814 -0.544174  0.439693 0.328965 0
0  2.293199 -1.844410 4.673351  0.278476 -0.701164 -0.656369  0.439693 0.337545 0
0  2.296218 0.141433 4.667069  0.319644 0.674921 -0.665063  0.362719 0.337545 0
syringe_lod1
0  2.298503 0.145566 5.325434  0.352186 0.680854 0.642186  0.335002 0.337545 0
0  2.493305 0.078539 5.284584  0.713400 0.464866 0.524366  0.335085 0.328965 0
0  2.493507 0.089619 4.710629  0.699792 0.497716 -0.512416  0.362164 0.328965 0
syringe_lod1
0  2.493305 0.078539 5.284584  0.713400 0.464866 0.524366  0.694047 0.374594 0
0  2.493280 -1.779116 5.294513  0.692746 -0.461308 0.554344  0.693819 0.295938 0
0  2.493445 -1.790115 4.700308  0.679701 -0.491814 -0.544174  0.717534 0.295745 0
syringe_lod1
0  2.493445 -1.790115 4.700308  0.679701 -0.491814 -0.544174  0.717534 0.295745 0
0  2.493507 0.089619 4.710629  0.699792 0.497716 -0.512416  0.717312 0.374821 0
0  2.493305 0.078539 5.284584  0.713400 0.464866 0.524366  0.694047 0.374594 0
syringe_lod1
0  2.295468 -1.848057 5.320055  0.315621 -0.704760 0.635371  0.252359 0.337545 0
0  2.293199 -1.844410 4.673351  0.278476 -0.701164 -0.656369  0.224683 0.337545 0
0  2.493445 -1.790115 4.700308  0.679701 -0.491814 -0.544174  0.224727 0.328965 0
syringe_lod1
0  2.298503 0.145566 5.325434  0.352186 0.680854 0.642186  0.335002 0.337545 0
0  2.295468 -1.848057 5.320055  0.315621 -0.704760 0.635371  0.252359 0.337545 0
0  2.493280 -1.779116 5.294513  0.692746 -0.461308 0.554344  0.252701 0.328965 0
syringe_lod1
0  1.961814 -8.021327 5.923627  -0.465844 -0.884214 0.033984  0.530913 0.959821 0
0  1.933857 -7.967026 6.773689  -0.105838 -0.994188 -0.019713  0.530913 0.920635 0
0  1.843410 -7.692022 6.711506  -0.591757 0.606832 -0.530640  0.543551 0.919547 0
syringe_lod1
0  2.134453 -7.850324 7.041305  0.603500 -0.295611 0.740541  0.568644 0.919024 0
0  2.362296 -7.919677 5.915957  0.680854 -0.651067 0.335484  0.568644 0.959821 0
0  2.274254 -7.534631 5.919336  0.342983 0.905013 0.251622  0.556006 0.959821 0
syringe_lod1
0  0.645410 -3.407604 1.881120  -0.148819 0.072754 0.986184  0.897182 0.478928 0
0  0.539309 -6.378950 1.858164  -0.796100 -0.487048 0.359179  0.889259 0.355865 0
0  0.792361 -6.204462 1.954340  0.143107 0.144711 0.979070  0.901702 0.354822 0
syringe_lod1
0  0.819081 -3.407455 1.621074  0.930725 0.024666 -0.364886  0.914192 0.478928 0
0  0.885170 -6.185848 1.676567  0.621762 0.460286 -0.633679  0.914192 0.353963 0
0  0.669242 -6.398658 1.586081  -0.432943 -0.466683 -0.771212  0.926633 0.353558 0
syringe_lod1
0  0.645410 -3.407604 1.881120  -0.148819 0.072754 0.986184  0.897182 0.478928 0
0  0.792361 -6.204462 1.954340  0.143107 0.144711 0.979070  0.901702 0.354822 0
0  0.885170 -6.185848 1.676567  0.621762 0.460286 -0.633679  0.914192 0.353963 0
syringe_lod1
0  2.404364 -7.812273 3.109704  0.984700 -0.157229 -0.075134  0.944290 0.833707 0
0  3.049346 -7.733408 3.653933  0.825272 0.069698 -0.560419  0.916147 0.814786 0
0  3.049206 -7.813371 5.352260  0.963296 -0.129600 0.235086  0.916152 0.741396 0
syringe_lod1
0  2.071692 -8.065120 3.081783  -0.143881 -0.984872 -0.096570  0.926633 0.214217 0
0  1.819648 -7.734357 3.081668  -0.990978 0.099789 -0.089468  0.939123 0.214217 0
0  1.918496 -7.647606 2.327105  -0.983110 0.173786 0.057382  0.939123 0.248314 0
syringe_lod1
0  1.963551 -6.845378 1.639550  0.031234 -0.241450 -0.969911  0.926633 0.295581 0
0  0.669242 -6.398658 1.586081  -0.432943 -0.466683 -0.771212  0.926633 0.353558 0
0  0.885170 -6.185848 1.676567  0.621762 0.460286 -0.633679  0.914192 0.353963 0
syringe_lod1
0  1.846657 -6.832944 1.921151  -0.744917 -0.469590 0.473903  0.939123 0.297442 0
0  0.539309 -6.378950 1.858164  -0.796100 -0.487048 0.359179  0.939123 0.355865 0
0  0.669242 -6.398658 1.586081  -0.432943 -0.466683 -0.771212  0.926633 0.353558 0
syringe_lod1
0  2.032172 -7.887679 2.193215  -0.336034 -0.784913 -0.520570  0.926633 0.248674 0
0  1.963551 -6.845378 1.639550  0.031234 -0.241450 -0.969911  0.926633 0.295581 0
0  2.317358 -7.229516 1.832760  0.858943 -0.098665 -0.502476  0.914192 0.275238 0
syringe_lod1
0  2.194638 -7.512448 2.268162  0.540825 0.651696 0.531790  0.901702 0.254169 0
0  1.959930 -6.538383 2.013494  0.433115 0.516418 0.738731  0.901702 0.302249 0
0  1.846657 -6.832944 1.921151  -0.744917 -0.469590 0.473903  0.889259 0.297442 0
syringe_lod1
0  1.959930 -6.538383 2.013494  0.433115 0.516418 0.738731  0.901702 0.302249 0
0  1.919880 -6.445868 1.724322  0.508717 0.731360 -0.454225  0.914192 0.306355 0
0  0.885170 -6.185848 1.676567  0.621762 0.460286 -0.633679  0.914192 0.353963 0
syringe_lod1
0  1.846657 -6.832944 1.921151  -0.744917 -0.469590 0.473903  0.889259 0.297442 0
0  1.959930 -6.538383 2.013494  0.433115 0.516418 0.738731  0.901702 0.302249 0
0  0.792361 -6.204462 1.954340  0.143107 0.144711 0.979070  0.901702 0.354822 0
syringe_lod1
0  1.959930 -6.538383 2.013494  0.433115 0.516418 0.738731  0.901702 0.302249 0
0  2.317358 -7.229516 1.832760  0.858943 -0.098665 -0.502476  0.914192 0.275238 0
0  1.919880 -6.445868 1.724322  0.508717 0.731360 -0.454225  0.914192 0.306355 0
syringe_lod1
0  2.301799 -7.813705 2.301142  0.838239 -0.450793 -0.306824  0.914192 0.246297 0
0  2.404364 -7.812273 3.109704  0.984700 -0.157229 -0.075134  0.914192 0.214217 0
0  2.071692 -8.065120 3.081783  -0.143881 -0.984872 -0.096570  0.926633 0.214217 0
syringe_lod1
0  2.194638 -7.512448 2.268162  0.540825 0.651696 0.531790  0.901702 0.254169 0
0  2.146692 -7.459830 3.083592  0.104049 0.993877 -0.037175  0.901702 0.214217 0
0  2.404364 -7.812273 3.109704  0.984700 -0.157229 -0.075134  0.914192 0.214217 0
syringe_lod1
0  2.194638 -7.512448 2.268162  0.540825 0.651696 0.531790  0.901702 0.254169 0
0  1.918496 -7.647606 2.327105  -0.983110 0.173786 0.057382  0.889259 0.248314 0
0  1.819648 -7.734357 3.081668  -0.990978 0.099789 -0.089468  0.889259 0.214217 0
syringe_lod1
0  2.032172 -7.887679 2.193215  -0.336034 -0.784913 -0.520570  0.926633 0.248674 0
0  1.918496 -7.647606 2.327105  -0.983110 0.173786 0.057382  0.939123 0.248314 0
0  1.846657 -6.832944 1.921151  -0.744917 -0.469590 0.473903  0.939123 0.297442 0
syringe_lod1
0  1.845013 -7.682191 5.924308  -0.902235 0.431207 0.005698  0.543551 0.959821 0
0  1.843410 -7.692022 6.711506  -0.591757 0.606832 -0.530640  0.543551 0.919547 0
0  2.022631 -7.585806 6.960188  0.299549 0.813251 0.498893  0.556006 0.918103 0
syringe_lod1
0  1.845013 -7.682191 5.924308  -0.902235 0.431207 0.005698  0.056216 0.401784 0
0  2.274254 -7.534631 5.919336  0.342983 0.905013 0.251622  0.056945 0.377981 0
0  2.146692 -7.459830 3.083592  0.104049 0.993877 -0.037175  0.178645 0.384915 0
syringe_lod1
0  2.274254 -7.534631 5.919336  0.342983 0.905013 0.251622  0.056945 0.377981 0
0  2.404364 -7.812273 3.109704  0.984700 -0.157229 -0.075134  0.177677 0.371017 0
0  2.146692 -7.459830 3.083592  0.104049 0.993877 -0.037175  0.178645 0.384915 0
syringe_lod1
0  3.049346 -7.733408 3.653933  0.825272 0.069698 -0.560419  0.398377 0.192037 0
0  2.404364 -7.812273 3.109704  0.984700 -0.157229 -0.075134  0.379362 0.163899 0
0  2.274254 -7.534631 5.919336  0.342983 0.905013 0.251622  0.490689 0.163899 0
syringe_lod1
0  1.961814 -8.021327 5.923627  -0.465844 -0.884214 0.033984  0.056268 0.337472 0
0  1.819648 -7.734357 3.081668  -0.990978 0.099789 -0.089468  0.178720 0.322338 0
0  2.071692 -8.065120 3.081783  -0.143881 -0.984872 -0.096570  0.178684 0.343630 0
syringe_lod1
0  2.362296 -7.919677 5.915957  0.680854 -0.651067 0.335484  0.057328 0.358888 0
0  2.071692 -8.065120 3.081783  -0.143881 -0.984872 -0.096570  0.178684 0.343630 0
0  2.404364 -7.812273 3.109704  0.984700 -0.157229 -0.075134  0.177815 0.360774 0
syringe_lod1
0  0.547035 -3.407455 1.549857  -0.710609 0.026002 -0.703107  0.926633 0.478928 0
0  0.669242 -6.398658 1.586081  -0.432943 -0.466683 -0.771212  0.926633 0.353558 0
0  0.539309 -6.378950 1.858164  -0.796100 -0.487048 0.359179  0.939123 0.355865 0
syringe_lod1
0  1.933857 -7.967026 6.773689  -0.105838 -0.994188 -0.019713  0.581099 0.920635 0
0  1.961814 -8.021327 5.923627  -0.465844 -0.884214 0.033984  0.581099 0.959821 0
0  2.362296 -7.919677 5.915957  0.680854 -0.651067 0.335484  0.568644 0.959821 0
syringe_lod1
0  -1.961743 -8.021431 5.924869  0.466329 -0.883895 0.035588  1.530913 0.959821 0
0  -1.845056 -7.682073 5.923868  0.901931 0.431693 0.012736  1.543551 0.959821 0
0  -1.851218 -7.692116 6.694757  0.612316 0.574186 -0.543489  1.543551 0.920669 0
syringe_lod1
0  -2.274292 -7.534602 5.919302  -0.340982 0.906364 0.249472  1.556006 0.959821 0
0  -2.362343 -7.919656 5.916019  -0.680821 -0.652584 0.332590  1.568644 0.959821 0
0  -2.155613 -7.843091 6.996919  -0.619483 -0.258652 0.741174  1.568644 0.920427 0
syringe_lod1
0  -0.789972 -6.202654 1.953612  -0.121145 0.146659 0.981741  1.901702 0.354963 0
0  -0.539306 -6.378920 1.858128  0.798590 -0.480475 0.362488  1.889259 0.355867 0
0  -0.482436 -3.407954 1.722186  0.990148 0.039704 -0.134278  1.889259 0.478928 0
syringe_lod1
0  -3.049355 -7.813387 5.351950  -0.963359 -0.129671 0.234788  1.187252 0.124253 0
0  -2.362343 -7.919656 5.916019  -0.680821 -0.652584 0.332590  1.190684 0.090258 0
0  -2.274292 -7.534602 5.919302  -0.340982 0.906364 0.249472  1.180390 0.090411 0
syringe_lod1
0  -0.819081 -3.407455 1.621074  -0.693588 0.052346 -0.718468  1.914192 0.478928 0
0  -0.482436 -3.407954 1.722186  0.990148 0.039704 -0.134278  1.934764 0.478928 0
0  -0.670217 -6.398861 1.583371  0.434114 -0.463673 -0.772368  1.926633 0.353540 0
syringe_lod1
0  -0.885199 -6.185560 1.674384  -0.616202 0.451920 -0.645030  1.914192 0.353983 0
0  -0.789972 -6.202654 1.953612  -0.121145 0.146659 0.981741  1.901702 0.354963 0
0  -0.747863 -3.407455 1.893120  -0.357864 0.031777 0.933233  1.901702 0.478928 0
syringe_lod1
0  -2.404335 -7.811879 3.108788  -0.984414 -0.165316 -0.059994  1.944290 0.833707 0
0  -2.362343 -7.919656 5.916019  -0.680821 -0.652584 0.332590  1.944290 0.722382 0
0  -3.049355 -7.813387 5.351950  -0.963359 -0.129671 0.234788  1.916152 0.741396 0
syringe_lod1
0  -1.918496 -7.647606 2.327104  0.986915 0.159415 0.024196  1.939123 0.248314 0
0  -1.819655 -7.734335 3.081667  0.992043 0.095438 -0.082115  1.939123 0.214217 0
0  -2.071682 -8.065122 3.081782  0.143621 -0.984913 -0.096540  1.926633 0.214217 0
syringe_lod1
0  -0.885199 -6.185560 1.674384  -0.616202 0.451920 -0.645030  1.914192 0.353983 0
0  -0.670217 -6.398861 1.583371  0.434114 -0.463673 -0.772368  1.926633 0.353540 0
0  -1.963239 -6.844900 1.639450  -0.031917 -0.241799 -0.969801  1.926633 0.295609 0
syringe_lod1
0  -1.846626 -6.832992 1.920407  0.782671 -0.515935 0.348191  1.939123 0.297437 0
0  -1.963239 -6.844900 1.639450  -0.031917 -0.241799 -0.969801  1.926633 0.295609 0
0  -0.670217 -6.398861 1.583371  0.434114 -0.463673 -0.772368  1.926633 0.353540 0
syringe_lod1
0  -2.032179 -7.887739 2.193266  0.335912 -0.785018 -0.520490  1.926633 0.248671 0
0  -2.301774 -7.813688 2.301203  -0.808836 -0.493301 -0.320059  1.914192 0.246295 0
0  -2.317405 -7.229577 1.832785  -0.868693 -0.032576 -0.494279  1.914192 0.275236 0
syringe_lod1
0  -2.223757 -7.458032 2.215392  -0.602765 0.597495 0.528842  1.901702 0.257502 0
0  -2.317405 -7.229577 1.832785  -0.868693 -0.032576 -0.494279  1.914192 0.275236 0
0  -2.301774 -7.813688 2.301203  -0.808836 -0.493301 -0.320059  1.914192 0.246295 0
syringe_lod1
0  -1.799523 -6.462844 1.999056  -0.311660 0.519507 0.795601  1.901702 0.308898 0
0  -0.789972 -6.202654 1.953612  -0.121145 0.146659 0.981741  1.901702 0.354963 0
0  -0.885199 -6.185560 1.674384  -0.616202 0.451920 -0.645030  1.914192 0.353983 0
syringe_lod1
0  -0.789972 -6.202654 1.953612  -0.121145 0.146659 0.981741  1.901702 0.354963 0
0  -1.799523 -6.462844 1.999056  -0.311660 0.519507 0.795601  1.901702 0.308898 0
0  -1.846626 -6.832992 1.920407  0.782671 -0.515935 0.348191  1.889259 0.297437 0
syringe_lod1
0  -1.851218 -7.692116 6.694757  0.612316 0.574186 -0.543489  1.543551 0.920669 0
0  1.843410 -7.692022 6.711506  -0.591757 0.606832 -0.530640  1.543551 0.834121 0
0  -1.908053 -7.966896 6.820211  0.094271 -0.993452 0.064540  1.530914 0.918144 0
syringe_lod1
0  -1.799523 -6.462844 1.999056  -0.311660 0.519507 0.795601  1.901702 0.308898 0
0  -2.223757 -7.458032 2.215392  -0.602765 0.597495 0.528842  1.901702 0.257502 0
0  -1.846626 -6.832992 1.920407  0.782671 -0.515935 0.348191  1.889259 0.297437 0
syringe_lod1
0  -1.919914 -6.445846 1.724229  -0.600410 0.694176 -0.397023  1.914192 0.306355 0
0  -2.317405 -7.229577 1.832785  -0.868693 -0.032576 -0.494279  1.914192 0.275236 0
0  -2.223757 -7.458032 2.215392  -0.602765 0.597495 0.528842  1.901702 0.257502 0
syringe_lod1
0  -2.155613 -7.843091 6.996919  -0.619483 -0.258652 0.741174  1.568644 0.920427 0
0  2.134453 -7.850324 7.041305  0.603500 -0.295611 0.740541  1.568644 0.834121 0
0  2.022631 -7.585806 6.960188  0.299549 0.813251 0.498893  1.556006 0.834121 0
syringe_lod1
0  -1.851218 -7.692116 6.694757  0.612316 0.574186 -0.543489  1.543551 0.920669 0
0  -2.058288 -7.586169 6.894592  -0.319217 0.830221 0.456983  1.556006 0.920638 0
0  2.022631 -7.585806 6.960188  0.299549 0.813251 0.498893  1.556006 0.834121 0
syringe_lod1
0  -2.071682 -8.065122 3.081782  0.143621 -0.984913 -0.096540  1.926633 0.214217 0
0  -2.404335 -7.811879 3.108788  -0.984414 -0.165316 -0.059994  1.914192 0.214217 0
0  -2.301774 -7.813688 2.301203  -0.808836 -0.493301 -0.320059  1.914192 0.246295 0
syringe_lod1
0  -2.223757 -7.458032 2.215392  -0.602765 0.597495 0.528842  1.901702 0.257502 0
0  -2.301774 -7.813688 2.301203  -0.808836 -0.493301 -0.320059  1.914192 0.246295 0
0  -2.404335 -7.811879 3.108788  -0.984414 -0.165316 -0.059994  1.914192 0.214217 0
syringe_lod1
0  -1.819655 -7.734335 3.081667  0.992043 0.095438 -0.082115  1.889259 0.214217 0
0  -1.918496 -7.647606 2.327104  0.986915 0.159415 0.024196  1.889259 0.248314 0
0  -2.223757 -7.458032 2.215392  -0.602765 0.597495 0.528842  1.901702 0.257502 0
syringe_lod1
0  -1.846626 -6.832992 1.920407  0.782671 -0.515935 0.348191  1.939123 0.297437 0
0  -1.918496 -7.647606 2.327104  0.986915 0.159415 0.024196  1.939123 0.248314 0
0  -2.032179 -7.887739 2.193266  0.335912 -0.785018 -0.520490  1.926633 0.248671 0
syringe_lod1
0  -1.845056 -7.682073 5.923868  0.901931 0.431693 0.012736  1.543551 0.959821 0
0  -2.274292 -7.534602 5.919302  -0.340982 0.906364 0.249472  1.556006 0.959821 0
0  -2.058288 -7.586169 6.894592  -0.319217 0.830221 0.456983  1.556006 0.920638 0
syringe_lod1
0  -2.146632 -7.459686 3.084768  -0.096944 0.995285 -0.002995  1.178645 0.384915 0
0  -2.274292 -7.534602 5.919302  -0.340982 0.906364 0.249472  1.056944 0.377984 0
0  -1.845056 -7.682073 5.923868  0.901931 0.431693 0.012736  1.056216 0.401784 0
syringe_lod1
0  -3.049155 -7.733472 3.654046  -0.825591 0.069272 -0.560001  1.398377 0.192037 0
0  -3.049355 -7.813387 5.351950  -0.963359 -0.129671 0.234788  1.471768 0.192042 0
0  -2.274292 -7.534602 5.919302  -0.340982 0.906364 0.249472  1.490689 0.163899 0
syringe_lod1
0  -2.404335 -7.811879 3.108788  -0.984414 -0.165316 -0.059994  1.177815 0.360774 0
0  -2.071682 -8.065122 3.081782  0.143621 -0.984913 -0.096540  1.178684 0.343630 0
0  -2.362343 -7.919656 5.916019  -0.680821 -0.652584 0.332590  1.057320 0.358889 0
syringe_lod1
0  -0.539306 -6.378920 1.858128  0.798590 -0.480475 0.362488  1.939123 0.355867 0
0  -0.670217 -6.398861 1.583371  0.434114 -0.463673 -0.772368  1.926633 0.353540 0
0  -0.482436 -3.407954 1.722186  0.990148 0.039704 -0.134278  1.934764 0.478928 0
syringe_lod1
0  -1.908053 -7.966896 6.820211  0.094271 -0.993452 0.064540  1.581099 0.918144 0
0  -2.155613 -7.843091 6.996919  -0.619483 -0.258652 0.741174  1.568644 0.920427 0
0  -2.362343 -7.919656 5.916019  -0.680821 -0.652584 0.332590  1.568644 0.959821 0
syringe_lod1
0  -1.939933 -3.163765 6.730494  0.121395 -0.986060 0.113794  0.980125 0.493118 0
0  -1.797183 -3.195970 7.159249  -0.172012 -0.978753 -0.111596  0.963325 0.503290 0
0  -2.181166 -3.197834 6.833748  0.189087 -0.954028 0.232543  0.973386 0.484979 0
syringe_lod1
0  -2.181166 -3.197834 6.833748  0.189087 -0.954028 0.232543  0.973386 0.484979 0
0  -2.021326 -3.132622 7.125588  -0.259969 -0.902265 0.343996  0.959698 0.493511 0
0  -2.171813 -3.167501 6.986014  0.048855 -0.980129 0.192253  0.965963 0.484559 0
syringe_lod1
0  1.886436 -3.158522 7.164425  0.057296 -0.997376 -0.044246  1.961258 0.500536 0
0  1.711076 -3.187696 7.001975  0.155652 -0.961361 -0.227061  1.970160 0.505760 0
0  2.204762 -3.194846 6.990545  -0.255713 -0.963432 0.080064  1.966025 0.484730 0
syringe_lod1
0  -1.708136 -3.190279 3.242522  -0.162680 -0.960444 0.226015  2.970157 0.505770 0
0  -2.083558 -3.158842 3.466118  0.151633 -0.988269 -0.018220  2.976572 0.487016 0
0  -2.202981 -3.193259 3.255357  0.259875 -0.965087 -0.032738  2.966021 0.484718 0
syringe_lod1
0  2.085811 -3.161442 3.468690  -0.037052 -0.986343 -0.160485  3.976557 0.486998 0
0  1.711076 -3.187696 3.243672  0.256521 -0.966142 -0.027688  3.970160 0.505760 0
0  1.883695 -3.165290 3.072687  0.098059 -0.971579 0.215450  3.961275 0.500580 0
syringe_lod1
0  1.711076 -3.187696 3.243672  0.256521 -0.966142 -0.027688  3.970160 0.505760 0
0  2.085811 -3.161442 3.468690  -0.037052 -0.986343 -0.160485  3.976557 0.486998 0
0  1.829949 -3.132407 3.423994  -0.170810 -0.904820 0.390031  3.978887 0.500147 0
syringe_lod1
0  -0.029408 -6.068943 4.770649  -0.095032 -0.026367 -0.995125  0.298736 0.225748 0
0  -0.629251 -5.960765 5.026745  -0.592660 -0.649733 -0.476026  0.291365 0.221420 0
0  0.437156 -5.960021 4.888769  0.533626 -0.507483 -0.676539  0.319076 0.221437 0
syringe_lod1
0  0.212246 -5.960854 2.878164  0.163217 -0.660752 -0.732644  0.085060 0.505644 0
0  0.281163 -6.235275 3.142556  0.312530 -0.772602 -0.552640  0.093835 0.505644 0
0  -0.405775 -6.237475 3.264152  -0.430134 -0.784022 -0.447543  0.093835 0.528550 0
syringe_lod1
0  -0.405775 -6.237475 3.264152  -0.430134 -0.784022 -0.447543  0.093835 0.528550 0
0  -0.516908 -6.244526 3.969923  -0.569987 -0.755573 0.322837  0.093835 0.566806 0
0  -0.792113 -5.960853 3.458032  -0.718178 -0.675485 -0.167150  0.085060 0.542698 0
syringe_lod1
0  0.791725 -5.960194 5.455649  0.751970 -0.638368 -0.164396  0.077213 0.536186 0
0  0.574154 -6.239061 5.558451  0.608137 -0.793641 -0.017426  0.068438 0.544055 0
0  0.285211 -6.235239 5.061806  0.348980 -0.804736 -0.480221  0.068438 0.513084 0
syringe_lod1
0  0.694099 -5.962015 5.996843  0.600928 -0.685955 0.410305  0.077213 0.559092 0
0  0.154774 -6.243870 6.139505  0.162594 -0.785793 0.596736  0.068438 0.581751 0
0  0.574154 -6.239061 5.558451  0.608137 -0.793641 -0.017426  0.068438 0.544055 0
syringe_lod1
0  -0.029408 -6.068943 4.770649  -0.095032 -0.026367 -0.995125  0.077213 0.680136 0
0  0.285211 -6.235239 5.061806  0.348980 -0.804736 -0.480221  0.068438 0.688895 0
0  -0.252116 -6.253067 5.055974  -0.457937 -0.651201 -0.605170  0.068438 0.673624 0
syringe_lod1
0  -0.022073 -5.960624 4.462477  -0.072983 -0.684755 0.725110  0.085060 0.597269 0
0  -0.574278 -5.960461 4.244555  -0.514805 -0.647358 0.562053  0.085060 0.573918 0
0  -0.516908 -6.244526 3.969923  -0.569987 -0.755573 0.322837  0.093835 0.566806 0
syringe_lod1
0  0.784478 -5.960461 3.460077  0.762075 -0.609650 -0.218101  0.085060 0.650273 0
0  0.577124 -6.247436 3.666526  0.627210 -0.778785 0.010061  0.093835 0.635051 0
0  0.281163 -6.235275 3.142556  0.312530 -0.772602 -0.552640  0.093835 0.674374 0
syringe_lod1
0  -0.029408 -6.068943 4.770649  -0.095032 -0.026367 -0.995125  0.077213 0.680136 0
0  -0.252116 -6.253067 5.055974  -0.457937 -0.651201 -0.605170  0.068438 0.673624 0
0  -0.558249 -6.244493 5.413843  -0.771821 -0.635398 -0.023712  0.068438 0.649808 0
syringe_lod1
0  -0.465256 -6.232285 5.887674  -0.467861 -0.812738 0.347221  0.068438 0.616816 0
0  0.154774 -6.243870 6.139505  0.162594 -0.785793 0.596736  0.068438 0.581751 0
0  -0.016145 -5.960653 6.378391  -0.073136 -0.622029 0.779571  0.077213 0.589871 0
syringe_lod1
0  0.694099 -5.962015 5.996843  0.600928 -0.685955 0.410305  0.077213 0.559092 0
0  -0.016145 -5.960653 6.378391  -0.073136 -0.622029 0.779571  0.077213 0.589871 0
0  0.154774 -6.243870 6.139505  0.162594 -0.785793 0.596736  0.068438 0.581751 0
syringe_lod1
0  -0.465256 -6.232285 5.887674  -0.467861 -0.812738 0.347221  0.131562 0.606113 0
0  -0.558249 -6.244493 5.413843  -0.771821 -0.635398 -0.023712  0.131562 0.622187 0
0  -0.186544 -6.276472 5.885477  -0.197873 -0.916594 0.347422  0.122214 0.601120 0
syringe_lod1
0  -0.252116 -6.253067 5.055974  -0.457937 -0.651201 -0.605170  0.131562 0.520714 0
0  0.285211 -6.235239 5.061806  0.348980 -0.804736 -0.480221  0.131562 0.540679 0
0  0.235584 -6.338357 5.328536  0.217085 -0.952296 -0.214493  0.122214 0.540808 0
syringe_lod1
0  -0.186544 -6.276472 5.885477  -0.197873 -0.916594 0.347422  0.122214 0.601120 0
0  0.154774 -6.243870 6.139505  0.162594 -0.785793 0.596736  0.131562 0.585856 0
0  -0.465256 -6.232285 5.887674  -0.467861 -0.812738 0.347221  0.131562 0.606113 0
syringe_lod1
0  -0.558249 -6.244493 5.413843  -0.771821 -0.635398 -0.023712  0.131562 0.622187 0
0  -0.190882 -6.342621 5.282483  -0.157422 -0.962375 -0.221477  0.122214 0.626206 0
0  -0.186544 -6.276472 5.885477  -0.197873 -0.916594 0.347422  0.122214 0.601120 0
syringe_lod1
0  -0.186544 -6.276472 5.885477  -0.197873 -0.916594 0.347422  0.365982 0.206873 0
0  -0.268498 -6.427534 5.717389  -0.789900 -0.574488 0.214527  0.359063 0.199861 0
0  0.276873 -6.348272 5.753438  0.289696 -0.932725 0.214712  0.385800 0.203296 0
syringe_lod1
0  -0.268498 -6.427534 5.717389  -0.789900 -0.574488 0.214527  0.359063 0.199861 0
0  -0.186544 -6.276472 5.885477  -0.197873 -0.916594 0.347422  0.365982 0.206873 0
0  -0.190882 -6.342621 5.282483  -0.157422 -0.962375 -0.221477  0.340322 0.203506 0
syringe_lod1
0  0.212246 -5.960854 2.878164  0.163217 -0.660752 -0.732644  0.085060 0.681259 0
0  0.784478 -5.960461 3.460077  0.762075 -0.609650 -0.218101  0.085060 0.650273 0
0  0.281163 -6.235275 3.142556  0.312530 -0.772602 -0.552640  0.093835 0.674374 0
syringe_lod1
0  -0.629251 -5.960765 5.026745  -0.592660 -0.649733 -0.476026  0.077213 0.650320 0
0  -0.558249 -6.244493 5.413843  -0.771821 -0.635398 -0.023712  0.068438 0.649808 0
0  -0.465256 -6.232285 5.887674  -0.467861 -0.812738 0.347221  0.068438 0.616816 0
syringe_lod1
0  0.239991 -6.250886 4.203032  0.217090 -0.796786 0.563919  0.907896 0.870735 0
0  -0.114431 -6.337984 3.995620  -0.095088 -0.924279 0.369685  0.898548 0.891385 0
0  0.341442 -6.339087 3.743945  0.257155 -0.965303 0.045401  0.898548 0.856629 0
syringe_lod1
0  0.579867 -5.960854 4.250144  0.577614 -0.632815 0.515662  0.085060 0.620176 0
0  0.239991 -6.250886 4.203032  0.217090 -0.796786 0.563919  0.093835 0.606711 0
0  0.577124 -6.247436 3.666526  0.627210 -0.778785 0.010061  0.093835 0.635051 0
syringe_lod1
0  -0.792113 -5.960853 3.458032  -0.718178 -0.675485 -0.167150  0.085060 0.542698 0
0  -0.393162 -5.960347 2.989300  -0.330941 -0.656870 -0.677495  0.085060 0.520915 0
0  -0.405775 -6.237475 3.264152  -0.430134 -0.784022 -0.447543  0.093835 0.528550 0
syringe_lod1
0  -0.516908 -6.244526 3.969923  -0.569987 -0.755573 0.322837  0.907896 0.900094 0
0  -0.324533 -6.353630 3.757276  -0.284963 -0.958368 0.018055  0.898548 0.910193 0
0  -0.114431 -6.337984 3.995620  -0.095088 -0.924279 0.369685  0.898548 0.891385 0
syringe_lod1
0  0.577124 -6.247436 3.666526  0.627210 -0.778785 0.010061  0.907896 0.845892 0
0  0.341442 -6.339087 3.743945  0.257155 -0.965303 0.045401  0.898548 0.856629 0
0  -0.049964 -6.356238 3.336694  -0.036752 -0.944573 -0.326239  0.898548 0.819541 0
syringe_lod1
0  -0.405775 -6.237475 3.264152  -0.430134 -0.784022 -0.447543  0.907896 0.804701 0
0  0.281163 -6.235275 3.142556  0.312530 -0.772602 -0.552640  0.907896 0.826483 0
0  -0.049964 -6.356238 3.336694  -0.036752 -0.944573 -0.326239  0.898548 0.819541 0
syringe_lod1
0  0.574154 -6.239061 5.558451  0.608137 -0.793641 -0.017426  0.131562 0.560901 0
0  0.276873 -6.348272 5.753438  0.289696 -0.932725 0.214712  0.122214 0.567211 0
0  0.235584 -6.338357 5.328536  0.217085 -0.952296 -0.214493  0.122214 0.540808 0
syringe_lod1
0  -0.445099 1.068846 -2.452091  -0.604151 -0.570061 -0.556805  0.881355 0.331582 0
0  -0.445083 3.059540 -2.695393  -0.673456 -0.093431 -0.733299  0.881316 0.419247 0
0  0.445257 3.059535 -2.695377  0.680102 -0.092685 -0.727235  0.842816 0.419230 0
syringe_lod1
0  -0.445173 3.059165 2.315879  0.054500 -0.047191 0.997398  0.881372 0.003924 0
0  -0.445187 0.484966 2.242721  -0.623116 -0.361748 0.693444  0.881322 0.115601 0
0  0.445153 0.286796 2.136063  0.595179 -0.650706 0.471533  0.842839 0.124834 0
syringe_lod1
0  -0.445099 1.068846 -2.452091  -0.604151 -0.570061 -0.556805  0.881355 0.331582 0
0  0.445240 1.047640 -2.428555  0.572070 -0.602942 -0.556054  0.842856 0.330203 0
0  0.445179 0.766379 0.837269  0.741938 -0.639795 -0.200474  0.842920 0.186278 0
syringe_lod1
0  1.302925 4.727311 -7.053985  0.824488 0.227002 -0.518353  0.615108 0.078788 0
0  0.886324 7.470628 -6.030463  0.754388 0.547614 -0.361962  0.586825 0.201850 0
0  1.026216 7.171406 -5.280851  0.850745 0.479312 0.215621  0.566127 0.192645 0
syringe_lod1
0  1.507990 2.123101 1.831992  0.945720 -0.240294 -0.218796  0.566255 0.311431 0
0  1.027928 2.274749 0.060712  0.476202 -0.808914 -0.344804  0.509000 0.362568 0
0  1.088614 2.874374 -2.357417  0.658366 -0.752542 0.015319  0.416310 0.416326 0
syringe_lod1
0  0.886324 7.470628 -6.030463  0.754388 0.547614 -0.361962  0.034906 0.460168 0
0  1.302925 4.727311 -7.053985  0.824488 0.227002 -0.518353  0.163678 0.440935 0
0  -0.006152 4.751787 -7.489909  -0.002056 0.115551 -0.993299  0.161217 0.497822 0
syringe_lod1
0  -0.440050 2.619384 -3.660547  -0.310668 -0.617051 -0.723003  0.368217 0.497822 0
0  0.021556 2.865068 -4.472628  0.224661 -0.962944 -0.149222  0.328154 0.497822 0
0  0.543936 2.701423 -3.630711  0.415670 -0.473962 -0.776259  0.367404 0.468362 0
syringe_lod1
0  0.021556 2.865068 -4.472628  0.224661 -0.962944 -0.149222  0.328154 0.497822 0
0  1.322894 3.628284 -4.338072  0.566152 -0.819795 -0.086069  0.319846 0.430578 0
0  0.543936 2.701423 -3.630711  0.415670 -0.473962 -0.776259  0.367404 0.468362 0
syringe_lod1
0  -0.000172 5.459002 0.673367  -0.027043 0.978919 -0.202452  0.063625 0.063215 0
0  0.836869 5.083664 0.481684  0.718789 0.663692 -0.207016  0.101060 0.067293 0
0  0.894658 6.782879 -4.592277  0.740818 0.585537 0.329144  0.104775 0.298278 0
syringe_lod1
0  1.069576 3.513469 2.831515  -0.065495 0.165697 0.983999  0.632794 0.428354 0
0  1.386454 6.539102 2.920640  0.437172 0.625441 0.646301  0.498648 0.428849 0
0  -0.275025 6.618586 2.512069  0.036005 0.000388 0.999352  0.498648 0.379851 0
syringe_lod1
0  1.027928 2.274749 0.060712  0.476202 -0.808914 -0.344804  1.003942 0.225026 0
0  -1.017014 1.901490 0.984137  -0.426380 -0.776571 -0.463830  1.048218 0.267875 0
0  -1.062163 2.840554 -2.344668  -0.668822 -0.719054 0.188781  1.048379 0.124010 0
syringe_lod1
0  -1.501953 3.232748 0.680928  -0.993962 0.020073 -0.107872  1.279356 0.058042 0
0  -1.389298 5.571919 1.690011  -0.781969 0.125256 -0.610603  1.248577 0.156348 0
0  -0.835481 5.082784 0.477063  -0.725501 0.664566 -0.178888  1.306152 0.139261 0
syringe_lod1
0  -1.031629 7.149577 -5.245334  -0.758685 0.544894 0.357055  1.566097 0.191818 0
0  -0.891996 7.473829 -6.030646  -0.604635 0.645689 -0.466371  1.586811 0.201903 0
0  -1.303073 4.712987 -7.050469  -0.851956 0.156254 -0.499755  1.615119 0.078701 0
syringe_lod1
0  -1.062163 2.840554 -2.344668  -0.668822 -0.719054 0.188781  1.415762 0.417712 0
0  -1.017014 1.901490 0.984137  -0.426380 -0.776571 -0.463830  1.549159 0.347321 0
0  -1.506775 2.024050 1.980202  -0.899662 -0.060267 -0.432407  1.573032 0.312351 0
syringe_lod1
0  1.012405 -2.948981 0.923409  0.374226 -0.694391 -0.614635  1.366042 0.389603 0
0  -1.029303 -2.939557 0.935299  -0.422815 -0.651943 -0.629443  1.365917 0.346289 0
0  -1.023717 -0.667745 0.950174  -0.449433 0.568656 -0.688942  1.266408 0.345367 0
syringe_lod1
0  -1.506775 2.024050 1.980202  -0.899662 -0.060267 -0.432407  1.263200 0.048616 0
0  -1.507969 -0.724422 2.054448  -0.917190 0.126286 -0.377908  1.367286 0.040552 0
0  -1.992168 -2.943171 2.869672  -0.731883 -0.558166 0.390893  1.471413 0.003906 0
syringe_lod1
0  -0.891996 7.473829 -6.030646  -0.604635 0.645689 -0.466371  1.034616 0.459954 0
0  -0.004079 7.828443 -6.079504  -0.003033 0.935456 -0.353432  1.022647 0.497822 0
0  -0.006152 4.751787 -7.489909  -0.002056 0.115551 -0.993299  1.161217 0.497822 0
syringe_lod1
0  -0.000172 5.459002 0.673367  -0.027043 0.978919 -0.202452  1.063625 0.063215 0
0  -0.001321 7.436716 -4.868904  -0.005102 0.898849 0.438229  1.059898 0.311871 0
0  -0.918085 6.733595 -4.551614  -0.771736 0.558968 0.303280  1.106057 0.295000 0
syringe_lod1
0  -1.473574 -2.946007 2.129798  -0.546901 -0.817754 -0.179383  1.873392 0.733254 0
0  -1.029303 -2.939557 0.935299  -0.422815 -0.651943 -0.629443  1.823162 0.731098 0
0  1.012405 -2.948981 0.923409  0.374226 -0.694391 -0.614635  1.808594 0.771438 0
syringe_lod1
0  -1.438489 3.510148 2.903074  -0.570296 0.196543 0.797579  1.632780 0.431041 0
0  -0.270291 3.508627 2.527985  0.034535 0.656652 0.753402  1.632978 0.391439 0
0  -0.275025 6.618586 2.512069  0.036005 0.000388 0.999352  1.498648 0.391526 0
syringe_lod1
0  -1.623676 -3.267450 7.394072  -0.144855 -0.740409 0.656362  0.807529 0.712292 0
0  -1.649865 -3.252311 6.676107  -0.075760 -0.995295 -0.060401  0.805055 0.682806 0
0  1.653187 -3.248512 6.676989  0.028032 -0.993951 0.106188  0.951032 0.682582 0
syringe_lod1
0  -1.649865 -3.252311 6.676107  -0.075760 -0.995295 -0.060401  0.805055 0.682806 0
0  -2.361008 -3.258079 6.637548  -0.779552 -0.624109 0.052793  0.776288 0.680252 0
0  -2.350941 -3.270947 3.612759  -0.603467 -0.787946 -0.122348  0.776591 0.549328 0
syringe_lod1
0  1.772300 -2.935610 2.822171  0.308181 -0.075005 -0.948367  0.157211 0.721695 0
0  1.774221 2.058039 2.822282  0.253019 0.160951 -0.953979  0.157211 0.505644 0
0  2.051766 2.352447 2.997063  0.221113 0.765555 -0.604181  0.172383 0.505644 0
syringe_lod1
0  -1.649865 -3.252311 6.676107  -0.075760 -0.995295 -0.060401  0.805055 0.682806 0
0  -1.642400 -3.245200 3.560968  -0.060145 -0.993244 -0.099240  0.805144 0.546255 0
0  1.650068 -3.255479 3.571956  -0.062453 -0.996540 0.054839  0.950455 0.546749 0
syringe_lod1
0  -2.361008 -3.258079 6.637548  -0.779552 -0.624109 0.052793  0.584940 0.733243 0
0  -2.312597 2.231756 6.978902  -0.697437 0.586673 0.411578  0.569797 0.505644 0
0  -2.318294 2.254495 3.246042  -0.886693 0.398535 -0.234404  0.733990 0.505644 0
syringe_lod1
0  1.624646 -3.261487 7.397170  0.187414 -0.668004 0.720171  0.389636 0.733250 0
0  2.018229 2.256185 7.329540  0.312303 0.359357 0.879391  0.373421 0.505644 0
0  -1.982868 2.341687 7.300190  -0.534202 0.590503 0.604925  0.548496 0.505644 0
syringe_lod1
0  -2.057893 2.348752 3.003515  -0.486094 0.751425 -0.446176  0.750992 0.505644 0
0  -1.774222 2.058039 2.822282  -0.257125 0.171178 -0.951097  0.766163 0.505644 0
0  -1.774221 -2.935610 2.822282  -0.314690 -0.077948 -0.945989  0.766163 0.721684 0
syringe_lod1
0  2.051766 2.352447 2.997063  0.221113 0.765555 -0.604181  0.028679 0.759567 0
0  -2.057893 2.348752 3.003515  -0.486094 0.751425 -0.446176  0.202005 0.759596 0
0  -1.982868 2.341687 7.300190  -0.534202 0.590503 0.604925  0.200289 0.940504 0
syringe_lod1
0  1.623948 -3.249793 2.847923  0.022625 -0.732274 -0.680635  0.948008 0.516694 0
0  1.650068 -3.255479 3.571956  -0.062453 -0.996540 0.054839  0.950455 0.546749 0
0  -1.642400 -3.245200 3.560968  -0.060145 -0.993244 -0.099240  0.805144 0.546255 0
syringe_lod1
0  2.318946 2.249214 3.244608  0.723007 0.589914 -0.359532  0.189084 0.505644 0
0  2.266107 2.341023 7.005457  0.776219 0.528669 0.343500  0.352826 0.505644 0
0  2.388815 -3.066936 6.713387  0.953490 -0.198254 0.227051  0.339996 0.727229 0
syringe_lod1
0  1.650068 -3.255479 3.571956  -0.062453 -0.996540 0.054839  0.950455 0.546749 0
0  2.353446 -3.262504 3.610243  0.766581 -0.619138 -0.170355  0.979117 0.549321 0
0  2.334911 -3.277555 6.628543  0.578453 -0.790387 0.201693  0.978655 0.680218 0
syringe_lod1
0  1.521198 -3.563605 6.594572  0.837726 -0.128605 0.530732  0.661974 0.473506 0
0  1.532437 -3.563613 3.669870  0.939566 -0.116078 -0.322091  0.534251 0.473507 0
0  1.622747 -2.879706 3.738113  0.961053 -0.074852 -0.266033  0.536981 0.443934 0
syringe_lod1
0  1.371043 -6.262215 3.833153  0.216188 -0.950132 -0.224748  0.712261 0.742640 0
0  0.549753 -6.263006 2.625752  0.225890 -0.919362 -0.322097  0.775321 0.742640 0
0  0.610496 -4.317600 2.566264  0.482969 -0.105245 -0.869289  0.774923 0.826727 0
syringe_lod1
0  1.521198 -3.563605 6.594572  0.837726 -0.128605 0.530732  0.756936 0.966291 0
0  1.405580 -4.327875 6.574709  0.800947 -0.100000 0.590325  0.755885 0.933252 0
0  1.453904 -4.317503 3.764637  0.952297 -0.096333 -0.289570  0.878428 0.933668 0
syringe_lod1
0  1.264158 -5.990778 6.506105  -0.546784 -0.655249 -0.521225  1.666323 0.761630 0
0  -1.250522 -5.990927 6.535315  0.548389 -0.660529 -0.512806  1.665208 0.745915 0
0  1.291706 -5.991133 3.782690  0.000183 -1.000000 0.000288  1.700595 0.762097 0
syringe_lod1
0  -1.250522 -5.990927 6.535315  0.548389 -0.660529 -0.512806  1.665208 0.745915 0
0  -0.548005 -5.991943 2.705527  0.334040 -0.696894 0.634631  1.714726 0.745915 0
0  1.291706 -5.991133 3.782690  0.000183 -1.000000 0.000288  1.700595 0.762097 0
syringe_lod1
0  1.405580 -4.327875 6.574709  0.800947 -0.100000 0.590325  0.593594 0.826294 0
0  1.295958 -6.261723 6.555464  0.378625 -0.883456 0.275952  0.590342 0.742640 0
0  1.371043 -6.262215 3.833153  0.216188 -0.950132 -0.224748  0.712261 0.742640 0
syringe_lod1
0  -1.583696 -2.879706 6.628145  -0.863693 -0.081052 0.497457  1.661974 0.443933 0
0  -1.609906 -2.879706 3.709836  -0.952357 -0.095732 -0.289571  1.535647 0.443934 0
0  -1.559804 -3.563613 3.725940  -0.947865 -0.123811 -0.293638  1.535611 0.473507 0
syringe_lod1
0  0.610496 -4.317600 2.566264  0.482969 -0.105245 -0.869289  1.800537 0.826720 0
0  0.549753 -6.263006 2.625752  0.225890 -0.919362 -0.322097  1.800537 0.742640 0
0  -0.598943 -6.263100 2.664224  -0.057580 -0.930926 -0.360640  1.773733 0.742640 0
syringe_lod1
0  -1.455582 -4.317489 3.776448  -0.952901 -0.098202 -0.286943  1.713133 0.826723 0
0  -0.560710 -4.317612 2.525801  -0.445098 -0.096814 -0.890233  1.773187 0.826727 0
0  -0.598943 -6.263100 2.664224  -0.057580 -0.930926 -0.360640  1.773733 0.742640 0
syringe_lod1
0  -1.483052 -3.563608 6.660247  -0.816854 -0.099172 0.568256  1.753150 0.966291 0
0  -1.559804 -3.563613 3.725940  -0.947865 -0.123811 -0.293638  1.878394 0.966271 0
0  -1.455582 -4.317489 3.776448  -0.952901 -0.098202 -0.286943  1.878428 0.933668 0
syringe_lod1
0  -1.388165 -4.327851 6.609301  -0.796639 -0.193889 0.572514  1.598908 0.826297 0
0  -1.455582 -4.317489 3.776448  -0.952901 -0.098202 -0.286943  1.713133 0.826723 0
0  -1.377737 -6.262158 3.877148  -0.227440 -0.955474 -0.187993  1.711361 0.742640 0
syringe_lod1
0  1.598893 3.648963 6.027454  0.682571 0.520401 0.513107  0.774373 0.339412 0
0  1.290299 2.147592 6.550390  0.685848 0.007741 0.727703  0.834693 0.314249 0
0  1.873600 2.147592 5.122929  0.999741 -0.015603 0.016550  0.834693 0.381350 0
syringe_lod1
0  -1.836945 3.648963 5.106823  -0.755013 0.652253 -0.067248  0.774373 0.129721 0
0  -1.579980 3.653798 4.189118  -0.673210 0.670233 -0.312372  0.774373 0.087783 0
0  -1.427458 2.147592 3.832627  -0.707760 0.029162 -0.705851  0.834693 0.071007 0
syringe_lod1
0  0.018713 3.653798 6.958138  -0.005674 0.466744 0.884374  0.774373 0.255535 0
0  -0.000000 2.147592 6.996529  -0.010587 -0.013435 0.999854  0.834693 0.255535 0
0  1.290299 2.147592 6.550390  0.685848 0.007741 0.727703  0.834693 0.314249 0
syringe_lod1
0  -0.923081 3.634948 6.721754  -0.517367 0.446333 0.730149  0.774373 0.213597 0
0  -1.345679 2.147592 6.468615  -0.707145 0.000485 0.707068  0.834693 0.192628 0
0  -0.000000 2.147592 6.996529  -0.010587 -0.013435 0.999854  0.834693 0.255535 0
syringe_lod1
0  -1.873600 2.147592 5.122929  -0.999874 -0.011596 0.010803  0.834693 0.129721 0
0  -1.345679 2.147592 6.468615  -0.707145 0.000485 0.707068  0.834693 0.192628 0
0  -1.598893 3.648963 6.027453  -0.801644 0.479896 0.356465  0.774373 0.171659 0
syringe_lod1
0  -0.901311 3.648627 3.522209  -0.307765 0.662304 -0.683106  0.774373 0.045844 0
0  0.000000 3.774301 3.490231  0.026183 0.077618 -0.996639  0.774373 0.003906 0
0  0.000000 2.147592 3.249328  0.000202 0.022626 -0.999744  0.834693 0.003906 0
syringe_lod1
0  0.904524 3.648963 3.524035  0.512443 0.513433 -0.688323  0.774373 0.465226 0
0  1.427457 2.147592 3.832627  0.707709 0.028844 -0.705915  0.834693 0.440063 0
0  0.000000 2.147592 3.249328  0.000202 0.022626 -0.999744  0.834693 0.507164 0
syringe_lod1
0  1.836945 3.648963 5.106823  0.763478 0.638483 0.097167  0.774373 0.381350 0
0  1.873600 2.147592 5.122929  0.999741 -0.015603 0.016550  0.834693 0.381350 0
0  1.427457 2.147592 3.832627  0.707709 0.028844 -0.705915  0.834693 0.440063 0
syringe_lod1
0  -1.720531 4.336825 3.822630  -0.565844 -0.307804 -0.764904  1.438503 0.742960 0
0  -1.859092 9.432687 4.091996  -0.799904 0.119947 -0.588018  1.425825 0.962433 0
0  -0.812559 9.408718 3.186912  -0.420327 0.084850 -0.903397  1.486351 0.962433 0
end
