version 1
nodes
0 "root" -1
end
skeleton
time 0
0 0 0 0 0 0 0
end
triangles
syringe_lod1
0  0.445257 3.059535 -2.695377  0.686702 -0.064180 -0.724100  0.842816 0.419230 0
0  -0.445096 1.238747 -2.537575  -0.637250 -0.324169 -0.699161  0.881351 0.340219 0
0  -0.445083 3.059540 -2.695393  -0.686790 -0.062760 -0.724141  0.881316 0.419247 0
syringe_lod1
0  0.445159 0.226849 1.813281  0.647032 -0.760807 0.050229  0.842869 0.137313 0
0  -0.445179 0.205089 1.730545  -0.624872 -0.779958 -0.034641  0.881394 0.140726 0
0  0.445168 0.360596 1.361162  -0.013782 -0.869949 -0.492949  0.842933 0.157723 0
syringe_lod1
0  0.445236 0.985343 -2.255415  0.627135 -0.751216 -0.205854  0.842858 0.323720 0
0  -0.445120 1.131901 -1.264457  0.001391 -0.999946 0.010347  0.881378 0.280456 0
0  -0.445102 0.994211 -2.288465  -0.624428 -0.740955 -0.247134  0.881358 0.325204 0
syringe_lod1
0  0.445154 0.343813 2.106006  0.642380 -0.592141 0.486536  0.842818 0.123714 0
0  -0.445187 0.484966 2.242721  -0.623555 -0.406254 0.667935  0.881322 0.115601 0
0  -0.445179 0.205089 1.730545  -0.624872 -0.779958 -0.034641  0.881394 0.140726 0
syringe_lod1
0  -0.445158 0.878169 0.751383  -0.017590 -0.923626 -0.382890  0.881417 0.192325 0
0  0.445182 0.910670 0.719835  0.009193 -0.919422 -0.393164  0.842916 0.194177 0
0  0.445168 0.360596 1.361162  -0.013782 -0.869949 -0.492949  0.842933 0.157723 0
syringe_lod1
0  0.445220 1.126230 -1.267494  1.000000 -0.000006 0.000018  0.707949 0.158852 0
0  0.445257 3.059535 -2.695377  0.686702 -0.064180 -0.724100  0.623800 0.220618 0
0  0.445182 0.910670 0.719835  1.000000 -0.000006 0.000018  0.718089 0.073611 0
syringe_lod1
0  -0.445158 0.878169 0.751383  -1.000000 0.000006 -0.000018  0.817127 0.829853 0
0  -0.445179 0.205089 1.730545  -0.624872 -0.779958 -0.034641  0.860487 0.804123 0
0  -0.445187 0.484966 2.242721  -0.623555 -0.406254 0.667935  0.880763 0.814992 0
syringe_lod1
0  -0.445173 3.059165 2.315879  -1.000000 0.000006 -0.000018  0.885474 0.925429 0
0  -0.445083 3.059540 -2.695393  -0.686790 -0.062760 -0.724141  0.668776 0.925429 0
0  -0.445158 0.878169 0.751383  -1.000000 0.000006 -0.000018  0.817127 0.829853 0
syringe_lod1
0  0.445243 1.206414 -2.522220  0.634541 -0.360796 -0.683508  0.842852 0.338662 0
0  -0.445102 0.994211 -2.288465  -0.624428 -0.740955 -0.247134  0.881358 0.325204 0
0  -0.445096 1.238747 -2.537575  -0.637250 -0.324169 -0.699161  0.881351 0.340219 0
syringe_lod1
0  -0.445187 0.484966 2.242721  -0.623555 -0.406254 0.667935  0.880763 0.814992 0
0  -0.445173 3.059165 2.315879  -1.000000 0.000006 -0.000018  0.885474 0.925429 0
0  -0.445158 0.878169 0.751383  -1.000000 0.000006 -0.000018  0.817127 0.829853 0
syringe_lod1
0  0.445257 3.059535 -2.695377  0.686702 -0.064180 -0.724100  0.623800 0.220618 0
0  0.445166 3.059160 2.315895  1.000000 -0.000006 0.000018  0.623800 0.003920 0
0  0.445182 0.910670 0.719835  1.000000 -0.000006 0.000018  0.718089 0.073611 0
syringe_lod1
0  0.445166 3.059160 2.315895  1.000000 -0.000006 0.000018  0.623800 0.003920 0
0  0.445152 0.698904 2.316041  1.000000 -0.000006 0.000018  0.725862 0.003906 0
0  0.445182 0.910670 0.719835  1.000000 -0.000006 0.000018  0.718089 0.073611 0
syringe_lod1
0  0.445159 0.226849 1.813281  0.647032 -0.760807 0.050229  0.746077 0.025626 0
0  0.445168 0.360596 1.361162  1.000000 -0.000006 0.000018  0.739738 0.044698 0
0  0.445154 0.343813 2.106006  0.642380 -0.592141 0.486536  0.740588 0.013435 0
syringe_lod1
0  0.445168 0.360596 1.361162  1.000000 -0.000006 0.000018  0.739738 0.044698 0
0  0.445182 0.910670 0.719835  1.000000 -0.000006 0.000018  0.718089 0.073611 0
0  0.445152 0.698904 2.316041  1.000000 -0.000006 0.000018  0.725862 0.003906 0
syringe_lod1
0  0.445152 0.698904 2.316041  1.000000 -0.000006 0.000018  0.725862 0.003906 0
0  0.445154 0.343813 2.106006  0.642380 -0.592141 0.486536  0.740588 0.013435 0
0  0.445168 0.360596 1.361162  1.000000 -0.000006 0.000018  0.739738 0.044698 0
syringe_lod1
0  0.445220 1.126230 -1.267494  1.000000 -0.000006 0.000018  0.707949 0.158852 0
0  0.445236 0.985343 -2.255415  0.627135 -0.751216 -0.205854  0.712524 0.201457 0
0  0.445243 1.206414 -2.522220  0.634541 -0.360796 -0.683508  0.703698 0.212466 0
syringe_lod1
0  -0.445120 1.131901 -1.264457  -1.000000 0.000006 -0.000018  0.730681 0.841283 0
0  -0.445096 1.238747 -2.537575  -0.637250 -0.324169 -0.699161  0.676414 0.846981 0
0  -0.445102 0.994211 -2.288465  -0.624428 -0.740955 -0.247134  0.686483 0.836899 0
syringe_lod1
0  1.022987 -0.224347 1.653769  0.340667 0.387700 -0.856525  0.644348 0.373960 0
0  1.514152 0.999582 2.116759  0.763739 -0.034561 -0.644599  0.612229 0.322385 0
0  1.510531 -0.682730 2.071419  0.868733 0.025840 -0.494606  0.674014 0.360279 0
syringe_lod1
0  1.027265 5.178153 -0.972494  0.980259 0.185820 0.067546  0.118221 0.128005 0
0  0.792932 5.071896 0.464780  0.735573 0.669295 -0.104766  0.101035 0.067678 0
0  1.056896 4.353465 0.039721  0.940216 0.340232 0.015374  0.138542 0.074537 0
syringe_lod1
0  1.027928 2.274749 0.060712  0.337392 -0.889090 -0.309330  0.509000 0.362568 0
0  1.514198 2.432094 1.147128  0.960505 -0.235825 -0.147705  0.535229 0.318406 0
0  1.022987 1.792713 1.135121  0.366029 -0.809800 -0.458527  0.556516 0.344528 0
syringe_lod1
0  1.514284 -2.731725 2.111983  0.923058 -0.159950 -0.349828  0.463310 0.040552 0
0  1.857851 -3.002670 2.854583  0.536274 -0.724039 0.433794  0.476190 0.003906 0
0  1.339505 -3.002538 2.123522  0.386808 -0.913420 -0.126662  0.476190 0.040552 0
syringe_lod1
0  1.039912 6.008224 -4.328459  0.953889 0.217459 0.206901  0.131222 0.276771 0
0  1.027265 5.178153 -0.972494  0.980259 0.185820 0.067546  0.118221 0.128005 0
0  1.025070 5.136664 -3.768195  0.960542 0.203141 0.189980  0.156333 0.241198 0
syringe_lod1
0  1.020918 7.094905 -6.158816  0.837387 0.457160 -0.299648  0.052535 0.451489 0
0  1.360955 4.744300 -6.848585  0.980528 -0.016117 -0.195719  0.162401 0.432211 0
0  1.201022 4.719573 -7.134848  0.421252 -0.019772 -0.906728  0.164418 0.445983 0
syringe_lod1
0  1.019824 -0.914650 0.844809  0.420584 0.055176 -0.905574  0.277749 0.345504 0
0  -1.022987 -0.605678 1.055915  -0.392457 0.773026 -0.498406  0.261611 0.389603 0
0  1.022987 -0.605678 1.055915  0.387519 0.772973 -0.502335  0.261611 0.345367 0
syringe_lod1
0  0.000000 2.960060 -5.239404  -0.066730 -0.952441 -0.297328  0.294196 0.497822 0
0  1.322894 3.628284 -4.338072  0.613350 -0.778808 -0.131377  0.319846 0.430578 0
0  0.021556 2.865068 -4.472628  0.146798 -0.978780 -0.142967  0.328154 0.497822 0
syringe_lod1
0  0.812282 7.526124 -6.010212  0.653118 0.712554 -0.256326  0.031334 0.461927 0
0  0.004110 7.555363 -6.259755  0.001496 0.596581 -0.802552  0.035464 0.497822 0
0  -0.004678 7.845432 -5.847776  -0.016227 0.986504 -0.162928  0.014266 0.497822 0
syringe_lod1
0  -0.000000 6.951993 -3.343090  0.014321 0.954759 0.297036  0.056216 0.249426 0
0  0.842419 6.848186 -4.642970  0.742849 0.595997 0.304898  0.101961 0.300567 0
0  0.000000 7.297467 -4.736646  0.002907 0.923546 0.383477  0.059886 0.311672 0
syringe_lod1
0  0.792932 5.071896 0.464780  0.735573 0.669295 -0.104766  0.306152 0.139261 0
0  1.491184 4.284505 1.676758  0.965546 0.121574 -0.230090  0.244591 0.102689 0
0  1.056896 4.353465 0.039721  0.940216 0.340232 0.015374  0.317714 0.103222 0
syringe_lod1
0  0.000000 3.725906 -7.261336  -0.008818 -0.605857 -0.795525  0.201307 0.497822 0
0  1.201022 4.719573 -7.134848  0.421252 -0.019772 -0.906728  0.164418 0.445983 0
0  1.240456 3.932007 -6.894217  0.421857 -0.550089 -0.720721  0.202001 0.442008 0
syringe_lod1
0  1.469567 3.195471 -1.570826  0.914162 -0.386753 -0.121367  0.425960 0.374579 0
0  1.189619 2.949685 -2.571768  0.847285 -0.524101 0.086173  0.404278 0.415557 0
0  1.428442 3.591020 -3.131937  0.933143 -0.326707 -0.150023  0.364644 0.408303 0
syringe_lod1
0  0.401984 1.757515 -3.272898  0.280758 -0.739768 -0.611489  0.407938 0.483025 0
0  0.583103 2.634045 -3.589629  0.334633 -0.444923 -0.830701  0.370424 0.468303 0
0  1.026904 2.399278 -3.344715  0.705692 -0.248694 -0.663439  0.391097 0.453938 0
syringe_lod1
0  1.168092 6.818786 -5.341529  0.966090 0.212669 0.146429  0.565543 0.176760 0
0  1.039912 6.008224 -4.328459  0.953889 0.217459 0.206901  0.515626 0.151364 0
0  1.353368 5.067594 -4.708831  0.965376 0.206875 0.158906  0.525021 0.107536 0
syringe_lod1
0  1.240456 3.932007 -6.894217  0.421857 -0.550089 -0.720721  0.202001 0.442008 0
0  1.360955 4.744300 -6.848585  0.980528 -0.016117 -0.195719  0.162401 0.432211 0
0  1.428737 3.980907 -6.504773  0.960471 -0.091490 -0.262915  0.196369 0.427489 0
syringe_lod1
0  0.578233 3.510824 2.617093  -0.002090 0.999973 -0.007015  0.175108 0.265705 0
0  -1.110170 3.509195 2.888008  0.389324 0.252386 0.885849  0.159369 0.288393 0
0  1.110547 3.513870 2.888029  -0.002105 0.999973 -0.007109  0.167413 0.241049 0
syringe_lod1
0  1.022255 2.847409 -2.120471  0.508301 -0.859425 -0.054939  0.423460 0.409721 0
0  1.514198 2.432094 1.147128  0.960505 -0.235825 -0.147705  0.535229 0.318406 0
0  1.027928 2.274749 0.060712  0.337392 -0.889090 -0.309330  0.509000 0.362568 0
syringe_lod1
0  1.493351 3.393397 1.225901  0.990799 0.118604 -0.065198  0.262120 0.063164 0
0  1.523579 3.152530 0.187768  0.998679 0.044535 0.025640  0.305823 0.048419 0
0  1.056896 4.353465 0.039721  0.940216 0.340232 0.015374  0.317714 0.103222 0
syringe_lod1
0  -0.117524 2.598029 -3.654855  -0.052147 -0.691903 -0.720104  0.368217 0.497822 0
0  0.618978 2.865908 -3.959686  0.610005 -0.733738 -0.299202  0.350716 0.468690 0
0  0.583103 2.634045 -3.589629  0.334633 -0.444923 -0.830701  0.370424 0.468303 0
syringe_lod1
0  2.024991 -2.734677 2.867321  0.886178 -0.169832 0.431099  0.229705 0.234145 0
0  -1.864535 -3.002903 2.883019  -0.676051 -0.430376 0.598107  0.218034 0.321143 0
0  1.857851 -3.002670 2.854583  0.536274 -0.724039 0.433794  0.218034 0.241697 0
syringe_lod1
0  1.025512 -0.525332 1.433483  0.435758 0.782425 -0.444888  0.653527 0.387383 0
0  1.513067 -1.139049 1.393026  0.907459 0.298418 -0.295743  0.688776 0.391074 0
0  1.022987 -0.605678 1.055915  0.387519 0.772973 -0.502335  0.654522 0.404034 0
syringe_lod1
0  1.514284 -2.731725 2.111983  0.923058 -0.159950 -0.349828  0.463310 0.040552 0
0  2.011868 1.416560 2.768404  0.944968 0.001123 -0.327160  0.283281 0.003906 0
0  2.024991 -2.734677 2.867321  0.886178 -0.169832 0.431099  0.462811 0.003906 0
syringe_lod1
0  1.514152 1.824041 1.966471  0.906474 -0.102872 -0.409539  0.263734 0.040552 0
0  2.011868 1.416560 2.768404  0.944968 0.001123 -0.327160  0.283281 0.003906 0
0  1.514152 0.999582 2.116759  0.763739 -0.034561 -0.644599  0.300982 0.040552 0
syringe_lod1
0  2.024991 -2.734677 2.867321  0.886178 -0.169832 0.431099  0.451932 0.485676 0
0  2.011868 1.416560 2.768404  0.944968 0.001123 -0.327160  0.631368 0.482138 0
0  2.016377 2.226961 2.885069  0.862172 0.110799 0.494352  0.666943 0.487346 0
syringe_lod1
0  -1.864535 -3.002903 2.883019  -0.676051 -0.430376 0.598107  0.218034 0.321143 0
0  2.024991 -2.734677 2.867321  0.886178 -0.169832 0.431099  0.229705 0.234145 0
0  2.016377 2.226961 2.885069  0.862172 0.110799 0.494352  0.444720 0.234145 0
syringe_lod1
0  1.514152 0.999582 2.116759  0.763739 -0.034561 -0.644599  0.300982 0.040552 0
0  2.011868 1.416560 2.768404  0.944968 0.001123 -0.327160  0.283281 0.003906 0
0  1.510531 -0.682730 2.071419  0.868733 0.025840 -0.494606  0.367286 0.040552 0
syringe_lod1
0  0.578233 3.510824 2.617093  -0.002090 0.999973 -0.007015  0.175108 0.265705 0
0  -0.270291 3.508627 2.527985  0.112387 0.658631 0.744026  0.175108 0.291068 0
0  -1.110170 3.509195 2.888008  0.389324 0.252386 0.885849  0.159369 0.288393 0
syringe_lod1
0  1.514152 6.221346 2.888029  0.627213 0.472901 0.618845  0.073271 0.007337 0
0  1.480133 3.314119 2.044683  0.995228 0.061721 -0.075570  0.199409 0.041837 0
0  1.459981 6.106408 1.819803  0.693845 0.562004 -0.450256  0.078596 0.055648 0
syringe_lod1
0  0.812282 7.526124 -6.010212  0.653118 0.712554 -0.256326  0.585669 0.206198 0
0  0.000000 7.715066 -5.191348  0.001702 0.862466 0.506112  0.554963 0.241211 0
0  0.884636 7.319439 -5.311028  0.574516 0.726650 0.376711  0.566430 0.200880 0
syringe_lod1
0  1.339505 -3.002538 2.123522  0.386808 -0.913420 -0.126662  0.873382 0.733147 0
0  0.990132 -3.002533 1.019814  -0.000002 -1.000000 -0.000003  0.823137 0.731168 0
0  1.339505 -3.002537 1.389886  -0.000011 -1.000000 -0.000001  0.843319 0.722394 0
syringe_lod1
0  1.480133 3.314119 2.044683  0.995228 0.061721 -0.075570  0.199409 0.041837 0
0  2.016377 2.226961 2.885069  0.862172 0.110799 0.494352  0.248504 0.003906 0
0  1.514152 1.824041 1.966471  0.906474 -0.102872 -0.409539  0.263734 0.040552 0
syringe_lod1
0  1.110547 6.615771 2.888029  0.528600 0.845097 -0.079955  0.050108 0.008709 0
0  1.014119 6.608289 2.128007  0.352718 0.911587 -0.211185  0.048341 0.041522 0
0  0.578233 6.615771 2.617092  0.004928 0.999928 -0.010902  0.028559 0.021228 0
syringe_lod1
0  1.288071 3.758652 -5.553248  0.854190 -0.512717 0.086489  0.212022 0.371627 0
0  1.428737 3.980907 -6.504773  0.960471 -0.091490 -0.262915  0.205520 0.414017 0
0  1.426218 4.084070 -5.377501  0.987154 -0.131463 -0.090799  0.196328 0.366183 0
syringe_lod1
0  1.514284 -2.731725 2.111983  0.923058 -0.159950 -0.349828  0.579910 0.004546 0
0  1.513067 -1.139049 1.393026  0.907459 0.298418 -0.295743  0.511938 0.032557 0
0  1.510531 -0.682730 2.071419  0.868733 0.025840 -0.494606  0.490045 0.007528 0
syringe_lod1
0  -1.022987 -0.605678 1.055915  -0.392457 0.773026 -0.498406  0.261611 0.389603 0
0  1.025512 -0.525332 1.433483  0.435758 0.782425 -0.444888  0.244999 0.345258 0
0  1.022987 -0.605678 1.055915  0.387519 0.772973 -0.502335  0.261611 0.345367 0
syringe_lod1
0  1.027265 5.178153 -0.972494  0.980259 0.185820 0.067546  0.118221 0.128005 0
0  1.056896 4.353465 0.039721  0.940216 0.340232 0.015374  0.138542 0.074537 0
0  1.025070 5.136664 -3.768195  0.960542 0.203141 0.189980  0.156333 0.241198 0
syringe_lod1
0  1.027928 2.274749 0.060712  0.337392 -0.889090 -0.309330  0.048392 0.225037 0
0  1.022987 1.792713 1.135121  0.366029 -0.809800 -0.458527  0.048166 0.275723 0
0  -1.024356 1.793247 1.134297  -0.477211 -0.699192 -0.532353  0.003930 0.275712 0
syringe_lod1
0  1.491356 5.312599 1.790792  0.950421 0.159022 -0.267229  0.241387 0.147465 0
0  1.031630 5.680978 1.553434  0.300637 0.599706 -0.741600  0.258820 0.169003 0
0  1.459981 6.106408 1.819803  0.693845 0.562004 -0.450256  0.232700 0.177369 0
syringe_lod1
0  -1.110170 3.509195 2.888008  -0.000267 -0.001422 0.999999  0.499564 0.321143 0
0  1.569310 3.228650 2.887455  0.630295 0.173123 0.756807  0.487746 0.253520 0
0  1.110547 3.513870 2.888029  0.000477 -0.001178 0.999999  0.499816 0.273120 0
syringe_lod1
0  1.514152 6.221346 2.888029  0.627213 0.472901 0.618845  0.073271 0.007337 0
0  1.569310 3.228650 2.887455  0.630295 0.173123 0.756807  0.202233 0.007354 0
0  1.480133 3.314119 2.044683  0.995228 0.061721 -0.075570  0.199409 0.041837 0
syringe_lod1
0  1.514284 -2.731725 2.111983  0.923058 -0.159950 -0.349828  0.463310 0.040552 0
0  1.510531 -0.682730 2.071419  0.868733 0.025840 -0.494606  0.367286 0.040552 0
0  2.011868 1.416560 2.768404  0.944968 0.001123 -0.327160  0.283281 0.003906 0
syringe_lod1
0  1.480133 3.314119 2.044683  0.995228 0.061721 -0.075570  0.199409 0.041837 0
0  1.493351 3.393397 1.225901  0.990799 0.118604 -0.065198  0.197320 0.077141 0
0  1.491184 4.284505 1.676758  0.965546 0.121574 -0.230090  0.157929 0.057175 0
syringe_lod1
0  1.523579 3.152530 0.187768  0.998679 0.044535 0.025640  0.210855 0.121583 0
0  1.514198 2.432094 1.147128  0.960505 -0.235825 -0.147705  0.241191 0.078508 0
0  1.469567 3.195471 -1.570826  0.914162 -0.386753 -0.121367  0.215092 0.197772 0
syringe_lod1
0  1.022987 1.792713 1.135121  0.366029 -0.809800 -0.458527  0.556516 0.344528 0
0  1.514152 1.824041 1.966471  0.906474 -0.102872 -0.409539  0.578352 0.308711 0
0  1.022987 1.466371 1.501988  0.479394 -0.441717 -0.758332  0.577623 0.341925 0
syringe_lod1
0  0.004110 7.555363 -6.259755  0.001496 0.596581 -0.802552  0.035464 0.497822 0
0  0.812282 7.526124 -6.010212  0.653118 0.712554 -0.256326  0.031334 0.461927 0
0  1.020918 7.094905 -6.158816  0.837387 0.457160 -0.299648  0.052535 0.451489 0
syringe_lod1
0  1.514152 6.221346 2.888029  0.627213 0.472901 0.618845  0.616893 0.255668 0
0  1.110547 3.513870 2.888029  0.000477 -0.001178 0.999999  0.499816 0.273120 0
0  1.569310 3.228650 2.887455  0.630295 0.173123 0.756807  0.487746 0.253520 0
syringe_lod1
0  1.039912 6.008224 -4.328459  0.953889 0.217459 0.206901  0.131222 0.276771 0
0  0.842419 6.848186 -4.642970  0.742849 0.595997 0.304898  0.101961 0.300567 0
0  1.027265 5.178153 -0.972494  0.980259 0.185820 0.067546  0.118221 0.128005 0
syringe_lod1
0  1.491356 5.312599 1.790792  0.950421 0.159022 -0.267229  0.241387 0.147465 0
0  0.792932 5.071896 0.464780  0.735573 0.669295 -0.104766  0.306152 0.139261 0
0  1.031630 5.680978 1.553434  0.300637 0.599706 -0.741600  0.258820 0.169003 0
syringe_lod1
0  0.000000 5.395619 0.595046  0.075534 0.996585 -0.033367  0.063436 0.064996 0
0  0.845453 5.691479 -0.900935  0.755760 0.631518 0.173239  0.096954 0.132073 0
0  -0.000000 6.105237 -0.800425  0.000098 0.932087 0.362235  0.056216 0.132865 0
syringe_lod1
0  1.029988 2.181418 -2.947191  0.853292 -0.520845 0.024783  0.409951 0.450703 0
0  1.026904 2.399278 -3.344715  0.705692 -0.248694 -0.663439  0.391097 0.453938 0
0  1.189619 2.949685 -2.571768  0.847285 -0.524101 0.086173  0.404278 0.415557 0
syringe_lod1
0  0.485435 1.690650 -3.018381  0.332685 -0.942922 0.014788  0.419656 0.478309 0
0  0.912372 2.185632 -2.760654  0.196671 -0.486051 0.851513  0.418923 0.448289 0
0  0.365787 1.723815 -2.830215  -0.008823 -0.874184 0.485515  0.428571 0.480107 0
syringe_lod1
0  1.031630 5.680978 1.553434  0.300637 0.599706 -0.741600  0.258820 0.169003 0
0  0.000000 5.395619 0.595046  0.075534 0.996585 -0.033367  0.322021 0.171912 0
0  0.000000 5.891511 1.515698  -0.002797 0.711414 -0.702768  0.291034 0.202787 0
syringe_lod1
0  1.491356 5.312599 1.790792  0.950421 0.159022 -0.267229  0.113646 0.057175 0
0  1.480133 3.314119 2.044683  0.995228 0.061721 -0.075570  0.199409 0.041837 0
0  1.491184 4.284505 1.676758  0.965546 0.121574 -0.230090  0.157929 0.057175 0
syringe_lod1
0  1.436016 4.148170 -3.753822  0.973096 0.196558 0.120205  0.480039 0.072606 0
0  1.426218 4.084070 -5.377501  0.987154 -0.131463 -0.090799  0.549174 0.059272 0
0  1.353368 5.067594 -4.708831  0.965376 0.206875 0.158906  0.525021 0.107536 0
syringe_lod1
0  1.240456 3.932007 -6.894217  0.421857 -0.550089 -0.720721  0.202001 0.442008 0
0  0.000000 3.267892 -6.451303  -0.000001 -0.979606 -0.200926  0.237285 0.497822 0
0  0.000000 3.725906 -7.261336  -0.008818 -0.605857 -0.795525  0.201307 0.497822 0
syringe_lod1
0  1.029988 2.181418 -2.947191  0.853292 -0.520845 0.024783  0.409951 0.450703 0
0  0.982807 2.677694 -2.510661  0.179387 -0.577885 0.796159  0.414139 0.424195 0
0  0.912372 2.185632 -2.760654  0.196671 -0.486051 0.851513  0.418923 0.448289 0
syringe_lod1
0  1.459981 6.106408 1.819803  0.693845 0.562004 -0.450256  0.078596 0.055648 0
0  1.110547 6.615771 2.888029  0.528600 0.845097 -0.079955  0.050108 0.008709 0
0  1.514152 6.221346 2.888029  0.627213 0.472901 0.618845  0.073271 0.007337 0
syringe_lod1
0  0.000000 5.432243 -7.243714  0.012920 0.385741 -0.922516  0.133100 0.497822 0
0  1.201022 4.719573 -7.134848  0.421252 -0.019772 -0.906728  0.164418 0.445983 0
0  -0.000000 4.615582 -7.478561  0.007960 0.007352 -0.999941  0.166193 0.497822 0
syringe_lod1
0  1.031630 5.680978 1.553434  0.300637 0.599706 -0.741600  0.258820 0.169003 0
0  0.987241 6.488971 1.797385  0.420830 0.730016 -0.538497  0.240783 0.201940 0
0  1.459981 6.106408 1.819803  0.693845 0.562004 -0.450256  0.232700 0.177369 0
syringe_lod1
0  0.845453 5.691479 -0.900935  0.755760 0.631518 0.173239  0.096954 0.132073 0
0  1.027265 5.178153 -0.972494  0.980259 0.185820 0.067546  0.118221 0.128005 0
0  0.842419 6.848186 -4.642970  0.742849 0.595997 0.304898  0.101961 0.300567 0
syringe_lod1
0  1.056896 4.353465 0.039721  0.940216 0.340232 0.015374  0.317714 0.103222 0
0  1.491184 4.284505 1.676758  0.965546 0.121574 -0.230090  0.244591 0.102689 0
0  1.493351 3.393397 1.225901  0.990799 0.118604 -0.065198  0.262120 0.063164 0
syringe_lod1
0  -1.016015 1.466980 1.501592  -0.405041 -0.472068 -0.783003  0.003925 0.296944 0
0  1.022987 1.792713 1.135121  0.366029 -0.809800 -0.458527  0.048166 0.275723 0
0  1.022987 1.466371 1.501988  0.479394 -0.441717 -0.758332  0.048161 0.296955 0
syringe_lod1
0  0.000000 2.960060 -5.239404  -0.066730 -0.952441 -0.297328  0.294196 0.497822 0
0  -0.000000 3.351034 -5.673006  0.000382 -0.995692 -0.092727  0.269475 0.497822 0
0  1.288071 3.758652 -5.553248  0.854190 -0.512717 0.086489  0.267206 0.437157 0
syringe_lod1
0  1.428737 3.980907 -6.504773  0.960471 -0.091490 -0.262915  0.205520 0.414017 0
0  1.271913 3.624864 -6.301474  0.583560 -0.805081 0.106316  0.222364 0.402879 0
0  1.240456 3.932007 -6.894217  0.421857 -0.550089 -0.720721  0.215324 0.430984 0
syringe_lod1
0  1.189619 2.949685 -2.571768  0.847285 -0.524101 0.086173  0.404278 0.415557 0
0  1.026904 2.399278 -3.344715  0.705692 -0.248694 -0.663439  0.391097 0.453938 0
0  1.428442 3.591020 -3.131937  0.933143 -0.326707 -0.150023  0.364644 0.408303 0
syringe_lod1
0  0.884636 7.319439 -5.311028  0.574516 0.726650 0.376711  0.566430 0.200880 0
0  0.000000 7.297467 -4.736646  0.002907 0.923546 0.383477  0.531127 0.228695 0
0  0.842419 6.848186 -4.642970  0.742849 0.595997 0.304898  0.531781 0.184389 0
syringe_lod1
0  -0.969883 2.708637 -2.458678  -0.668942 -0.635656 0.385303  0.003983 0.110127 0
0  0.912372 2.185632 -2.760654  0.196671 -0.486051 0.851513  0.043742 0.084940 0
0  0.982807 2.677694 -2.510661  0.179387 -0.577885 0.796159  0.046484 0.108843 0
syringe_lod1
0  0.884636 7.319439 -5.311028  0.574516 0.726650 0.376711  0.566430 0.200880 0
0  1.020918 7.094905 -6.158816  0.837387 0.457160 -0.299648  0.592530 0.180394 0
0  0.812282 7.526124 -6.010212  0.653118 0.712554 -0.256326  0.585669 0.206198 0
syringe_lod1
0  1.022255 2.847409 -2.120471  0.508301 -0.859425 -0.054939  0.423460 0.409721 0
0  1.189619 2.949685 -2.571768  0.847285 -0.524101 0.086173  0.404278 0.415557 0
0  1.469567 3.195471 -1.570826  0.914162 -0.386753 -0.121367  0.425960 0.374579 0
syringe_lod1
0  1.026904 2.399278 -3.344715  0.705692 -0.248694 -0.663439  0.391097 0.453938 0
0  0.583103 2.634045 -3.589629  0.334633 -0.444923 -0.830701  0.370424 0.468303 0
0  1.428442 3.591020 -3.131937  0.933143 -0.326707 -0.150023  0.364644 0.408303 0
syringe_lod1
0  1.271913 3.624864 -6.301474  0.583560 -0.805081 0.106316  0.233707 0.441500 0
0  -0.000000 3.351034 -5.673006  0.000382 -0.995692 -0.092727  0.269475 0.497822 0
0  0.000000 3.267892 -6.451303  -0.000001 -0.979606 -0.200926  0.237285 0.497822 0
syringe_lod1
0  0.000000 5.891511 1.515698  -0.002797 0.711414 -0.702768  0.291034 0.202787 0
0  0.987241 6.488971 1.797385  0.420830 0.730016 -0.538497  0.240783 0.201940 0
0  1.031630 5.680978 1.553434  0.300637 0.599706 -0.741600  0.258820 0.169003 0
syringe_lod1
0  0.990132 -3.002533 1.019814  0.277213 -0.551823 -0.786539  0.749008 0.453904 0
0  1.514152 -2.732637 1.342508  0.918397 -0.090426 -0.385189  0.748569 0.424757 0
0  1.339505 -3.002537 1.389886  0.785748 -0.557552 -0.267834  0.759027 0.434246 0
syringe_lod1
0  1.514284 -2.731725 2.111983  0.923058 -0.159950 -0.349828  0.579910 0.004546 0
0  1.339505 -3.002537 1.389886  0.785748 -0.557552 -0.267834  0.593604 0.035879 0
0  1.514152 -2.732637 1.342508  0.918397 -0.090426 -0.385189  0.579687 0.037818 0
syringe_lod1
0  1.513067 -1.139049 1.393026  0.907459 0.298418 -0.295743  0.688776 0.391074 0
0  1.022987 -2.732637 0.845175  0.490743 -0.079087 -0.867708  0.735108 0.451985 0
0  1.019824 -0.914650 0.844809  0.420584 0.055176 -0.905574  0.664266 0.416979 0
syringe_lod1
0  -0.117524 2.598029 -3.654855  -0.052147 -0.691903 -0.720104  0.368217 0.497822 0
0  0.583103 2.634045 -3.589629  0.334633 -0.444923 -0.830701  0.370424 0.468303 0
0  0.401984 1.757515 -3.272898  0.280758 -0.739768 -0.611489  0.407938 0.483025 0
syringe_lod1
0  0.578233 6.615771 2.617092  0.004928 0.999928 -0.010902  0.028559 0.021228 0
0  1.014119 6.608289 2.128007  0.352718 0.911587 -0.211185  0.048341 0.041522 0
0  -0.275025 6.618586 2.512069  -0.025037 0.996071 -0.084940  0.003906 0.025685 0
syringe_lod1
0  1.480133 3.314119 2.044683  0.995228 0.061721 -0.075570  0.199409 0.041837 0
0  1.514152 1.824041 1.966471  0.906474 -0.102872 -0.409539  0.263734 0.040552 0
0  1.514198 2.432094 1.147128  0.960505 -0.235825 -0.147705  0.241191 0.078508 0
syringe_lod1
0  1.513067 -1.139049 1.393026  0.907459 0.298418 -0.295743  0.511938 0.032557 0
0  1.514284 -2.731725 2.111983  0.923058 -0.159950 -0.349828  0.579910 0.004546 0
0  1.514152 -2.732637 1.342508  0.918397 -0.090426 -0.385189  0.579687 0.037818 0
syringe_lod1
0  1.168092 6.818786 -5.341529  0.966090 0.212669 0.146429  0.565543 0.176760 0
0  0.884636 7.319439 -5.311028  0.574516 0.726650 0.376711  0.566430 0.200880 0
0  0.842419 6.848186 -4.642970  0.742849 0.595997 0.304898  0.531781 0.184389 0
syringe_lod1
0  0.618978 2.865908 -3.959686  0.610005 -0.733738 -0.299202  0.350716 0.468690 0
0  1.428442 3.591020 -3.131937  0.933143 -0.326707 -0.150023  0.364644 0.408303 0
0  0.583103 2.634045 -3.589629  0.334633 -0.444923 -0.830701  0.370424 0.468303 0
syringe_lod1
0  1.569310 3.228650 2.887455  0.630295 0.173123 0.756807  0.487746 0.253520 0
0  -1.110170 3.509195 2.888008  -0.000267 -0.001422 0.999999  0.499564 0.321143 0
0  2.016377 2.226961 2.885069  0.862172 0.110799 0.494352  0.444720 0.234145 0
syringe_lod1
0  -1.021651 2.847655 -2.185060  -0.353120 -0.921222 0.163266  0.003966 0.122987 0
0  0.982807 2.677694 -2.510661  0.179387 -0.577885 0.796159  0.046484 0.108843 0
0  1.022255 2.847409 -2.120471  0.508301 -0.859425 -0.054939  0.047843 0.127264 0
syringe_lod1
0  1.513067 -1.139049 1.393026  0.907459 0.298418 -0.295743  0.688776 0.391074 0
0  1.019824 -0.914650 0.844809  0.420584 0.055176 -0.905574  0.664266 0.416979 0
0  1.022987 -0.605678 1.055915  0.387519 0.772973 -0.502335  0.654522 0.404034 0
syringe_lod1
0  0.401984 1.757515 -3.272898  0.280758 -0.739768 -0.611489  0.407938 0.483025 0
0  1.029988 2.181418 -2.947191  0.853292 -0.520845 0.024783  0.409951 0.450703 0
0  0.485435 1.690650 -3.018381  0.332685 -0.942922 0.014788  0.419656 0.478309 0
syringe_lod1
0  1.288071 3.758652 -5.553248  0.854190 -0.512717 0.086489  0.212022 0.371627 0
0  1.426218 4.084070 -5.377501  0.987154 -0.131463 -0.090799  0.196328 0.366183 0
0  1.322894 3.628284 -4.338072  0.613350 -0.778808 -0.131377  0.209455 0.318744 0
syringe_lod1
0  1.410129 3.767157 -3.827094  0.900363 -0.259930 -0.348975  0.200344 0.297394 0
0  1.426218 4.084070 -5.377501  0.987154 -0.131463 -0.090799  0.196328 0.366183 0
0  1.436016 4.148170 -3.753822  0.973096 0.196558 0.120205  0.183520 0.296338 0
syringe_lod1
0  1.459981 6.106408 1.819803  0.693845 0.562004 -0.450256  0.078596 0.055648 0
0  0.987241 6.488971 1.797385  0.420830 0.730016 -0.538497  0.048980 0.057175 0
0  1.014119 6.608289 2.128007  0.352718 0.911587 -0.211185  0.048341 0.041522 0
syringe_lod1
0  1.022987 1.466371 1.501988  0.479394 -0.441717 -0.758332  0.577623 0.341925 0
0  1.514152 0.999582 2.116759  0.763739 -0.034561 -0.644599  0.612229 0.322385 0
0  1.036143 0.966924 1.654701  0.384723 -0.060820 -0.921026  0.598981 0.348578 0
syringe_lod1
0  1.493351 3.393397 1.225901  0.990799 0.118604 -0.065198  0.197320 0.077141 0
0  1.480133 3.314119 2.044683  0.995228 0.061721 -0.075570  0.199409 0.041837 0
0  1.514198 2.432094 1.147128  0.960505 -0.235825 -0.147705  0.241191 0.078508 0
syringe_lod1
0  1.523579 3.152530 0.187768  0.998679 0.044535 0.025640  0.210855 0.121583 0
0  1.410129 3.767157 -3.827094  0.900363 -0.259930 -0.348975  0.200344 0.297394 0
0  1.436016 4.148170 -3.753822  0.973096 0.196558 0.120205  0.183520 0.296338 0
syringe_lod1
0  1.436016 4.148170 -3.753822  0.973096 0.196558 0.120205  0.480039 0.072606 0
0  1.025070 5.136664 -3.768195  0.960542 0.203141 0.189980  0.483806 0.121608 0
0  1.523579 3.152530 0.187768  0.998679 0.044535 0.025640  0.305823 0.048419 0
syringe_lod1
0  1.036143 0.966924 1.654701  0.384723 -0.060820 -0.921026  1.003919 0.319270 0
0  -1.023332 -0.224475 1.653723  -0.354507 0.091792 -0.930537  1.048157 0.371052 0
0  -1.022987 0.972893 1.653769  -0.322520 -0.093927 -0.941891  1.048155 0.319281 0
syringe_lod1
0  -1.522107 3.140847 0.188551  -0.998603 0.042328 -0.031619  1.305669 0.048398 0
0  -1.056896 4.353465 0.039721  -0.949307 0.309759 -0.053540  1.317714 0.103222 0
0  -1.027065 5.142383 -3.755974  -0.958575 0.248233 0.139692  1.483605 0.120849 0
syringe_lod1
0  -1.016015 1.466980 1.501592  -0.405041 -0.472068 -0.783003  1.047859 0.296955 0
0  1.036143 0.966924 1.654701  0.384723 -0.060820 -0.921026  1.003919 0.319270 0
0  -1.022987 0.972893 1.653769  -0.322520 -0.093927 -0.941891  1.048155 0.319281 0
syringe_lod1
0  -1.023332 -0.224475 1.653723  -0.354507 0.091792 -0.930537  1.644348 0.373960 0
0  -1.514152 0.999582 2.116759  -0.761413 -0.048137 -0.646478  1.612229 0.322385 0
0  -1.022987 0.972893 1.653769  -0.322520 -0.093927 -0.941891  1.598981 0.348578 0
syringe_lod1
0  -1.016016 5.225276 -0.974902  -0.982339 0.171114 0.075693  1.118268 0.128581 0
0  -0.792932 5.071896 0.464780  -0.735540 0.669314 -0.104878  1.101035 0.067678 0
0  -0.845453 5.691479 -0.900935  -0.691755 0.673836 0.259652  1.096954 0.132073 0
syringe_lod1
0  -1.514279 -2.731746 2.111977  -0.854897 -0.280365 -0.436517  1.463311 0.040552 0
0  -1.864535 -3.002903 2.883019  -0.676051 -0.430376 0.598107  1.476190 0.003906 0
0  -2.030578 -2.724122 2.850729  -0.926629 -0.193071 0.322619  1.462920 0.003906 0
syringe_lod1
0  -2.024272 2.199517 2.879102  -0.864163 0.114351 0.490047  1.666962 0.487086 0
0  -1.563812 3.234733 2.888029  -0.661602 0.125370 0.739300  1.714130 0.487670 0
0  -1.490351 3.335730 2.158061  -0.990756 0.067304 -0.117785  1.714285 0.481329 0
syringe_lod1
0  -1.023332 -0.224475 1.653723  -0.354507 0.091792 -0.930537  1.228789 0.345352 0
0  1.025512 -0.525332 1.433483  0.435758 0.782425 -0.444888  1.244999 0.389603 0
0  -1.022987 -0.526441 1.431813  -0.383289 0.774611 -0.503058  1.244999 0.345367 0
syringe_lod1
0  -1.022987 -0.605678 1.055915  -0.392457 0.773026 -0.498406  1.261611 0.345367 0
0  1.019824 -0.914650 0.844809  0.420584 0.055176 -0.905574  1.277749 0.389603 0
0  -1.022987 -0.913695 0.845175  -0.304656 0.092390 -0.947971  1.277749 0.345367 0
syringe_lod1
0  -1.322894 3.628284 -4.338072  -0.690774 -0.722867 -0.017183  1.319846 0.430578 0
0  0.000000 2.960060 -5.239404  -0.066730 -0.952441 -0.297328  1.294196 0.497822 0
0  0.021556 2.865068 -4.472628  0.146798 -0.978780 -0.142967  1.328154 0.497822 0
syringe_lod1
0  -0.822916 7.526407 -6.003323  -0.519531 0.742909 -0.422106  1.031048 0.461691 0
0  -0.004678 7.845432 -5.847776  -0.016227 0.986504 -0.162928  1.014266 0.497822 0
0  0.004110 7.555363 -6.259755  0.001496 0.596581 -0.802552  1.035464 0.497822 0
syringe_lod1
0  -0.792932 5.071896 0.464780  -0.735540 0.669314 -0.104878  1.306152 0.139261 0
0  -1.491184 4.284505 1.676758  -0.962829 0.123544 -0.240203  1.244591 0.102689 0
0  -1.491356 5.312599 1.790792  -0.958341 0.064888 -0.278157  1.241387 0.147465 0
syringe_lod1
0  0.000000 3.725906 -7.261336  -0.008818 -0.605857 -0.795525  1.201306 0.497822 0
0  -1.193949 4.706532 -7.138451  -0.721996 0.169256 -0.670875  1.165006 0.445992 0
0  -0.000000 4.615582 -7.478561  0.007960 0.007352 -0.999941  1.166193 0.497822 0
syringe_lod1
0  -1.469567 3.195471 -1.570826  -0.917348 -0.379327 -0.120765  1.425960 0.374579 0
0  -1.428442 3.591020 -3.131937  -0.928173 -0.328150 -0.175537  1.364644 0.408303 0
0  -1.172061 2.934212 -2.577443  -0.903074 -0.421953 0.080089  1.404046 0.416220 0
syringe_lod1
0  -0.912372 2.185632 -2.760654  -0.259683 -0.476722 0.839822  1.043742 0.084940 0
0  -0.432192 1.752879 -2.823428  -0.351186 -0.697700 0.624406  1.022627 0.066423 0
0  0.365787 1.723815 -2.830215  -0.008823 -0.874184 0.485515  1.003906 0.064996 0
syringe_lod1
0  -1.168092 6.818786 -5.341530  -0.905237 0.365295 0.217036  1.565543 0.176760 0
0  -1.036411 6.075210 -4.409546  -0.953626 0.214573 0.211083  1.515626 0.151364 0
0  -0.835072 6.831007 -4.572521  -0.675398 0.628420 0.385910  1.531781 0.184389 0
syringe_lod1
0  -1.240456 3.932007 -6.894217  -0.436089 -0.471031 -0.766783  1.202001 0.442008 0
0  -1.360040 4.742504 -6.850032  -0.945931 0.227314 -0.231394  1.162505 0.432213 0
0  -1.193949 4.706532 -7.138451  -0.721996 0.169256 -0.670875  1.165006 0.445992 0
syringe_lod1
0  -1.515272 2.450146 1.114914  -0.960946 -0.236973 -0.142921  1.533774 0.319043 0
0  -1.021651 2.847655 -2.185060  -0.353120 -0.921222 0.163266  1.420845 0.411601 0
0  -1.022987 2.272861 0.065833  -0.315436 -0.919650 -0.233974  1.509000 0.362568 0
syringe_lod1
0  -1.493351 3.393397 1.225901  -0.990101 0.120343 -0.072235  1.262120 0.063164 0
0  -1.056896 4.353465 0.039721  -0.949307 0.309759 -0.053540  1.317714 0.103222 0
0  -1.522107 3.140847 0.188551  -0.998603 0.042328 -0.031619  1.305669 0.048398 0
syringe_lod1
0  -1.022987 -0.526441 1.431813  -0.383289 0.774611 -0.503058  1.653527 0.387383 0
0  -1.514320 -1.132910 1.393275  -0.907015 0.108160 -0.406970  1.688599 0.390900 0
0  -1.507969 -0.724422 2.054448  -0.900777 0.146909 -0.408679  1.675177 0.361815 0
syringe_lod1
0  -1.514152 1.824041 1.966471  -0.863677 -0.060444 -0.500408  1.263734 0.040552 0
0  -2.011865 1.013617 2.768127  -0.929610 -0.005258 -0.368507  1.300716 0.003906 0
0  -2.024272 2.199517 2.879102  -0.864163 0.114351 0.490047  1.248504 0.003906 0
syringe_lod1
0  -2.030578 -2.724122 2.850729  -0.926629 -0.193071 0.322619  1.451902 0.484987 0
0  -2.024272 2.199517 2.879102  -0.864163 0.114351 0.490047  1.666962 0.487086 0
0  -2.011865 1.013617 2.768127  -0.929610 -0.005258 -0.368507  1.613945 0.482065 0
syringe_lod1
0  -1.864535 -3.002903 2.883019  -0.676051 -0.430376 0.598107  1.218034 0.241697 0
0  -2.024272 2.199517 2.879102  -0.864163 0.114351 0.490047  1.444739 0.234145 0
0  -2.030578 -2.724122 2.850729  -0.926629 -0.193071 0.322619  1.229704 0.234145 0
syringe_lod1
0  -1.514152 6.221346 2.888029  -0.985093 0.140656 -0.099032  1.073271 0.007337 0
0  -1.459888 6.106364 1.819506  -0.752741 0.539478 -0.377285  1.078599 0.055661 0
0  -1.490351 3.335730 2.158061  -0.990756 0.067304 -0.117785  1.199832 0.037339 0
syringe_lod1
0  -0.822916 7.526407 -6.003323  -0.519531 0.742909 -0.422106  1.585669 0.206198 0
0  0.000000 7.715066 -5.191348  0.001702 0.862466 0.506112  1.554963 0.241211 0
0  -0.004678 7.845432 -5.847776  -0.016227 0.986504 -0.162928  1.573610 0.245921 0
syringe_lod1
0  -1.339505 -3.002538 2.129297  -0.000000 -1.000000 -0.000283  1.873392 0.733254 0
0  -1.339505 -3.002538 1.389886  0.000001 -1.000000 0.000000  1.843319 0.722394 0
0  -0.991838 -3.002538 1.019822  0.000002 -1.000000 0.000000  1.823162 0.731098 0
syringe_lod1
0  -1.339505 -3.002538 2.129297  -0.000000 -1.000000 -0.000283  1.873392 0.733254 0
0  1.339505 -3.002538 2.123522  0.386808 -0.913420 -0.126662  1.879700 0.797116 0
0  -1.864535 -3.002903 2.883019  0.000013 -1.000000 -0.000423  1.911357 0.724081 0
syringe_lod1
0  -1.110547 6.615771 2.888029  -0.510899 0.851785 -0.115947  1.050108 0.008709 0
0  -0.275025 6.618586 2.512069  -0.025037 0.996071 -0.084940  1.015255 0.023633 0
0  -0.986937 6.533274 1.828163  -0.159031 0.770216 -0.617638  1.048542 0.055749 0
syringe_lod1
0  -1.428491 3.982696 -6.516541  -0.989807 -0.104358 -0.096912  1.205469 0.414525 0
0  -1.288071 3.758652 -5.553247  -0.754018 -0.623862 0.205558  1.212022 0.371627 0
0  -1.432690 4.084986 -5.212032  -0.996637 -0.077384 0.026971  1.195917 0.359039 0
syringe_lod1
0  -1.514279 -2.731746 2.111977  -0.854897 -0.280365 -0.436517  1.579911 0.004546 0
0  -1.507969 -0.724422 2.054448  -0.900777 0.146909 -0.408679  1.491650 0.008571 0
0  -1.514320 -1.132910 1.393275  -0.907015 0.108160 -0.406970  1.511713 0.032456 0
syringe_lod1
0  -1.016016 5.225276 -0.974902  -0.982339 0.171114 0.075693  1.118268 0.128581 0
0  -1.027065 5.142383 -3.755974  -0.958575 0.248233 0.139692  1.157133 0.240856 0
0  -1.056896 4.353465 0.039721  -0.949307 0.309759 -0.053540  1.138542 0.074537 0
syringe_lod1
0  -1.491356 5.312599 1.790792  -0.958341 0.064888 -0.278157  1.241387 0.147465 0
0  -1.459888 6.106364 1.819506  -0.752741 0.539478 -0.377285  1.232700 0.177369 0
0  -1.031630 5.680978 1.553434  -0.301265 0.607102 -0.735300  1.258820 0.169003 0
syringe_lod1
0  -1.514279 -2.731746 2.111977  -0.854897 -0.280365 -0.436517  1.463311 0.040552 0
0  -2.030578 -2.724122 2.850729  -0.926629 -0.193071 0.322619  1.462920 0.003906 0
0  -1.507969 -0.724422 2.054448  -0.900777 0.146909 -0.408679  1.367286 0.040552 0
syringe_lod1
0  -1.490351 3.335730 2.158061  -0.990756 0.067304 -0.117785  1.199832 0.037339 0
0  -1.491184 4.284505 1.676758  -0.962829 0.123544 -0.240203  1.157929 0.057175 0
0  -1.493351 3.393397 1.225901  -0.990101 0.120343 -0.072235  1.197320 0.077141 0
syringe_lod1
0  -1.514152 1.824041 1.966471  -0.863677 -0.060444 -0.500408  1.578352 0.308711 0
0  -1.024356 1.793247 1.134297  -0.477211 -0.699192 -0.532353  1.556516 0.344528 0
0  -1.016015 1.466980 1.501592  -0.405041 -0.472068 -0.783003  1.577623 0.341925 0
syringe_lod1
0  -1.514152 6.221346 2.888029  0.000010 -0.000006 1.000000  1.616893 0.255668 0
0  -1.110170 3.509195 2.888008  -0.000267 -0.001422 0.999999  1.499816 0.273138 0
0  -1.110547 6.615771 2.888029  0.000008 -0.000007 1.000000  1.633949 0.273120 0
syringe_lod1
0  -1.491356 5.312599 1.790792  -0.958341 0.064888 -0.278157  1.241387 0.147465 0
0  -1.031630 5.680978 1.553434  -0.301265 0.607102 -0.735300  1.258820 0.169003 0
0  -0.792932 5.071896 0.464780  -0.735540 0.669314 -0.104878  1.306152 0.139261 0
syringe_lod1
0  -0.845453 5.691479 -0.900935  -0.691755 0.673836 0.259652  1.096954 0.132073 0
0  0.000000 5.395619 0.595046  0.075534 0.996585 -0.033367  1.063436 0.064996 0
0  -0.000000 6.105237 -0.800425  0.000098 0.932087 0.362235  1.056216 0.132865 0
syringe_lod1
0  -0.912372 2.185632 -2.760654  -0.259683 -0.476722 0.839822  1.418923 0.448289 0
0  -0.409937 1.651516 -3.002179  -0.272633 -0.958782 -0.080046  1.419939 0.481469 0
0  -0.432192 1.752879 -2.823428  -0.351186 -0.697700 0.624406  1.428287 0.476767 0
syringe_lod1
0  0.000000 5.395619 0.595046  0.075534 0.996585 -0.033367  1.322021 0.171912 0
0  -1.031630 5.680978 1.553434  -0.301265 0.607102 -0.735300  1.258820 0.169003 0
0  0.000000 5.891511 1.515698  -0.002797 0.711414 -0.702768  1.291034 0.202787 0
syringe_lod1
0  -1.491356 5.312599 1.790792  -0.958341 0.064888 -0.278157  1.113646 0.057175 0
0  -1.490351 3.335730 2.158061  -0.990756 0.067304 -0.117785  1.199832 0.037339 0
0  -1.459888 6.106364 1.819506  -0.752741 0.539478 -0.377285  1.078599 0.055661 0
syringe_lod1
0  -1.434509 4.148400 -3.746088  -0.988864 0.080038 0.125469  1.479722 0.072562 0
0  -1.365976 4.940917 -4.628109  -0.986368 0.113758 0.118903  1.521209 0.102287 0
0  -1.432690 4.084986 -5.212032  -0.996637 -0.077384 0.026971  1.542051 0.059645 0
syringe_lod1
0  0.000000 3.267892 -6.451303  -0.000001 -0.979606 -0.200926  1.237285 0.497822 0
0  -1.240456 3.932007 -6.894217  -0.436089 -0.471031 -0.766783  1.202001 0.442008 0
0  0.000000 3.725906 -7.261336  -0.008818 -0.605857 -0.795525  1.201306 0.497822 0
syringe_lod1
0  -1.029988 2.181418 -2.947191  -0.852219 -0.521091 0.046767  1.409951 0.450703 0
0  -0.969883 2.708637 -2.458678  -0.668942 -0.635656 0.385303  1.414139 0.424195 0
0  -1.172061 2.934212 -2.577443  -0.903074 -0.421953 0.080089  1.404046 0.416220 0
syringe_lod1
0  -1.110547 6.615771 2.888029  -0.510899 0.851785 -0.115947  1.050108 0.008709 0
0  -1.459888 6.106364 1.819506  -0.752741 0.539478 -0.377285  1.078599 0.055661 0
0  -1.514152 6.221346 2.888029  -0.985093 0.140656 -0.099032  1.073271 0.007337 0
syringe_lod1
0  -1.031630 5.680978 1.553434  -0.301265 0.607102 -0.735300  1.258820 0.169003 0
0  -1.459888 6.106364 1.819506  -0.752741 0.539478 -0.377285  1.232700 0.177369 0
0  -0.986937 6.533274 1.828163  -0.159031 0.770216 -0.617638  1.241190 0.202233 0
syringe_lod1
0  -1.056896 4.353465 0.039721  -0.949307 0.309759 -0.053540  1.317714 0.103222 0
0  -1.493351 3.393397 1.225901  -0.990101 0.120343 -0.072235  1.262120 0.063164 0
0  -1.491184 4.284505 1.676758  -0.962829 0.123544 -0.240203  1.244591 0.102689 0
syringe_lod1
0  -0.000000 6.105237 -0.800425  0.000098 0.932087 0.362235  1.056216 0.132865 0
0  -0.835072 6.831007 -4.572521  -0.675398 0.628420 0.385910  1.101655 0.297450 0
0  -0.845453 5.691479 -0.900935  -0.691755 0.673836 0.259652  1.096954 0.132073 0
syringe_lod1
0  0.000000 2.960060 -5.239404  -0.066730 -0.952441 -0.297328  1.294196 0.497822 0
0  -1.288071 3.758652 -5.553247  -0.754018 -0.623862 0.205558  1.267206 0.437157 0
0  -0.000000 3.351034 -5.673006  0.000382 -0.995692 -0.092727  1.269475 0.497822 0
syringe_lod1
0  -1.271913 3.624864 -6.301474  -0.675142 -0.731010 0.099032  1.222364 0.402879 0
0  -1.428491 3.982696 -6.516541  -0.989807 -0.104358 -0.096912  1.205469 0.414525 0
0  -1.240456 3.932007 -6.894217  -0.436089 -0.471031 -0.766783  1.215324 0.430984 0
syringe_lod1
0  -1.172061 2.934212 -2.577443  -0.903074 -0.421953 0.080089  1.404046 0.416220 0
0  -1.428442 3.591020 -3.131937  -0.928173 -0.328150 -0.175537  1.364644 0.408303 0
0  -1.050285 2.414856 -3.348294  -0.710973 -0.246817 -0.658482  1.390447 0.453306 0
syringe_lod1
0  -0.884636 7.319439 -5.311028  -0.610205 0.675893 0.413302  1.566430 0.200880 0
0  0.000000 7.297467 -4.736646  0.002907 0.923546 0.383477  1.531127 0.228695 0
0  0.000000 7.715066 -5.191348  0.001702 0.862466 0.506112  1.554963 0.241211 0
syringe_lod1
0  -0.969883 2.708637 -2.458678  -0.668942 -0.635656 0.385303  1.045843 0.108862 0
0  -0.912372 2.185632 -2.760654  -0.259683 -0.476722 0.839822  1.043742 0.084940 0
0  0.365787 1.723815 -2.830215  -0.008823 -0.874184 0.485515  1.003906 0.064996 0
syringe_lod1
0  -0.884636 7.319439 -5.311028  -0.610205 0.675893 0.413302  1.566430 0.200880 0
0  -1.027609 7.103539 -6.152854  -0.658856 0.344145 -0.668935  1.592530 0.180394 0
0  -1.168092 6.818786 -5.341530  -0.905237 0.365295 0.217036  1.565543 0.176760 0
syringe_lod1
0  -1.172061 2.934212 -2.577443  -0.903074 -0.421953 0.080089  1.404046 0.416220 0
0  -0.969883 2.708637 -2.458678  -0.668942 -0.635656 0.385303  1.414139 0.424195 0
0  -1.021651 2.847655 -2.185060  -0.353120 -0.921222 0.163266  1.420845 0.411601 0
syringe_lod1
0  -1.021651 2.847655 -2.185060  -0.353120 -0.921222 0.163266  1.420845 0.411601 0
0  -1.469567 3.195471 -1.570826  -0.917348 -0.379327 -0.120765  1.425960 0.374579 0
0  -1.172061 2.934212 -2.577443  -0.903074 -0.421953 0.080089  1.404046 0.416220 0
syringe_lod1
0  -1.027065 5.142383 -3.755974  -0.958575 0.248233 0.139692  1.157133 0.240856 0
0  -1.016016 5.225276 -0.974902  -0.982339 0.171114 0.075693  1.118268 0.128581 0
0  -1.036411 6.075210 -4.409546  -0.953626 0.214573 0.211083  1.131628 0.280764 0
syringe_lod1
0  -1.050285 2.414856 -3.348294  -0.710973 -0.246817 -0.658482  1.390447 0.453306 0
0  -1.428442 3.591020 -3.131937  -0.928173 -0.328150 -0.175537  1.364644 0.408303 0
0  -0.618978 2.625980 -3.578930  -0.262288 -0.566795 -0.780992  1.370678 0.468385 0
syringe_lod1
0  -1.271913 3.624864 -6.301474  -0.675142 -0.731010 0.099032  1.233707 0.441500 0
0  -0.000000 3.351034 -5.673006  0.000382 -0.995692 -0.092727  1.269475 0.497822 0
0  -1.288071 3.758652 -5.553247  -0.754018 -0.623862 0.205558  1.267206 0.437157 0
syringe_lod1
0  -0.991838 -3.002538 1.019822  -0.239431 -0.549201 -0.800657  1.749008 0.453904 0
0  -1.514152 -2.732637 1.342508  -0.918519 -0.090559 -0.384867  1.748569 0.424757 0
0  -1.022987 -2.732637 0.845175  -0.451529 -0.423652 -0.785265  1.735108 0.451985 0
syringe_lod1
0  -1.514279 -2.731746 2.111977  -0.854897 -0.280365 -0.436517  1.579911 0.004546 0
0  -1.339505 -3.002538 1.389886  -0.786114 -0.557588 -0.266683  1.593604 0.035879 0
0  -1.339505 -3.002538 2.129297  -0.802351 -0.533933 -0.266737  1.593856 0.003906 0
syringe_lod1
0  -1.514320 -1.132910 1.393275  -0.907015 0.108160 -0.406970  1.688599 0.390900 0
0  -1.022987 -2.732637 0.845175  -0.451529 -0.423652 -0.785265  1.735108 0.451985 0
0  -1.514152 -2.732637 1.342508  -0.918519 -0.090559 -0.384867  1.748569 0.424757 0
syringe_lod1
0  -0.991838 -3.002538 1.019822  -0.239431 -0.549201 -0.800657  1.370305 0.346714 0
0  1.022987 -2.732637 0.845175  0.490743 -0.079087 -0.867708  1.356404 0.389603 0
0  0.990132 -3.002533 1.019814  0.277213 -0.551823 -0.786539  1.370305 0.389603 0
syringe_lod1
0  -0.117524 2.598029 -3.654855  -0.052147 -0.691903 -0.720104  1.368217 0.497822 0
0  -0.497552 1.809465 -3.265917  -0.327416 -0.708103 -0.625612  1.407866 0.479211 0
0  -0.618978 2.625980 -3.578930  -0.262288 -0.566795 -0.780992  1.370678 0.468385 0
syringe_lod1
0  -1.563812 3.234733 2.888029  -0.661602 0.125370 0.739300  1.202233 0.007337 0
0  -1.514152 6.221346 2.888029  -0.985093 0.140656 -0.099032  1.073271 0.007337 0
0  -1.490351 3.335730 2.158061  -0.990756 0.067304 -0.117785  1.199832 0.037339 0
syringe_lod1
0  -1.490351 3.335730 2.158061  -0.990756 0.067304 -0.117785  1.199832 0.037339 0
0  -1.515272 2.450146 1.114914  -0.960946 -0.236973 -0.142921  1.240732 0.080020 0
0  -1.514152 1.824041 1.966471  -0.863677 -0.060444 -0.500408  1.263734 0.040552 0
syringe_lod1
0  -1.365976 4.940917 -4.628109  -0.986368 0.113758 0.118903  1.521209 0.102287 0
0  -1.027065 5.142383 -3.755974  -0.958575 0.248233 0.139692  1.483605 0.120849 0
0  -1.036411 6.075210 -4.409546  -0.953626 0.214573 0.211083  1.515626 0.151364 0
syringe_lod1
0  -1.168092 6.818786 -5.341530  -0.905237 0.365295 0.217036  1.565543 0.176760 0
0  -0.835072 6.831007 -4.572521  -0.675398 0.628420 0.385910  1.531781 0.184389 0
0  -0.884636 7.319439 -5.311028  -0.610205 0.675893 0.413302  1.566430 0.200880 0
syringe_lod1
0  -0.618978 2.865908 -3.959686  -0.514152 -0.750428 -0.415337  1.350716 0.468690 0
0  -1.428442 3.591020 -3.131937  -0.928173 -0.328150 -0.175537  1.364644 0.408303 0
0  -1.410130 3.767157 -3.827094  -0.828149 -0.559203 0.038225  1.336282 0.416642 0
syringe_lod1
0  -1.563812 3.234733 2.888029  -0.661602 0.125370 0.739300  1.487746 0.253520 0
0  -2.024272 2.199517 2.879102  -0.864163 0.114351 0.490047  1.444739 0.234145 0
0  -1.110170 3.509195 2.888008  -0.000267 -0.001422 0.999999  1.499816 0.273138 0
syringe_lod1
0  -1.029988 2.181418 -2.947191  -0.852219 -0.521091 0.046767  1.409951 0.450703 0
0  -0.497552 1.809465 -3.265917  -0.327416 -0.708103 -0.625612  1.407866 0.479211 0
0  -0.409937 1.651516 -3.002179  -0.272633 -0.958782 -0.080046  1.419939 0.481469 0
syringe_lod1
0  -1.410130 3.767157 -3.827094  -0.828149 -0.559203 0.038225  1.200344 0.297394 0
0  -1.432690 4.084986 -5.212032  -0.996637 -0.077384 0.026971  1.195917 0.359039 0
0  -1.322894 3.628284 -4.338072  -0.690774 -0.722867 -0.017183  1.209455 0.318744 0
syringe_lod1
0  -1.514152 0.999582 2.116759  -0.761413 -0.048137 -0.646478  1.612229 0.322385 0
0  -1.016015 1.466980 1.501592  -0.405041 -0.472068 -0.783003  1.577623 0.341925 0
0  -1.022987 0.972893 1.653769  -0.322520 -0.093927 -0.941891  1.598981 0.348578 0
syringe_lod1
0  -1.493351 3.393397 1.225901  -0.990101 0.120343 -0.072235  1.197320 0.077141 0
0  -1.515272 2.450146 1.114914  -0.960946 -0.236973 -0.142921  1.240732 0.080020 0
0  -1.490351 3.335730 2.158061  -0.990756 0.067304 -0.117785  1.199832 0.037339 0
syringe_lod1
0  -1.428442 3.591020 -3.131937  -0.928173 -0.328150 -0.175537  1.204535 0.266828 0
0  -1.522107 3.140847 0.188551  -0.998603 0.042328 -0.031619  1.210881 0.121429 0
0  -1.434509 4.148400 -3.746088  -0.988864 0.080038 0.125469  1.183562 0.296017 0
syringe_lod1
0  1.620381 -3.324978 2.920908  0.481303 -0.780208 -0.399528  0.947821 0.519551 0
0  -1.654772 -3.188858 2.841843  -0.255386 -0.604462 -0.754589  0.807390 0.514986 0
0  1.654667 -3.190434 2.840780  0.133334 -0.546764 -0.826602  0.948119 0.514986 0
syringe_lod1
0  -1.652743 -3.185901 7.408439  -0.337479 -0.462971 0.819613  0.661480 0.855023 0
0  -2.069595 -3.174586 7.332046  -0.344508 -0.625370 0.700162  0.646257 0.869234 0
0  -1.715415 -3.175085 6.752093  -0.214105 -0.975129 0.057301  0.638040 0.843246 0
syringe_lod1
0  2.312430 -3.174447 7.081250  0.704352 -0.607185 0.367715  0.641255 0.293092 0
0  1.713593 -3.175274 6.753634  0.087835 -0.945346 0.314017  0.648369 0.319067 0
0  2.356464 -3.207957 6.655602  0.760017 -0.578439 0.296282  0.626848 0.304429 0
syringe_lod1
0  2.030258 2.268983 2.936789  0.365126 0.639044 -0.676982  0.172383 0.505644 0
0  1.772300 -2.935610 2.822171  0.215839 -0.047998 -0.975249  0.157211 0.721695 0
0  1.774221 2.058039 2.822282  0.213259 0.151737 -0.965141  0.157211 0.505644 0
syringe_lod1
0  -1.654439 -3.228996 6.683498  -0.702730 -0.374427 0.604959  0.637418 0.839442 0
0  -1.662688 -3.337913 6.675375  -0.656698 -0.007809 0.754113  0.636901 0.834802 0
0  -1.620718 -3.330480 7.319417  -0.514926 -0.764699 0.387410  0.662077 0.848219 0
syringe_lod1
0  -2.280593 -3.324196 6.632563  -0.372028 -0.765656 0.524754  0.615300 0.851970 0
0  -1.654439 -3.228996 6.683498  -0.702730 -0.374427 0.604959  0.637418 0.839442 0
0  -2.372548 -3.190792 6.669028  -0.833162 -0.457540 0.310642  0.616931 0.858505 0
syringe_lod1
0  2.356464 -3.207957 6.655602  0.760017 -0.578439 0.296282  0.981136 0.680408 0
0  2.283844 -3.323619 3.613147  0.381022 -0.762283 -0.523209  0.976556 0.549538 0
0  2.367507 -3.195041 3.579876  0.783711 -0.545812 -0.296457  0.981136 0.549150 0
syringe_lod1
0  -1.654772 -3.188858 2.841843  -0.255386 -0.604462 -0.754589  0.766163 0.732090 0
0  -2.101636 -3.173243 2.935607  -0.424799 -0.665204 -0.614043  0.750982 0.731923 0
0  -1.774221 -2.935610 2.822282  -0.223930 -0.052180 -0.973207  0.766163 0.721684 0
syringe_lod1
0  -2.320526 -3.174058 3.189061  -0.673486 -0.670670 -0.310834  0.630983 0.920629 0
0  -1.705790 -3.175295 3.489468  -0.255750 -0.875185 -0.410661  0.638510 0.946700 0
0  -2.366739 -3.198877 3.581538  -0.798875 -0.513711 -0.312890  0.616733 0.931660 0
syringe_lod1
0  -2.312044 -3.174600 7.081817  -0.656111 -0.651740 0.380464  0.630989 0.869234 0
0  -2.372548 -3.190792 6.669028  -0.833162 -0.457540 0.310642  0.616931 0.858505 0
0  -1.715415 -3.175085 6.752093  -0.214105 -0.975129 0.057301  0.638040 0.843246 0
syringe_lod1
0  2.320355 -3.174074 3.188254  0.644537 -0.669061 -0.370039  0.019538 0.433169 0
0  1.719532 -3.174833 3.505690  0.062065 -0.971670 -0.228046  0.026638 0.407160 0
0  2.095957 -3.173954 2.929506  0.431456 -0.654617 -0.620743  0.034805 0.433169 0
syringe_lod1
0  2.012194 2.393125 3.217532  0.174449 0.926176 -0.334313  0.030625 0.769525 0
0  2.263675 2.300025 6.978401  0.659014 0.702812 0.267873  0.017654 0.929767 0
0  2.272904 2.297793 3.283289  0.732113 0.652465 -0.195704  0.017481 0.769926 0
syringe_lod1
0  1.983289 2.297079 7.295296  0.215868 0.671984 0.708406  0.029548 0.942300 0
0  2.354068 2.079373 7.011023  0.943774 0.016703 0.330169  0.008023 0.934388 0
0  2.263675 2.300025 6.978401  0.659014 0.702812 0.267873  0.017654 0.929767 0
syringe_lod1
0  2.030258 2.268983 2.936789  0.365126 0.639044 -0.676982  0.027906 0.755608 0
0  -1.774222 2.058039 2.822282  -0.221460 0.156946 -0.962457  0.193460 0.742554 0
0  -2.035214 2.275306 2.944170  -0.497906 0.540609 -0.678109  0.202693 0.756022 0
syringe_lod1
0  -2.266330 2.296036 6.901599  -0.733886 0.664843 0.139268  0.212413 0.926821 0
0  -2.361402 2.061747 3.233982  -0.887634 0.344220 -0.305973  0.222125 0.764840 0
0  -2.353347 2.049756 7.030083  -0.909330 0.007776 0.416004  0.221355 0.935674 0
syringe_lod1
0  -1.999045 2.394133 7.016653  -0.356029 0.887866 0.291440  0.199419 0.929504 0
0  1.983289 2.297079 7.295296  0.215868 0.671984 0.708406  0.029548 0.942300 0
0  2.004232 2.392629 7.018075  0.294218 0.949754 0.106782  0.030126 0.929627 0
syringe_lod1
0  1.719532 -3.174833 3.505690  0.062065 -0.971670 -0.228046  0.026638 0.407160 0
0  2.367507 -3.195041 3.579876  0.783711 -0.545812 -0.296457  0.005603 0.421756 0
0  1.655676 -3.229188 3.562928  0.690838 -0.448584 -0.567023  0.026583 0.403321 0
syringe_lod1
0  -1.620718 -3.330480 7.319417  -0.514926 -0.764699 0.387410  0.807687 0.709710 0
0  1.652953 -3.182778 7.410052  0.318315 -0.484609 0.814758  0.948119 0.714572 0
0  -1.652743 -3.185901 7.408439  -0.337479 -0.462971 0.819613  0.807390 0.714572 0
syringe_lod1
0  2.388815 -3.066936 6.713387  0.968606 -0.180268 0.171191  0.339996 0.727229 0
0  2.354068 2.079373 7.011023  0.943774 0.016703 0.330169  0.352826 0.505644 0
0  2.312430 -3.174447 7.081250  0.704352 -0.607185 0.367715  0.355264 0.731520 0
syringe_lod1
0  1.655749 -3.227038 6.684437  0.634130 -0.462317 0.619792  0.647681 0.322831 0
0  1.652953 -3.182778 7.410052  0.318315 -0.484609 0.814758  0.671743 0.307214 0
0  1.620803 -3.330064 7.313757  0.536753 -0.748955 0.388539  0.672215 0.314294 0
syringe_lod1
0  1.655749 -3.227038 6.684437  0.634130 -0.462317 0.619792  0.647681 0.322831 0
0  1.669839 -3.337634 6.674413  0.635669 0.010720 0.771887  0.646470 0.327278 0
0  2.275640 -3.327975 6.632256  0.361621 -0.766914 0.530163  0.625696 0.310573 0
syringe_lod1
0  -2.006843 2.061465 7.387759  -0.163312 0.196819 0.966743  0.548496 0.505644 0
0  -2.069595 -3.174586 7.332046  -0.344508 -0.625370 0.700162  0.553120 0.731241 0
0  -1.652743 -3.185901 7.408439  -0.337479 -0.462971 0.819613  0.533737 0.733481 0
syringe_lod1
0  2.074146 -3.174361 7.330963  0.370396 -0.615729 0.695475  0.370244 0.731257 0
0  2.038451 2.056100 7.370081  0.238607 0.265779 0.934039  0.373421 0.505644 0
0  1.652953 -3.182778 7.410052  0.318315 -0.484609 0.814758  0.389636 0.733250 0
syringe_lod1
0  -1.715415 -3.175085 6.752093  -0.214105 -0.975129 0.057301  0.638040 0.843246 0
0  -2.372548 -3.190792 6.669028  -0.833162 -0.457540 0.310642  0.616931 0.858505 0
0  -1.654439 -3.228996 6.683498  -0.702730 -0.374427 0.604959  0.637418 0.839442 0
syringe_lod1
0  -2.353347 2.049756 7.030083  -0.909330 0.007776 0.416004  0.569797 0.505644 0
0  -2.372548 -3.190792 6.669028  -0.833162 -0.457540 0.310642  0.584940 0.733243 0
0  -2.312044 -3.174600 7.081817  -0.656111 -0.651740 0.380464  0.568130 0.731563 0
syringe_lod1
0  2.012194 2.393125 3.217532  0.174449 0.926176 -0.334313  0.030625 0.769525 0
0  2.272904 2.297793 3.283289  0.732113 0.652465 -0.195704  0.017481 0.769926 0
0  2.030258 2.268983 2.936789  0.365126 0.639044 -0.676982  0.027906 0.755608 0
syringe_lod1
0  -1.774221 -2.935610 2.822282  -0.223930 -0.052180 -0.973207  0.766163 0.721684 0
0  -2.035214 2.275306 2.944170  -0.497906 0.540609 -0.678109  0.750992 0.505644 0
0  -1.774222 2.058039 2.822282  -0.221460 0.156946 -0.962457  0.766163 0.505644 0
syringe_lod1
0  2.012194 2.393125 3.217532  0.174449 0.926176 -0.334313  0.030625 0.769525 0
0  -2.035214 2.275306 2.944170  -0.497906 0.540609 -0.678109  0.202693 0.756022 0
0  -2.010859 2.392750 3.230858  -0.111197 0.990931 -0.075433  0.200045 0.769780 0
syringe_lod1
0  -2.006843 2.061465 7.387759  -0.163312 0.196819 0.966743  0.203840 0.952319 0
0  1.983289 2.297079 7.295296  0.215868 0.671984 0.708406  0.029548 0.942300 0
0  -1.961106 2.293774 7.282609  -0.292328 0.632598 0.717192  0.199160 0.942109 0
syringe_lod1
0  -2.264773 2.301042 3.271096  -0.717354 0.661812 -0.217735  0.212565 0.769544 0
0  -1.999045 2.394133 7.016653  -0.356029 0.887866 0.291440  0.199419 0.929504 0
0  -2.010859 2.392750 3.230858  -0.111197 0.990931 -0.075433  0.200045 0.769780 0
syringe_lod1
0  -1.620523 -3.321381 2.921061  -0.552085 -0.738488 -0.387088  0.662300 0.941191 0
0  -1.648448 -3.224983 3.555907  -0.613034 -0.432149 -0.661390  0.637785 0.950330 0
0  -1.654772 -3.188858 2.841843  -0.255386 -0.604462 -0.754589  0.661359 0.934447 0
syringe_lod1
0  -1.648448 -3.224983 3.555907  -0.613034 -0.432149 -0.661390  0.637785 0.950330 0
0  -1.648826 -3.338068 3.561495  -0.707620 -0.062561 -0.703818  0.637239 0.954967 0
0  -2.280038 -3.327374 3.613489  -0.366584 -0.782585 -0.503166  0.615328 0.937852 0
syringe_lod1
0  1.713593 -3.175274 6.753634  0.087835 -0.945346 0.314017  0.648369 0.319067 0
0  1.652953 -3.182778 7.410052  0.318315 -0.484609 0.814758  0.671743 0.307214 0
0  1.655749 -3.227038 6.684437  0.634130 -0.462317 0.619792  0.647681 0.322831 0
syringe_lod1
0  -2.035214 2.275306 2.944170  -0.497906 0.540609 -0.678109  0.202693 0.756022 0
0  -2.361402 2.061747 3.233982  -0.887634 0.344220 -0.305973  0.222125 0.764840 0
0  -2.264773 2.301042 3.271096  -0.717354 0.661812 -0.217735  0.212565 0.769544 0
syringe_lod1
0  2.272904 2.297793 3.283289  0.732113 0.652465 -0.195704  0.017481 0.769926 0
0  2.354068 2.079373 7.011023  0.943774 0.016703 0.330169  0.008023 0.934388 0
0  2.359642 2.048876 3.226907  0.862189 0.047980 -0.504310  0.008146 0.764308 0
syringe_lod1
0  -2.372548 -3.190792 6.669028  -0.833162 -0.457540 0.310642  0.774373 0.680408 0
0  -2.280038 -3.327374 3.613489  -0.366584 -0.782585 -0.503166  0.779152 0.549534 0
0  -2.280593 -3.324196 6.632563  -0.372028 -0.765656 0.524754  0.779095 0.680023 0
syringe_lod1
0  2.283844 -3.323619 3.613147  0.381022 -0.762283 -0.523209  0.004142 0.415424 0
0  1.655676 -3.229188 3.562928  0.690838 -0.448584 -0.567023  0.026583 0.403321 0
0  2.367507 -3.195041 3.579876  0.783711 -0.545812 -0.296457  0.005603 0.421756 0
syringe_lod1
0  -1.705790 -3.175295 3.489468  -0.255750 -0.875185 -0.410661  0.638510 0.946700 0
0  -1.654772 -3.188858 2.841843  -0.255386 -0.604462 -0.754589  0.661359 0.934447 0
0  -1.648448 -3.224983 3.555907  -0.613034 -0.432149 -0.661390  0.637785 0.950330 0
syringe_lod1
0  -2.312044 -3.174600 7.081817  -0.656111 -0.651740 0.380464  0.630989 0.869234 0
0  -1.715415 -3.175085 6.752093  -0.214105 -0.975129 0.057301  0.638040 0.843246 0
0  -2.069595 -3.174586 7.332046  -0.344508 -0.625370 0.700162  0.646257 0.869234 0
syringe_lod1
0  -1.654772 -3.188858 2.841843  -0.255386 -0.604462 -0.754589  0.008447 0.733392 0
0  1.772300 -2.935610 2.822171  0.215839 -0.047998 -0.975249  0.157211 0.721695 0
0  1.654667 -3.190434 2.840780  0.133334 -0.546764 -0.826602  0.152801 0.733488 0
syringe_lod1
0  -1.652743 -3.185901 7.408439  -0.337479 -0.462971 0.819613  0.661480 0.855023 0
0  -1.654439 -3.228996 6.683498  -0.702730 -0.374427 0.604959  0.637418 0.839442 0
0  -1.620718 -3.330480 7.319417  -0.514926 -0.764699 0.387410  0.662077 0.848219 0
syringe_lod1
0  -2.280593 -3.324196 6.632563  -0.372028 -0.765656 0.524754  0.615300 0.851970 0
0  -1.662688 -3.337913 6.675375  -0.656698 -0.007809 0.754113  0.636901 0.834802 0
0  -1.654439 -3.228996 6.683498  -0.702730 -0.374427 0.604959  0.637418 0.839442 0
syringe_lod1
0  1.620803 -3.330064 7.313757  0.536753 -0.748955 0.388539  0.672215 0.314294 0
0  1.669839 -3.337634 6.674413  0.635669 0.010720 0.771887  0.646470 0.327278 0
0  1.655749 -3.227038 6.684437  0.634130 -0.462317 0.619792  0.647681 0.322831 0
syringe_lod1
0  2.356464 -3.207957 6.655602  0.760017 -0.578439 0.296282  0.626848 0.304429 0
0  1.655749 -3.227038 6.684437  0.634130 -0.462317 0.619792  0.647681 0.322831 0
0  2.275640 -3.327975 6.632256  0.361621 -0.766914 0.530163  0.625696 0.310573 0
syringe_lod1
0  1.652953 -3.182778 7.410052  0.318315 -0.484609 0.814758  0.671743 0.307214 0
0  1.713593 -3.175274 6.753634  0.087835 -0.945346 0.314017  0.648369 0.319067 0
0  2.074146 -3.174361 7.330963  0.370396 -0.615729 0.695475  0.656523 0.293092 0
syringe_lod1
0  -1.654772 -3.188858 2.841843  -0.255386 -0.604462 -0.754589  0.661359 0.934447 0
0  -1.705790 -3.175295 3.489468  -0.255750 -0.875185 -0.410661  0.638510 0.946700 0
0  -2.101636 -3.173243 2.935607  -0.424799 -0.665204 -0.614043  0.646190 0.920629 0
syringe_lod1
0  1.654667 -3.190434 2.840780  0.133334 -0.546764 -0.826602  0.050271 0.419617 0
0  2.095957 -3.173954 2.929506  0.431456 -0.654617 -0.620743  0.034805 0.433169 0
0  1.719532 -3.174833 3.505690  0.062065 -0.971670 -0.228046  0.026638 0.407160 0
syringe_lod1
0  -2.366739 -3.198877 3.581538  -0.798875 -0.513711 -0.312890  0.616733 0.931660 0
0  -1.648448 -3.224983 3.555907  -0.613034 -0.432149 -0.661390  0.637785 0.950330 0
0  -2.280038 -3.327374 3.613489  -0.366584 -0.782585 -0.503166  0.615328 0.937852 0
syringe_lod1
0  -1.999045 2.394133 7.016653  -0.356029 0.887866 0.291440  0.199419 0.929504 0
0  -2.266330 2.296036 6.901599  -0.733886 0.664843 0.139268  0.212413 0.926821 0
0  -1.961106 2.293774 7.282609  -0.292328 0.632598 0.717192  0.199160 0.942109 0
syringe_lod1
0  1.655676 -3.229188 3.562928  0.690838 -0.448584 -0.567023  0.026583 0.403321 0
0  1.620381 -3.324978 2.920908  0.481303 -0.780208 -0.399528  0.051279 0.412898 0
0  1.654667 -3.190434 2.840780  0.133334 -0.546764 -0.826602  0.050271 0.419617 0
syringe_lod1
0  2.320355 -3.174074 3.188254  0.644537 -0.669061 -0.370039  0.019538 0.433169 0
0  2.367507 -3.195041 3.579876  0.783711 -0.545812 -0.296457  0.005603 0.421756 0
0  1.719532 -3.174833 3.505690  0.062065 -0.971670 -0.228046  0.026638 0.407160 0
syringe_lod1
0  -1.961106 2.293774 7.282609  -0.292328 0.632598 0.717192  0.199160 0.942109 0
0  -2.353347 2.049756 7.030083  -0.909330 0.007776 0.416004  0.221355 0.935674 0
0  -2.006843 2.061465 7.387759  -0.163312 0.196819 0.966743  0.203840 0.952319 0
syringe_lod1
0  2.283844 -3.323619 3.613147  0.381022 -0.762283 -0.523209  0.004142 0.415424 0
0  1.662641 -3.337969 3.570275  0.679848 0.029998 -0.732739  0.026266 0.398665 0
0  1.655676 -3.229188 3.562928  0.690838 -0.448584 -0.567023  0.026583 0.403321 0
syringe_lod1
0  1.459098 -3.563611 6.559640  0.834490 0.001397 0.551021  0.756936 0.966291 0
0  1.348323 -4.327659 6.627935  0.647852 -0.049331 0.760167  0.752465 0.933253 0
0  1.454861 -4.327633 6.372727  0.983320 -0.035525 0.178379  0.765754 0.933251 0
syringe_lod1
0  1.459098 -3.563611 6.559640  -0.000142 -1.000000 0.000158  0.981167 0.446680 0
0  1.603764 -3.563613 3.677883  0.000004 -1.000000 -0.000001  0.986952 0.321075 0
0  1.583696 -3.563613 6.628146  -0.000110 -1.000000 0.000167  0.986952 0.446531 0
syringe_lod1
0  0.527135 -5.991771 2.716774  -0.347594 -0.639474 0.685749  0.971986 0.453309 0
0  0.542698 -6.262894 2.707168  -0.470662 -0.048581 0.880975  0.960261 0.452625 0
0  1.291706 -5.991133 3.782690  -0.951620 0.022783 0.306433  0.972264 0.396463 0
syringe_lod1
0  0.592485 -6.262159 2.581206  0.002521 -0.999985 -0.004914  0.946946 0.457268 0
0  0.542698 -6.262894 2.707168  0.002832 -0.999985 -0.004597  0.952204 0.456904 0
0  -0.533593 -6.262991 2.697451  -0.002106 -0.999981 -0.005770  0.952204 0.481622 0
syringe_lod1
0  0.604985 -4.317614 2.580159  0.000319 -1.000000 -0.000403  0.328930 0.189065 0
0  -0.585760 -4.317626 2.503375  0.000021 -1.000000 0.000232  0.322653 0.213598 0
0  0.626379 -4.317588 2.534662  0.000293 -1.000000 -0.000421  0.325482 0.186992 0
syringe_lod1
0  0.604985 -4.317614 2.580159  0.000319 -1.000000 -0.000403  0.328930 0.189065 0
0  1.485528 -4.317455 3.750154  0.732073 -0.642390 -0.226724  0.377388 0.150281 0
0  1.413253 -4.317588 3.793452  0.000308 -0.999997 -0.002569  0.379128 0.153000 0
syringe_lod1
0  -1.080196 -6.262174 6.686151  0.000219 -0.999997 -0.002508  0.946946 0.219323 0
0  1.254748 -6.261869 6.531079  -0.001217 -0.999998 -0.001729  0.952204 0.275610 0
0  1.343040 -6.262098 6.599125  -0.001512 -0.999998 -0.001408  0.946946 0.275348 0
syringe_lod1
0  1.418030 -6.262156 3.789887  0.000907 -1.000000 -0.000018  0.946946 0.395958 0
0  1.254748 -6.261869 6.531079  -0.001217 -0.999998 -0.001729  0.952204 0.275610 0
0  1.291894 -6.262256 3.809999  0.000801 -1.000000 0.000094  0.952204 0.396740 0
syringe_lod1
0  -0.548005 -5.991943 2.705527  0.378517 -0.615008 0.691730  0.971874 0.476100 0
0  0.542698 -6.262894 2.707168  -0.470662 -0.048581 0.880975  0.960261 0.452625 0
0  0.527135 -5.991771 2.716774  -0.347594 -0.639474 0.685749  0.971986 0.453309 0
syringe_lod1
0  1.549543 -2.879706 6.683538  0.805089 -0.008686 0.593090  0.664754 0.443933 0
0  0.901245 -3.563354 6.928068  0.931857 -0.225722 0.284062  0.694602 0.473506 0
0  1.583696 -3.563613 6.628146  0.850539 -0.024358 0.525348  0.661974 0.473506 0
syringe_lod1
0  1.348323 -4.327659 6.627935  0.647852 -0.049331 0.760167  0.752465 0.933253 0
0  0.904782 -3.563309 6.787782  0.648387 -0.605354 0.461671  0.730698 0.966290 0
0  0.893838 -4.327665 6.777190  0.364051 -0.858919 0.360174  0.730228 0.933251 0
syringe_lod1
0  0.893838 -4.327665 6.777190  0.364051 -0.858919 0.360174  0.230255 0.397425 0
0  0.888767 -3.715996 7.173743  0.867956 -0.026062 0.495957  0.256712 0.415392 0
0  0.886008 -4.271312 7.034706  0.792821 -0.589887 0.153198  0.233505 0.408567 0
syringe_lod1
0  1.418030 -6.262156 3.789887  0.000907 -1.000000 -0.000018  0.946946 0.395958 0
0  0.542698 -6.262894 2.707168  0.002832 -0.999985 -0.004597  0.952204 0.456904 0
0  0.592485 -6.262159 2.581206  0.002521 -0.999985 -0.004914  0.946946 0.457268 0
syringe_lod1
0  0.659510 -3.563614 2.385665  0.000004 -1.000000 -0.000006  0.986952 0.253460 0
0  0.631246 -3.563615 2.523651  0.000006 -1.000000 -0.000006  0.981167 0.255577 0
0  -0.616333 -3.563615 2.509927  -0.000002 -1.000000 -0.000005  0.981167 0.226672 0
syringe_lod1
0  0.690238 -2.879704 2.392178  0.462762 -0.003687 -0.886475  0.466171 0.443934 0
0  1.603764 -3.563613 3.677883  0.950349 0.012090 -0.310951  0.534251 0.473507 0
0  0.659510 -3.563614 2.385665  0.434942 -0.015421 -0.900326  0.464854 0.473508 0
syringe_lod1
0  -0.886004 -4.327627 6.940769  -0.607322 -0.731114 0.310859  0.515056 0.213598 0
0  0.893838 -4.327665 6.777190  0.364051 -0.858919 0.360174  0.507165 0.174947 0
0  0.886008 -4.271312 7.034706  0.792821 -0.589887 0.153198  0.515057 0.175285 0
syringe_lod1
0  -0.886011 -3.715962 7.062932  -0.889284 -0.360507 0.281441  0.727930 0.357500 0
0  0.886008 -4.271312 7.034706  -0.045992 -0.233609 0.971242  0.766243 0.336333 0
0  0.888767 -3.715996 7.173743  -0.059670 -0.288536 0.955608  0.766243 0.357500 0
syringe_lod1
0  1.254748 -6.261869 6.531079  -0.678763 -0.037850 -0.733382  0.960993 0.277809 0
0  1.291706 -5.991133 3.782690  -0.951620 0.022783 0.306433  0.972264 0.396463 0
0  1.291894 -6.262256 3.809999  -0.962623 0.026482 0.269545  0.960542 0.395179 0
syringe_lod1
0  0.631246 -3.563615 2.523651  0.470100 -0.007369 -0.882582  0.942965 0.966261 0
0  1.485528 -4.317455 3.750154  0.732073 -0.642390 -0.226724  0.878428 0.933668 0
0  0.626379 -4.317588 2.534662  0.471426 -0.015920 -0.881762  0.942935 0.933658 0
syringe_lod1
0  -0.585760 -4.317626 2.503375  -0.437530 -0.014791 -0.899082  0.970213 0.933655 0
0  0.631246 -3.563615 2.523651  0.470100 -0.007369 -0.882582  0.942965 0.966261 0
0  0.626379 -4.317588 2.534662  0.471426 -0.015920 -0.881762  0.942935 0.933658 0
syringe_lod1
0  0.890877 -2.879706 7.201507  0.678692 -0.025486 0.733980  0.292875 0.416593 0
0  0.901245 -3.563354 6.928068  0.931857 -0.225722 0.284062  0.263302 0.403417 0
0  0.913421 -2.879706 6.914642  0.790308 -0.002043 0.612707  0.292875 0.403417 0
syringe_lod1
0  1.485528 -4.317455 3.750154  0.732073 -0.642390 -0.226724  0.377388 0.150281 0
0  0.604985 -4.317614 2.580159  0.000319 -1.000000 -0.000403  0.328930 0.189065 0
0  0.626379 -4.317588 2.534662  0.000293 -1.000000 -0.000421  0.325482 0.186992 0
syringe_lod1
0  0.631246 -3.563615 2.523651  0.000006 -1.000000 -0.000006  0.981167 0.255577 0
0  1.603764 -3.563613 3.677883  0.000004 -1.000000 -0.000001  0.986952 0.321075 0
0  1.479186 -3.563613 3.753176  0.000004 -1.000000 -0.000000  0.981167 0.322458 0
syringe_lod1
0  0.901245 -3.563354 6.928068  0.931857 -0.225722 0.284062  0.263302 0.403417 0
0  0.888767 -3.715996 7.173743  0.867956 -0.026062 0.495957  0.256712 0.415392 0
0  0.904782 -3.563309 6.787782  0.648387 -0.605354 0.461671  0.263294 0.397425 0
syringe_lod1
0  1.459098 -3.563611 6.559640  -0.000142 -1.000000 0.000158  0.981167 0.446680 0
0  0.901245 -3.563354 6.928068  0.931857 -0.225722 0.284062  0.986952 0.476288 0
0  0.904782 -3.563309 6.787782  0.648387 -0.605354 0.461671  0.981167 0.475921 0
syringe_lod1
0  -1.502309 -3.563613 6.356706  -0.980560 -0.009928 0.195965  1.765759 0.966290 0
0  -1.419884 -4.328009 6.594984  -0.807146 -0.068257 0.586393  1.755013 0.933253 0
0  -1.325428 -3.563611 6.695086  -0.569453 0.014045 0.821904  1.749194 0.966292 0
syringe_lod1
0  -1.502309 -3.563613 6.356706  0.000001 -1.000000 0.000000  1.981167 0.436388 0
0  -1.618391 -3.563613 3.706193  -0.000000 -1.000000 0.000001  1.986952 0.322281 0
0  -1.479185 -3.563613 3.753173  -0.000000 -1.000000 0.000001  1.981167 0.322458 0
syringe_lod1
0  -0.897326 -3.563452 6.916240  -0.000137 -1.000000 0.000984  1.986952 0.476458 0
0  -1.325428 -3.563611 6.695086  -0.000031 -1.000000 0.000608  1.981167 0.455711 0
0  -0.885993 -3.563613 6.758235  -0.000149 -0.999999 0.001006  1.981167 0.476737 0
syringe_lod1
0  0.592485 -6.262159 2.581206  0.002521 -0.999985 -0.004914  1.946946 0.481622 0
0  -0.533593 -6.262991 2.697451  -0.002106 -0.999981 -0.005770  1.952204 0.457613 0
0  -0.624083 -6.262227 2.601580  -0.003104 -0.999982 -0.005051  1.946946 0.455879 0
syringe_lod1
0  -1.274019 -4.327648 6.644386  -0.080062 -0.821088 0.565159  1.500775 0.159125 0
0  -0.893838 -4.327663 6.777190  -0.394775 -0.866562 0.305326  1.507165 0.174947 0
0  -1.419884 -4.328009 6.594984  -0.809414 -0.028719 0.586536  1.499629 0.153072 0
syringe_lod1
0  -0.548005 -5.991943 2.705527  0.378517 -0.615008 0.691730  1.971988 0.452885 0
0  -1.291899 -6.262212 3.810014  0.951989 0.001474 0.306127  1.960542 0.395178 0
0  -0.533593 -6.262991 2.697451  0.447023 -0.002885 0.894518  1.960258 0.453176 0
syringe_lod1
0  -0.627961 -4.317599 2.618712  0.000111 -1.000000 0.000269  1.329774 0.187540 0
0  -0.585760 -4.317626 2.503375  0.000021 -1.000000 0.000232  1.324504 0.188937 0
0  0.604985 -4.317614 2.580159  0.000319 -1.000000 -0.000403  1.325675 0.213598 0
syringe_lod1
0  -0.627961 -4.317599 2.618712  0.000111 -1.000000 0.000269  1.329774 0.187540 0
0  -1.409200 -4.317555 3.771562  -0.001157 -0.999997 -0.002332  1.378220 0.153296 0
0  -1.485528 -4.317417 3.750154  -0.723574 -0.651874 -0.226937  1.377388 0.150281 0
syringe_lod1
0  -1.080196 -6.262174 6.686151  0.000219 -0.999997 -0.002508  1.946946 0.266342 0
0  -1.260395 -6.261793 6.517408  0.002154 -0.999995 -0.002412  1.952204 0.276373 0
0  1.254748 -6.261869 6.531079  -0.001217 -0.999998 -0.001729  1.952204 0.219323 0
syringe_lod1
0  -1.260395 -6.261793 6.517408  0.002154 -0.999995 -0.002412  1.952204 0.276373 0
0  -1.420749 -6.262219 3.810883  -0.000074 -1.000000 0.000236  1.946946 0.395192 0
0  -1.291899 -6.262212 3.810014  0.000055 -1.000000 0.000495  1.952204 0.396739 0
syringe_lod1
0  -1.549543 -3.563613 6.683538  -0.805354 -0.000579 0.592794  1.664755 0.473506 0
0  -0.925511 -2.879706 6.924243  -0.788928 -0.016172 0.614273  1.693552 0.443932 0
0  -1.583696 -2.879706 6.628145  -0.852666 0.018656 0.522123  1.661974 0.443933 0
syringe_lod1
0  -1.325428 -3.563611 6.695086  -0.569453 0.014045 0.821904  1.749194 0.966292 0
0  -1.419884 -4.328009 6.594984  -0.807146 -0.068257 0.586393  1.755013 0.933253 0
0  -0.893838 -4.327663 6.777190  -0.394775 -0.866562 0.305326  1.730228 0.933251 0
syringe_lod1
0  -0.893838 -4.327663 6.777190  -0.394775 -0.866562 0.305326  1.230255 0.397425 0
0  -0.886004 -4.327627 6.940769  -0.607322 -0.731114 0.310859  1.230255 0.405317 0
0  -0.886011 -4.205462 7.062933  -0.620185 -0.290586 0.728650  1.235539 0.410601 0
syringe_lod1
0  -1.370382 -6.262147 6.545393  -0.845158 -0.020350 0.534129  1.592848 0.742640 0
0  -1.274019 -4.327648 6.644386  -0.080062 -0.821088 0.565159  1.587515 0.826292 0
0  -1.419884 -4.328009 6.594984  -0.809414 -0.028719 0.586536  1.602213 0.826299 0
syringe_lod1
0  -0.893838 -4.327663 6.777190  -0.394775 -0.866562 0.305326  1.230255 0.397425 0
0  -0.886011 -3.715962 7.062932  -0.889284 -0.360507 0.281441  1.256706 0.410601 0
0  -0.885993 -3.563613 6.758235  -0.758353 -0.006182 0.651814  1.263294 0.397425 0
syringe_lod1
0  -1.420749 -6.262219 3.810883  -0.000074 -1.000000 0.000236  1.946946 0.395192 0
0  -0.533593 -6.262991 2.697451  -0.002106 -0.999981 -0.005770  1.952204 0.457613 0
0  -1.291899 -6.262212 3.810014  0.000055 -1.000000 0.000495  1.952204 0.396739 0
syringe_lod1
0  -0.890877 -3.715961 7.201420  0.004309 -0.009285 0.999948  1.881339 0.427069 0
0  0.890877 -2.879706 7.201507  0.678692 -0.025486 0.733980  1.842816 0.463230 0
0  -0.890877 -2.879706 7.201420  -0.000049 -0.000000 1.000000  1.881339 0.463230 0
syringe_lod1
0  0.659510 -3.563614 2.385665  0.000004 -1.000000 -0.000006  1.986952 0.226672 0
0  -0.616333 -3.563615 2.509927  -0.000002 -1.000000 -0.000005  1.981167 0.254731 0
0  -0.700638 -3.563615 2.416923  -0.000003 -1.000000 -0.000005  1.986952 0.255656 0
syringe_lod1
0  -0.705321 -2.879703 2.405884  -0.467752 -0.009023 -0.883814  1.467019 0.443934 0
0  -1.618391 -3.563613 3.706193  -0.956179 -0.006437 -0.292712  1.535611 0.473507 0
0  -1.609906 -2.879706 3.709836  -0.956822 -0.002608 -0.290663  1.535647 0.443934 0
syringe_lod1
0  -0.897326 -3.563452 6.916240  -0.964410 -0.077698 0.252739  1.263302 0.403417 0
0  -0.886011 -3.715962 7.062932  -0.889284 -0.360507 0.281441  1.256706 0.410601 0
0  -0.890877 -3.715961 7.201420  -0.999420 -0.033736 0.004560  1.256714 0.416593 0
syringe_lod1
0  -0.886004 -4.327627 6.940769  -0.607322 -0.731114 0.310859  1.515057 0.175285 0
0  -0.893838 -4.327663 6.777190  -0.394775 -0.866562 0.305326  1.507165 0.174947 0
0  1.080196 -4.327579 6.686152  -0.000792 -0.999996 -0.002553  1.504048 0.213598 0
syringe_lod1
0  0.659510 -3.563614 2.385665  0.434942 -0.015421 -0.900326  1.436561 0.473506 0
0  -0.705321 -2.879703 2.405884  -0.467752 -0.009023 -0.883814  1.467019 0.443934 0
0  0.690238 -2.879704 2.392178  0.462762 -0.003687 -0.886475  1.436563 0.443932 0
syringe_lod1
0  -0.893838 -4.327663 6.777190  -0.394775 -0.866562 0.305326  1.730228 0.933251 0
0  -0.885993 -3.563613 6.758235  -0.758353 -0.006182 0.651814  1.729886 0.966290 0
0  -1.325428 -3.563611 6.695086  -0.569453 0.014045 0.821904  1.749194 0.966292 0
syringe_lod1
0  -1.301590 -5.990888 3.842735  0.737130 -0.645855 0.198774  1.972276 0.394013 0
0  -1.260395 -6.261793 6.517408  0.725112 0.022315 -0.688269  1.961001 0.278390 0
0  -1.291899 -6.262212 3.810014  0.951989 0.001474 0.306127  1.960542 0.395178 0
syringe_lod1
0  -0.616333 -3.563615 2.509927  -0.463327 -0.004839 -0.886174  1.943807 0.966261 0
0  -1.485528 -4.317417 3.750154  -0.723574 -0.651874 -0.226937  1.878428 0.933668 0
0  -1.479185 -3.563613 3.753173  -0.955296 -0.020858 -0.294913  1.878394 0.966271 0
syringe_lod1
0  -0.890877 -2.879706 7.201420  -0.994627 -0.031719 0.098543  1.292875 0.416593 0
0  -0.897326 -3.563452 6.916240  -0.964410 -0.077698 0.252739  1.263302 0.403417 0
0  -0.890877 -3.715961 7.201420  -0.999420 -0.033736 0.004560  1.256714 0.416593 0
syringe_lod1
0  -1.419884 -4.328009 6.594984  -0.807146 -0.068257 0.586393  1.499629 0.153072 0
0  -1.485528 -4.317417 3.750154  -0.723574 -0.651874 -0.226937  1.377388 0.150281 0
0  -1.409200 -4.317555 3.771562  -0.001157 -0.999997 -0.002332  1.378220 0.153296 0
syringe_lod1
0  -1.485528 -4.317417 3.750154  -0.723574 -0.651874 -0.226937  1.377388 0.150281 0
0  -0.585760 -4.317626 2.503375  0.000021 -1.000000 0.000232  1.324504 0.188937 0
0  -0.627961 -4.317599 2.618712  0.000111 -1.000000 0.000269  1.329774 0.187540 0
syringe_lod1
0  -0.616333 -3.563615 2.509927  -0.000002 -1.000000 -0.000005  1.981167 0.254731 0
0  -1.618391 -3.563613 3.706193  -0.000000 -1.000000 0.000001  1.986952 0.322281 0
0  -0.700638 -3.563615 2.416923  -0.000003 -1.000000 -0.000005  1.986952 0.255656 0
syringe_lod1
0  -1.274019 -4.327648 6.644386  -0.080062 -0.821088 0.565159  1.500775 0.159125 0
0  1.080196 -4.327579 6.686152  -0.000792 -0.999996 -0.002553  1.504048 0.213598 0
0  -0.893838 -4.327663 6.777190  -0.394775 -0.866562 0.305326  1.507165 0.174947 0
syringe_lod1
0  -0.897326 -3.563452 6.916240  -0.964410 -0.077698 0.252739  1.263302 0.403417 0
0  -0.885993 -3.563613 6.758235  -0.758353 -0.006182 0.651814  1.263294 0.397425 0
0  -0.886011 -3.715962 7.062932  -0.889284 -0.360507 0.281441  1.256706 0.410601 0
syringe_lod1
0  -1.325428 -3.563611 6.695086  -0.000031 -1.000000 0.000608  1.981167 0.455711 0
0  -0.897326 -3.563452 6.916240  -0.000137 -1.000000 0.000984  1.986952 0.476458 0
0  -1.549543 -3.563613 6.683538  0.000002 -1.000000 0.000119  1.986952 0.448975 0
syringe_lod1
0  0.537536 -3.132506 1.286541  -0.224106 -0.265323 -0.937753  0.504562 0.050119 0
0  0.931432 -3.132499 1.309357  0.436047 -0.626079 -0.646443  0.490619 0.051867 0
0  0.915948 -3.132490 1.405313  -0.000094 -1.000000 0.000079  0.488631 0.048374 0
syringe_lod1
0  0.573150 -3.132495 2.129673  0.000013 -1.000000 -0.000068  0.438840 0.048374 0
0  1.059583 -3.132499 2.005465  0.655588 -0.628598 0.418412  0.460741 0.051867 0
0  0.711401 -3.132499 2.204664  -0.000011 -1.000000 -0.000032  0.444804 0.051867 0
syringe_lod1
0  0.711401 -3.132499 2.204664  0.143070 -0.015586 0.989590  0.101681 0.571097 0
0  1.028936 -2.843458 2.045453  0.759464 0.008601 0.650492  0.114180 0.555820 0
0  0.711398 -2.843458 2.204664  0.119446 0.015602 0.992718  0.114180 0.571097 0
syringe_lod1
0  0.224508 -3.132503 1.839485  -0.909633 -0.345396 0.230800  0.417619 0.049501 0
0  0.235318 -3.132499 1.437506  -0.649016 -0.626599 -0.431453  0.400983 0.051867 0
0  0.331277 -3.132499 1.453106  -0.000003 -1.000000 0.000016  0.398998 0.048374 0
syringe_lod1
0  1.059583 -3.132499 2.005465  0.655588 -0.628598 0.418412  0.101681 0.553642 0
0  1.130625 -2.843457 1.657539  0.988307 -0.081215 -0.129045  0.114180 0.538370 0
0  1.028936 -2.843458 2.045453  0.759464 0.008601 0.650492  0.114180 0.555820 0
syringe_lod1
0  1.082378 -3.132502 1.611633  0.937814 -0.265132 -0.224077  0.101681 0.538370 0
0  0.971417 -2.843457 1.340003  0.664422 -0.013200 -0.747241  0.114180 0.523094 0
0  1.130625 -2.843457 1.657539  0.988307 -0.081215 -0.129045  0.114180 0.538370 0
syringe_lod1
0  0.224508 -3.132503 1.839485  -0.909633 -0.345396 0.230800  0.101681 0.603824 0
0  0.323481 -2.843458 2.102973  -0.669007 -0.021179 0.742954  0.114180 0.588547 0
0  0.164274 -2.843457 1.785438  -0.985401 -0.105702 0.133460  0.114180 0.603824 0
syringe_lod1
0  0.711398 -2.843458 2.204664  0.119446 0.015602 0.992718  0.114180 0.571097 0
0  0.363467 -3.132499 2.133620  -0.463580 -0.623034 0.630018  0.101681 0.586369 0
0  0.711401 -3.132499 2.204664  0.143070 -0.015586 0.989590  0.101681 0.571097 0
syringe_lod1
0  0.931432 -3.132499 1.309357  0.436047 -0.626079 -0.646443  0.101681 0.520915 0
0  0.583500 -2.843457 1.238312  -0.129004 -0.081140 -0.988319  0.114180 0.505644 0
0  0.971417 -2.843457 1.340003  0.664422 -0.013200 -0.747241  0.114180 0.523094 0
syringe_lod1
0  0.235318 -3.132499 1.437506  -0.649016 -0.626599 -0.431453  0.101681 0.619096 0
0  0.164274 -2.843457 1.785438  -0.985401 -0.105702 0.133460  0.114180 0.603824 0
0  0.265964 -2.843458 1.397521  -0.747266 -0.013154 -0.664394  0.114180 0.621274 0
syringe_lod1
0  0.537536 -3.132506 1.286541  -0.224106 -0.265323 -0.937753  0.101681 0.636551 0
0  0.265964 -2.843458 1.397521  -0.747266 -0.013154 -0.664394  0.114180 0.621274 0
0  0.583500 -2.843457 1.238312  -0.129004 -0.081140 -0.988319  0.114180 0.636551 0
syringe_lod1
0  0.573150 -3.132495 2.129673  0.000013 -1.000000 -0.000068  0.438840 0.048374 0
0  0.363467 -3.132499 2.133620  -0.463580 -0.623034 0.630018  0.430862 0.051867 0
0  0.224508 -3.132503 1.839485  -0.909633 -0.345396 0.230800  0.417619 0.049501 0
syringe_lod1
0  1.082378 -3.132502 1.611633  0.937814 -0.265132 -0.224077  0.474683 0.050118 0
0  1.059583 -3.132499 2.005465  0.655588 -0.628598 0.418412  0.460741 0.051867 0
0  0.963940 -3.132499 1.989662  -0.000008 -1.000000 -0.000000  0.458773 0.048374 0
syringe_lod1
0  0.701306 -3.549052 2.121754  0.135555 -0.641485 0.755064  0.589090 0.888375 0
0  0.963940 -3.132499 1.989662  0.728647 0.036773 0.683901  0.607102 0.875732 0
0  0.573150 -3.132495 2.129673  -0.163155 0.072216 0.983954  0.607103 0.893824 0
syringe_lod1
0  0.224508 -3.132503 1.839485  -0.960334 0.019562 0.278166  0.607102 0.911920 0
0  0.247184 -3.549053 1.775345  -0.989134 -0.073457 0.127354  0.589090 0.915494 0
0  0.412519 -3.549059 2.063417  -0.578270 -0.031630 0.815232  0.589090 0.901044 0
syringe_lod1
0  0.224508 -3.132503 1.839485  -0.960334 0.019562 0.278166  0.607102 0.911920 0
0  0.305634 -3.549054 1.486433  -0.620308 -0.625364 -0.473432  0.589090 0.928170 0
0  0.247184 -3.549053 1.775345  -0.989134 -0.073457 0.127354  0.589090 0.915494 0
syringe_lod1
0  0.989380 -3.549053 1.956185  0.641732 -0.634425 0.430912  0.589090 0.873917 0
0  1.082378 -3.132502 1.611633  0.980731 -0.041626 -0.190875  0.607102 0.861292 0
0  0.963940 -3.132499 1.989662  0.728647 0.036773 0.683901  0.607102 0.875732 0
syringe_lod1
0  0.331277 -3.132499 1.453106  -0.787904 -0.066957 -0.612147  0.607102 0.929986 0
0  0.679722 -3.549059 1.307947  0.052598 -0.640472 -0.766178  0.589090 0.942613 0
0  0.305634 -3.549054 1.486433  -0.620308 -0.625364 -0.473432  0.589090 0.928170 0
syringe_lod1
0  -0.363466 -3.132499 2.133620  0.431461 -0.626586 0.649023  1.430861 0.051867 0
0  -0.765444 -3.132503 2.144430  -0.232370 -0.327535 0.915820  1.447498 0.049501 0
0  -0.379210 -3.132504 2.037755  0.000038 -1.000000 0.000037  1.428885 0.048374 0
syringe_lod1
0  -0.765444 -3.132503 2.144430  -0.232370 -0.327535 0.915820  1.101681 0.571097 0
0  -1.028935 -2.843458 2.045455  -0.742956 -0.021180 0.669005  1.114180 0.555821 0
0  -1.059582 -3.132499 2.005468  -0.645340 -0.625678 0.438251  1.101681 0.553642 0
syringe_lod1
0  -0.931432 -3.132499 1.309357  -0.463569 -0.623039 -0.630021  1.490619 0.051867 0
0  -0.721670 -3.132501 1.313352  -0.000004 -1.000000 -0.000021  1.498601 0.048374 0
0  -1.070447 -3.132491 1.603552  -0.917920 -0.321271 -0.232825  1.477376 0.049505 0
syringe_lod1
0  -1.059582 -3.132499 2.005468  -0.645340 -0.625678 0.438251  1.101681 0.553642 0
0  -1.130625 -2.843457 1.657539  -0.985413 -0.105603 -0.133451  1.114180 0.538370 0
0  -1.070447 -3.132491 1.603552  -0.917920 -0.321271 -0.232825  1.101681 0.538370 0
syringe_lod1
0  -1.070447 -3.132491 1.603552  -0.917920 -0.321271 -0.232825  1.101681 0.538370 0
0  -0.971417 -2.843458 1.340003  -0.668991 -0.021151 -0.742969  1.114180 0.523094 0
0  -0.931432 -3.132499 1.309357  -0.463569 -0.623039 -0.630021  1.101681 0.520915 0
syringe_lod1
0  -0.212471 -3.132502 1.831334  0.937769 -0.265332 0.224027  1.101681 0.603824 0
0  -0.323481 -2.843458 2.102973  0.664398 -0.013157 0.747263  1.114180 0.588547 0
0  -0.363466 -3.132499 2.133620  0.431461 -0.626586 0.649023  1.101681 0.586369 0
syringe_lod1
0  -0.363466 -3.132499 2.133620  0.431461 -0.626586 0.649023  1.101681 0.586369 0
0  -0.711398 -2.843458 2.204664  -0.133461 -0.105701 0.985401  1.114180 0.571097 0
0  -0.765444 -3.132503 2.144430  -0.232370 -0.327535 0.915820  1.101681 0.571097 0
syringe_lod1
0  -0.931432 -3.132499 1.309357  -0.463569 -0.623039 -0.630021  1.101681 0.520915 0
0  -0.583500 -2.843457 1.238313  0.119445 0.015601 -0.992718  1.114180 0.505644 0
0  -0.583498 -3.132499 1.238313  0.143063 -0.015583 -0.989591  1.101681 0.505644 0
syringe_lod1
0  -0.235318 -3.132499 1.437505  0.655588 -0.628576 -0.418445  1.101681 0.619096 0
0  -0.164273 -2.843457 1.785438  0.988321 -0.081103 0.129013  1.114180 0.603824 0
0  -0.212471 -3.132502 1.831334  0.937769 -0.265332 0.224027  1.101681 0.603824 0
syringe_lod1
0  -0.583498 -3.132499 1.238313  0.143063 -0.015583 -0.989591  1.101681 0.636551 0
0  -0.265964 -2.843457 1.397521  0.759462 0.008604 -0.650495  1.114180 0.621274 0
0  -0.235318 -3.132499 1.437505  0.655588 -0.628576 -0.418445  1.101681 0.619096 0
syringe_lod1
0  -0.212471 -3.132502 1.831334  0.937769 -0.265332 0.224027  1.414925 0.050120 0
0  -0.363466 -3.132499 2.133620  0.431461 -0.626586 0.649023  1.430861 0.051867 0
0  -0.379210 -3.132504 2.037755  0.000038 -1.000000 0.000037  1.428885 0.048374 0
syringe_lod1
0  -1.059582 -3.132499 2.005468  -0.645340 -0.625678 0.438251  1.460741 0.051867 0
0  -1.020579 -3.132499 1.876044  -0.000041 -1.000000 -0.000015  1.464710 0.048374 0
0  -0.765444 -3.132503 2.144430  -0.232370 -0.327535 0.915820  1.447498 0.049501 0
syringe_lod1
0  -1.059582 -3.132499 2.005468  -0.645340 -0.625678 0.438251  1.460741 0.051867 0
0  -1.070447 -3.132491 1.603552  -0.917920 -0.321271 -0.232825  1.477376 0.049505 0
0  -1.020579 -3.132499 1.876044  -0.000041 -1.000000 -0.000015  1.464710 0.048374 0
syringe_lod1
0  -0.882243 -3.549059 1.379555  -0.578118 -0.031608 -0.815341  1.589090 0.846801 0
0  -0.721670 -3.132501 1.313352  -0.163111 0.072257 -0.983958  1.607102 0.839583 0
0  -0.593592 -3.549052 1.321223  0.135470 -0.641458 -0.755102  1.589090 0.834136 0
syringe_lod1
0  -0.701306 -3.549052 2.121754  -0.095697 -0.662959 0.742514  1.589090 0.888375 0
0  -0.765444 -3.132503 2.144430  -0.258947 0.003132 0.965886  1.607102 0.884801 0
0  -0.989377 -3.549058 1.956416  -0.637463 -0.634679 0.436833  1.589090 0.873925 0
syringe_lod1
0  -0.379210 -3.132504 2.037755  0.592821 -0.038862 0.804396  1.607103 0.902860 0
0  -0.247184 -3.549053 1.775345  0.984523 -0.071333 0.160082  1.589090 0.915494 0
0  -0.212471 -3.132502 1.831334  0.967645 -0.088807 0.236170  1.607102 0.915530 0
syringe_lod1
0  -0.305516 -3.549056 1.486694  0.627582 -0.633585 -0.452449  1.589090 0.928158 0
0  -0.212471 -3.132502 1.831334  0.967645 -0.088807 0.236170  1.607102 0.915530 0
0  -0.247184 -3.549053 1.775345  0.984523 -0.071333 0.160082  1.589090 0.915494 0
syringe_lod1
0  -0.721670 -3.132501 1.313352  -0.000004 -1.000000 -0.000021  1.498601 0.048374 0
0  -0.235318 -3.132499 1.437505  0.655588 -0.628576 -0.418445  1.514522 0.051867 0
0  -0.331183 -3.132504 1.453248  0.000041 -1.000000 -0.000069  1.514522 0.048374 0
syringe_lod1
0  -1.070447 -3.132491 1.603552  -0.953458 -0.004862 -0.301486  1.607102 0.857678 0
0  -0.989377 -3.549058 1.956416  -0.637463 -0.634679 0.436833  1.589090 0.873925 0
0  -1.020579 -3.132499 1.876044  -0.907435 0.013066 0.419988  1.607103 0.870343 0
syringe_lod1
0  -0.331183 -3.132504 1.453248  0.728339 0.037114 -0.684211  1.607102 0.929979 0
0  -0.593592 -3.549052 1.321223  0.135470 -0.641458 -0.755102  1.589090 0.942613 0
0  -0.721670 -3.132501 1.313352  -0.163111 0.072257 -0.983958  1.607102 0.942649 0
syringe_lod1
0  -0.412655 -3.549060 2.063423  0.577623 -0.016078 0.816145  1.589090 0.901039 0
0  -0.765444 -3.132503 2.144430  -0.258947 0.003132 0.965886  1.607102 0.884801 0
0  -0.701306 -3.549052 2.121754  -0.095697 -0.662959 0.742514  1.589090 0.888375 0
syringe_lod1
0  1.873600 2.147592 5.122929  0.999746 0.022557 0.000183  0.834693 0.381350 0
0  1.598893 3.648963 6.027454  0.808325 0.474370 0.348687  0.774373 0.339412 0
0  1.622584 2.147592 6.059729  0.865991 0.021930 0.499578  0.834693 0.339412 0
syringe_lod1
0  -1.622584 2.147592 4.186129  -0.865815 0.023136 -0.499830  0.834693 0.087783 0
0  -1.836945 3.648963 5.106823  -0.859986 0.494405 -0.126442  0.774373 0.129721 0
0  -1.579980 3.653798 4.189118  -0.791258 0.499090 -0.353299  0.774373 0.087783 0
syringe_lod1
0  0.936800 2.147592 3.500344  0.500032 0.022557 -0.865713  0.834693 0.465226 0
0  1.582787 3.648963 4.190508  0.706679 0.473990 -0.525298  0.774373 0.423288 0
0  1.622584 2.147592 4.186129  0.865896 0.022557 -0.499715  0.834693 0.423288 0
syringe_lod1
0  1.622584 2.147592 6.059729  0.865991 0.021930 0.499578  0.834693 0.339412 0
0  0.934285 3.640087 6.708095  0.461332 0.416304 0.783494  0.774373 0.297473 0
0  0.936800 2.147592 6.745514  0.499112 0.021473 0.866271  0.834693 0.297473 0
syringe_lod1
0  -1.616243 3.707129 5.122929  -0.254640 0.967024 0.004866  0.365564 0.985192 0
0  -1.579980 3.653798 4.189118  -0.791258 0.499090 -0.353299  0.326002 0.975884 0
0  -1.836945 3.648963 5.106823  -0.859986 0.494405 -0.126442  0.365564 0.975668 0
syringe_lod1
0  0.904524 3.648963 3.524035  0.533429 0.514747 -0.671185  0.682063 0.975668 0
0  1.399706 3.707129 4.314807  0.222774 0.966767 -0.125436  0.642501 0.985192 0
0  1.582787 3.648963 4.190508  0.706679 0.473990 -0.525298  0.642501 0.975668 0
syringe_lod1
0  -1.836945 3.648963 5.106823  -0.859986 0.494405 -0.126442  0.365564 0.975668 0
0  -1.399707 3.707129 5.931051  -0.220017 0.966767 0.130210  0.405126 0.985192 0
0  -1.616243 3.707129 5.122929  -0.254640 0.967024 0.004866  0.365564 0.985192 0
syringe_lod1
0  1.399706 3.707129 5.931051  0.220017 0.966767 0.130211  0.563376 0.985192 0
0  1.836945 3.648963 5.106823  0.754802 0.646667 0.109978  0.602938 0.975668 0
0  1.616243 3.707129 5.122929  0.255644 0.966767 0.002757  0.602938 0.985192 0
syringe_lod1
0  0.018713 3.653798 6.958138  -0.017738 0.468428 0.883323  0.484251 0.975884 0
0  0.808121 3.707129 6.522637  0.141835 0.959562 0.243152  0.523813 0.985192 0
0  0.000000 3.707129 6.739172  -0.004240 0.971504 0.236985  0.484251 0.985192 0
syringe_lod1
0  -1.598893 3.648963 6.027453  -0.803894 0.461133 0.375648  0.405126 0.975668 0
0  -0.808122 3.707129 6.522638  -0.148495 0.956000 0.253008  0.444689 0.985192 0
0  -1.399707 3.707129 5.931051  -0.220017 0.966767 0.130210  0.405126 0.985192 0
syringe_lod1
0  0.936800 2.147592 6.745514  0.499112 0.021473 0.866271  0.834693 0.297473 0
0  0.018713 3.653798 6.958138  -0.017738 0.468428 0.883323  0.774373 0.255535 0
0  -0.000000 2.147592 6.996529  0.000789 0.022172 0.999754  0.834693 0.255535 0
syringe_lod1
0  -0.808122 3.707129 3.723221  -0.127642 0.967134 -0.219909  0.286439 0.985192 0
0  -1.579980 3.653798 4.189118  -0.791258 0.499090 -0.353299  0.326002 0.975884 0
0  -1.399706 3.707129 4.314807  -0.207354 0.971504 -0.114820  0.326002 0.985192 0
syringe_lod1
0  -0.000000 2.147592 6.996529  0.000789 0.022172 0.999754  0.834693 0.255535 0
0  -0.923081 3.634948 6.721754  -0.513289 0.623962 0.589241  0.774373 0.213597 0
0  -0.936800 2.147592 6.745515  -0.499916 0.018444 0.865878  0.834693 0.213597 0
syringe_lod1
0  -0.901311 3.648627 3.522209  -0.530492 0.510588 -0.676667  0.286439 0.975656 0
0  -0.000000 3.707129 3.506684  -0.001372 0.969900 -0.243498  0.246877 0.985192 0
0  0.001765 3.653632 3.293122  0.126582 0.613923 -0.779151  0.246877 0.975995 0
syringe_lod1
0  0.018713 3.653798 6.958138  -0.017738 0.468428 0.883323  0.484251 0.975884 0
0  -0.808122 3.707129 6.522638  -0.148495 0.956000 0.253008  0.444689 0.985192 0
0  -0.923081 3.634948 6.721754  -0.513289 0.623962 0.589241  0.444689 0.974950 0
syringe_lod1
0  0.808122 3.707129 3.723221  0.131500 0.967017 -0.218140  0.682063 0.985192 0
0  0.001765 3.653632 3.293122  0.126582 0.613923 -0.779151  0.721625 0.975995 0
0  -0.000000 3.707129 3.506684  -0.001372 0.969900 -0.243498  0.721625 0.985192 0
syringe_lod1
0  1.582787 3.648963 4.190508  0.706679 0.473990 -0.525298  0.642501 0.975668 0
0  1.616243 3.707129 5.122929  0.255644 0.966767 0.002757  0.602938 0.985192 0
0  1.836945 3.648963 5.106823  0.754802 0.646667 0.109978  0.602938 0.975668 0
syringe_lod1
0  -0.936800 2.147592 3.500344  -0.500365 0.022559 -0.865521  0.834693 0.045844 0
0  -1.579980 3.653798 4.189118  -0.791258 0.499090 -0.353299  0.774373 0.087783 0
0  -0.901311 3.648627 3.522209  -0.530492 0.510588 -0.676667  0.774373 0.045844 0
syringe_lod1
0  -1.598893 3.648963 6.027453  -0.803894 0.461133 0.375648  0.774373 0.171659 0
0  -1.873600 2.147592 5.122929  -0.999746 0.022557 0.000183  0.834693 0.129721 0
0  -1.622584 2.147592 6.059729  -0.866148 0.021588 0.499320  0.834693 0.171659 0
syringe_lod1
0  0.000000 2.147592 3.249328  0.000156 0.024000 -0.999712  0.834693 0.003906 0
0  -0.901311 3.648627 3.522209  -0.530492 0.510588 -0.676667  0.774373 0.045844 0
0  0.001765 3.653632 3.293122  0.126582 0.613923 -0.779151  0.774373 0.003906 0
syringe_lod1
0  1.598893 3.648963 6.027454  0.808325 0.474370 0.348687  0.563376 0.975668 0
0  0.808121 3.707129 6.522637  0.141835 0.959562 0.243152  0.523813 0.985192 0
0  0.934285 3.640087 6.708095  0.461332 0.416304 0.783494  0.523813 0.975275 0
syringe_lod1
0  0.000000 2.147592 3.249328  0.000156 0.024000 -0.999712  0.834693 0.507164 0
0  0.904524 3.648963 3.524035  0.533429 0.514747 -0.671185  0.774373 0.465226 0
0  0.936800 2.147592 3.500344  0.500032 0.022557 -0.865713  0.834693 0.465226 0
syringe_lod1
0  -0.923081 3.634948 6.721754  -0.513289 0.623962 0.589241  0.774373 0.213597 0
0  -1.622584 2.147592 6.059729  -0.866148 0.021588 0.499320  0.834693 0.171659 0
0  -0.936800 2.147592 6.745515  -0.499916 0.018444 0.865878  0.834693 0.213597 0
syringe_lod1
0  1.622584 2.147592 4.186129  0.865896 0.022557 -0.499715  0.834693 0.423288 0
0  1.836945 3.648963 5.106823  0.754802 0.646667 0.109978  0.774373 0.381350 0
0  1.873600 2.147592 5.122929  0.999746 0.022557 0.000183  0.834693 0.381350 0
syringe_lod1
0  0.812568 9.408719 7.058942  0.502674 0.106709 0.857865  0.272995 0.962433 0
0  0.325129 4.328590 7.248583  0.034765 -0.069579 0.996970  0.250678 0.742960 0
0  1.336512 4.336712 6.807049  0.550229 -0.518569 0.654472  0.297866 0.742960 0
syringe_lod1
0  1.680064 9.418379 6.381277  0.878562 0.234567 0.416061  0.321238 0.962433 0
0  1.980657 4.311769 5.943343  0.858577 -0.090448 0.504642  0.343970 0.742960 0
0  2.075042 9.407338 5.396117  0.994547 0.104284 0.001437  0.367772 0.962433 0
syringe_lod1
0  1.027511 3.723775 3.769100  0.525586 -0.357352 -0.772049  0.766228 0.275049 0
0  1.710931 4.328779 3.810080  0.569897 -0.395726 -0.720152  0.733797 0.253051 0
0  1.558504 3.730664 4.447361  0.890063 -0.329972 -0.314494  0.766228 0.232851 0
syringe_lod1
0  2.135910 4.336712 4.877139  0.997520 -0.070075 0.006586  0.733797 0.208577 0
0  1.686116 3.725710 5.122929  0.935201 -0.353903 0.012351  0.766228 0.199156 0
0  1.558504 3.730664 4.447361  0.890063 -0.329972 -0.314494  0.766228 0.232851 0
syringe_lod1
0  1.710931 4.328779 3.810080  0.569897 -0.395726 -0.720152  0.733797 0.253051 0
0  1.027511 3.723775 3.769100  0.525586 -0.357352 -0.772049  0.766228 0.275049 0
0  0.777425 4.328929 3.118905  0.571651 -0.300336 -0.763553  0.733797 0.298050 0
syringe_lod1
0  1.672144 10.101178 4.869999  0.704533 0.706127 -0.070841  0.924182 0.100506 0
0  1.951771 9.396959 4.332846  0.966077 0.154849 -0.206681  0.897498 0.071484 0
0  1.452485 10.103347 4.284336  0.630100 0.676517 -0.381181  0.932458 0.074628 0
syringe_lod1
0  -0.000000 10.559080 5.061773  -0.000540 0.999999 0.001413  0.996094 0.108845 0
0  0.926195 10.509948 5.463277  0.326605 0.941139 0.087096  0.959874 0.124558 0
0  0.755834 10.510448 4.490359  0.260262 0.950426 -0.170157  0.966709 0.086655 0
syringe_lod1
0  0.713202 3.187011 3.548780  0.406394 0.050917 -0.912278  0.985440 0.887931 0
0  1.027511 3.723775 3.769100  0.525586 -0.357352 -0.772049  0.962101 0.871009 0
0  1.402202 3.186905 4.102494  0.802561 0.047879 -0.594645  0.985441 0.849940 0
syringe_lod1
0  0.755834 10.510448 4.490359  0.260262 0.950426 -0.170157  0.966709 0.086655 0
0  1.452485 10.103347 4.284336  0.630100 0.676517 -0.381181  0.932458 0.074628 0
0  1.023180 10.110016 3.789491  0.401520 0.696212 -0.595039  0.951856 0.053752 0
syringe_lod1
0  -0.000000 10.559080 5.061773  -0.000540 0.999999 0.001413  0.996094 0.108845 0
0  0.755834 10.510448 4.490359  0.260262 0.950426 -0.170157  0.966709 0.086655 0
0  -0.313584 10.514351 4.175059  -0.059071 0.947459 -0.314376  0.996094 0.071088 0
syringe_lod1
0  1.558504 3.730664 4.447361  0.890063 -0.329972 -0.314494  0.766228 0.232851 0
0  1.710931 4.328779 3.810080  0.569897 -0.395726 -0.720152  0.733797 0.253051 0
0  2.135910 4.336712 4.877139  0.997520 -0.070075 0.006586  0.733797 0.208577 0
syringe_lod1
0  0.926195 10.509948 5.463277  0.326605 0.941139 0.087096  0.959874 0.124558 0
0  1.329793 10.117641 6.143315  0.544736 0.692595 0.472837  0.938533 0.155631 0
0  1.620037 10.103347 5.557017  0.714782 0.672621 0.191488  0.925193 0.130415 0
syringe_lod1
0  1.620037 10.103347 5.557017  0.714782 0.672621 0.191488  0.925193 0.130415 0
0  2.075042 9.407338 5.396117  0.994547 0.104284 0.001437  0.890926 0.125199 0
0  1.672144 10.101178 4.869999  0.704533 0.706127 -0.070841  0.924182 0.100506 0
syringe_lod1
0  0.207751 10.508090 6.093153  0.110168 0.946765 0.302487  0.987894 0.149546 0
0  1.329793 10.117641 6.143315  0.544736 0.692595 0.472837  0.938533 0.155631 0
0  0.926195 10.509948 5.463277  0.326605 0.941139 0.087096  0.959874 0.124558 0
syringe_lod1
0  0.710034 3.187007 6.698898  0.412285 0.035474 0.910364  0.985441 0.718992 0
0  1.192263 3.725710 6.315193  0.655346 -0.365225 0.661159  0.962101 0.746043 0
0  0.641813 3.724019 6.696804  0.301449 -0.256320 0.918384  0.962101 0.716889 0
syringe_lod1
0  1.710931 4.328779 3.810080  0.569897 -0.395726 -0.720152  0.439178 0.742960 0
0  1.951771 9.396959 4.332846  0.966077 0.154849 -0.206681  0.414633 0.962433 0
0  2.135910 4.336712 4.877139  0.997520 -0.070075 0.006586  0.390074 0.742960 0
syringe_lod1
0  1.665902 3.187018 5.565428  0.969362 0.049152 0.240669  0.985441 0.784374 0
0  1.686116 3.725710 5.122929  0.935201 -0.353903 0.012351  0.962101 0.803539 0
0  1.558504 3.730665 5.798499  0.892087 -0.328916 0.309831  0.962101 0.773584 0
syringe_lod1
0  -0.000000 10.559080 5.061773  -0.000540 0.999999 0.001413  0.996094 0.108845 0
0  0.207751 10.508090 6.093153  0.110168 0.946765 0.302487  0.987894 0.149546 0
0  0.926195 10.509948 5.463277  0.326605 0.941139 0.087096  0.959874 0.124558 0
syringe_lod1
0  -0.000000 3.186478 3.412621  -0.017968 0.037863 -0.999121  0.985441 0.918847 0
0  0.217260 3.711491 3.441827  0.122606 -0.230253 -0.965376  0.962101 0.909284 0
0  0.713202 3.187011 3.548780  0.406394 0.050917 -0.912278  0.985440 0.887931 0
syringe_lod1
0  -0.000000 3.186478 6.833236  0.018716 0.037170 0.999134  0.985441 0.688232 0
0  0.641813 3.724019 6.696804  0.301449 -0.256320 0.918384  0.962101 0.716889 0
0  -0.198462 3.718001 6.806302  -0.035305 -0.328417 0.943873  0.962101 0.688232 0
syringe_lod1
0  1.402205 3.186905 6.143360  0.790031 0.043941 0.611491  0.985441 0.757139 0
0  1.558504 3.730665 5.798499  0.892087 -0.328916 0.309831  0.962101 0.773584 0
0  1.192263 3.725710 6.315193  0.655346 -0.365225 0.661159  0.962101 0.746043 0
syringe_lod1
0  1.402202 3.186905 4.102494  0.802561 0.047879 -0.594645  0.985441 0.849940 0
0  1.558504 3.730664 4.447361  0.890063 -0.329972 -0.314494  0.962101 0.833495 0
0  1.717668 3.186575 4.899762  0.989322 0.047961 -0.137632  0.985441 0.813077 0
syringe_lod1
0  1.686116 3.725710 5.122929  0.935201 -0.353903 0.012351  0.766228 0.199156 0
0  1.980657 4.311769 5.943343  0.858577 -0.090448 0.504642  0.733797 0.166819 0
0  1.558504 3.730665 5.798499  0.892087 -0.328916 0.309831  0.766228 0.165461 0
syringe_lod1
0  0.217260 3.711491 3.441827  0.122606 -0.230253 -0.965376  0.766228 0.317926 0
0  0.777425 4.328929 3.118905  0.571651 -0.300336 -0.763553  0.733797 0.298050 0
0  1.027511 3.723775 3.769100  0.525586 -0.357352 -0.772049  0.766228 0.275049 0
syringe_lod1
0  1.980657 4.311769 5.943343  0.858577 -0.090448 0.504642  0.733797 0.166819 0
0  1.192263 3.725710 6.315193  0.655346 -0.365225 0.661159  0.766228 0.134482 0
0  1.558504 3.730665 5.798499  0.892087 -0.328916 0.309831  0.766228 0.165461 0
syringe_lod1
0  0.672236 10.109529 6.668998  0.271578 0.695562 0.665161  0.967186 0.178037 0
0  1.680064 9.418379 6.381277  0.878562 0.234567 0.416061  0.910933 0.175015 0
0  1.329793 10.117641 6.143315  0.544736 0.692595 0.472837  0.938533 0.155631 0
syringe_lod1
0  0.812568 9.408719 7.058942  0.502674 0.106709 0.857865  0.272995 0.962433 0
0  1.336512 4.336712 6.807049  0.550229 -0.518569 0.654472  0.297866 0.742960 0
0  1.680064 9.418379 6.381277  0.878562 0.234567 0.416061  0.321238 0.962433 0
syringe_lod1
0  1.273854 9.429230 3.462811  0.558273 0.451867 -0.695807  0.931245 0.026830 0
0  0.219196 10.104937 3.442703  0.059002 0.721947 -0.689428  0.986637 0.039349 0
0  1.023180 10.110016 3.789491  0.401520 0.696212 -0.595039  0.951856 0.053752 0
syringe_lod1
0  0.926195 10.509948 5.463277  0.326605 0.941139 0.087096  0.959874 0.124558 0
0  1.672144 10.101178 4.869999  0.704533 0.706127 -0.070841  0.924182 0.100506 0
0  0.755834 10.510448 4.490359  0.260262 0.950426 -0.170157  0.966709 0.086655 0
syringe_lod1
0  1.452485 10.103347 4.284336  0.630100 0.676517 -0.381181  0.932458 0.074628 0
0  1.273854 9.429230 3.462811  0.558273 0.451867 -0.695807  0.931245 0.026830 0
0  1.023180 10.110016 3.789491  0.401520 0.696212 -0.595039  0.951856 0.053752 0
syringe_lod1
0  0.269360 9.385518 3.033632  -0.011488 0.391330 -0.920179  0.510834 0.962433 0
0  0.777425 4.328929 3.118905  0.571651 -0.300336 -0.763553  0.488861 0.742960 0
0  -0.273532 4.328519 2.995818  -0.002780 -0.505176 -0.863012  0.522491 0.742960 0
syringe_lod1
0  0.926195 10.509948 5.463277  0.326605 0.941139 0.087096  0.959874 0.124558 0
0  1.620037 10.103347 5.557017  0.714782 0.672621 0.191488  0.925193 0.130415 0
0  1.672144 10.101178 4.869999  0.704533 0.706127 -0.070841  0.924182 0.100506 0
syringe_lod1
0  0.755834 10.510448 4.490359  0.260262 0.950426 -0.170157  0.966709 0.086655 0
0  0.219196 10.104937 3.442703  0.059002 0.721947 -0.689428  0.986637 0.039349 0
0  -0.313584 10.514351 4.175059  -0.059071 0.947459 -0.314376  0.996094 0.071088 0
syringe_lod1
0  0.755834 10.510448 4.490359  0.260262 0.950426 -0.170157  0.966709 0.086655 0
0  1.672144 10.101178 4.869999  0.704533 0.706127 -0.070841  0.924182 0.100506 0
0  1.452485 10.103347 4.284336  0.630100 0.676517 -0.381181  0.932458 0.074628 0
syringe_lod1
0  1.680064 9.418379 6.381277  0.878562 0.234567 0.416061  0.910933 0.175015 0
0  1.620037 10.103347 5.557017  0.714782 0.672621 0.191488  0.925193 0.130415 0
0  1.329793 10.117641 6.143315  0.544736 0.692595 0.472837  0.938533 0.155631 0
syringe_lod1
0  1.680064 9.418379 6.381277  0.878562 0.234567 0.416061  0.321238 0.962433 0
0  1.336512 4.336712 6.807049  0.550229 -0.518569 0.654472  0.297866 0.742960 0
0  1.980657 4.311769 5.943343  0.858577 -0.090448 0.504642  0.343970 0.742960 0
syringe_lod1
0  -0.000000 10.103866 6.800639  -0.002672 0.695465 0.718555  0.996094 0.184626 0
0  0.812568 9.408719 7.058942  0.502674 0.106709 0.857865  0.954791 0.209436 0
0  0.672236 10.109529 6.668998  0.271578 0.695562 0.665161  0.967186 0.178037 0
syringe_lod1
0  2.135910 4.336712 4.877139  0.997520 -0.070075 0.006586  0.390074 0.742960 0
0  2.075042 9.407338 5.396117  0.994547 0.104284 0.001437  0.367772 0.962433 0
0  1.980657 4.311769 5.943343  0.858577 -0.090448 0.504642  0.343970 0.742960 0
syringe_lod1
0  -0.313584 10.514351 4.175059  -0.059071 0.947459 -0.314376  1.984318 0.075381 0
0  -0.680526 10.104546 3.577019  -0.278488 0.685841 -0.672359  1.966697 0.044745 0
0  -1.336320 10.104674 4.097525  -0.553849 0.723212 -0.412572  1.938396 0.067156 0
syringe_lod1
0  -1.999517 4.336712 5.913155  -0.971992 -0.107175 0.209154  1.345470 0.742960 0
0  -1.804204 9.405437 6.164588  -0.873996 0.069596 0.480924  1.332069 0.962433 0
0  -2.071571 9.418172 5.420914  -0.876888 0.407655 0.254725  1.366676 0.962433 0
syringe_lod1
0  -1.066928 4.330118 3.274957  -0.658883 -0.155392 -0.736020  1.733797 0.285388 0
0  -1.192263 3.725710 3.930664  -0.699836 -0.325998 -0.635574  1.766228 0.263830 0
0  -1.720531 4.336825 3.822630  -0.588060 -0.296099 -0.752669  1.733797 0.252440 0
syringe_lod1
0  -1.620037 10.103347 4.688841  -0.707474 0.685307 -0.172730  1.925389 0.092464 0
0  -1.660115 9.429229 3.849072  -0.698134 0.450394 -0.556556  1.911749 0.046536 0
0  -2.012329 9.405438 4.583726  -0.966791 0.061607 -0.248030  1.892205 0.083499 0
syringe_lod1
0  -0.680526 10.104546 3.577019  -0.278488 0.685841 -0.672359  1.966697 0.044745 0
0  -1.660115 9.429229 3.849072  -0.698134 0.450394 -0.556556  1.911749 0.046536 0
0  -1.336320 10.104674 4.097525  -0.553849 0.723212 -0.412572  1.938396 0.067156 0
syringe_lod1
0  0.219196 10.104937 3.442703  0.059002 0.721947 -0.689428  1.996094 0.038303 0
0  -0.812559 9.408718 3.186912  -0.357160 0.446538 -0.820391  1.954997 0.013513 0
0  -0.680526 10.104546 3.577019  -0.278488 0.685841 -0.672359  1.966697 0.044745 0
syringe_lod1
0  -0.710024 3.187007 3.546955  -0.414357 0.035824 -0.909409  1.985440 0.888087 0
0  -1.192263 3.725710 3.930664  -0.699836 -0.325998 -0.635574  1.962101 0.861035 0
0  -0.623927 3.731020 3.542845  -0.301240 -0.257632 -0.918085  1.962101 0.891013 0
syringe_lod1
0  -0.313584 10.514351 4.175059  -0.059071 0.947459 -0.314376  1.984318 0.075381 0
0  -1.336320 10.104674 4.097525  -0.553849 0.723212 -0.412572  1.938396 0.067156 0
0  -0.982577 10.510015 5.033805  -0.313152 0.949605 0.013612  1.957736 0.107982 0
syringe_lod1
0  -1.717668 3.186574 4.899762  -0.987558 0.063093 -0.144042  1.985440 0.813077 0
0  -1.689591 3.724869 5.345373  -0.918482 -0.352239 0.179772  1.962101 0.793956 0
0  -1.558505 3.730665 4.447362  -0.847726 -0.317383 -0.425004  1.962101 0.833495 0
syringe_lod1
0  -0.982577 10.510015 5.033805  -0.313152 0.949605 0.013612  1.957736 0.107982 0
0  -1.352406 10.113994 6.125007  -0.586185 0.685432 0.431937  1.937775 0.154650 0
0  -0.616778 10.508600 5.883888  -0.241218 0.944863 0.221466  1.971787 0.141189 0
syringe_lod1
0  -0.982577 10.510015 5.033805  -0.313152 0.949605 0.013612  1.957736 0.107982 0
0  -0.000000 10.559080 5.061773  -0.000540 0.999999 0.001413  1.996094 0.108845 0
0  -0.313584 10.514351 4.175059  -0.059071 0.947459 -0.314376  1.984318 0.075381 0
syringe_lod1
0  -0.616778 10.508600 5.883888  -0.241218 0.944863 0.221466  1.971787 0.141189 0
0  -1.352406 10.113994 6.125007  -0.586185 0.685432 0.431937  1.937775 0.154650 0
0  -0.680059 10.106310 6.667475  -0.269381 0.684013 0.677909  1.966873 0.177900 0
syringe_lod1
0  -0.713210 3.187011 6.697074  -0.421922 0.044857 0.905522  1.985440 0.719148 0
0  -1.330533 3.730671 6.178890  -0.735869 -0.381930 0.559130  1.962101 0.754417 0
0  -1.402206 3.186904 6.143359  -0.802514 0.074192 0.592003  1.985440 0.757139 0
syringe_lod1
0  -1.665902 3.187017 5.565428  -0.953825 0.076661 0.290414  1.985440 0.784374 0
0  -1.689591 3.724869 5.345373  -0.918482 -0.352239 0.179772  1.962101 0.793956 0
0  -1.717668 3.186574 4.899762  -0.987558 0.063093 -0.144042  1.985440 0.813077 0
syringe_lod1
0  -0.000000 10.559080 5.061773  -0.000540 0.999999 0.001413  1.996094 0.108845 0
0  -0.982577 10.510015 5.033805  -0.313152 0.949605 0.013612  1.957736 0.107982 0
0  -0.616778 10.508600 5.883888  -0.241218 0.944863 0.221466  1.971787 0.141189 0
syringe_lod1
0  -0.000000 3.186478 3.412621  -0.017968 0.037863 -0.999121  1.985440 0.918847 0
0  -0.623927 3.731020 3.542845  -0.301240 -0.257632 -0.918085  1.962101 0.891013 0
0  0.217260 3.711491 3.441827  0.122606 -0.230253 -0.965376  1.962101 0.918847 0
syringe_lod1
0  -0.000000 3.186478 6.833236  0.018716 0.037170 0.999134  1.985440 0.688232 0
0  -0.198462 3.718001 6.806302  -0.035305 -0.328417 0.943873  1.962101 0.696957 0
0  -0.713210 3.187011 6.697074  -0.421922 0.044857 0.905522  1.985440 0.719148 0
syringe_lod1
0  -0.623927 3.731020 3.542845  -0.301240 -0.257632 -0.918085  1.766228 0.297550 0
0  -1.066928 4.330118 3.274957  -0.658883 -0.155392 -0.736020  1.733797 0.285388 0
0  -0.273532 4.328519 2.995818  -0.002780 -0.505176 -0.863012  1.733797 0.317978 0
syringe_lod1
0  -0.843058 3.725710 6.583150  -0.535840 -0.252735 0.805606  1.766228 0.112924 0
0  -1.508862 4.330118 6.631792  -0.648658 -0.054813 0.759103  1.733797 0.134482 0
0  -1.330533 3.730671 6.178890  -0.735869 -0.381930 0.559130  1.766228 0.143901 0
syringe_lod1
0  -1.330533 3.730671 6.178890  -0.735869 -0.381930 0.559130  1.766228 0.143901 0
0  -1.508862 4.330118 6.631792  -0.648658 -0.054813 0.759103  1.733797 0.134482 0
0  -1.999517 4.336712 5.913155  -0.971992 -0.107175 0.209154  1.733797 0.168178 0
syringe_lod1
0  -1.402206 3.186904 6.143359  -0.802514 0.074192 0.592003  1.985440 0.757139 0
0  -1.689591 3.724869 5.345373  -0.918482 -0.352239 0.179772  1.962101 0.793956 0
0  -1.665902 3.187017 5.565428  -0.953825 0.076661 0.290414  1.985440 0.784374 0
syringe_lod1
0  -1.352406 10.113994 6.125007  -0.586185 0.685432 0.431937  1.937775 0.154650 0
0  -1.804204 9.405437 6.164588  -0.873996 0.069596 0.480924  1.903225 0.164889 0
0  -1.251759 9.397101 6.808074  -0.637676 0.062807 0.767740  1.932488 0.196895 0
syringe_lod1
0  -0.313584 10.514351 4.175059  -0.059071 0.947459 -0.314376  1.984318 0.075381 0
0  0.219196 10.104937 3.442703  0.059002 0.721947 -0.689428  1.996094 0.038303 0
0  -0.680526 10.104546 3.577019  -0.278488 0.685841 -0.672359  1.966697 0.044745 0
syringe_lod1
0  -2.012329 9.405438 4.583726  -0.966791 0.061607 -0.248030  1.892205 0.083499 0
0  -1.677161 10.106521 5.310106  -0.694754 0.714853 0.079387  1.923673 0.119433 0
0  -1.620037 10.103347 4.688841  -0.707474 0.685307 -0.172730  1.925389 0.092464 0
syringe_lod1
0  -0.982577 10.510015 5.033805  -0.313152 0.949605 0.013612  1.957736 0.107982 0
0  -1.336320 10.104674 4.097525  -0.553849 0.723212 -0.412572  1.938396 0.067156 0
0  -1.620037 10.103347 4.688841  -0.707474 0.685307 -0.172730  1.925389 0.092464 0
syringe_lod1
0  -1.352406 10.113994 6.125007  -0.586185 0.685432 0.431937  1.937775 0.154650 0
0  -2.071571 9.418172 5.420914  -0.876888 0.407655 0.254725  1.891080 0.126474 0
0  -1.804204 9.405437 6.164588  -0.873996 0.069596 0.480924  1.903225 0.164889 0
syringe_lod1
0  0.207751 10.508090 6.093153  0.110168 0.946765 0.302487  1.996094 0.151256 0
0  -0.680059 10.106310 6.667475  -0.269381 0.684013 0.677909  1.966873 0.177900 0
0  -0.000000 10.103866 6.800639  -0.002672 0.695465 0.718555  1.996094 0.184626 0
syringe_lod1
0  -1.402202 3.186904 4.102495  -0.799967 0.032796 -0.599147  1.985440 0.849940 0
0  -1.558505 3.730665 4.447362  -0.847726 -0.317383 -0.425004  1.962101 0.833495 0
0  -1.192263 3.725710 3.930664  -0.699836 -0.325998 -0.635574  1.962101 0.861035 0
syringe_lod1
0  -0.000000 10.559080 5.061773  -0.000540 0.999999 0.001413  1.996094 0.108845 0
0  -0.616778 10.508600 5.883888  -0.241218 0.944863 0.221466  1.971787 0.141189 0
0  0.207751 10.508090 6.093153  0.110168 0.946765 0.302487  1.996094 0.151256 0
syringe_lod1
0  -1.999517 4.336712 5.913155  -0.971992 -0.107175 0.209154  1.345470 0.742960 0
0  -2.071571 9.418172 5.420914  -0.876888 0.407655 0.254725  1.366676 0.962433 0
0  -2.128623 4.320276 4.866778  -0.842972 -0.441297 -0.307661  1.390553 0.742960 0
syringe_lod1
0  2.493445 -1.790115 4.700308  0.811713 -0.400081 -0.425508  0.439693 0.328965 0
0  2.319630 0.030137 4.588973  0.536496 0.131097 -0.833658  0.368337 0.337545 0
0  2.493507 0.089619 4.710629  0.817252 0.407765 -0.407219  0.362164 0.328965 0
syringe_lod1
0  2.319630 0.212939 5.218355  0.570816 0.810808 0.129462  0.340339 0.337545 0
0  2.493507 0.089619 4.710629  0.817252 0.407765 -0.407219  0.362164 0.328965 0
0  2.319630 0.212939 4.771775  0.543613 0.829619 -0.127347  0.357355 0.337545 0
syringe_lod1
0  2.493507 0.089619 4.710629  0.817252 0.407765 -0.407219  0.362164 0.328965 0
0  2.319630 0.030137 4.588973  0.536496 0.131097 -0.833658  0.368337 0.337545 0
0  2.319630 0.159397 4.642515  0.489121 0.617505 -0.615994  0.362833 0.337545 0
syringe_lod1
0  2.493280 -1.779116 5.294513  0.815336 -0.380026 0.436814  0.252701 0.328965 0
0  2.319630 -1.735243 5.401156  0.492551 -0.138822 0.859140  0.257998 0.337545 0
0  2.319630 -1.864668 5.347786  0.494056 -0.629167 0.600048  0.252492 0.337545 0
syringe_lod1
0  2.493305 0.078539 5.284584  0.821448 0.386870 0.418993  0.335085 0.328965 0
0  2.319630 0.212939 5.218355  0.570816 0.810808 0.129462  0.340339 0.337545 0
0  2.319630 0.159561 5.347786  0.506925 0.617349 0.601588  0.334859 0.337545 0
syringe_lod1
0  2.319630 0.212939 4.771775  0.543613 0.829619 -0.127347  0.357355 0.337545 0
0  2.493507 0.089619 4.710629  0.817252 0.407765 -0.407219  0.362164 0.328965 0
0  2.319630 0.159397 4.642515  0.489121 0.617505 -0.615994  0.362833 0.337545 0
syringe_lod1
0  2.319630 -1.918045 5.218354  0.581474 -0.803959 0.124651  0.247012 0.337545 0
0  2.493445 -1.790115 4.700308  0.811713 -0.400081 -0.425508  0.224727 0.328965 0
0  2.493280 -1.779116 5.294513  0.815336 -0.380026 0.436814  0.252701 0.328965 0
syringe_lod1
0  2.319630 0.030137 5.401156  0.524335 0.136233 0.840543  0.329354 0.337545 0
0  2.493280 -1.779116 5.294513  0.815336 -0.380026 0.436814  0.252701 0.328965 0
0  2.493305 0.078539 5.284584  0.821448 0.386870 0.418993  0.335085 0.328965 0
syringe_lod1
0  1.860473 -7.687391 3.080271  -0.870486 0.347016 -0.349048  0.729812 0.373331 0
0  1.992461 -7.487576 3.087277  -0.349197 0.729150 -0.588559  0.735239 0.365323 0
0  2.226176 -7.507870 3.082302  0.380585 0.861439 -0.336272  0.745179 0.366146 0
syringe_lod1
0  2.028885 -8.034827 5.923936  -0.242632 -0.962842 0.118592  0.530913 0.959821 0
0  1.901738 -7.693039 6.562641  -0.827257 0.463996 -0.316786  0.543551 0.929351 0
0  1.845013 -7.682191 5.924308  -0.944453 0.316782 0.087505  0.543551 0.959821 0
syringe_lod1
0  2.266470 -7.850037 6.684118  0.865932 -0.337057 0.369533  0.568644 0.929912 0
0  2.206160 -7.515683 5.922930  0.409269 0.908724 0.081977  0.556006 0.959821 0
0  2.147091 -7.584070 6.679343  0.444854 0.853058 0.272759  0.556006 0.928580 0
syringe_lod1
0  0.475818 -3.407455 1.821902  -0.864572 0.009925 0.502411  0.889259 0.478928 0
0  0.736324 -5.980692 1.922219  0.281604 0.149565 0.947802  0.901702 0.365816 0
0  0.747863 -3.407455 1.893120  0.505038 0.016140 0.862946  0.901702 0.478928 0
syringe_lod1
0  3.049030 -7.892756 5.353649  0.623721 0.016631 0.781470  0.190684 0.124218 0
0  2.381821 -7.645662 5.880913  0.600020 0.361276 0.713761  0.180390 0.090411 0
0  2.387908 -7.900601 5.888281  0.655868 -0.276407 0.702450  0.190684 0.090258 0
syringe_lod1
0  0.819081 -3.407455 1.621074  0.861691 0.009820 -0.507339  0.914192 0.478928 0
0  0.582196 -6.072562 1.550571  -0.452182 -0.218284 -0.864803  0.926633 0.365738 0
0  0.547035 -3.407455 1.549857  -0.505061 0.003412 -0.863077  0.926633 0.478928 0
syringe_lod1
0  0.954175 -6.301528 1.979629  0.102851 0.329306 0.938605  0.901702 0.346134 0
0  0.468552 -6.052619 1.820106  -0.906893 -0.234092 0.350352  0.889259 0.366109 0
0  0.808824 -6.545757 1.899174  -0.517531 -0.720731 0.461203  0.889259 0.346210 0
syringe_lod1
0  1.781096 -7.583493 7.011397  0.170091 0.865687 0.470802  0.556006 0.910147 0
0  1.901738 -7.693039 6.562641  -0.827257 0.463996 -0.316786  0.543551 0.929351 0
0  1.697469 -7.694288 6.746668  -0.307850 0.461201 -0.832179  0.543551 0.910497 0
syringe_lod1
0  0.747863 -3.407455 1.893120  0.505038 0.016140 0.862946  0.901702 0.478928 0
0  0.841836 -5.985676 1.653024  0.842774 0.209971 -0.495625  0.914192 0.366095 0
0  0.819081 -3.407455 1.621074  0.861691 0.009820 -0.507339  0.914192 0.478928 0
syringe_lod1
0  2.398569 -7.891356 3.218827  0.003161 -0.999994 -0.001619  0.944290 0.833707 0
0  3.049030 -7.892756 5.353649  0.007972 -0.999963 -0.003086  0.916152 0.741396 0
0  2.387908 -7.900601 5.888281  0.009095 -0.999953 -0.003428  0.944290 0.722382 0
syringe_lod1
0  2.003809 -8.013376 3.080016  -0.386214 -0.911748 -0.139838  0.926633 0.214217 0
0  1.918496 -7.647606 2.327105  -0.977454 0.204248 0.053534  0.939123 0.248314 0
0  2.032172 -7.887679 2.193215  -0.335687 -0.806763 -0.486259  0.926633 0.248674 0
syringe_lod1
0  2.190255 -7.284669 2.142540  0.476932 0.452047 0.753783  0.901702 0.269028 0
0  2.269352 -6.963391 1.802228  0.891248 0.226308 -0.393015  0.914192 0.285020 0
0  2.064184 -6.705061 2.036479  0.441418 0.420324 0.792766  0.901702 0.295300 0
syringe_lod1
0  1.011700 -6.254269 1.695222  0.490874 0.651986 -0.577890  0.914192 0.346023 0
0  0.736324 -5.980692 1.922219  0.281604 0.149565 0.947802  0.901702 0.365816 0
0  0.954175 -6.301528 1.979629  0.102851 0.329306 0.938605  0.901702 0.346134 0
syringe_lod1
0  1.754998 -6.681282 1.644876  -0.122653 -0.292169 -0.948469  0.926633 0.306758 0
0  1.011700 -6.254269 1.695222  0.490874 0.651986 -0.577890  0.914192 0.346023 0
0  1.919880 -6.445868 1.724322  0.531120 0.724275 -0.439701  0.914192 0.306355 0
syringe_lod1
0  1.652732 -6.712180 1.924328  -0.468951 -0.672198 0.572918  0.939123 0.309342 0
0  0.864508 -6.504014 1.614017  -0.290657 -0.561115 -0.775028  0.926633 0.346117 0
0  1.754998 -6.681282 1.644876  -0.122653 -0.292169 -0.948469  0.926633 0.306758 0
syringe_lod1
0  2.302129 -7.392706 1.895002  0.859783 -0.246188 -0.447397  0.914192 0.269028 0
0  2.037323 -7.224273 1.718058  -0.253988 -0.363239 -0.896408  0.926633 0.277990 0
0  2.269352 -6.963391 1.802228  0.891248 0.226308 -0.393015  0.914192 0.285020 0
syringe_lod1
0  2.032172 -7.887679 2.193215  -0.335687 -0.806763 -0.486259  0.926633 0.248674 0
0  2.302129 -7.392706 1.895002  0.859783 -0.246188 -0.447397  0.914192 0.269028 0
0  2.301799 -7.813705 2.301142  0.858607 -0.464394 -0.217099  0.914192 0.246297 0
syringe_lod1
0  1.840845 -7.853183 7.116107  0.352814 -0.335188 0.873597  0.568644 0.910887 0
0  2.001678 -7.966872 6.604912  -0.212192 -0.975515 -0.057836  0.581099 0.929188 0
0  2.266470 -7.850037 6.684118  0.865932 -0.337057 0.369533  0.568644 0.929912 0
syringe_lod1
0  2.190255 -7.284669 2.142540  0.476932 0.452047 0.753783  0.901702 0.269028 0
0  2.301799 -7.813705 2.301142  0.858607 -0.464394 -0.217099  0.914192 0.246297 0
0  2.302129 -7.392706 1.895002  0.859783 -0.246188 -0.447397  0.914192 0.269028 0
syringe_lod1
0  1.840845 -7.853183 7.116107  0.352814 -0.335188 0.873597  0.568644 0.910887 0
0  2.147091 -7.584070 6.679343  0.444854 0.853058 0.272759  0.556006 0.928580 0
0  1.781096 -7.583493 7.011397  0.170091 0.865687 0.470802  0.556006 0.910147 0
syringe_lod1
0  1.592448 -6.398924 1.990220  0.136625 0.593399 0.793229  0.901702 0.317147 0
0  1.011700 -6.254269 1.695222  0.490874 0.651986 -0.577890  0.914192 0.346023 0
0  0.954175 -6.301528 1.979629  0.102851 0.329306 0.938605  0.901702 0.346134 0
syringe_lod1
0  1.652732 -6.712180 1.924328  -0.468951 -0.672198 0.572918  0.889259 0.309342 0
0  0.954175 -6.301528 1.979629  0.102851 0.329306 0.938605  0.901702 0.346134 0
0  0.808824 -6.545757 1.899174  -0.517531 -0.720731 0.461203  0.889259 0.346210 0
syringe_lod1
0  1.901738 -7.693039 6.562641  -0.827257 0.463996 -0.316786  0.543551 0.929351 0
0  1.770787 -7.963616 6.837837  -0.086153 -0.972685 -0.215551  0.530913 0.912450 0
0  1.697469 -7.694288 6.746668  -0.307850 0.461201 -0.832179  0.543551 0.910497 0
syringe_lod1
0  1.011700 -6.254269 1.695222  0.490874 0.651986 -0.577890  0.914192 0.346023 0
0  0.582196 -6.072562 1.550571  -0.452182 -0.218284 -0.864803  0.926633 0.365738 0
0  0.841836 -5.985676 1.653024  0.842774 0.209971 -0.495625  0.914192 0.366095 0
syringe_lod1
0  -1.742105 -7.963704 6.856428  0.082517 -0.977851 -0.192350  0.530913 0.834121 0
0  1.697469 -7.694288 6.746668  -0.307850 0.461201 -0.832179  0.543551 0.910497 0
0  1.770787 -7.963616 6.837837  -0.086153 -0.972685 -0.215551  0.530913 0.912450 0
syringe_lod1
0  1.840845 -7.853183 7.116107  0.352814 -0.335188 0.873597  0.568644 0.910887 0
0  -1.742105 -7.963704 6.856428  0.082517 -0.977851 -0.192350  0.581099 0.834121 0
0  1.770787 -7.963616 6.837837  -0.086153 -0.972685 -0.215551  0.581099 0.912450 0
syringe_lod1
0  1.921491 -7.148992 1.980622  -0.910395 -0.158860 0.382026  0.889259 0.279082 0
0  2.064184 -6.705061 2.036479  0.441418 0.420324 0.792766  0.901702 0.295300 0
0  1.652732 -6.712180 1.924328  -0.468951 -0.672198 0.572918  0.889259 0.309342 0
syringe_lod1
0  2.037323 -7.224273 1.718058  -0.253988 -0.363239 -0.896408  0.926633 0.277990 0
0  1.919880 -6.445868 1.724322  0.531120 0.724275 -0.439701  0.914192 0.306355 0
0  2.269352 -6.963391 1.802228  0.891248 0.226308 -0.393015  0.914192 0.285020 0
syringe_lod1
0  1.921491 -7.148992 1.980622  -0.910395 -0.158860 0.382026  0.939123 0.279082 0
0  1.754998 -6.681282 1.644876  -0.122653 -0.292169 -0.948469  0.926633 0.306758 0
0  2.037323 -7.224273 1.718058  -0.253988 -0.363239 -0.896408  0.926633 0.277990 0
syringe_lod1
0  1.918496 -7.647606 2.327105  -0.977454 0.204248 0.053534  0.889259 0.248314 0
0  2.190255 -7.284669 2.142540  0.476932 0.452047 0.753783  0.901702 0.269028 0
0  1.921491 -7.148992 1.980622  -0.910395 -0.158860 0.382026  0.889259 0.279082 0
syringe_lod1
0  2.301799 -7.813705 2.301142  0.858607 -0.464394 -0.217099  0.914192 0.246297 0
0  2.003809 -8.013376 3.080016  -0.386214 -0.911748 -0.139838  0.926633 0.214217 0
0  2.032172 -7.887679 2.193215  -0.335687 -0.806763 -0.486259  0.926633 0.248674 0
syringe_lod1
0  2.190356 -7.562430 2.416843  0.459485 0.837426 0.295957  0.901702 0.245858 0
0  2.360917 -7.887578 3.081820  0.891009 -0.435468 -0.128337  0.914192 0.214217 0
0  2.301799 -7.813705 2.301142  0.858607 -0.464394 -0.217099  0.914192 0.246297 0
syringe_lod1
0  2.190356 -7.562430 2.416843  0.459485 0.837426 0.295957  0.901702 0.245858 0
0  1.860473 -7.687391 3.080271  -0.939875 0.330357 -0.086602  0.889259 0.214217 0
0  2.226176 -7.507870 3.082302  0.384541 0.918105 -0.095975  0.901702 0.214217 0
syringe_lod1
0  2.032172 -7.887679 2.193215  -0.335687 -0.806763 -0.486259  0.926633 0.248674 0
0  1.921491 -7.148992 1.980622  -0.910395 -0.158860 0.382026  0.939123 0.279082 0
0  2.037323 -7.224273 1.718058  -0.253988 -0.363239 -0.896408  0.926633 0.277990 0
syringe_lod1
0  1.845013 -7.682191 5.924308  -0.944453 0.316782 0.087505  0.543551 0.959821 0
0  2.147091 -7.584070 6.679343  0.444854 0.853058 0.272759  0.556006 0.928580 0
0  2.206160 -7.515683 5.922930  0.409269 0.908724 0.081977  0.556006 0.959821 0
syringe_lod1
0  0.468552 -6.052619 1.820106  -0.906893 -0.234092 0.350352  0.939123 0.366109 0
0  0.864508 -6.504014 1.614017  -0.290657 -0.561115 -0.775028  0.926633 0.346117 0
0  0.808824 -6.545757 1.899174  -0.517531 -0.720731 0.461203  0.939123 0.346210 0
syringe_lod1
0  3.049030 -7.654425 3.652539  0.571054 -0.070596 -0.817872  0.725956 0.251017 0
0  2.398569 -7.891356 3.218827  0.599152 -0.256621 -0.758395  0.715708 0.217211 0
0  2.387075 -7.646693 3.109909  0.602492 -0.300801 -0.739271  0.725956 0.217056 0
syringe_lod1
0  2.381821 -7.645662 5.880913  0.600020 0.361276 0.713761  0.378385 0.352658 0
0  2.206160 -7.515683 5.922930  0.378932 0.844314 0.378873  0.386279 0.346825 0
0  2.301906 -7.852539 5.930033  0.337534 -0.035311 0.940651  0.382590 0.361214 0
syringe_lod1
0  1.845013 -7.682191 5.924308  -0.878014 0.341007 0.335865  0.056216 0.401784 0
0  1.992461 -7.487576 3.087277  -0.349197 0.729150 -0.588559  0.178642 0.391533 0
0  1.860473 -7.687391 3.080271  -0.870486 0.347016 -0.349048  0.178640 0.401784 0
syringe_lod1
0  3.049343 -7.654744 5.349765  0.999999 -0.001082 0.000151  0.704036 0.243287 0
0  3.049344 -7.891355 3.656452  0.999999 0.001091 -0.000152  0.630822 0.253579 0
0  3.049030 -7.654425 3.652539  0.999999 0.001323 -0.000184  0.630644 0.243334 0
syringe_lod1
0  2.381821 -7.645662 5.880913  0.600020 0.361276 0.713761  0.057853 0.370897 0
0  2.226176 -7.507870 3.082302  0.380585 0.861439 -0.336272  0.178647 0.381269 0
0  2.206160 -7.515683 5.922930  0.378932 0.844314 0.378873  0.056223 0.381193 0
syringe_lod1
0  2.230173 -8.058798 3.087277  0.251381 -0.762082 -0.596689  0.178674 0.350504 0
0  2.360917 -7.887578 3.081820  0.801253 -0.311919 -0.510589  0.178665 0.360775 0
0  2.398569 -7.891356 3.218827  0.833421 -0.537005 -0.130522  0.172976 0.360767 0
syringe_lod1
0  1.992124 -7.486407 5.918422  -0.310959 0.744364 0.590954  0.056218 0.391487 0
0  2.226176 -7.507870 3.082302  0.380585 0.861439 -0.336272  0.178647 0.381269 0
0  1.992461 -7.487576 3.087277  -0.349197 0.729150 -0.588559  0.178642 0.391533 0
syringe_lod1
0  2.028885 -8.034827 5.923936  -0.330476 -0.870684 0.364273  0.056264 0.340061 0
0  2.230173 -8.058798 3.087277  0.251381 -0.762082 -0.596689  0.178674 0.350504 0
0  2.229832 -8.060501 5.918422  0.275833 -0.752789 0.597683  0.056250 0.350325 0
syringe_lod1
0  2.387908 -7.900601 5.888281  0.655868 -0.276407 0.702450  0.378399 0.362967 0
0  2.381821 -7.645662 5.880913  0.600020 0.361276 0.713761  0.378385 0.352658 0
0  2.301906 -7.852539 5.930033  0.337534 -0.035311 0.940651  0.382590 0.361214 0
syringe_lod1
0  2.229832 -8.060501 5.918422  0.275833 -0.752789 0.597683  0.385693 0.370226 0
0  2.301906 -7.852539 5.930033  0.337534 -0.035311 0.940651  0.382590 0.361214 0
0  2.028885 -8.034827 5.923936  -0.330476 -0.870684 0.364273  0.395348 0.368707 0
syringe_lod1
0  2.206160 -7.515683 5.922930  0.378932 0.844314 0.378873  0.386279 0.346825 0
0  1.992124 -7.486407 5.918422  -0.310959 0.744364 0.590954  0.395983 0.345367 0
0  1.845013 -7.682191 5.924308  -0.878014 0.341007 0.335865  0.402054 0.353154 0
syringe_lod1
0  1.824058 -7.892827 5.918422  -0.733773 -0.340559 0.587874  0.403262 0.362963 0
0  2.028885 -8.034827 5.923936  -0.330476 -0.870684 0.364273  0.395348 0.368707 0
0  1.845013 -7.682191 5.924308  -0.878014 0.341007 0.335865  0.402054 0.353154 0
syringe_lod1
0  3.049030 -7.654425 3.652539  0.012196 0.999926 -0.000280  0.398377 0.192037 0
0  2.381821 -7.645662 5.880913  0.013176 0.999913 0.000013  0.490689 0.163899 0
0  3.049343 -7.654744 5.349765  0.013751 0.999905 0.000185  0.471768 0.192042 0
syringe_lod1
0  1.824058 -7.892827 5.918422  -0.733773 -0.340559 0.587874  0.056282 0.329784 0
0  2.003809 -8.013376 3.080016  -0.365664 -0.866478 -0.339861  0.178688 0.340210 0
0  2.028885 -8.034827 5.923936  -0.330476 -0.870684 0.364273  0.056264 0.340061 0
syringe_lod1
0  1.845013 -7.682191 5.924308  -0.878014 0.341007 0.335865  0.056300 0.319490 0
0  1.823712 -7.891281 3.087277  -0.751866 -0.317963 -0.577579  0.178706 0.329938 0
0  1.824058 -7.892827 5.918422  -0.733773 -0.340559 0.587874  0.056282 0.329784 0
syringe_lod1
0  2.229832 -8.060501 5.918422  0.275833 -0.752789 0.597683  0.056250 0.350325 0
0  2.398569 -7.891356 3.218827  0.833421 -0.537005 -0.130522  0.172976 0.360767 0
0  2.387908 -7.900601 5.888281  0.655868 -0.276407 0.702450  0.057543 0.360603 0
syringe_lod1
0  0.547035 -3.407455 1.549857  -0.505061 0.003412 -0.863077  0.926633 0.478928 0
0  0.468552 -6.052619 1.820106  -0.906893 -0.234092 0.350352  0.939123 0.366109 0
0  0.475818 -3.407455 1.821902  -0.864572 0.009925 0.502411  0.939123 0.478928 0
syringe_lod1
0  2.001678 -7.966872 6.604912  -0.212192 -0.975515 -0.057836  0.581099 0.929188 0
0  2.301906 -7.852539 5.930033  0.929426 -0.360176 0.080252  0.568644 0.959821 0
0  2.266470 -7.850037 6.684118  0.865932 -0.337057 0.369533  0.568644 0.929912 0
syringe_lod1
0  -2.386919 -7.646049 3.109402  -0.626987 0.420349 -0.655892  1.752807 0.372548 0
0  -2.226071 -7.507821 3.083444  -0.379480 0.862085 -0.335863  1.745182 0.366141 0
0  -2.360920 -7.887541 3.081774  -0.800961 -0.312113 -0.510927  1.751357 0.382203 0
syringe_lod1
0  -2.226071 -7.507821 3.083444  -0.379480 0.862085 -0.335863  1.745182 0.366141 0
0  -1.992460 -7.487576 3.087277  0.347745 0.728211 -0.590577  1.735239 0.365323 0
0  -1.860472 -7.687391 3.080271  0.870479 0.346808 -0.349271  1.729812 0.373331 0
syringe_lod1
0  -2.028745 -8.034776 5.924874  0.243194 -0.962721 0.118425  1.530913 0.959821 0
0  -1.901672 -7.693256 6.562454  0.826783 0.466671 -0.314082  1.543551 0.929362 0
0  -2.001896 -7.966851 6.604571  0.206885 -0.976530 -0.059893  1.530913 0.929208 0
syringe_lod1
0  -2.206273 -7.515698 5.922927  -0.409269 0.908734 0.081861  1.556006 0.959821 0
0  -2.266347 -7.849968 6.684750  -0.866676 -0.337726 0.367170  1.568644 0.929892 0
0  -2.146907 -7.583982 6.679724  -0.444090 0.854890 0.268230  1.556006 0.928564 0
syringe_lod1
0  -0.735036 -5.979004 1.921712  -0.280595 0.148975 0.948194  1.901702 0.365911 0
0  -0.475817 -3.407455 1.821902  0.864565 0.009891 0.502425  1.889259 0.478928 0
0  -0.747863 -3.407455 1.893120  -0.505016 0.016082 0.862960  1.901702 0.478928 0
syringe_lod1
0  -3.049030 -7.892757 5.353649  -0.623784 0.016738 0.781418  1.190684 0.124218 0
0  -2.381862 -7.645784 5.880941  -0.599978 0.361234 0.713818  1.180390 0.090411 0
0  -3.049343 -7.654744 5.349765  -0.622739 0.011947 0.782338  1.180391 0.124323 0
syringe_lod1
0  -0.819081 -3.407455 1.621074  -0.861788 0.010318 -0.507164  1.914192 0.478928 0
0  -0.582093 -6.070595 1.548773  0.452673 -0.218300 -0.864542  1.926633 0.365815 0
0  -0.842656 -5.984705 1.650076  -0.842403 0.205787 -0.498005  1.914192 0.366151 0
syringe_lod1
0  -0.468552 -6.052619 1.820106  0.906537 -0.234681 0.350878  1.889259 0.366109 0
0  -0.954245 -6.301566 1.979595  -0.113296 0.330739 0.936897  1.901702 0.346130 0
0  -0.808876 -6.545831 1.899267  0.517477 -0.720639 0.461407  1.889259 0.346207 0
syringe_lod1
0  -1.901672 -7.693256 6.562454  0.826783 0.466671 -0.314082  1.543551 0.929362 0
0  -1.825482 -7.583356 6.985594  -0.188335 0.869114 0.457352  1.556006 0.911999 0
0  -1.707590 -7.694318 6.741174  0.326941 0.444499 -0.833985  1.543551 0.911264 0
syringe_lod1
0  -0.842656 -5.984705 1.650076  -0.842403 0.205787 -0.498005  1.914192 0.366151 0
0  -0.747863 -3.407455 1.893120  -0.505016 0.016082 0.862960  1.901702 0.478928 0
0  -0.819081 -3.407455 1.621074  -0.861788 0.010318 -0.507164  1.914192 0.478928 0
syringe_lod1
0  -2.398569 -7.891356 3.218827  -0.003153 -0.999994 -0.001618  1.944290 0.833707 0
0  -3.049030 -7.892757 5.353649  -0.007949 -0.999964 -0.003079  1.916152 0.741396 0
0  -3.049343 -7.891355 3.656452  -0.000557 -0.999999 -0.000827  1.916147 0.814786 0
syringe_lod1
0  -1.918496 -7.647606 2.327104  0.981463 0.182174 0.059519  1.939123 0.248314 0
0  -2.003805 -8.013370 3.080016  0.386225 -0.911745 -0.139830  1.926633 0.214217 0
0  -2.032179 -7.887739 2.193266  0.335577 -0.806848 -0.486193  1.926633 0.248671 0
syringe_lod1
0  -0.735036 -5.979004 1.921712  -0.280595 0.148975 0.948194  1.901702 0.365911 0
0  -1.011751 -6.254293 1.695184  -0.502253 0.649657 -0.570691  1.914192 0.346019 0
0  -0.954245 -6.301566 1.979595  -0.113296 0.330739 0.936897  1.901702 0.346130 0
syringe_lod1
0  -1.011751 -6.254293 1.695184  -0.502253 0.649657 -0.570691  1.914192 0.346019 0
0  -1.755151 -6.681243 1.644901  0.122467 -0.292357 -0.948435  1.926633 0.306752 0
0  -1.919914 -6.445846 1.724229  -0.577174 0.695347 -0.428208  1.914192 0.306355 0
syringe_lod1
0  -1.652824 -6.712283 1.924308  0.481500 -0.661635 0.574802  1.939123 0.309335 0
0  -0.864529 -6.504076 1.614139  0.290467 -0.562001 -0.774457  1.926633 0.346114 0
0  -0.808876 -6.545831 1.899267  0.517477 -0.720639 0.461407  1.939123 0.346207 0
syringe_lod1
0  -2.037638 -7.224754 1.718246  0.253850 -0.363164 -0.896478  1.926633 0.277969 0
0  -2.302129 -7.392706 1.895002  -0.840759 -0.252879 -0.478723  1.914192 0.269028 0
0  -2.269351 -6.963391 1.802228  -0.878251 0.319841 -0.355496  1.914192 0.285020 0
syringe_lod1
0  -2.032179 -7.887739 2.193266  0.335577 -0.806848 -0.486193  1.926633 0.248671 0
0  -2.302129 -7.392706 1.895002  -0.840759 -0.252879 -0.478723  1.914192 0.269028 0
0  -2.037638 -7.224754 1.718246  0.253850 -0.363164 -0.896478  1.926633 0.277969 0
syringe_lod1
0  -2.001896 -7.966851 6.604571  0.206885 -0.976530 -0.059893  1.581099 0.929208 0
0  -1.863718 -7.850319 7.100500  -0.360849 -0.319574 0.876162  1.568644 0.911709 0
0  -2.266347 -7.849968 6.684750  -0.866676 -0.337726 0.367170  1.568644 0.929892 0
syringe_lod1
0  -2.201629 -7.132742 2.088573  -0.506601 0.409271 0.758850  1.901702 0.276441 0
0  -2.301774 -7.813688 2.301203  -0.854243 -0.474797 -0.211745  1.914192 0.246295 0
0  -2.190303 -7.562427 2.416780  -0.466408 0.807947 0.360120  1.901702 0.245862 0
syringe_lod1
0  -1.863718 -7.850319 7.100500  -0.360849 -0.319574 0.876162  1.568644 0.911709 0
0  -2.146907 -7.583982 6.679724  -0.444090 0.854890 0.268230  1.556006 0.928564 0
0  -2.266347 -7.849968 6.684750  -0.866676 -0.337726 0.367170  1.568644 0.929892 0
syringe_lod1
0  -1.799523 -6.462844 1.999056  -0.271915 0.565218 0.778839  1.901702 0.308898 0
0  -1.011751 -6.254293 1.695184  -0.502253 0.649657 -0.570691  1.914192 0.346019 0
0  -1.919914 -6.445846 1.724229  -0.577174 0.695347 -0.428208  1.914192 0.306355 0
syringe_lod1
0  -0.954245 -6.301566 1.979595  -0.113296 0.330739 0.936897  1.901702 0.346130 0
0  -1.652824 -6.712283 1.924308  0.481500 -0.661635 0.574802  1.889259 0.309335 0
0  -0.808876 -6.545831 1.899267  0.517477 -0.720639 0.461407  1.889259 0.346207 0
syringe_lod1
0  -1.742105 -7.963704 6.856428  0.082517 -0.977851 -0.192350  1.530914 0.910799 0
0  -1.901672 -7.693256 6.562454  0.826783 0.466671 -0.314082  1.543551 0.929362 0
0  -1.707590 -7.694318 6.741174  0.326941 0.444499 -0.833985  1.543551 0.911264 0
syringe_lod1
0  -0.582093 -6.070595 1.548773  0.452673 -0.218300 -0.864542  1.926633 0.365815 0
0  -1.011751 -6.254293 1.695184  -0.502253 0.649657 -0.570691  1.914192 0.346019 0
0  -0.842656 -5.984705 1.650076  -0.842403 0.205787 -0.498005  1.914192 0.366151 0
syringe_lod1
0  -1.742105 -7.963704 6.856428  0.082517 -0.977851 -0.192350  1.581099 0.910799 0
0  1.840845 -7.853183 7.116107  0.352814 -0.335188 0.873597  1.568644 0.834121 0
0  -1.863718 -7.850319 7.100500  -0.360849 -0.319574 0.876162  1.568644 0.911709 0
syringe_lod1
0  -1.799523 -6.462844 1.999056  -0.271915 0.565218 0.778839  1.901702 0.308898 0
0  -1.920968 -7.147400 1.980648  0.909191 -0.160231 0.384313  1.889259 0.279166 0
0  -1.652824 -6.712283 1.924308  0.481500 -0.661635 0.574802  1.889259 0.309335 0
syringe_lod1
0  -1.919914 -6.445846 1.724229  -0.577174 0.695347 -0.428208  1.914192 0.306355 0
0  -2.201629 -7.132742 2.088573  -0.506601 0.409271 0.758850  1.901702 0.276441 0
0  -1.799523 -6.462844 1.999056  -0.271915 0.565218 0.778839  1.901702 0.308898 0
syringe_lod1
0  -1.863718 -7.850319 7.100500  -0.360849 -0.319574 0.876162  1.568644 0.911709 0
0  1.781096 -7.583493 7.011397  0.170091 0.865687 0.470802  1.556006 0.834121 0
0  -1.825482 -7.583356 6.985594  -0.188335 0.869114 0.457352  1.556006 0.911999 0
syringe_lod1
0  -1.919914 -6.445846 1.724229  -0.577174 0.695347 -0.428208  1.914192 0.306355 0
0  -2.037638 -7.224754 1.718246  0.253850 -0.363164 -0.896478  1.926633 0.277969 0
0  -2.269351 -6.963391 1.802228  -0.878251 0.319841 -0.355496  1.914192 0.285020 0
syringe_lod1
0  -1.755151 -6.681243 1.644901  0.122467 -0.292357 -0.948435  1.926633 0.306752 0
0  -1.920968 -7.147400 1.980648  0.909191 -0.160231 0.384313  1.939123 0.279166 0
0  -2.037638 -7.224754 1.718246  0.253850 -0.363164 -0.896478  1.926633 0.277969 0
syringe_lod1
0  -1.707590 -7.694318 6.741174  0.326941 0.444499 -0.833985  1.543551 0.911264 0
0  1.781096 -7.583493 7.011397  0.170091 0.865687 0.470802  1.556006 0.834121 0
0  1.697469 -7.694288 6.746668  -0.307850 0.461201 -0.832179  1.543551 0.834121 0
syringe_lod1
0  -2.201629 -7.132742 2.088573  -0.506601 0.409271 0.758850  1.901702 0.276441 0
0  -1.918496 -7.647606 2.327104  0.981463 0.182174 0.059519  1.889259 0.248314 0
0  -1.920968 -7.147400 1.980648  0.909191 -0.160231 0.384313  1.889259 0.279166 0
syringe_lod1
0  -2.003805 -8.013370 3.080016  0.386225 -0.911745 -0.139830  1.926633 0.214217 0
0  -2.301774 -7.813688 2.301203  -0.854243 -0.474797 -0.211745  1.914192 0.246295 0
0  -2.032179 -7.887739 2.193266  0.335577 -0.806848 -0.486193  1.926633 0.248671 0
syringe_lod1
0  -2.190303 -7.562427 2.416780  -0.466408 0.807947 0.360120  1.901702 0.245862 0
0  -2.360920 -7.887541 3.081774  -0.891536 -0.434410 -0.128268  1.914192 0.214217 0
0  -2.226071 -7.507821 3.083444  -0.384217 0.918256 -0.095830  1.901702 0.214217 0
syringe_lod1
0  -1.860472 -7.687391 3.080271  0.939589 0.331172 -0.086589  1.889259 0.214217 0
0  -2.190303 -7.562427 2.416780  -0.466408 0.807947 0.360120  1.901702 0.245862 0
0  -2.226071 -7.507821 3.083444  -0.384217 0.918256 -0.095830  1.901702 0.214217 0
syringe_lod1
0  -1.920968 -7.147400 1.980648  0.909191 -0.160231 0.384313  1.939123 0.279166 0
0  -2.032179 -7.887739 2.193266  0.335577 -0.806848 -0.486193  1.926633 0.248671 0
0  -2.037638 -7.224754 1.718246  0.253850 -0.363164 -0.896478  1.926633 0.277969 0
syringe_lod1
0  -1.845056 -7.682073 5.923868  0.944050 0.318094 0.087098  1.543551 0.959821 0
0  -2.146907 -7.583982 6.679724  -0.444090 0.854890 0.268230  1.556006 0.928564 0
0  -1.901672 -7.693256 6.562454  0.826783 0.466671 -0.314082  1.543551 0.929362 0
syringe_lod1
0  -0.864529 -6.504076 1.614139  0.290467 -0.562001 -0.774457  1.926633 0.346114 0
0  -0.468552 -6.052619 1.820106  0.906537 -0.234681 0.350878  1.939123 0.366109 0
0  -0.808876 -6.545831 1.899267  0.517477 -0.720639 0.461407  1.939123 0.346207 0
syringe_lod1
0  -3.049030 -7.654425 3.652539  -0.571092 -0.070774 -0.817830  1.725956 0.251017 0
0  -2.398569 -7.891356 3.218827  -0.599179 -0.256893 -0.758281  1.715708 0.217211 0
0  -3.049343 -7.891355 3.656452  -0.557984 -0.012966 -0.829751  1.715709 0.251123 0
syringe_lod1
0  -2.206273 -7.515698 5.922927  -0.379256 0.844184 0.378837  1.386279 0.346824 0
0  -2.381862 -7.645784 5.880941  -0.599978 0.361234 0.713818  1.378384 0.352658 0
0  -2.301905 -7.852539 5.930033  -0.336865 -0.035138 0.940897  1.382590 0.361214 0
syringe_lod1
0  -1.992460 -7.487576 3.087277  0.347745 0.728211 -0.590577  1.178642 0.391533 0
0  -1.845056 -7.682073 5.923868  0.878192 0.341102 0.335303  1.056216 0.401784 0
0  -1.860472 -7.687391 3.080271  0.870479 0.346808 -0.349271  1.178640 0.401784 0
syringe_lod1
0  -3.049343 -7.654744 5.349765  -0.999999 -0.001084 0.000151  1.704036 0.243287 0
0  -3.049343 -7.891355 3.656452  -0.999999 0.001087 -0.000152  1.630822 0.253579 0
0  -3.049030 -7.892757 5.353649  -0.999999 -0.001315 0.000184  1.704212 0.253579 0
syringe_lod1
0  -2.381862 -7.645784 5.880941  -0.599978 0.361234 0.713818  1.057852 0.370897 0
0  -2.226071 -7.507821 3.083444  -0.379480 0.862085 -0.335863  1.178647 0.381269 0
0  -2.386919 -7.646049 3.109402  -0.626987 0.420349 -0.655892  1.177699 0.371017 0
syringe_lod1
0  -2.230173 -8.058798 3.087277  -0.251365 -0.762153 -0.596606  1.178674 0.350504 0
0  -2.398569 -7.891356 3.218827  -0.833398 -0.537049 -0.130484  1.172976 0.360767 0
0  -2.360920 -7.887541 3.081774  -0.800961 -0.312113 -0.510927  1.178665 0.360775 0
syringe_lod1
0  -2.226071 -7.507821 3.083444  -0.379480 0.862085 -0.335863  1.178647 0.381269 0
0  -1.992124 -7.486406 5.918422  0.311014 0.743732 0.591720  1.056218 0.391487 0
0  -1.992460 -7.487576 3.087277  0.347745 0.728211 -0.590577  1.178642 0.391533 0
syringe_lod1
0  -2.386919 -7.646049 3.109402  -0.626987 0.420349 -0.655892  1.177699 0.371017 0
0  -2.360920 -7.887541 3.081774  -0.800961 -0.312113 -0.510927  1.178665 0.360775 0
0  -2.398569 -7.891356 3.218827  -0.833398 -0.537049 -0.130484  1.172976 0.360767 0
syringe_lod1
0  -2.230173 -8.058798 3.087277  -0.251365 -0.762153 -0.596606  1.178674 0.350504 0
0  -2.028745 -8.034776 5.924874  0.330077 -0.870449 0.365194  1.056264 0.340061 0
0  -2.229832 -8.060501 5.918422  -0.277091 -0.753388 0.596345  1.056250 0.350325 0
syringe_lod1
0  -2.387955 -7.900581 5.888489  -0.655282 -0.275971 0.703168  1.378399 0.362967 0
0  -2.301905 -7.852539 5.930033  -0.336865 -0.035138 0.940897  1.382590 0.361214 0
0  -2.381862 -7.645784 5.880941  -0.599978 0.361234 0.713818  1.378384 0.352658 0
syringe_lod1
0  -2.301905 -7.852539 5.930033  -0.336865 -0.035138 0.940897  1.382590 0.361214 0
0  -2.229832 -8.060501 5.918422  -0.277091 -0.753388 0.596345  1.385693 0.370226 0
0  -2.028745 -8.034776 5.924874  0.330077 -0.870449 0.365194  1.395347 0.368703 0
syringe_lod1
0  -1.992124 -7.486406 5.918422  0.311014 0.743732 0.591720  1.395983 0.345367 0
0  -2.206273 -7.515698 5.922927  -0.379256 0.844184 0.378837  1.386279 0.346824 0
0  -1.845056 -7.682073 5.923868  0.878192 0.341102 0.335303  1.402056 0.353153 0
syringe_lod1
0  -3.049030 -7.654425 3.652539  -0.012819 0.999918 -0.000039  1.398377 0.192037 0
0  -2.381862 -7.645784 5.880941  -0.013291 0.999912 0.000102  1.490689 0.163899 0
0  -2.386919 -7.646049 3.109402  -0.012708 0.999919 -0.000073  1.379362 0.163899 0
syringe_lod1
0  -1.824058 -7.892826 5.918422  0.734774 -0.339616 0.587170  1.056282 0.329784 0
0  -2.003805 -8.013370 3.080016  0.365653 -0.866476 -0.339877  1.178688 0.340210 0
0  -1.823712 -7.891283 3.087277  0.751864 -0.317971 -0.577577  1.178706 0.329938 0
syringe_lod1
0  -1.823712 -7.891283 3.087277  0.751864 -0.317971 -0.577577  1.178706 0.329938 0
0  -1.845056 -7.682073 5.923868  0.878192 0.341102 0.335303  1.056300 0.319490 0
0  -1.824058 -7.892826 5.918422  0.734774 -0.339616 0.587170  1.056282 0.329784 0
syringe_lod1
0  -2.398569 -7.891356 3.218827  -0.833398 -0.537049 -0.130484  1.172976 0.360767 0
0  -2.229832 -8.060501 5.918422  -0.277091 -0.753388 0.596345  1.056250 0.350325 0
0  -2.387955 -7.900581 5.888489  -0.655282 -0.275971 0.703168  1.057534 0.360603 0
syringe_lod1
0  -0.468552 -6.052619 1.820106  0.906537 -0.234681 0.350878  1.939123 0.366109 0
0  -0.547035 -3.407455 1.549857  0.505237 0.003874 -0.862972  1.926633 0.478928 0
0  -0.475817 -3.407455 1.821902  0.864565 0.009891 0.502425  1.939123 0.478928 0
syringe_lod1
0  -2.001896 -7.966851 6.604571  0.206885 -0.976530 -0.059893  1.581099 0.929208 0
0  -2.301905 -7.852539 5.930033  -0.929627 -0.359663 0.080227  1.568644 0.959821 0
0  -2.028745 -8.034776 5.924874  0.243194 -0.962721 0.118425  1.581099 0.959821 0
syringe_lod1
0  -2.020913 -3.167379 6.746276  -0.186928 -0.774347 -0.604521  0.979489 0.489436 0
0  -1.857534 -3.252830 6.833467  0.589659 -0.737693 -0.328804  0.975392 0.497404 0
0  -2.110141 -3.263084 6.922241  -0.524249 -0.822648 0.220032  0.969905 0.490222 0
syringe_lod1
0  -1.851780 -3.257623 7.087195  0.272811 -0.954872 0.117450  0.966556 0.498927 0
0  -2.101488 -3.167444 7.119330  -0.353954 -0.820717 0.448486  0.960245 0.489700 0
0  -2.110141 -3.263084 6.922241  -0.524249 -0.822648 0.220032  0.969905 0.490222 0
syringe_lod1
0  -2.110141 -3.263084 6.922241  -0.524249 -0.822648 0.220032  0.969905 0.490222 0
0  -2.139991 -3.167475 6.838683  -0.633686 -0.611708 -0.473555  0.973665 0.484559 0
0  -2.020913 -3.167379 6.746276  -0.186928 -0.774347 -0.604521  0.979489 0.489436 0
syringe_lod1
0  -1.857534 -3.252830 6.833467  0.589659 -0.737693 -0.328804  0.975392 0.497404 0
0  -1.870295 -3.167258 6.752031  0.240172 -0.650169 -0.720831  0.980789 0.496857 0
0  -1.758614 -3.167167 6.853254  0.644570 -0.724105 -0.245358  0.977046 0.503330 0
syringe_lod1
0  -1.758614 -3.167167 6.853254  0.644570 -0.724105 -0.245358  0.977046 0.503330 0
0  -1.851780 -3.257623 7.087195  0.272811 -0.954872 0.117450  0.966556 0.498927 0
0  -1.857534 -3.252830 6.833467  0.589659 -0.737693 -0.328804  0.975392 0.497404 0
syringe_lod1
0  -1.961921 -3.167332 7.176252  -0.103353 -0.759518 0.642223  0.959168 0.497198 0
0  -1.851780 -3.257623 7.087195  0.272811 -0.954872 0.117450  0.966556 0.498927 0
0  -1.818419 -3.167216 7.130145  0.525708 -0.515469 0.676700  0.963127 0.503557 0
syringe_lod1
0  2.101399 -3.167444 7.119330  0.435429 -0.725542 0.532907  1.960245 0.489700 0
0  1.916668 -3.253201 7.107071  -0.288004 -0.687696 0.666429  1.964580 0.497580 0
0  2.111629 -3.254435 6.977766  0.218762 -0.974918 0.040969  1.967947 0.489983 0
syringe_lod1
0  1.796156 -3.253556 6.934485  -0.261185 -0.962384 0.074830  1.972085 0.500513 0
0  1.958683 -3.253773 6.801200  0.010563 -0.674124 -0.738543  1.975708 0.493326 0
0  2.111629 -3.254435 6.977766  0.218762 -0.974918 0.040969  1.967947 0.489983 0
syringe_lod1
0  2.111629 -3.254435 6.977766  0.218762 -0.974918 0.040969  1.967947 0.489983 0
0  2.171724 -3.167501 6.986014  0.812473 -0.572228 0.111549  1.965963 0.484559 0
0  2.101399 -3.167444 7.119330  0.435429 -0.725542 0.532907  1.960245 0.489700 0
syringe_lod1
0  1.958683 -3.253773 6.801200  0.010563 -0.674124 -0.738543  1.975708 0.493326 0
0  2.139902 -3.167475 6.838683  0.563467 -0.725096 -0.395905  1.973665 0.484559 0
0  2.111629 -3.254435 6.977766  0.218762 -0.974918 0.040969  1.967947 0.489983 0
syringe_lod1
0  1.796156 -3.253556 6.934485  -0.261185 -0.962384 0.074830  1.972085 0.500513 0
0  1.870206 -3.167258 6.752030  -0.324510 -0.683689 -0.653653  1.980789 0.496857 0
0  1.958683 -3.253773 6.801200  0.010563 -0.674124 -0.738543  1.975708 0.493326 0
syringe_lod1
0  1.796156 -3.253556 6.934485  -0.261185 -0.962384 0.074830  1.972085 0.500513 0
0  1.818329 -3.167216 7.130145  -0.488491 -0.683908 0.541892  1.963127 0.503557 0
0  1.738037 -3.167151 7.002583  -0.721165 -0.657366 0.218612  1.970129 0.505846 0
syringe_lod1
0  -2.101488 -3.167444 3.126316  -0.435604 -0.725263 -0.533144  2.960245 0.489700 0
0  -1.916758 -3.253202 3.138574  0.288093 -0.687673 -0.666414  2.964580 0.497580 0
0  -2.111458 -3.254730 3.267915  -0.240210 -0.969358 0.051425  2.967954 0.489981 0
syringe_lod1
0  -2.111458 -3.254730 3.267915  -0.240210 -0.969358 0.051425  2.967954 0.489981 0
0  -1.916758 -3.253202 3.138574  0.288093 -0.687673 -0.666414  2.964580 0.497580 0
0  -1.795885 -3.253143 3.311209  0.451560 -0.861280 -0.233003  2.972085 0.500513 0
syringe_lod1
0  -2.111458 -3.254730 3.267915  -0.240210 -0.969358 0.051425  2.967954 0.489981 0
0  -2.171813 -3.167501 3.259631  -0.812223 -0.572589 -0.111516  2.965963 0.484559 0
0  -2.101488 -3.167444 3.126316  -0.435604 -0.725263 -0.533144  2.960245 0.489700 0
syringe_lod1
0  -1.958772 -3.253773 3.444446  0.208936 -0.733150 0.647176  2.975708 0.493326 0
0  -2.139991 -3.167475 3.406962  -0.563696 -0.724821 0.396083  2.973665 0.484559 0
0  -2.111458 -3.254730 3.267915  -0.240210 -0.969358 0.051425  2.967954 0.489981 0
syringe_lod1
0  -1.795885 -3.253143 3.311209  0.451560 -0.861280 -0.233003  2.972085 0.500513 0
0  -1.870295 -3.167258 3.493615  0.324571 -0.683931 0.653369  2.980789 0.496857 0
0  -1.958772 -3.253773 3.444446  0.208936 -0.733150 0.647176  2.975708 0.493326 0
syringe_lod1
0  -1.795885 -3.253143 3.311209  0.451560 -0.861280 -0.233003  2.972085 0.500513 0
0  -1.818419 -3.167216 3.115500  0.488470 -0.684155 -0.541599  2.963127 0.503557 0
0  -1.738126 -3.167150 3.243062  0.720832 -0.657633 -0.218907  2.970129 0.505846 0
syringe_lod1
0  1.916526 -3.252506 3.137993  -0.292411 -0.922796 -0.250884  3.964580 0.497578 0
0  2.101399 -3.167444 3.126316  0.435783 -0.724533 -0.533990  3.960245 0.489700 0
0  2.110079 -3.256192 3.268092  0.729604 -0.683282 0.028335  3.967957 0.489980 0
syringe_lod1
0  2.110079 -3.256192 3.268092  0.729604 -0.683282 0.028335  3.967957 0.489980 0
0  1.958698 -3.253236 3.444907  -0.249339 -0.759967 0.600234  3.975707 0.493325 0
0  1.916526 -3.252506 3.137993  -0.292411 -0.922796 -0.250884  3.964580 0.497578 0
syringe_lod1
0  1.958698 -3.253236 3.444907  -0.249339 -0.759967 0.600234  3.975707 0.493325 0
0  2.139902 -3.167475 3.406962  0.564260 -0.723950 0.396872  3.973665 0.484559 0
0  2.020824 -3.167379 3.499369  0.279132 -0.650212 0.706619  3.979489 0.489436 0
syringe_lod1
0  1.796156 -3.253556 3.311160  -0.721784 -0.666514 0.186510  3.972085 0.500513 0
0  1.870206 -3.167258 3.493615  -0.324552 -0.683976 0.653332  3.980789 0.496857 0
0  1.758525 -3.167167 3.392390  -0.635710 -0.657380 0.404628  3.977046 0.503330 0
syringe_lod1
0  1.796156 -3.253556 3.311160  -0.721784 -0.666514 0.186510  3.972085 0.500513 0
0  1.818329 -3.167216 3.115500  -0.488421 -0.684294 -0.541467  3.963127 0.503557 0
0  1.916526 -3.252506 3.137993  -0.292411 -0.922796 -0.250884  3.964580 0.497578 0
syringe_lod1
0  1.961832 -3.167331 3.069394  0.078993 -0.650442 -0.755437  3.959168 0.497198 0
0  1.916526 -3.252506 3.137993  -0.292411 -0.922796 -0.250884  3.964580 0.497578 0
0  1.818329 -3.167216 3.115500  -0.488421 -0.684294 -0.541467  3.963127 0.503557 0
syringe_lod1
0  0.546087 -5.959689 6.108459  0.705762 0.077118 0.704239  0.377798 0.221420 0
0  0.199882 -6.059780 6.308340  0.335983 0.268416 0.902812  0.395084 0.225748 0
0  0.546087 -6.059780 6.108459  0.707107 0.000001 0.707107  0.377798 0.225748 0
syringe_lod1
0  -0.430685 -5.959688 4.896356  -0.518025 -0.381838 -0.765408  0.488432 0.221420 0
0  -0.199882 -6.059780 4.816403  -0.178474 0.275187 -0.944679  0.498804 0.225748 0
0  -0.683440 -6.068659 5.179792  -0.826706 0.219834 -0.517910  0.472424 0.225748 0
syringe_lod1
0  0.556015 -5.960347 5.006357  0.882933 0.238700 -0.404291  0.325938 0.221449 0
0  0.792130 -5.959689 5.522396  0.980308 -0.195721 -0.026251  0.350139 0.221420 0
0  0.745969 -6.059780 5.362490  0.934777 0.109029 -0.338091  0.343225 0.225748 0
syringe_lod1
0  0.386142 -5.959687 3.001460  0.485260 -0.000000 -0.874370  0.525223 0.280942 0
0  0.680977 -5.960348 3.277115  0.682944 -0.000001 -0.730471  0.542510 0.280971 0
0  0.386142 -6.059780 3.001460  0.467067 -0.000000 -0.884222  0.525223 0.285270 0
syringe_lod1
0  -0.393162 -5.960348 4.351254  -0.730469 0.000000 0.682946  0.628942 0.280971 0
0  -0.668817 -5.959688 4.056419  -0.891072 0.000000 0.453862  0.646229 0.280942 0
0  -0.668817 -6.059780 4.056419  -0.899457 0.025208 0.436281  0.646229 0.285270 0
syringe_lod1
0  0.772283 -5.959687 3.670277  0.999020 0.036111 0.025608  0.559796 0.280942 0
0  0.668817 -6.059780 4.056419  0.875958 0.268419 0.400810  0.577083 0.285270 0
0  0.772284 -6.059780 3.670277  0.882363 -0.469942 -0.024297  0.559796 0.285270 0
syringe_lod1
0  0.745969 -6.059780 5.762253  0.891357 0.311352 0.329458  0.360511 0.225748 0
0  0.546087 -5.959689 6.108459  0.705762 0.077118 0.704239  0.377798 0.221420 0
0  0.546087 -6.059780 6.108459  0.707107 0.000001 0.707107  0.377798 0.225748 0
syringe_lod1
0  -0.430685 -5.959688 4.896356  -0.518025 -0.381838 -0.765408  0.488432 0.221420 0
0  -0.683440 -6.068659 5.179792  -0.826706 0.219834 -0.517910  0.472424 0.225748 0
0  -0.745969 -5.959688 5.362490  -0.937671 -0.322987 -0.128270  0.464231 0.221420 0
syringe_lod1
0  -0.199882 -6.059780 4.816403  -0.178474 0.275187 -0.944679  0.291365 0.225748 0
0  0.199882 -5.959688 4.816403  0.232736 0.040649 -0.971690  0.308651 0.221420 0
0  0.199882 -6.059780 4.816403  0.222302 -0.000000 -0.974978  0.308651 0.225748 0
syringe_lod1
0  0.386142 -6.059780 3.001460  0.392846 -0.755478 -0.524332  0.085060 0.673624 0
0  -0.013253 -6.237184 3.111746  -0.041897 -0.882185 -0.469035  0.093835 0.688895 0
0  -0.000000 -6.059780 2.897994  -0.080177 -0.758892 -0.646262  0.085060 0.688895 0
syringe_lod1
0  -0.668817 -6.059780 4.056419  -0.899457 0.025208 0.436281  0.646229 0.285270 0
0  -0.775485 -5.959688 3.503874  -0.956796 -0.198055 -0.212874  0.670430 0.280942 0
0  -0.772284 -6.059780 3.670277  -0.958429 0.235986 0.160386  0.663516 0.285270 0
syringe_lod1
0  -0.546087 -6.059780 6.108459  -0.658562 -0.416216 0.626945  0.077213 0.612540 0
0  -0.573415 -6.166188 5.716018  -0.755827 -0.626147 0.191479  0.068438 0.627811 0
0  -0.403465 -6.242794 5.944875  -0.348327 -0.886670 0.304113  0.068438 0.612540 0
syringe_lod1
0  -0.000000 -6.059780 2.897994  -0.080177 -0.758892 -0.646262  0.085060 0.505644 0
0  -0.434052 -6.172095 3.236226  -0.519039 -0.634866 -0.572315  0.093835 0.528550 0
0  -0.393162 -5.960347 2.989300  -0.421599 -0.606903 -0.673738  0.085060 0.520915 0
syringe_lod1
0  -0.434052 -6.172095 3.236226  -0.519039 -0.634866 -0.572315  0.093835 0.528550 0
0  -0.772284 -6.059780 3.670277  -0.618469 -0.785299 -0.028312  0.085060 0.551456 0
0  -0.668817 -6.059780 3.284135  -0.787495 -0.345453 -0.510405  0.085060 0.536186 0
syringe_lod1
0  0.745969 -6.059780 5.362490  0.562656 -0.798163 -0.215298  0.077213 0.536186 0
0  0.398338 -6.221818 5.164033  0.394912 -0.841913 -0.367732  0.068438 0.520915 0
0  0.556015 -5.960347 5.006357  0.538021 -0.648894 -0.538024  0.077213 0.520915 0
syringe_lod1
0  0.546087 -6.059780 6.108459  0.461084 -0.783847 0.415915  0.077213 0.566727 0
0  0.615528 -6.167514 5.567082  0.711024 -0.702955 0.017281  0.068438 0.544055 0
0  0.745969 -6.059780 5.762253  0.464288 -0.869303 0.169552  0.077213 0.551456 0
syringe_lod1
0  -0.014823 -6.242794 4.226040  -0.018881 -0.895734 0.444190  0.093835 0.597269 0
0  0.386142 -6.059780 4.339095  0.333052 -0.769873 0.544401  0.085060 0.612540 0
0  -0.000000 -6.059780 4.442561  -0.013064 -0.408895 0.912488  0.085060 0.597269 0
syringe_lod1
0  -0.772284 -6.059780 3.670277  -0.618469 -0.785299 -0.028312  0.085060 0.551456 0
0  -0.481613 -6.228086 3.962169  -0.396697 -0.882697 0.251948  0.093835 0.566727 0
0  -0.668817 -6.059780 4.056419  -0.539973 -0.752378 0.377301  0.085060 0.566727 0
syringe_lod1
0  0.199882 -6.059780 4.816403  0.207290 -0.757995 -0.618445  0.077213 0.688895 0
0  -0.153646 -6.166188 4.988956  -0.185814 -0.709188 -0.680092  0.068438 0.673624 0
0  -0.199882 -6.059780 4.816403  -0.151466 -0.858838 -0.489342  0.077213 0.673624 0
syringe_lod1
0  0.668817 -6.059780 4.056419  0.410604 -0.866927 0.282563  0.085060 0.627811 0
0  0.574960 -6.177194 3.832572  0.601338 -0.779321 0.176212  0.093835 0.635051 0
0  0.772284 -6.059780 3.670277  0.882363 -0.469942 -0.024297  0.085060 0.643082 0
syringe_lod1
0  -0.157296 -6.228087 6.103122  -0.123145 -0.887121 0.444805  0.068438 0.597269 0
0  0.199882 -6.059780 6.308340  0.162436 -0.774109 0.611857  0.077213 0.581998 0
0  -0.199882 -6.059780 6.308341  -0.157325 -0.778175 0.608023  0.077213 0.597269 0
syringe_lod1
0  -0.000000 -6.059780 4.442561  -0.013064 -0.408895 0.912488  0.085060 0.597269 0
0  -0.279494 -6.231559 4.153267  -0.272347 -0.850690 0.449614  0.093835 0.581998 0
0  -0.014823 -6.242794 4.226040  -0.018881 -0.895734 0.444190  0.093835 0.597269 0
syringe_lod1
0  0.772284 -6.059780 3.670277  0.882363 -0.469942 -0.024297  0.085060 0.643082 0
0  0.514110 -6.166188 3.373456  0.654886 -0.645232 -0.393446  0.093835 0.658353 0
0  0.680977 -5.960348 3.277115  0.681340 -0.636494 -0.361457  0.085060 0.658353 0
syringe_lod1
0  -0.199882 -6.059780 4.816403  -0.151466 -0.858838 -0.489342  0.077213 0.673624 0
0  -0.533353 -6.174286 5.275575  -0.452524 -0.859371 -0.238124  0.068438 0.649808 0
0  -0.683440 -6.068659 5.179792  -0.491655 -0.839633 -0.230848  0.077213 0.650320 0
syringe_lod1
0  -0.403465 -6.242794 5.944875  -0.348327 -0.886670 0.304113  0.068438 0.612540 0
0  -0.199882 -6.059780 6.308341  -0.157325 -0.778175 0.608023  0.077213 0.597269 0
0  -0.546087 -6.059780 6.108459  -0.658562 -0.416216 0.626945  0.077213 0.612540 0
syringe_lod1
0  0.546087 -6.059780 6.108459  0.461084 -0.783847 0.415915  0.077213 0.566727 0
0  0.130829 -6.237157 6.105576  0.090794 -0.889807 0.447213  0.068438 0.581998 0
0  0.393917 -6.248473 5.956289  0.344547 -0.886028 0.310228  0.068438 0.566727 0
syringe_lod1
0  0.745969 -6.059780 5.762253  0.464288 -0.869303 0.169552  0.077213 0.551456 0
0  0.615528 -6.167514 5.567082  0.711024 -0.702955 0.017281  0.068438 0.544055 0
0  0.745969 -6.059780 5.362490  0.562656 -0.798163 -0.215298  0.077213 0.536186 0
syringe_lod1
0  -0.445173 3.059165 2.315879  -0.039365 -0.014780 0.999116  0.881372 0.003924 0
0  0.445152 0.698904 2.316041  -0.000963 -0.231721 0.972782  0.842826 0.105969 0
0  0.445166 3.059160 2.315895  -0.039387 -0.014790 0.999115  0.842872 0.003906 0
syringe_lod1
0  -0.153646 -6.166188 4.988956  -0.185814 -0.709188 -0.680092  0.172213 0.076374 0
0  0.145097 -6.243815 5.022373  0.116567 -0.882153 -0.456309  0.168571 0.089297 0
0  -0.284846 -6.267183 5.069004  -0.546227 -0.116083 -0.829554  0.167679 0.076374 0
syringe_lod1
0  0.563193 -6.267172 3.549414  0.985660 -0.043815 -0.162953  0.441688 0.128715 0
0  0.514110 -6.166188 3.373456  0.654886 -0.645232 -0.393446  0.449440 0.133249 0
0  0.574960 -6.177194 3.832572  0.601338 -0.779321 0.176212  0.429721 0.133249 0
syringe_lod1
0  0.398338 -6.221818 5.164033  0.394912 -0.841913 -0.367732  0.169528 0.102220 0
0  0.615528 -6.167514 5.567082  0.711024 -0.702955 0.017281  0.172213 0.121803 0
0  0.569713 -6.267124 5.562360  0.908640 -0.417472 -0.009547  0.167679 0.121605 0
syringe_lod1
0  -0.533353 -6.174286 5.275575  -0.698662 -0.585426 -0.411276  0.172213 0.211298 0
0  -0.575326 -6.267046 5.533337  -0.992414 -0.102847 -0.067352  0.167679 0.200436 0
0  -0.573415 -6.166188 5.716018  -0.755827 -0.626147 0.191479  0.172213 0.192683 0
syringe_lod1
0  -0.284846 -6.267183 5.069004  -0.002462 -0.998792 -0.049069  0.131562 0.520714 0
0  0.175641 -6.272671 5.258152  0.094778 -0.988609 -0.116912  0.122214 0.540808 0
0  -0.273817 -6.274187 5.325412  -0.024154 -0.999501 -0.020331  0.122214 0.514404 0
syringe_lod1
0  0.168903 -6.272076 3.377728  0.519568 -0.399009 -0.755540  0.665183 0.235480 0
0  0.306456 -6.426732 3.670277  0.705097 -0.709016 0.011606  0.651189 0.228468 0
0  0.060376 -6.424935 3.388915  0.172494 -0.749829 -0.638750  0.669333 0.228468 0
syringe_lod1
0  -0.203168 -6.274109 3.970063  -0.098950 -0.986418 0.131102  0.898548 0.891385 0
0  -0.014823 -6.242794 4.226040  -0.018881 -0.895734 0.444190  0.907896 0.880052 0
0  -0.279494 -6.231559 4.153267  -0.272347 -0.850690 0.449614  0.907896 0.890099 0
syringe_lod1
0  -0.402839 -6.267124 3.267421  -0.029018 -0.998580 -0.044681  0.907896 0.804701 0
0  -0.106496 -6.272632 3.340344  0.010428 -0.993696 -0.111618  0.898548 0.813744 0
0  -0.331208 -6.272633 3.581530  -0.080405 -0.996719 0.009275  0.898548 0.794654 0
syringe_lod1
0  0.393917 -6.248473 5.956289  0.344547 -0.886028 0.310228  0.131562 0.575972 0
0  -0.000000 -6.272701 5.905237  -0.011770 -0.988240 0.152457  0.122214 0.591042 0
0  0.342122 -6.274187 5.681024  0.050938 -0.997430 0.050394  0.122214 0.567211 0
syringe_lod1
0  -0.000000 -6.272701 5.905237  -0.011770 -0.988240 0.152457  0.122214 0.591042 0
0  0.130829 -6.237157 6.105576  0.090794 -0.889807 0.447213  0.131562 0.586019 0
0  -0.157296 -6.228087 6.103122  -0.123145 -0.887121 0.444805  0.131562 0.596066 0
syringe_lod1
0  -0.013253 -6.237184 3.111746  -0.041897 -0.882185 -0.469035  0.907896 0.819771 0
0  0.168903 -6.272076 3.377728  0.046841 -0.990258 -0.131132  0.898548 0.829818 0
0  -0.106496 -6.272632 3.340344  0.010428 -0.993696 -0.111618  0.898548 0.813744 0
syringe_lod1
0  -0.000000 -6.272701 5.905237  -0.011770 -0.988240 0.152457  0.122214 0.591042 0
0  -0.403465 -6.242794 5.944875  -0.348327 -0.886670 0.304113  0.131562 0.606113 0
0  -0.291105 -6.272712 5.750611  -0.066030 -0.994303 0.083677  0.122214 0.610132 0
syringe_lod1
0  0.368628 -6.254612 4.100844  0.369162 -0.862206 0.346871  0.907896 0.864982 0
0  0.338979 -6.272632 3.597540  0.031723 -0.999465 0.007944  0.898548 0.845892 0
0  0.563193 -6.267172 3.549414  0.038419 -0.999005 -0.022641  0.907896 0.845892 0
syringe_lod1
0  0.393917 -6.248473 5.956289  0.344547 -0.886028 0.310228  0.131562 0.575972 0
0  0.342122 -6.274187 5.681024  0.050938 -0.997430 0.050394  0.122214 0.567211 0
0  0.569713 -6.267124 5.562360  0.066106 -0.997559 -0.022480  0.131562 0.560901 0
syringe_lod1
0  0.175641 -6.272671 5.258152  0.094778 -0.988609 -0.116912  0.122214 0.540808 0
0  0.145097 -6.243815 5.022373  0.116567 -0.882153 -0.456309  0.131562 0.535784 0
0  0.398338 -6.221818 5.164033  0.394912 -0.841913 -0.367732  0.131562 0.545831 0
syringe_lod1
0  -0.284846 -6.267183 5.069004  -0.002462 -0.998792 -0.049069  0.131562 0.520714 0
0  -0.273817 -6.274187 5.325412  -0.024154 -0.999501 -0.020331  0.122214 0.514404 0
0  -0.575326 -6.267046 5.533337  -0.043043 -0.998867 0.020289  0.131562 0.505644 0
syringe_lod1
0  0.175641 -6.272671 5.258152  0.451516 -0.348580 -0.821356  0.407509 0.206873 0
0  0.252481 -6.425060 5.416602  0.654145 -0.675140 -0.340999  0.400591 0.199861 0
0  -0.098427 -6.426720 5.278547  -0.190038 -0.662556 -0.724504  0.414427 0.199861 0
syringe_lod1
0  -0.291105 -6.272712 5.750611  -0.811098 -0.309496 0.496320  0.359777 0.206873 0
0  -0.142357 -6.424667 5.808941  -0.316419 -0.740375 0.593063  0.366004 0.199861 0
0  -0.000000 -6.272701 5.905237  0.019112 -0.348635 0.937064  0.372921 0.206873 0
syringe_lod1
0  0.252481 -6.425060 5.416602  0.654145 -0.675140 -0.340999  0.400591 0.199861 0
0  0.342122 -6.274187 5.681024  0.886487 -0.385372 0.256181  0.389329 0.206873 0
0  0.196672 -6.426395 5.789624  0.452891 -0.684566 0.571190  0.382412 0.199861 0
syringe_lod1
0  0.168903 -6.272076 3.377728  0.519568 -0.399009 -0.755540  0.665183 0.235480 0
0  0.060376 -6.424935 3.388915  0.172494 -0.749829 -0.638750  0.669333 0.228468 0
0  -0.106496 -6.272632 3.340344  -0.303024 -0.349693 -0.886505  0.672100 0.235480 0
syringe_lod1
0  -0.291105 -6.272712 5.750611  -0.811098 -0.309496 0.496320  0.359777 0.206873 0
0  -0.287274 -6.425269 5.576870  -0.717871 -0.696140 0.007133  0.352860 0.199861 0
0  -0.142357 -6.424667 5.808941  -0.316419 -0.740375 0.593063  0.366004 0.199861 0
syringe_lod1
0  -0.273817 -6.274187 5.325412  -0.719831 -0.361902 -0.592344  0.342678 0.206873 0
0  -0.098427 -6.426720 5.278547  -0.190038 -0.662556 -0.724504  0.337771 0.199861 0
0  -0.287274 -6.425269 5.576870  -0.717871 -0.696140 0.007133  0.352860 0.199861 0
syringe_lod1
0  0.060376 -6.424935 3.388915  0.172494 -0.749829 -0.638750  0.744720 0.478267 0
0  0.306456 -6.426732 3.670277  0.705097 -0.709016 0.011606  0.731304 0.483463 0
0  0.060382 -6.424852 3.951672  0.134208 -0.688313 0.712891  0.722552 0.472327 0
syringe_lod1
0  -0.199882 -6.059780 6.308341  -0.335980 0.268422 0.902811  0.412371 0.225748 0
0  -0.546087 -5.959688 6.108459  -0.688304 0.036109 0.724523  0.429657 0.221420 0
0  -0.546087 -6.059780 6.108459  -0.658562 -0.416216 0.626945  0.429657 0.225748 0
syringe_lod1
0  0.554680 -5.959688 4.224957  0.701491 -0.125805 0.701486  0.585726 0.280942 0
0  0.386142 -6.059780 4.339095  0.400806 0.268417 0.875961  0.594369 0.285270 0
0  0.668817 -6.059780 4.056419  0.875958 0.268419 0.400810  0.577083 0.285270 0
syringe_lod1
0  0.398338 -6.221818 5.164033  0.394912 -0.841913 -0.367732  0.068438 0.520915 0
0  0.199882 -6.059780 4.816403  0.207290 -0.757995 -0.618445  0.077213 0.505644 0
0  0.556015 -5.960347 5.006357  0.538021 -0.648894 -0.538024  0.077213 0.520915 0
syringe_lod1
0  0.386142 -6.059780 4.339095  0.400806 0.268417 0.875961  0.594369 0.285270 0
0  -0.000000 -5.959688 4.442561  0.025608 0.036109 0.999020  0.611656 0.280942 0
0  -0.000000 -6.059780 4.442561  -0.013064 -0.408895 0.912488  0.611656 0.285270 0
syringe_lod1
0  -0.393162 -5.960347 2.989300  -0.421599 -0.606903 -0.673738  0.698089 0.280971 0
0  -0.668817 -6.059780 3.284135  -0.787495 -0.345453 -0.510405  0.680802 0.285270 0
0  -0.775485 -5.959688 3.503874  -0.956796 -0.198055 -0.212874  0.670430 0.280942 0
syringe_lod1
0  -0.759531 -5.960347 5.765888  -0.888241 -0.458357 -0.030611  0.446944 0.221449 0
0  -0.745969 -5.959688 5.362490  -0.937671 -0.322987 -0.128270  0.464231 0.221420 0
0  -0.683440 -6.068659 5.179792  -0.826706 0.219834 -0.517910  0.472424 0.225748 0
syringe_lod1
0  0.386142 -6.059780 3.001460  0.392846 -0.755478 -0.524332  0.085060 0.673624 0
0  0.514110 -6.166188 3.373456  0.654886 -0.645232 -0.393446  0.093835 0.658353 0
0  0.281330 -6.235922 3.183000  0.256056 -0.880896 -0.398067  0.093835 0.673624 0
syringe_lod1
0  -0.668817 -6.059780 4.056419  -0.539973 -0.752378 0.377301  0.085060 0.566727 0
0  -0.279494 -6.231559 4.153267  -0.272347 -0.850690 0.449614  0.093835 0.581998 0
0  -0.393162 -5.960348 4.351254  -0.376606 -0.598086 0.707433  0.085060 0.581998 0
syringe_lod1
0  -0.683440 -6.068659 5.179792  -0.491655 -0.839633 -0.230848  0.077213 0.650320 0
0  -0.573415 -6.166188 5.716018  -0.755827 -0.626147 0.191479  0.068438 0.627811 0
0  -0.759531 -5.960347 5.765888  -0.751809 -0.635842 0.174610  0.077213 0.627811 0
syringe_lod1
0  -0.014823 -6.242794 4.226040  -0.018881 -0.895734 0.444190  0.907896 0.880052 0
0  0.232482 -6.272632 3.927473  0.050392 -0.996448 0.067467  0.898548 0.865986 0
0  0.368628 -6.254612 4.100844  0.369162 -0.862206 0.346871  0.907896 0.864982 0
syringe_lod1
0  0.386142 -6.059780 4.339095  0.333052 -0.769873 0.544401  0.085060 0.612540 0
0  0.574960 -6.177194 3.832572  0.601338 -0.779321 0.176212  0.093835 0.635051 0
0  0.668817 -6.059780 4.056419  0.410604 -0.866927 0.282563  0.085060 0.627811 0
syringe_lod1
0  -0.557083 -6.248473 3.670277  -0.463223 -0.886069 -0.017518  0.907896 0.910193 0
0  -0.203168 -6.274109 3.970063  -0.098950 -0.986418 0.131102  0.898548 0.891385 0
0  -0.481613 -6.228086 3.962169  -0.396697 -0.882697 0.251948  0.907896 0.900146 0
syringe_lod1
0  -0.434052 -6.172095 3.236226  -0.519039 -0.634866 -0.572315  0.339593 0.133249 0
0  -0.013253 -6.237184 3.111746  -0.041897 -0.882185 -0.469035  0.320208 0.129870 0
0  -0.402839 -6.267124 3.267421  -0.644956 -0.421172 -0.637687  0.339593 0.128715 0
syringe_lod1
0  -0.575326 -6.267046 5.533337  -0.992414 -0.102847 -0.067352  0.167679 0.200436 0
0  -0.533353 -6.174286 5.275575  -0.698662 -0.585426 -0.411276  0.172213 0.211298 0
0  -0.284846 -6.267183 5.069004  -0.546227 -0.116083 -0.829554  0.167679 0.224991 0
syringe_lod1
0  0.563193 -6.267172 3.549414  0.038419 -0.999005 -0.022641  0.907896 0.845892 0
0  0.168903 -6.272076 3.377728  0.046841 -0.990258 -0.131132  0.898548 0.829818 0
0  0.281330 -6.235922 3.183000  0.256056 -0.880896 -0.398067  0.907896 0.829818 0
syringe_lod1
0  0.569713 -6.267124 5.562360  0.066106 -0.997559 -0.022480  0.131562 0.560901 0
0  0.175641 -6.272671 5.258152  0.094778 -0.988609 -0.116912  0.122214 0.540808 0
0  0.398338 -6.221818 5.164033  0.394912 -0.841913 -0.367732  0.131562 0.545831 0
syringe_lod1
0  -0.331208 -6.272633 3.581530  -0.080405 -0.996719 0.009275  0.898548 0.794654 0
0  -0.557083 -6.248473 3.670277  -0.463223 -0.886069 -0.017518  0.907896 0.789630 0
0  -0.402839 -6.267124 3.267421  -0.029018 -0.998580 -0.044681  0.907896 0.804701 0
syringe_lod1
0  0.306456 -6.426732 3.670277  0.705097 -0.709016 0.011606  0.651189 0.228468 0
0  0.232482 -6.272632 3.927473  0.613760 -0.372000 0.696358  0.640280 0.235480 0
0  0.060382 -6.424852 3.951672  0.134208 -0.688313 0.712891  0.633362 0.228468 0
syringe_lod1
0  -0.106496 -6.272632 3.340344  -0.303024 -0.349693 -0.886505  0.593240 0.235480 0
0  -0.201291 -6.424783 3.468986  -0.489834 -0.740995 -0.459335  0.599466 0.228468 0
0  -0.331208 -6.272633 3.581530  -0.910272 -0.348159 -0.224032  0.606384 0.235480 0
syringe_lod1
0  -0.201291 -6.424783 3.468986  -0.489834 -0.740995 -0.459335  0.744406 0.467099 0
0  0.060376 -6.424935 3.388915  0.172494 -0.749829 -0.638750  0.744720 0.478267 0
0  0.060382 -6.424852 3.951672  0.134208 -0.688313 0.712891  0.722552 0.472327 0
syringe_lod1
0  0.060382 -6.424852 3.951672  0.134208 -0.688313 0.712891  0.722552 0.472327 0
0  -0.270127 -6.427176 3.801292  -0.668220 -0.686487 0.286736  0.732175 0.462155 0
0  -0.201291 -6.424783 3.468986  -0.489834 -0.740995 -0.459335  0.744406 0.467099 0
syringe_lod1
0  -0.098427 -6.426720 5.278547  -0.190038 -0.662556 -0.724504  0.856617 0.471964 0
0  0.252481 -6.425060 5.416602  0.654145 -0.675140 -0.340999  0.866239 0.482764 0
0  -0.142357 -6.424667 5.808941  -0.316419 -0.740375 0.593063  0.844385 0.488620 0
syringe_lod1
0  -0.287274 -6.425269 5.576870  -0.717871 -0.696140 0.007133  0.844071 0.477451 0
0  -0.098427 -6.426720 5.278547  -0.190038 -0.662556 -0.724504  0.856617 0.471964 0
0  -0.142357 -6.424667 5.808941  -0.316419 -0.740375 0.593063  0.844385 0.488620 0
syringe_lod1
0  0.252481 -6.425060 5.416602  0.654145 -0.675140 -0.340999  0.866239 0.482764 0
0  0.196672 -6.426395 5.789624  0.452891 -0.684566 0.571190  0.856617 0.493563 0
0  -0.142357 -6.424667 5.808941  -0.316419 -0.740375 0.593063  0.844385 0.488620 0
syringe_lod1
0  0.199882 -5.959688 4.816403  0.232736 0.040649 -0.971690  0.308651 0.221420 0
0  0.556015 -5.960347 5.006357  0.470618 0.000000 -0.882337  0.325938 0.221449 0
0  0.199882 -6.059780 4.816403  0.222302 -0.000000 -0.974978  0.308651 0.225748 0
syringe_lod1
0  -0.000000 -5.959688 2.897994  0.016933 0.000000 -0.999857  0.507936 0.280942 0
0  0.386142 -6.059780 3.001460  0.467067 -0.000000 -0.884222  0.525223 0.285270 0
0  -0.000000 -6.059780 2.897994  0.037616 -0.000000 -0.999292  0.507936 0.285270 0
syringe_lod1
0  0.445257 3.059535 -2.695377  0.686702 -0.064180 -0.724100  0.842816 0.419230 0
0  0.445243 1.206414 -2.522220  0.634541 -0.360796 -0.683508  0.842852 0.338662 0
0  -0.445096 1.238747 -2.537575  -0.637250 -0.324169 -0.699161  0.881351 0.340219 0
syringe_lod1
0  -0.445120 1.131901 -1.264457  0.001391 -0.999946 0.010347  0.881378 0.280456 0
0  0.445182 0.910670 0.719835  0.009193 -0.919422 -0.393164  0.842916 0.194177 0
0  -0.445158 0.878169 0.751383  -0.017590 -0.923626 -0.382890  0.881417 0.192325 0
syringe_lod1
0  0.445236 0.985343 -2.255415  0.627135 -0.751216 -0.205854  0.842858 0.323720 0
0  0.445220 1.126230 -1.267494  0.003449 -0.999912 0.012772  0.842878 0.280578 0
0  -0.445120 1.131901 -1.264457  0.001391 -0.999946 0.010347  0.881378 0.280456 0
syringe_lod1
0  -0.445179 0.205089 1.730545  -0.624872 -0.779958 -0.034641  0.881394 0.140726 0
0  -0.445158 0.878169 0.751383  -0.017590 -0.923626 -0.382890  0.881417 0.192325 0
0  0.445168 0.360596 1.361162  -0.013782 -0.869949 -0.492949  0.842933 0.157723 0
syringe_lod1
0  -0.445179 0.205089 1.730545  -0.624872 -0.779958 -0.034641  0.881394 0.140726 0
0  0.445159 0.226849 1.813281  0.647032 -0.760807 0.050229  0.842869 0.137313 0
0  0.445154 0.343813 2.106006  0.642380 -0.592141 0.486536  0.842818 0.123714 0
syringe_lod1
0  0.445257 3.059535 -2.695377  0.686702 -0.064180 -0.724100  0.623800 0.220618 0
0  0.445220 1.126230 -1.267494  1.000000 -0.000006 0.000018  0.707949 0.158852 0
0  0.445243 1.206414 -2.522220  0.634541 -0.360796 -0.683508  0.703698 0.212466 0
syringe_lod1
0  0.445243 1.206414 -2.522220  0.634541 -0.360796 -0.683508  0.842852 0.338662 0
0  0.445236 0.985343 -2.255415  0.627135 -0.751216 -0.205854  0.842858 0.323720 0
0  -0.445102 0.994211 -2.288465  -0.624428 -0.740955 -0.247134  0.881358 0.325204 0
syringe_lod1
0  -0.445120 1.131901 -1.264457  -1.000000 0.000006 -0.000018  0.730681 0.841283 0
0  -0.445158 0.878169 0.751383  -1.000000 0.000006 -0.000018  0.817127 0.829853 0
0  -0.445083 3.059540 -2.695393  -0.686790 -0.062760 -0.724141  0.668776 0.925429 0
syringe_lod1
0  1.360955 4.744300 -6.848585  0.980528 -0.016117 -0.195719  0.615108 0.078788 0
0  1.168092 6.818786 -5.341529  0.966090 0.212669 0.146429  0.565543 0.176760 0
0  1.353368 5.067594 -4.708831  0.965376 0.206875 0.158906  0.525021 0.107536 0
syringe_lod1
0  -0.445096 1.238747 -2.537575  -0.637250 -0.324169 -0.699161  0.676414 0.846981 0
0  -0.445120 1.131901 -1.264457  -1.000000 0.000006 -0.000018  0.730681 0.841283 0
0  -0.445083 3.059540 -2.695393  -0.686790 -0.062760 -0.724141  0.668776 0.925429 0
syringe_lod1
0  0.445154 0.343813 2.106006  0.642380 -0.592141 0.486536  0.842818 0.123714 0
0  0.445152 0.698904 2.316041  -0.000963 -0.231721 0.972782  0.842826 0.105969 0
0  -0.445187 0.484966 2.242721  -0.623555 -0.406254 0.667935  0.881322 0.115601 0
syringe_lod1
0  1.022987 -0.224347 1.653769  0.340667 0.387700 -0.856525  0.048142 0.371052 0
0  -1.023332 -0.224475 1.653723  -0.354507 0.091792 -0.930537  0.003906 0.371041 0
0  1.036143 0.966924 1.654701  0.384723 -0.060820 -0.921026  0.048724 0.319281 0
syringe_lod1
0  1.523579 3.152530 0.187768  0.998679 0.044535 0.025640  0.305823 0.048419 0
0  1.025070 5.136664 -3.768195  0.960542 0.203141 0.189980  0.483806 0.121608 0
0  1.056896 4.353465 0.039721  0.940216 0.340232 0.015374  0.317714 0.103222 0
syringe_lod1
0  1.036143 0.966924 1.654701  0.384723 -0.060820 -0.921026  0.048724 0.319281 0
0  -1.016015 1.466980 1.501592  -0.405041 -0.472068 -0.783003  0.003925 0.296944 0
0  1.022987 1.466371 1.501988  0.479394 -0.441717 -0.758332  0.048161 0.296955 0
syringe_lod1
0  1.022987 -0.224347 1.653769  0.340667 0.387700 -0.856525  0.644348 0.373960 0
0  1.036143 0.966924 1.654701  0.384723 -0.060820 -0.921026  0.598981 0.348578 0
0  1.514152 0.999582 2.116759  0.763739 -0.034561 -0.644599  0.612229 0.322385 0
syringe_lod1
0  1.027265 5.178153 -0.972494  0.980259 0.185820 0.067546  0.118221 0.128005 0
0  0.845453 5.691479 -0.900935  0.755760 0.631518 0.173239  0.096954 0.132073 0
0  0.792932 5.071896 0.464780  0.735573 0.669295 -0.104766  0.101035 0.067678 0
syringe_lod1
0  1.514284 -2.731725 2.111983  0.923058 -0.159950 -0.349828  0.463310 0.040552 0
0  2.024991 -2.734677 2.867321  0.886178 -0.169832 0.431099  0.462811 0.003906 0
0  1.857851 -3.002670 2.854583  0.536274 -0.724039 0.433794  0.476190 0.003906 0
syringe_lod1
0  1.426218 4.084070 -5.377501  0.987154 -0.131463 -0.090799  0.549174 0.059272 0
0  1.360955 4.744300 -6.848585  0.980528 -0.016117 -0.195719  0.615108 0.078788 0
0  1.353368 5.067594 -4.708831  0.965376 0.206875 0.158906  0.525021 0.107536 0
syringe_lod1
0  1.025512 -0.525332 1.433483  0.435758 0.782425 -0.444888  0.244999 0.345258 0
0  -1.023332 -0.224475 1.653723  -0.354507 0.091792 -0.930537  0.228789 0.389603 0
0  1.022987 -0.224347 1.653769  0.340667 0.387700 -0.856525  0.228789 0.345367 0
syringe_lod1
0  0.000000 2.960060 -5.239404  -0.066730 -0.952441 -0.297328  0.294196 0.497822 0
0  1.288071 3.758652 -5.553248  0.854190 -0.512717 0.086489  0.267206 0.437157 0
0  1.322894 3.628284 -4.338072  0.613350 -0.778808 -0.131377  0.319846 0.430578 0
syringe_lod1
0  0.792932 5.071896 0.464780  0.735573 0.669295 -0.104766  0.306152 0.139261 0
0  1.491356 5.312599 1.790792  0.950421 0.159022 -0.267229  0.241387 0.147465 0
0  1.491184 4.284505 1.676758  0.965546 0.121574 -0.230090  0.244591 0.102689 0
syringe_lod1
0  1.020918 7.094905 -6.158816  0.837387 0.457160 -0.299648  0.052535 0.451489 0
0  0.000000 5.432243 -7.243714  0.012920 0.385741 -0.922516  0.133100 0.497822 0
0  0.004110 7.555363 -6.259755  0.001496 0.596581 -0.802552  0.035464 0.497822 0
syringe_lod1
0  0.000000 3.725906 -7.261336  -0.008818 -0.605857 -0.795525  0.201307 0.497822 0
0  -0.000000 4.615582 -7.478561  0.007960 0.007352 -0.999941  0.166193 0.497822 0
0  1.201022 4.719573 -7.134848  0.421252 -0.019772 -0.906728  0.164418 0.445983 0
syringe_lod1
0  1.426218 4.084070 -5.377501  0.987154 -0.131463 -0.090799  0.549174 0.059272 0
0  1.428737 3.980907 -6.504773  0.960471 -0.091490 -0.262915  0.596611 0.050319 0
0  1.360955 4.744300 -6.848585  0.980528 -0.016117 -0.195719  0.615108 0.078788 0
syringe_lod1
0  1.168092 6.818786 -5.341529  0.966090 0.212669 0.146429  0.565543 0.176760 0
0  0.842419 6.848186 -4.642970  0.742849 0.595997 0.304898  0.531781 0.184389 0
0  1.039912 6.008224 -4.328459  0.953889 0.217459 0.206901  0.515626 0.151364 0
syringe_lod1
0  1.240456 3.932007 -6.894217  0.421857 -0.550089 -0.720721  0.202001 0.442008 0
0  1.201022 4.719573 -7.134848  0.421252 -0.019772 -0.906728  0.164418 0.445983 0
0  1.360955 4.744300 -6.848585  0.980528 -0.016117 -0.195719  0.162401 0.432211 0
syringe_lod1
0  1.022255 2.847409 -2.120471  0.508301 -0.859425 -0.054939  0.423460 0.409721 0
0  1.469567 3.195471 -1.570826  0.914162 -0.386753 -0.121367  0.425960 0.374579 0
0  1.514198 2.432094 1.147128  0.960505 -0.235825 -0.147705  0.535229 0.318406 0
syringe_lod1
0  1.025512 -0.525332 1.433483  0.435758 0.782425 -0.444888  0.653527 0.387383 0
0  1.510531 -0.682730 2.071419  0.868733 0.025840 -0.494606  0.674014 0.360279 0
0  1.513067 -1.139049 1.393026  0.907459 0.298418 -0.295743  0.688776 0.391074 0
syringe_lod1
0  1.514152 1.824041 1.966471  0.906474 -0.102872 -0.409539  0.263734 0.040552 0
0  2.016377 2.226961 2.885069  0.862172 0.110799 0.494352  0.248504 0.003906 0
0  2.011868 1.416560 2.768404  0.944968 0.001123 -0.327160  0.283281 0.003906 0
syringe_lod1
0  0.812282 7.526124 -6.010212  0.653118 0.712554 -0.256326  0.585669 0.206198 0
0  -0.004678 7.845432 -5.847776  -0.016227 0.986504 -0.162928  0.573610 0.245921 0
0  0.000000 7.715066 -5.191348  0.001702 0.862466 0.506112  0.554963 0.241211 0
syringe_lod1
0  1.480133 3.314119 2.044683  0.995228 0.061721 -0.075570  0.199409 0.041837 0
0  1.569310 3.228650 2.887455  0.630295 0.173123 0.756807  0.202233 0.007354 0
0  2.016377 2.226961 2.885069  0.862172 0.110799 0.494352  0.248504 0.003906 0
syringe_lod1
0  1.288071 3.758652 -5.553248  0.854190 -0.512717 0.086489  0.212022 0.371627 0
0  1.271913 3.624864 -6.301474  0.583560 -0.805081 0.106316  0.222364 0.402879 0
0  1.428737 3.980907 -6.504773  0.960471 -0.091490 -0.262915  0.205520 0.414017 0
syringe_lod1
0  0.485435 1.690650 -3.018381  0.332685 -0.942922 0.014788  0.419656 0.478309 0
0  -0.409937 1.651516 -3.002179  -0.272633 -0.958782 -0.080046  0.421406 0.497822 0
0  0.401984 1.757515 -3.272898  0.280758 -0.739768 -0.611489  0.407938 0.483025 0
syringe_lod1
0  1.857851 -3.002670 2.854583  0.536274 -0.724039 0.433794  0.910201 0.723663 0
0  -1.864535 -3.002903 2.883019  0.000013 -1.000000 -0.000423  0.884577 0.798877 0
0  1.339505 -3.002538 2.123522  0.386808 -0.913420 -0.126662  0.873382 0.733147 0
syringe_lod1
0  1.022987 1.792713 1.135121  0.366029 -0.809800 -0.458527  0.556516 0.344528 0
0  1.514198 2.432094 1.147128  0.960505 -0.235825 -0.147705  0.535229 0.318406 0
0  1.514152 1.824041 1.966471  0.906474 -0.102872 -0.409539  0.578352 0.308711 0
syringe_lod1
0  1.514152 6.221346 2.888029  0.627213 0.472901 0.618845  0.616893 0.255668 0
0  1.110547 6.615771 2.888029  0.000002 0.000000 1.000000  0.633949 0.273120 0
0  1.110547 3.513870 2.888029  0.000477 -0.001178 0.999999  0.499816 0.273120 0
syringe_lod1
0  0.000000 5.395619 0.595046  0.075534 0.996585 -0.033367  0.063436 0.064996 0
0  0.792932 5.071896 0.464780  0.735573 0.669295 -0.104766  0.101035 0.067678 0
0  0.845453 5.691479 -0.900935  0.755760 0.631518 0.173239  0.096954 0.132073 0
syringe_lod1
0  0.485435 1.690650 -3.018381  0.332685 -0.942922 0.014788  0.419656 0.478309 0
0  1.029988 2.181418 -2.947191  0.853292 -0.520845 0.024783  0.409951 0.450703 0
0  0.912372 2.185632 -2.760654  0.196671 -0.486051 0.851513  0.418923 0.448289 0
syringe_lod1
0  1.031630 5.680978 1.553434  0.300637 0.599706 -0.741600  0.258820 0.169003 0
0  0.792932 5.071896 0.464780  0.735573 0.669295 -0.104766  0.306152 0.139261 0
0  0.000000 5.395619 0.595046  0.075534 0.996585 -0.033367  0.322021 0.171912 0
syringe_lod1
0  1.491356 5.312599 1.790792  0.950421 0.159022 -0.267229  0.113646 0.057175 0
0  1.459981 6.106408 1.819803  0.693845 0.562004 -0.450256  0.078596 0.055648 0
0  1.480133 3.314119 2.044683  0.995228 0.061721 -0.075570  0.199409 0.041837 0
syringe_lod1
0  1.240456 3.932007 -6.894217  0.421857 -0.550089 -0.720721  0.202001 0.442008 0
0  1.271913 3.624864 -6.301474  0.583560 -0.805081 0.106316  0.233707 0.441500 0
0  0.000000 3.267892 -6.451303  -0.000001 -0.979606 -0.200926  0.237285 0.497822 0
syringe_lod1
0  1.029988 2.181418 -2.947191  0.853292 -0.520845 0.024783  0.409951 0.450703 0
0  1.189619 2.949685 -2.571768  0.847285 -0.524101 0.086173  0.404278 0.415557 0
0  0.982807 2.677694 -2.510661  0.179387 -0.577885 0.796159  0.414139 0.424195 0
syringe_lod1
0  1.459981 6.106408 1.819803  0.693845 0.562004 -0.450256  0.078596 0.055648 0
0  1.014119 6.608289 2.128007  0.352718 0.911587 -0.211185  0.048341 0.041522 0
0  1.110547 6.615771 2.888029  0.528600 0.845097 -0.079955  0.050108 0.008709 0
syringe_lod1
0  0.987241 6.488971 1.797385  0.420830 0.730016 -0.538497  0.048980 0.057175 0
0  -0.986937 6.533274 1.828163  -0.159031 0.770216 -0.617638  0.005050 0.057175 0
0  1.014119 6.608289 2.128007  0.352718 0.911587 -0.211185  0.048341 0.041522 0
syringe_lod1
0  1.514198 2.432094 1.147128  0.960505 -0.235825 -0.147705  0.241191 0.078508 0
0  1.523579 3.152530 0.187768  0.998679 0.044535 0.025640  0.210855 0.121583 0
0  1.493351 3.393397 1.225901  0.990799 0.118604 -0.065198  0.197320 0.077141 0
syringe_lod1
0  1.025512 -0.525332 1.433483  0.435758 0.782425 -0.444888  0.653527 0.387383 0
0  1.022987 -0.224347 1.653769  0.340667 0.387700 -0.856525  0.644348 0.373960 0
0  1.510531 -0.682730 2.071419  0.868733 0.025840 -0.494606  0.674014 0.360279 0
syringe_lod1
0  -1.016015 1.466980 1.501592  -0.405041 -0.472068 -0.783003  0.003925 0.296944 0
0  -1.024356 1.793247 1.134297  -0.477211 -0.699192 -0.532353  0.003930 0.275712 0
0  1.022987 1.792713 1.135121  0.366029 -0.809800 -0.458527  0.048166 0.275723 0
syringe_lod1
0  1.322894 3.628284 -4.338072  0.613350 -0.778808 -0.131377  0.319846 0.430578 0
0  1.410129 3.767157 -3.827094  0.900363 -0.259930 -0.348975  0.336282 0.416642 0
0  0.618978 2.865908 -3.959686  0.610005 -0.733738 -0.299202  0.350716 0.468690 0
syringe_lod1
0  -0.000000 6.105237 -0.800425  0.000098 0.932087 0.362235  0.056216 0.132865 0
0  0.842419 6.848186 -4.642970  0.742849 0.595997 0.304898  0.101961 0.300567 0
0  -0.000000 6.951993 -3.343090  0.014321 0.954759 0.297036  0.056216 0.249426 0
syringe_lod1
0  0.884636 7.319439 -5.311028  0.574516 0.726650 0.376711  0.566430 0.200880 0
0  0.000000 7.715066 -5.191348  0.001702 0.862466 0.506112  0.554963 0.241211 0
0  0.000000 7.297467 -4.736646  0.002907 0.923546 0.383477  0.531127 0.228695 0
syringe_lod1
0  -0.969883 2.708637 -2.458678  -0.668942 -0.635656 0.385303  0.003983 0.110127 0
0  0.365787 1.723815 -2.830215  -0.008823 -0.874184 0.485515  0.019657 0.066197 0
0  0.912372 2.185632 -2.760654  0.196671 -0.486051 0.851513  0.043742 0.084940 0
syringe_lod1
0  0.884636 7.319439 -5.311028  0.574516 0.726650 0.376711  0.566430 0.200880 0
0  1.168092 6.818786 -5.341529  0.966090 0.212669 0.146429  0.565543 0.176760 0
0  1.020918 7.094905 -6.158816  0.837387 0.457160 -0.299648  0.592530 0.180394 0
syringe_lod1
0  1.189619 2.949685 -2.571768  0.847285 -0.524101 0.086173  0.404278 0.415557 0
0  1.022255 2.847409 -2.120471  0.508301 -0.859425 -0.054939  0.423460 0.409721 0
0  0.982807 2.677694 -2.510661  0.179387 -0.577885 0.796159  0.414139 0.424195 0
syringe_lod1
0  -1.110170 3.509195 2.888008  -0.000267 -0.001422 0.999999  0.499564 0.321143 0
0  -1.864535 -3.002903 2.883019  -0.676051 -0.430376 0.598107  0.218034 0.321143 0
0  2.016377 2.226961 2.885069  0.862172 0.110799 0.494352  0.444720 0.234145 0
syringe_lod1
0  0.578233 3.510824 2.617093  -0.289241 0.001263 0.957256  0.632912 0.405213 0
0  -0.275025 6.618586 2.512069  0.149733 0.003185 0.988721  0.498648 0.379851 0
0  -0.270291 3.508627 2.527985  0.112387 0.658631 0.744026  0.633033 0.379851 0
syringe_lod1
0  1.025070 5.136664 -3.768195  0.960542 0.203141 0.189980  0.483806 0.121608 0
0  1.436016 4.148170 -3.753822  0.973096 0.196558 0.120205  0.480039 0.072606 0
0  1.353368 5.067594 -4.708831  0.965376 0.206875 0.158906  0.525021 0.107536 0
syringe_lod1
0  1.271913 3.624864 -6.301474  0.583560 -0.805081 0.106316  0.233707 0.441500 0
0  1.288071 3.758652 -5.553248  0.854190 -0.512717 0.086489  0.267206 0.437157 0
0  -0.000000 3.351034 -5.673006  0.000382 -0.995692 -0.092727  0.269475 0.497822 0
syringe_lod1
0  0.000000 5.891511 1.515698  -0.002797 0.711414 -0.702768  0.291034 0.202787 0
0  -0.986937 6.533274 1.828163  -0.159031 0.770216 -0.617638  0.274699 0.226324 0
0  0.987241 6.488971 1.797385  0.420830 0.730016 -0.538497  0.240783 0.201940 0
syringe_lod1
0  0.990132 -3.002533 1.019814  0.277213 -0.551823 -0.786539  0.749008 0.453904 0
0  1.022987 -2.732637 0.845175  0.490743 -0.079087 -0.867708  0.735108 0.451985 0
0  1.514152 -2.732637 1.342508  0.918397 -0.090426 -0.385189  0.748569 0.424757 0
syringe_lod1
0  1.514284 -2.731725 2.111983  0.923058 -0.159950 -0.349828  0.579910 0.004546 0
0  1.339505 -3.002538 2.123522  0.386808 -0.913420 -0.126662  0.593856 0.003906 0
0  1.339505 -3.002537 1.389886  0.785748 -0.557552 -0.267834  0.593604 0.035879 0
syringe_lod1
0  1.513067 -1.139049 1.393026  0.907459 0.298418 -0.295743  0.688776 0.391074 0
0  1.514152 -2.732637 1.342508  0.918397 -0.090426 -0.385189  0.748569 0.424757 0
0  1.022987 -2.732637 0.845175  0.490743 -0.079087 -0.867708  0.735108 0.451985 0
syringe_lod1
0  1.110547 3.513870 2.888029  -0.453603 0.000000 0.891204  0.632780 0.431041 0
0  0.578233 6.615771 2.617092  -0.289040 0.001264 0.957316  0.498648 0.405213 0
0  0.578233 3.510824 2.617093  -0.289241 0.001263 0.957256  0.632912 0.405213 0
syringe_lod1
0  1.353368 5.067594 -4.708831  0.965376 0.206875 0.158906  0.525021 0.107536 0
0  1.039912 6.008224 -4.328459  0.953889 0.217459 0.206901  0.515626 0.151364 0
0  1.025070 5.136664 -3.768195  0.960542 0.203141 0.189980  0.483806 0.121608 0
syringe_lod1
0  -0.409937 1.651516 -3.002179  -0.272633 -0.958782 -0.080046  0.421406 0.497822 0
0  0.485435 1.690650 -3.018381  0.332685 -0.942922 0.014788  0.419656 0.478309 0
0  0.365787 1.723815 -2.830215  -0.008823 -0.874184 0.485515  0.428571 0.480107 0
syringe_lod1
0  0.618978 2.865908 -3.959686  0.610005 -0.733738 -0.299202  0.350716 0.468690 0
0  1.410129 3.767157 -3.827094  0.900363 -0.259930 -0.348975  0.336282 0.416642 0
0  1.428442 3.591020 -3.131937  0.933143 -0.326707 -0.150023  0.364644 0.408303 0
syringe_lod1
0  -1.021651 2.847655 -2.185060  -0.353120 -0.921222 0.163266  0.003966 0.122987 0
0  -0.969883 2.708637 -2.458678  -0.668942 -0.635656 0.385303  0.003983 0.110127 0
0  0.982807 2.677694 -2.510661  0.179387 -0.577885 0.796159  0.046484 0.108843 0
syringe_lod1
0  0.401984 1.757515 -3.272898  0.280758 -0.739768 -0.611489  0.407938 0.483025 0
0  1.026904 2.399278 -3.344715  0.705692 -0.248694 -0.663439  0.391097 0.453938 0
0  1.029988 2.181418 -2.947191  0.853292 -0.520845 0.024783  0.409951 0.450703 0
syringe_lod1
0  1.410129 3.767157 -3.827094  0.900363 -0.259930 -0.348975  0.200344 0.297394 0
0  1.322894 3.628284 -4.338072  0.613350 -0.778808 -0.131377  0.209455 0.318744 0
0  1.426218 4.084070 -5.377501  0.987154 -0.131463 -0.090799  0.196328 0.366183 0
syringe_lod1
0  1.027928 2.274749 0.060712  0.337392 -0.889090 -0.309330  1.003942 0.225026 0
0  -1.021651 2.847655 -2.185060  -0.353120 -0.921222 0.163266  1.048379 0.124010 0
0  1.022255 2.847409 -2.120471  0.508301 -0.859425 -0.054939  1.003962 0.145875 0
syringe_lod1
0  1.022987 1.466371 1.501988  0.479394 -0.441717 -0.758332  0.577623 0.341925 0
0  1.514152 1.824041 1.966471  0.906474 -0.102872 -0.409539  0.578352 0.308711 0
0  1.514152 0.999582 2.116759  0.763739 -0.034561 -0.644599  0.612229 0.322385 0
syringe_lod1
0  1.523579 3.152530 0.187768  0.998679 0.044535 0.025640  0.210855 0.121583 0
0  1.469567 3.195471 -1.570826  0.914162 -0.386753 -0.121367  0.215092 0.197772 0
0  1.428442 3.591020 -3.131937  0.933143 -0.326707 -0.150023  0.204535 0.266828 0
syringe_lod1
0  1.523579 3.152530 0.187768  0.998679 0.044535 0.025640  0.210855 0.121583 0
0  1.428442 3.591020 -3.131937  0.933143 -0.326707 -0.150023  0.204535 0.266828 0
0  1.410129 3.767157 -3.827094  0.900363 -0.259930 -0.348975  0.200344 0.297394 0
syringe_lod1
0  -1.023332 -0.224475 1.653723  -0.354507 0.091792 -0.930537  1.644348 0.373960 0
0  -1.507969 -0.724422 2.054448  -0.900777 0.146909 -0.408679  1.675177 0.361815 0
0  -1.514152 0.999582 2.116759  -0.761413 -0.048137 -0.646478  1.612229 0.322385 0
syringe_lod1
0  -1.016016 5.225276 -0.974902  -0.982339 0.171114 0.075693  1.118268 0.128581 0
0  -1.056896 4.353465 0.039721  -0.949307 0.309759 -0.053540  1.138542 0.074537 0
0  -0.792932 5.071896 0.464780  -0.735540 0.669314 -0.104878  1.101035 0.067678 0
syringe_lod1
0  -1.022987 2.272861 0.065833  -0.315436 -0.919650 -0.233974  1.509000 0.362568 0
0  -1.024356 1.793247 1.134297  -0.477211 -0.699192 -0.532353  1.556516 0.344528 0
0  -1.515272 2.450146 1.114914  -0.960946 -0.236973 -0.142921  1.533774 0.319043 0
syringe_lod1
0  -1.168092 6.818786 -5.341530  -0.905237 0.365295 0.217036  1.565543 0.176760 0
0  -1.360040 4.742504 -6.850032  -0.945931 0.227314 -0.231394  1.615119 0.078701 0
0  -1.365976 4.940917 -4.628109  -0.986368 0.113758 0.118903  1.521209 0.102287 0
syringe_lod1
0  -1.514279 -2.731746 2.111977  -0.854897 -0.280365 -0.436517  1.463311 0.040552 0
0  -1.339505 -3.002538 2.129297  -0.802351 -0.533933 -0.266737  1.476190 0.040552 0
0  -1.864535 -3.002903 2.883019  -0.676051 -0.430376 0.598107  1.476190 0.003906 0
syringe_lod1
0  -1.365976 4.940917 -4.628109  -0.986368 0.113758 0.118903  1.521209 0.102287 0
0  -1.360040 4.742504 -6.850032  -0.945931 0.227314 -0.231394  1.615119 0.078701 0
0  -1.432690 4.084986 -5.212032  -0.996637 -0.077384 0.026971  1.542051 0.059645 0
syringe_lod1
0  -1.027609 7.103539 -6.152854  -0.658856 0.344145 -0.668935  1.052487 0.451258 0
0  -1.193949 4.706532 -7.138451  -0.721996 0.169256 -0.670875  1.165006 0.445992 0
0  -1.360040 4.742504 -6.850032  -0.945931 0.227314 -0.231394  1.162505 0.432213 0
syringe_lod1
0  -1.322894 3.628284 -4.338072  -0.690774 -0.722867 -0.017183  1.319846 0.430578 0
0  -1.288071 3.758652 -5.553247  -0.754018 -0.623862 0.205558  1.267206 0.437157 0
0  0.000000 2.960060 -5.239404  -0.066730 -0.952441 -0.297328  1.294196 0.497822 0
syringe_lod1
0  -0.000000 6.951993 -3.343090  0.014321 0.954759 0.297036  1.056216 0.249426 0
0  0.000000 7.297467 -4.736646  0.002907 0.923546 0.383477  1.059886 0.311672 0
0  -0.835072 6.831007 -4.572521  -0.675398 0.628420 0.385910  1.101655 0.297450 0
syringe_lod1
0  -0.792932 5.071896 0.464780  -0.735540 0.669314 -0.104878  1.306152 0.139261 0
0  -1.056896 4.353465 0.039721  -0.949307 0.309759 -0.053540  1.317714 0.103222 0
0  -1.491184 4.284505 1.676758  -0.962829 0.123544 -0.240203  1.244591 0.102689 0
syringe_lod1
0  1.022987 -2.732637 0.845175  0.490743 -0.079087 -0.867708  1.356404 0.389603 0
0  -1.022987 -0.913695 0.845175  -0.304656 0.092390 -0.947971  1.277749 0.345367 0
0  1.019824 -0.914650 0.844809  0.420584 0.055176 -0.905574  1.277749 0.389603 0
syringe_lod1
0  0.000000 3.725906 -7.261336  -0.008818 -0.605857 -0.795525  1.201306 0.497822 0
0  -1.240456 3.932007 -6.894217  -0.436089 -0.471031 -0.766783  1.202001 0.442008 0
0  -1.193949 4.706532 -7.138451  -0.721996 0.169256 -0.670875  1.165006 0.445992 0
syringe_lod1
0  -1.428491 3.982696 -6.516541  -0.989807 -0.104358 -0.096912  1.597115 0.050400 0
0  -1.432690 4.084986 -5.212032  -0.996637 -0.077384 0.026971  1.542051 0.059645 0
0  -1.360040 4.742504 -6.850032  -0.945931 0.227314 -0.231394  1.615119 0.078701 0
syringe_lod1
0  -1.168092 6.818786 -5.341530  -0.905237 0.365295 0.217036  1.565543 0.176760 0
0  -1.365976 4.940917 -4.628109  -0.986368 0.113758 0.118903  1.521209 0.102287 0
0  -1.036411 6.075210 -4.409546  -0.953626 0.214573 0.211083  1.515626 0.151364 0
syringe_lod1
0  -1.240456 3.932007 -6.894217  -0.436089 -0.471031 -0.766783  1.202001 0.442008 0
0  -1.428491 3.982696 -6.516541  -0.989807 -0.104358 -0.096912  1.196369 0.427489 0
0  -1.360040 4.742504 -6.850032  -0.945931 0.227314 -0.231394  1.162505 0.432213 0
syringe_lod1
0  -1.515272 2.450146 1.114914  -0.960946 -0.236973 -0.142921  1.533774 0.319043 0
0  -1.469567 3.195471 -1.570826  -0.917348 -0.379327 -0.120765  1.425960 0.374579 0
0  -1.021651 2.847655 -2.185060  -0.353120 -0.921222 0.163266  1.420845 0.411601 0
syringe_lod1
0  -0.117524 2.598029 -3.654855  -0.052147 -0.691903 -0.720104  1.368217 0.497822 0
0  -0.618978 2.625980 -3.578930  -0.262288 -0.566795 -0.780992  1.370678 0.468385 0
0  -0.618978 2.865908 -3.959686  -0.514152 -0.750428 -0.415337  1.350716 0.468690 0
syringe_lod1
0  -1.022987 -0.526441 1.431813  -0.383289 0.774611 -0.503058  1.653527 0.387383 0
0  -1.022987 -0.605678 1.055915  -0.392457 0.773026 -0.498406  1.654522 0.404034 0
0  -1.514320 -1.132910 1.393275  -0.907015 0.108160 -0.406970  1.688599 0.390900 0
syringe_lod1
0  -1.514152 1.824041 1.966471  -0.863677 -0.060444 -0.500408  1.263734 0.040552 0
0  -1.514152 0.999582 2.116759  -0.761413 -0.048137 -0.646478  1.300982 0.040552 0
0  -2.011865 1.013617 2.768127  -0.929610 -0.005258 -0.368507  1.300716 0.003906 0
syringe_lod1
0  -1.514152 0.999582 2.116759  -0.761413 -0.048137 -0.646478  1.300982 0.040552 0
0  -2.030578 -2.724122 2.850729  -0.926629 -0.193071 0.322619  1.462920 0.003906 0
0  -2.011865 1.013617 2.768127  -0.929610 -0.005258 -0.368507  1.300716 0.003906 0
syringe_lod1
0  -0.845453 5.691479 -0.900935  -0.691755 0.673836 0.259652  1.096954 0.132073 0
0  -1.036411 6.075210 -4.409546  -0.953626 0.214573 0.211083  1.131628 0.280764 0
0  -1.016016 5.225276 -0.974902  -0.982339 0.171114 0.075693  1.118268 0.128581 0
syringe_lod1
0  -0.822916 7.526407 -6.003323  -0.519531 0.742909 -0.422106  1.585669 0.206198 0
0  -0.884636 7.319439 -5.311028  -0.610205 0.675893 0.413302  1.566430 0.200880 0
0  0.000000 7.715066 -5.191348  0.001702 0.862466 0.506112  1.554963 0.241211 0
syringe_lod1
0  -1.490351 3.335730 2.158061  -0.990756 0.067304 -0.117785  1.199832 0.037339 0
0  -1.514152 1.824041 1.966471  -0.863677 -0.060444 -0.500408  1.263734 0.040552 0
0  -2.024272 2.199517 2.879102  -0.864163 0.114351 0.490047  1.248504 0.003906 0
syringe_lod1
0  -1.428491 3.982696 -6.516541  -0.989807 -0.104358 -0.096912  1.205469 0.414525 0
0  -1.271913 3.624864 -6.301474  -0.675142 -0.731010 0.099032  1.222364 0.402879 0
0  -1.288071 3.758652 -5.553247  -0.754018 -0.623862 0.205558  1.212022 0.371627 0
syringe_lod1
0  -1.022987 -0.605678 1.055915  -0.392457 0.773026 -0.498406  1.261611 0.345367 0
0  -1.022987 -0.526441 1.431813  -0.383289 0.774611 -0.503058  1.244999 0.345367 0
0  1.025512 -0.525332 1.433483  0.435758 0.782425 -0.444888  1.244999 0.389603 0
syringe_lod1
0  -1.024356 1.793247 1.134297  -0.477211 -0.699192 -0.532353  1.048225 0.275723 0
0  -1.022987 2.272861 0.065833  -0.315436 -0.919650 -0.233974  1.048178 0.225037 0
0  1.027928 2.274749 0.060712  0.337392 -0.889090 -0.309330  1.003942 0.225026 0
syringe_lod1
0  -0.409937 1.651516 -3.002179  -0.272633 -0.958782 -0.080046  1.419939 0.481469 0
0  -0.497552 1.809465 -3.265917  -0.327416 -0.708103 -0.625612  1.407866 0.479211 0
0  0.401984 1.757515 -3.272898  0.280758 -0.739768 -0.611489  1.408244 0.497822 0
syringe_lod1
0  -1.522107 3.140847 0.188551  -0.998603 0.042328 -0.031619  1.210881 0.121429 0
0  -1.469567 3.195471 -1.570826  -0.917348 -0.379327 -0.120765  1.215092 0.197772 0
0  -1.515272 2.450146 1.114914  -0.960946 -0.236973 -0.142921  1.240732 0.080020 0
syringe_lod1
0  -1.514152 1.824041 1.966471  -0.863677 -0.060444 -0.500408  1.578352 0.308711 0
0  -1.515272 2.450146 1.114914  -0.960946 -0.236973 -0.142921  1.533774 0.319043 0
0  -1.024356 1.793247 1.134297  -0.477211 -0.699192 -0.532353  1.556516 0.344528 0
syringe_lod1
0  0.004110 7.555363 -6.259755  0.001496 0.596581 -0.802552  1.035464 0.497822 0
0  -1.027609 7.103539 -6.152854  -0.658856 0.344145 -0.668935  1.052487 0.451258 0
0  -0.822916 7.526407 -6.003323  -0.519531 0.742909 -0.422106  1.031048 0.461691 0
syringe_lod1
0  -1.514152 6.221346 2.888029  0.000010 -0.000006 1.000000  1.616893 0.255668 0
0  -1.563812 3.234733 2.888029  -0.661602 0.125370 0.739300  1.487746 0.253520 0
0  -1.110170 3.509195 2.888008  -0.000267 -0.001422 0.999999  1.499816 0.273138 0
syringe_lod1
0  -0.845453 5.691479 -0.900935  -0.691755 0.673836 0.259652  1.096954 0.132073 0
0  -0.792932 5.071896 0.464780  -0.735540 0.669314 -0.104878  1.101035 0.067678 0
0  0.000000 5.395619 0.595046  0.075534 0.996585 -0.033367  1.063436 0.064996 0
syringe_lod1
0  -1.029988 2.181418 -2.947191  -0.852219 -0.521091 0.046767  1.409951 0.450703 0
0  -1.172061 2.934212 -2.577443  -0.903074 -0.421953 0.080089  1.404046 0.416220 0
0  -1.050285 2.414856 -3.348294  -0.710973 -0.246817 -0.658482  1.390447 0.453306 0
syringe_lod1
0  -0.912372 2.185632 -2.760654  -0.259683 -0.476722 0.839822  1.418923 0.448289 0
0  -1.029988 2.181418 -2.947191  -0.852219 -0.521091 0.046767  1.409951 0.450703 0
0  -0.409937 1.651516 -3.002179  -0.272633 -0.958782 -0.080046  1.419939 0.481469 0
syringe_lod1
0  0.000000 5.395619 0.595046  0.075534 0.996585 -0.033367  1.322021 0.171912 0
0  -0.792932 5.071896 0.464780  -0.735540 0.669314 -0.104878  1.306152 0.139261 0
0  -1.031630 5.680978 1.553434  -0.301265 0.607102 -0.735300  1.258820 0.169003 0
syringe_lod1
0  -1.491356 5.312599 1.790792  -0.958341 0.064888 -0.278157  1.113646 0.057175 0
0  -1.491184 4.284505 1.676758  -0.962829 0.123544 -0.240203  1.157929 0.057175 0
0  -1.490351 3.335730 2.158061  -0.990756 0.067304 -0.117785  1.199832 0.037339 0
syringe_lod1
0  0.000000 3.267892 -6.451303  -0.000001 -0.979606 -0.200926  1.237285 0.497822 0
0  -1.271913 3.624864 -6.301474  -0.675142 -0.731010 0.099032  1.233707 0.441500 0
0  -1.240456 3.932007 -6.894217  -0.436089 -0.471031 -0.766783  1.202001 0.442008 0
syringe_lod1
0  -1.029988 2.181418 -2.947191  -0.852219 -0.521091 0.046767  1.409951 0.450703 0
0  -0.912372 2.185632 -2.760654  -0.259683 -0.476722 0.839822  1.418923 0.448289 0
0  -0.969883 2.708637 -2.458678  -0.668942 -0.635656 0.385303  1.414139 0.424195 0
syringe_lod1
0  -1.110547 6.615771 2.888029  -0.510899 0.851785 -0.115947  1.050108 0.008709 0
0  -0.986937 6.533274 1.828163  -0.159031 0.770216 -0.617638  1.048542 0.055749 0
0  -1.459888 6.106364 1.819506  -0.752741 0.539478 -0.377285  1.078599 0.055661 0
syringe_lod1
0  0.000000 5.432243 -7.243714  0.012920 0.385741 -0.922516  1.133100 0.497822 0
0  -0.000000 4.615582 -7.478561  0.007960 0.007352 -0.999941  1.166193 0.497822 0
0  -1.193949 4.706532 -7.138451  -0.721996 0.169256 -0.670875  1.165006 0.445992 0
syringe_lod1
0  -1.027609 7.103539 -6.152854  -0.658856 0.344145 -0.668935  1.052487 0.451258 0
0  0.000000 5.432243 -7.243714  0.012920 0.385741 -0.922516  1.133100 0.497822 0
0  -1.193949 4.706532 -7.138451  -0.721996 0.169256 -0.670875  1.165006 0.445992 0
syringe_lod1
0  -1.493351 3.393397 1.225901  -0.990101 0.120343 -0.072235  1.197320 0.077141 0
0  -1.522107 3.140847 0.188551  -0.998603 0.042328 -0.031619  1.210881 0.121429 0
0  -1.515272 2.450146 1.114914  -0.960946 -0.236973 -0.142921  1.240732 0.080020 0
syringe_lod1
0  -1.507969 -0.724422 2.054448  -0.900777 0.146909 -0.408679  1.675177 0.361815 0
0  -1.023332 -0.224475 1.653723  -0.354507 0.091792 -0.930537  1.644348 0.373960 0
0  -1.022987 -0.526441 1.431813  -0.383289 0.774611 -0.503058  1.653527 0.387383 0
syringe_lod1
0  0.021556 2.865068 -4.472628  0.146798 -0.978780 -0.142967  1.328154 0.497822 0
0  -0.117524 2.598029 -3.654855  -0.052147 -0.691903 -0.720104  1.368217 0.497822 0
0  -0.618978 2.865908 -3.959686  -0.514152 -0.750428 -0.415337  1.350716 0.468690 0
syringe_lod1
0  -0.884636 7.319439 -5.311028  -0.610205 0.675893 0.413302  1.566430 0.200880 0
0  -0.835072 6.831007 -4.572521  -0.675398 0.628420 0.385910  1.531781 0.184389 0
0  0.000000 7.297467 -4.736646  0.002907 0.923546 0.383477  1.531127 0.228695 0
syringe_lod1
0  -0.618978 2.625980 -3.578930  -0.262288 -0.566795 -0.780992  1.370678 0.468385 0
0  -0.497552 1.809465 -3.265917  -0.327416 -0.708103 -0.625612  1.407866 0.479211 0
0  -1.050285 2.414856 -3.348294  -0.710973 -0.246817 -0.658482  1.390447 0.453306 0
syringe_lod1
0  -0.884636 7.319439 -5.311028  -0.610205 0.675893 0.413302  1.566430 0.200880 0
0  -0.822916 7.526407 -6.003323  -0.519531 0.742909 -0.422106  1.585669 0.206198 0
0  -1.027609 7.103539 -6.152854  -0.658856 0.344145 -0.668935  1.592530 0.180394 0
syringe_lod1
0  -2.024272 2.199517 2.879102  -0.864163 0.114351 0.490047  1.444739 0.234145 0
0  -1.864535 -3.002903 2.883019  -0.676051 -0.430376 0.598107  1.218034 0.241697 0
0  -1.110170 3.509195 2.888008  -0.000267 -0.001422 0.999999  1.499816 0.273138 0
syringe_lod1
0  -1.339505 -3.002538 2.129297  -0.000000 -1.000000 -0.000283  1.873392 0.733254 0
0  0.990132 -3.002533 1.019814  -0.000002 -1.000000 -0.000003  1.808594 0.771438 0
0  1.339505 -3.002538 2.123522  0.386808 -0.913420 -0.126662  1.879700 0.797116 0
syringe_lod1
0  -1.365976 4.940917 -4.628109  -0.986368 0.113758 0.118903  1.521209 0.102287 0
0  -1.434509 4.148400 -3.746088  -0.988864 0.080038 0.125469  1.479722 0.072562 0
0  -1.027065 5.142383 -3.755974  -0.958575 0.248233 0.139692  1.483605 0.120849 0
syringe_lod1
0  -1.271913 3.624864 -6.301474  -0.675142 -0.731010 0.099032  1.233707 0.441500 0
0  0.000000 3.267892 -6.451303  -0.000001 -0.979606 -0.200926  1.237285 0.497822 0
0  -0.000000 3.351034 -5.673006  0.000382 -0.995692 -0.092727  1.269475 0.497822 0
syringe_lod1
0  0.000000 5.891511 1.515698  -0.002797 0.711414 -0.702768  1.291034 0.202787 0
0  -1.031630 5.680978 1.553434  -0.301265 0.607102 -0.735300  1.258820 0.169003 0
0  -0.986937 6.533274 1.828163  -0.159031 0.770216 -0.617638  1.241190 0.202233 0
syringe_lod1
0  -0.991838 -3.002538 1.019822  -0.239431 -0.549201 -0.800657  1.749008 0.453904 0
0  -1.339505 -3.002538 1.389886  -0.786114 -0.557588 -0.266683  1.759027 0.434246 0
0  -1.514152 -2.732637 1.342508  -0.918519 -0.090559 -0.384867  1.748569 0.424757 0
syringe_lod1
0  -1.514279 -2.731746 2.111977  -0.854897 -0.280365 -0.436517  1.579911 0.004546 0
0  -1.514152 -2.732637 1.342508  -0.918519 -0.090559 -0.384867  1.579687 0.037818 0
0  -1.339505 -3.002538 1.389886  -0.786114 -0.557588 -0.266683  1.593604 0.035879 0
syringe_lod1
0  -1.110170 3.509195 2.888008  0.389324 0.252386 0.885849  1.632780 0.431041 0
0  -0.275025 6.618586 2.512069  0.149733 0.003185 0.988721  1.498648 0.391526 0
0  -1.110547 6.615771 2.888029  0.402188 0.002671 0.915553  1.498648 0.431041 0
syringe_lod1
0  -1.514320 -1.132910 1.393275  -0.907015 0.108160 -0.406970  1.688599 0.390900 0
0  -1.022987 -0.913695 0.845175  -0.304656 0.092390 -0.947971  1.664266 0.416979 0
0  -1.022987 -2.732637 0.845175  -0.451529 -0.423652 -0.785265  1.735108 0.451985 0
syringe_lod1
0  -0.991838 -3.002538 1.019822  -0.239431 -0.549201 -0.800657  1.370305 0.346714 0
0  -1.022987 -2.732637 0.845175  -0.451529 -0.423652 -0.785265  1.356404 0.345367 0
0  1.022987 -2.732637 0.845175  0.490743 -0.079087 -0.867708  1.356404 0.389603 0
syringe_lod1
0  -0.117524 2.598029 -3.654855  -0.052147 -0.691903 -0.720104  1.368217 0.497822 0
0  0.401984 1.757515 -3.272898  0.280758 -0.739768 -0.611489  1.408244 0.497822 0
0  -0.497552 1.809465 -3.265917  -0.327416 -0.708103 -0.625612  1.407866 0.479211 0
syringe_lod1
0  1.014119 6.608289 2.128007  0.352718 0.911587 -0.211185  1.004395 0.042041 0
0  -0.986937 6.533274 1.828163  -0.159031 0.770216 -0.617638  1.048542 0.055749 0
0  -0.275025 6.618586 2.512069  -0.025037 0.996071 -0.084940  1.015255 0.023633 0
syringe_lod1
0  -1.514320 -1.132910 1.393275  -0.907015 0.108160 -0.406970  1.511713 0.032456 0
0  -1.514152 -2.732637 1.342508  -0.918519 -0.090559 -0.384867  1.579687 0.037818 0
0  -1.514279 -2.731746 2.111977  -0.854897 -0.280365 -0.436517  1.579911 0.004546 0
syringe_lod1
0  -0.409937 1.651516 -3.002179  -0.272633 -0.958782 -0.080046  1.419939 0.481469 0
0  0.365787 1.723815 -2.830215  -0.008823 -0.874184 0.485515  1.430076 0.497822 0
0  -0.432192 1.752879 -2.823428  -0.351186 -0.697700 0.624406  1.428287 0.476767 0
syringe_lod1
0  -0.618978 2.865908 -3.959686  -0.514152 -0.750428 -0.415337  1.350716 0.468690 0
0  -0.618978 2.625980 -3.578930  -0.262288 -0.566795 -0.780992  1.370678 0.468385 0
0  -1.428442 3.591020 -3.131937  -0.928173 -0.328150 -0.175537  1.364644 0.408303 0
syringe_lod1
0  -1.514320 -1.132910 1.393275  -0.907015 0.108160 -0.406970  1.688599 0.390900 0
0  -1.022987 -0.605678 1.055915  -0.392457 0.773026 -0.498406  1.654522 0.404034 0
0  -1.022987 -0.913695 0.845175  -0.304656 0.092390 -0.947971  1.664266 0.416979 0
syringe_lod1
0  -1.029988 2.181418 -2.947191  -0.852219 -0.521091 0.046767  1.409951 0.450703 0
0  -1.050285 2.414856 -3.348294  -0.710973 -0.246817 -0.658482  1.390447 0.453306 0
0  -0.497552 1.809465 -3.265917  -0.327416 -0.708103 -0.625612  1.407866 0.479211 0
syringe_lod1
0  -1.288071 3.758652 -5.553247  -0.754018 -0.623862 0.205558  1.212022 0.371627 0
0  -1.322894 3.628284 -4.338072  -0.690774 -0.722867 -0.017183  1.209455 0.318744 0
0  -1.432690 4.084986 -5.212032  -0.996637 -0.077384 0.026971  1.195917 0.359039 0
syringe_lod1
0  -1.410130 3.767157 -3.827094  -0.828149 -0.559203 0.038225  1.200344 0.297394 0
0  -1.434509 4.148400 -3.746088  -0.988864 0.080038 0.125469  1.183562 0.296017 0
0  -1.432690 4.084986 -5.212032  -0.996637 -0.077384 0.026971  1.195917 0.359039 0
syringe_lod1
0  -1.620718 -3.330480 7.319417  -0.514926 -0.764699 0.387410  0.807687 0.709710 0
0  1.669839 -3.337634 6.674413  0.006276 -0.999973 0.003764  0.951032 0.682582 0
0  1.620803 -3.330064 7.313757  0.536753 -0.748955 0.388539  0.947823 0.709486 0
syringe_lod1
0  -1.514152 0.999582 2.116759  -0.761413 -0.048137 -0.646478  1.612229 0.322385 0
0  -1.514152 1.824041 1.966471  -0.863677 -0.060444 -0.500408  1.578352 0.308711 0
0  -1.016015 1.466980 1.501592  -0.405041 -0.472068 -0.783003  1.577623 0.341925 0
syringe_lod1
0  -1.434509 4.148400 -3.746088  -0.988864 0.080038 0.125469  1.479722 0.072562 0
0  -1.522107 3.140847 0.188551  -0.998603 0.042328 -0.031619  1.305669 0.048398 0
0  -1.027065 5.142383 -3.755974  -0.958575 0.248233 0.139692  1.483605 0.120849 0
syringe_lod1
0  -1.428442 3.591020 -3.131937  -0.928173 -0.328150 -0.175537  1.204535 0.266828 0
0  -1.469567 3.195471 -1.570826  -0.917348 -0.379327 -0.120765  1.215092 0.197772 0
0  -1.522107 3.140847 0.188551  -0.998603 0.042328 -0.031619  1.210881 0.121429 0
syringe_lod1
0  -1.410130 3.767157 -3.827094  -0.828149 -0.559203 0.038225  1.200344 0.297394 0
0  -1.428442 3.591020 -3.131937  -0.928173 -0.328150 -0.175537  1.204535 0.266828 0
0  -1.434509 4.148400 -3.746088  -0.988864 0.080038 0.125469  1.183562 0.296017 0
syringe_lod1
0  -2.320526 -3.174058 3.189061  -0.673486 -0.670670 -0.310834  0.736156 0.731937 0
0  -2.366739 -3.198877 3.581538  -0.798875 -0.513711 -0.312890  0.719094 0.733657 0
0  -2.361402 2.061747 3.233982  -0.887634 0.344220 -0.305973  0.733990 0.505644 0
syringe_lod1
0  2.030258 2.268983 2.936789  0.365126 0.639044 -0.676982  0.027906 0.755608 0
0  2.272904 2.297793 3.283289  0.732113 0.652465 -0.195704  0.017481 0.769926 0
0  2.359642 2.048876 3.226907  0.862189 0.047980 -0.504310  0.008146 0.764308 0
syringe_lod1
0  1.620381 -3.324978 2.920908  0.481303 -0.780208 -0.399528  0.947821 0.519551 0
0  -1.620523 -3.321381 2.921061  -0.552085 -0.738488 -0.387088  0.807689 0.519505 0
0  -1.654772 -3.188858 2.841843  -0.255386 -0.604462 -0.754589  0.807390 0.514986 0
syringe_lod1
0  2.095957 -3.173954 2.929506  0.431456 -0.654617 -0.620743  0.172487 0.731867 0
0  2.359642 2.048876 3.226907  0.862189 0.047980 -0.504310  0.189084 0.505644 0
0  2.320355 -3.174074 3.188254  0.644537 -0.669061 -0.370039  0.187289 0.731895 0
syringe_lod1
0  -1.662688 -3.337913 6.675375  -0.006467 -0.999971 0.004048  0.805055 0.682806 0
0  -2.280038 -3.327374 3.613489  -0.366584 -0.782585 -0.503166  0.779152 0.549534 0
0  -1.648826 -3.338068 3.561495  -0.006437 -0.999951 -0.007530  0.805144 0.546255 0
syringe_lod1
0  -1.662688 -3.337913 6.675375  -0.006467 -0.999971 0.004048  0.805055 0.682806 0
0  1.662641 -3.337969 3.570275  0.006066 -0.999952 -0.007631  0.950455 0.546749 0
0  1.669839 -3.337634 6.674413  0.006276 -0.999973 0.003764  0.951032 0.682582 0
syringe_lod1
0  2.030258 2.268983 2.936789  0.365126 0.639044 -0.676982  0.172383 0.505644 0
0  2.095957 -3.173954 2.929506  0.431456 -0.654617 -0.620743  0.172487 0.731867 0
0  1.772300 -2.935610 2.822171  0.215839 -0.047998 -0.975249  0.157211 0.721695 0
syringe_lod1
0  2.359642 2.048876 3.226907  0.862189 0.047980 -0.504310  0.189084 0.505644 0
0  2.367507 -3.195041 3.579876  0.783711 -0.545812 -0.296457  0.204164 0.733420 0
0  2.320355 -3.174074 3.188254  0.644537 -0.669061 -0.370039  0.187289 0.731895 0
syringe_lod1
0  2.356464 -3.207957 6.655602  0.760017 -0.578439 0.296282  0.981136 0.680408 0
0  2.275640 -3.327975 6.632256  0.361621 -0.766914 0.530163  0.976167 0.680028 0
0  2.283844 -3.323619 3.613147  0.381022 -0.762283 -0.523209  0.976556 0.549538 0
syringe_lod1
0  2.367507 -3.195041 3.579876  0.783711 -0.545812 -0.296457  0.204164 0.733420 0
0  2.388815 -3.066936 6.713387  0.968606 -0.180268 0.171191  0.339996 0.727229 0
0  2.356464 -3.207957 6.655602  0.760017 -0.578439 0.296282  0.337946 0.733877 0
syringe_lod1
0  1.719532 -3.174833 3.505690  0.062065 -0.971670 -0.228046  0.026638 0.407160 0
0  1.655676 -3.229188 3.562928  0.690838 -0.448584 -0.567023  0.026583 0.403321 0
0  1.654667 -3.190434 2.840780  0.133334 -0.546764 -0.826602  0.050271 0.419617 0
syringe_lod1
0  2.012194 2.393125 3.217532  0.174449 0.926176 -0.334313  0.030625 0.769525 0
0  2.004232 2.392629 7.018075  0.294218 0.949754 0.106782  0.030126 0.929627 0
0  2.263675 2.300025 6.978401  0.659014 0.702812 0.267873  0.017654 0.929767 0
syringe_lod1
0  1.983289 2.297079 7.295296  0.215868 0.671984 0.708406  0.029548 0.942300 0
0  2.038451 2.056100 7.370081  0.238607 0.265779 0.934039  0.024076 0.951239 0
0  2.354068 2.079373 7.011023  0.943774 0.016703 0.330169  0.008023 0.934388 0
syringe_lod1
0  2.030258 2.268983 2.936789  0.365126 0.639044 -0.676982  0.027906 0.755608 0
0  1.774221 2.058039 2.822282  0.213259 0.151737 -0.965141  0.036706 0.742554 0
0  -1.774222 2.058039 2.822282  -0.221460 0.156946 -0.962457  0.193460 0.742554 0
syringe_lod1
0  -2.266330 2.296036 6.901599  -0.733886 0.664843 0.139268  0.212413 0.926821 0
0  -2.264773 2.301042 3.271096  -0.717354 0.661812 -0.217735  0.212565 0.769544 0
0  -2.361402 2.061747 3.233982  -0.887634 0.344220 -0.305973  0.222125 0.764840 0
syringe_lod1
0  -1.999045 2.394133 7.016653  -0.356029 0.887866 0.291440  0.199419 0.929504 0
0  -1.961106 2.293774 7.282609  -0.292328 0.632598 0.717192  0.199160 0.942109 0
0  1.983289 2.297079 7.295296  0.215868 0.671984 0.708406  0.029548 0.942300 0
syringe_lod1
0  2.004232 2.392629 7.018075  0.294218 0.949754 0.106782  0.030126 0.929627 0
0  1.983289 2.297079 7.295296  0.215868 0.671984 0.708406  0.029548 0.942300 0
0  2.263675 2.300025 6.978401  0.659014 0.702812 0.267873  0.017654 0.929767 0
syringe_lod1
0  -2.372548 -3.190792 6.669028  -0.833162 -0.457540 0.310642  0.584940 0.733243 0
0  -2.361402 2.061747 3.233982  -0.887634 0.344220 -0.305973  0.733990 0.505644 0
0  -2.366739 -3.198877 3.581538  -0.798875 -0.513711 -0.312890  0.719094 0.733657 0
syringe_lod1
0  -1.620718 -3.330480 7.319417  -0.514926 -0.764699 0.387410  0.807687 0.709710 0
0  1.620803 -3.330064 7.313757  0.536753 -0.748955 0.388539  0.947823 0.709486 0
0  1.652953 -3.182778 7.410052  0.318315 -0.484609 0.814758  0.948119 0.714572 0
syringe_lod1
0  2.038451 2.056100 7.370081  0.238607 0.265779 0.934039  0.373421 0.505644 0
0  2.312430 -3.174447 7.081250  0.704352 -0.607185 0.367715  0.355264 0.731520 0
0  2.354068 2.079373 7.011023  0.943774 0.016703 0.330169  0.352826 0.505644 0
syringe_lod1
0  1.652953 -3.182778 7.410052  0.318315 -0.484609 0.814758  0.389636 0.733250 0
0  -2.006843 2.061465 7.387759  -0.163312 0.196819 0.966743  0.548496 0.505644 0
0  -1.652743 -3.185901 7.408439  -0.337479 -0.462971 0.819613  0.533737 0.733481 0
syringe_lod1
0  -2.010859 2.392750 3.230858  -0.111197 0.990931 -0.075433  0.200045 0.769780 0
0  -2.035214 2.275306 2.944170  -0.497906 0.540609 -0.678109  0.202693 0.756022 0
0  -2.264773 2.301042 3.271096  -0.717354 0.661812 -0.217735  0.212565 0.769544 0
syringe_lod1
0  -2.361402 2.061747 3.233982  -0.887634 0.344220 -0.305973  0.733990 0.505644 0
0  -2.101636 -3.173243 2.935607  -0.424799 -0.665204 -0.614043  0.750982 0.731923 0
0  -2.320526 -3.174058 3.189061  -0.673486 -0.670670 -0.310834  0.736156 0.731937 0
syringe_lod1
0  -1.715415 -3.175085 6.752093  -0.214105 -0.975129 0.057301  0.638040 0.843246 0
0  -1.654439 -3.228996 6.683498  -0.702730 -0.374427 0.604959  0.637418 0.839442 0
0  -1.652743 -3.185901 7.408439  -0.337479 -0.462971 0.819613  0.661480 0.855023 0
syringe_lod1
0  1.654667 -3.190434 2.840780  0.133334 -0.546764 -0.826602  0.152801 0.733488 0
0  1.772300 -2.935610 2.822171  0.215839 -0.047998 -0.975249  0.157211 0.721695 0
0  2.095957 -3.173954 2.929506  0.431456 -0.654617 -0.620743  0.172487 0.731867 0
syringe_lod1
0  -1.774221 -2.935610 2.822282  -0.223930 -0.052180 -0.973207  0.766163 0.721684 0
0  -2.101636 -3.173243 2.935607  -0.424799 -0.665204 -0.614043  0.750982 0.731923 0
0  -2.035214 2.275306 2.944170  -0.497906 0.540609 -0.678109  0.750992 0.505644 0
syringe_lod1
0  2.012194 2.393125 3.217532  0.174449 0.926176 -0.334313  0.030625 0.769525 0
0  2.030258 2.268983 2.936789  0.365126 0.639044 -0.676982  0.027906 0.755608 0
0  -2.035214 2.275306 2.944170  -0.497906 0.540609 -0.678109  0.202693 0.756022 0
syringe_lod1
0  -2.006843 2.061465 7.387759  -0.163312 0.196819 0.966743  0.203840 0.952319 0
0  2.038451 2.056100 7.370081  0.238607 0.265779 0.934039  0.024076 0.951239 0
0  1.983289 2.297079 7.295296  0.215868 0.671984 0.708406  0.029548 0.942300 0
syringe_lod1
0  2.012194 2.393125 3.217532  0.174449 0.926176 -0.334313  0.030625 0.769525 0
0  -1.999045 2.394133 7.016653  -0.356029 0.887866 0.291440  0.199419 0.929504 0
0  2.004232 2.392629 7.018075  0.294218 0.949754 0.106782  0.030126 0.929627 0
syringe_lod1
0  -2.264773 2.301042 3.271096  -0.717354 0.661812 -0.217735  0.212565 0.769544 0
0  -2.266330 2.296036 6.901599  -0.733886 0.664843 0.139268  0.212413 0.926821 0
0  -1.999045 2.394133 7.016653  -0.356029 0.887866 0.291440  0.199419 0.929504 0
syringe_lod1
0  -1.620523 -3.321381 2.921061  -0.552085 -0.738488 -0.387088  0.662300 0.941191 0
0  -1.648826 -3.338068 3.561495  -0.707620 -0.062561 -0.703818  0.637239 0.954967 0
0  -1.648448 -3.224983 3.555907  -0.613034 -0.432149 -0.661390  0.637785 0.950330 0
syringe_lod1
0  2.272904 2.297793 3.283289  0.732113 0.652465 -0.195704  0.017481 0.769926 0
0  2.263675 2.300025 6.978401  0.659014 0.702812 0.267873  0.017654 0.929767 0
0  2.354068 2.079373 7.011023  0.943774 0.016703 0.330169  0.008023 0.934388 0
syringe_lod1
0  -2.372548 -3.190792 6.669028  -0.833162 -0.457540 0.310642  0.774373 0.680408 0
0  -2.366739 -3.198877 3.581538  -0.798875 -0.513711 -0.312890  0.774373 0.549150 0
0  -2.280038 -3.327374 3.613489  -0.366584 -0.782585 -0.503166  0.779152 0.549534 0
syringe_lod1
0  -2.006843 2.061465 7.387759  -0.163312 0.196819 0.966743  0.548496 0.505644 0
0  -2.312044 -3.174600 7.081817  -0.656111 -0.651740 0.380464  0.568130 0.731563 0
0  -2.069595 -3.174586 7.332046  -0.344508 -0.625370 0.700162  0.553120 0.731241 0
syringe_lod1
0  1.620381 -3.324978 2.920908  0.481303 -0.780208 -0.399528  0.947821 0.519551 0
0  -1.648826 -3.338068 3.561495  -0.006437 -0.999951 -0.007530  0.805144 0.546255 0
0  -1.620523 -3.321381 2.921061  -0.552085 -0.738488 -0.387088  0.807689 0.519505 0
syringe_lod1
0  2.359642 2.048876 3.226907  0.862189 0.047980 -0.504310  0.189084 0.505644 0
0  2.388815 -3.066936 6.713387  0.968606 -0.180268 0.171191  0.339996 0.727229 0
0  2.367507 -3.195041 3.579876  0.783711 -0.545812 -0.296457  0.204164 0.733420 0
syringe_lod1
0  1.662641 -3.337969 3.570275  0.006066 -0.999952 -0.007631  0.950455 0.546749 0
0  2.275640 -3.327975 6.632256  0.361621 -0.766914 0.530163  0.976167 0.680028 0
0  1.669839 -3.337634 6.674413  0.006276 -0.999973 0.003764  0.951032 0.682582 0
syringe_lod1
0  1.583696 -3.563613 6.628146  0.850539 -0.024358 0.525348  0.661974 0.473506 0
0  1.622747 -2.879706 3.738113  0.961683 0.018928 -0.273510  0.536981 0.443934 0
0  1.549543 -2.879706 6.683538  0.805089 -0.008686 0.593090  0.664754 0.443933 0
syringe_lod1
0  2.312430 -3.174447 7.081250  0.704352 -0.607185 0.367715  0.355264 0.731520 0
0  2.356464 -3.207957 6.655602  0.760017 -0.578439 0.296282  0.337946 0.733877 0
0  2.388815 -3.066936 6.713387  0.968606 -0.180268 0.171191  0.339996 0.727229 0
syringe_lod1
0  -1.654772 -3.188858 2.841843  -0.255386 -0.604462 -0.754589  0.008447 0.733392 0
0  -1.774221 -2.935610 2.822282  -0.223930 -0.052180 -0.973207  0.003909 0.721695 0
0  1.772300 -2.935610 2.822171  0.215839 -0.047998 -0.975249  0.157211 0.721695 0
syringe_lod1
0  -1.705790 -3.175295 3.489468  -0.255750 -0.875185 -0.410661  0.638510 0.946700 0
0  -1.648448 -3.224983 3.555907  -0.613034 -0.432149 -0.661390  0.637785 0.950330 0
0  -2.366739 -3.198877 3.581538  -0.798875 -0.513711 -0.312890  0.616733 0.931660 0
syringe_lod1
0  1.713593 -3.175274 6.753634  0.087835 -0.945346 0.314017  0.648369 0.319067 0
0  1.655749 -3.227038 6.684437  0.634130 -0.462317 0.619792  0.647681 0.322831 0
0  2.356464 -3.207957 6.655602  0.760017 -0.578439 0.296282  0.626848 0.304429 0
syringe_lod1
0  -2.320526 -3.174058 3.189061  -0.673486 -0.670670 -0.310834  0.630983 0.920629 0
0  -2.101636 -3.173243 2.935607  -0.424799 -0.665204 -0.614043  0.646190 0.920629 0
0  -1.705790 -3.175295 3.489468  -0.255750 -0.875185 -0.410661  0.638510 0.946700 0
syringe_lod1
0  2.312430 -3.174447 7.081250  0.704352 -0.607185 0.367715  0.641255 0.293092 0
0  2.074146 -3.174361 7.330963  0.370396 -0.615729 0.695475  0.656523 0.293092 0
0  1.713593 -3.175274 6.753634  0.087835 -0.945346 0.314017  0.648369 0.319067 0
syringe_lod1
0  1.655676 -3.229188 3.562928  0.690838 -0.448584 -0.567023  0.026583 0.403321 0
0  1.662641 -3.337969 3.570275  0.679848 0.029998 -0.732739  0.026266 0.398665 0
0  1.620381 -3.324978 2.920908  0.481303 -0.780208 -0.399528  0.051279 0.412898 0
syringe_lod1
0  -1.961106 2.293774 7.282609  -0.292328 0.632598 0.717192  0.199160 0.942109 0
0  -2.266330 2.296036 6.901599  -0.733886 0.664843 0.139268  0.212413 0.926821 0
0  -2.353347 2.049756 7.030083  -0.909330 0.007776 0.416004  0.221355 0.935674 0
syringe_lod1
0  1.459098 -3.563611 6.559640  -0.000142 -1.000000 0.000158  0.981167 0.446680 0
0  1.479186 -3.563613 3.753176  0.000004 -1.000000 -0.000000  0.981167 0.322458 0
0  1.603764 -3.563613 3.677883  0.000004 -1.000000 -0.000001  0.986952 0.321075 0
syringe_lod1
0  0.893838 -4.327665 6.777190  0.364051 -0.858919 0.360174  0.507165 0.174947 0
0  1.080196 -4.327579 6.686152  -0.000792 -0.999996 -0.002553  0.504048 0.166888 0
0  1.348323 -4.327659 6.627935  0.647852 -0.049331 0.760167  0.501024 0.154797 0
syringe_lod1
0  1.291706 -5.991133 3.782690  -0.951620 0.022783 0.306433  0.972264 0.396463 0
0  0.542698 -6.262894 2.707168  -0.470662 -0.048581 0.880975  0.960261 0.452625 0
0  1.291894 -6.262256 3.809999  -0.962623 0.026482 0.269545  0.960542 0.395179 0
syringe_lod1
0  -1.250522 -5.990927 6.535315  0.557932 -0.569959 -0.603207  0.971869 0.224289 0
0  1.264158 -5.990778 6.506105  -0.593060 -0.592058 -0.545662  0.972769 0.278770 0
0  1.254748 -6.261869 6.531079  -0.678763 -0.037850 -0.733382  0.960993 0.277809 0
syringe_lod1
0  1.418030 -6.262156 3.789887  0.000907 -1.000000 -0.000018  0.946946 0.395958 0
0  1.343040 -6.262098 6.599125  -0.001512 -0.999998 -0.001408  0.946946 0.275348 0
0  1.254748 -6.261869 6.531079  -0.001217 -0.999998 -0.001729  0.952204 0.275610 0
syringe_lod1
0  -0.548005 -5.991943 2.705527  0.378517 -0.615008 0.691730  0.971874 0.476100 0
0  -0.533593 -6.262991 2.697451  0.447023 -0.002885 0.894518  0.960146 0.476043 0
0  0.542698 -6.262894 2.707168  -0.470662 -0.048581 0.880975  0.960261 0.452625 0
syringe_lod1
0  1.549543 -2.879706 6.683538  0.805089 -0.008686 0.593090  0.664754 0.443933 0
0  0.913421 -2.879706 6.914642  0.790308 -0.002043 0.612707  0.694075 0.443932 0
0  0.901245 -3.563354 6.928068  0.931857 -0.225722 0.284062  0.694602 0.473506 0
syringe_lod1
0  1.348323 -4.327659 6.627935  0.647852 -0.049331 0.760167  0.752465 0.933253 0
0  1.459098 -3.563611 6.559640  0.834490 0.001397 0.551021  0.756936 0.966291 0
0  0.904782 -3.563309 6.787782  0.648387 -0.605354 0.461671  0.730698 0.966290 0
syringe_lod1
0  1.418030 -6.262156 3.789887  0.957005 -0.014898 -0.289688  0.712261 0.742640 0
0  0.604985 -4.317614 2.580159  0.460276 0.001657 -0.887774  0.774923 0.826727 0
0  1.413253 -4.317588 3.793452  0.957011 -0.014893 -0.289669  0.712178 0.826723 0
syringe_lod1
0  1.343040 -6.262098 6.599125  0.713127 -0.042978 0.699716  0.590342 0.742640 0
0  1.454861 -4.327633 6.372727  0.983320 -0.035525 0.178379  0.602213 0.826299 0
0  1.348323 -4.327659 6.627935  0.647852 -0.049331 0.760167  0.590607 0.826293 0
syringe_lod1
0  0.893838 -4.327665 6.777190  0.364051 -0.858919 0.360174  0.230255 0.397425 0
0  0.904782 -3.563309 6.787782  0.648387 -0.605354 0.461671  0.263294 0.397425 0
0  0.888767 -3.715996 7.173743  0.867956 -0.026062 0.495957  0.256712 0.415392 0
syringe_lod1
0  1.418030 -6.262156 3.789887  0.000907 -1.000000 -0.000018  0.946946 0.395958 0
0  1.291894 -6.262256 3.809999  0.000801 -1.000000 0.000094  0.952204 0.396740 0
0  0.542698 -6.262894 2.707168  0.002832 -0.999985 -0.004597  0.952204 0.456904 0
syringe_lod1
0  -1.080196 -6.262174 6.686151  -0.206686 -0.015162 0.978290  0.532380 0.742640 0
0  1.343040 -6.262098 6.599125  0.713127 -0.042978 0.699716  0.590342 0.742640 0
0  1.080196 -4.327579 6.686152  0.104286 -0.014831 0.994437  0.579090 0.826292 0
syringe_lod1
0  0.690238 -2.879704 2.392178  0.462762 -0.003687 -0.886475  0.466171 0.443934 0
0  1.622747 -2.879706 3.738113  0.961683 0.018928 -0.273510  0.536981 0.443934 0
0  1.603764 -3.563613 3.677883  0.950349 0.012090 -0.310951  0.534251 0.473507 0
syringe_lod1
0  1.459098 -3.563611 6.559640  0.834490 0.001397 0.551021  0.756936 0.966291 0
0  1.485528 -4.317455 3.750154  0.732073 -0.642390 -0.226724  0.878428 0.933668 0
0  1.479186 -3.563613 3.753176  0.956229 0.004919 -0.292578  0.878394 0.966271 0
syringe_lod1
0  -0.886004 -4.327627 6.940769  -0.607322 -0.731114 0.310859  0.515056 0.213598 0
0  1.080196 -4.327579 6.686152  -0.000792 -0.999996 -0.002553  0.504048 0.166888 0
0  0.893838 -4.327665 6.777190  0.364051 -0.858919 0.360174  0.507165 0.174947 0
syringe_lod1
0  -0.886011 -4.205462 7.062933  -0.620185 -0.290586 0.728650  0.464118 0.199864 0
0  -0.886004 -4.327627 6.940769  -0.607322 -0.731114 0.310859  0.464118 0.207337 0
0  0.886008 -4.271312 7.034706  -0.045992 -0.233609 0.971242  0.425806 0.202740 0
syringe_lod1
0  -0.886011 -3.715962 7.062932  -0.889284 -0.360507 0.281441  0.727930 0.357500 0
0  -0.886011 -4.205462 7.062933  -0.620185 -0.290586 0.728650  0.727930 0.336333 0
0  0.886008 -4.271312 7.034706  -0.045992 -0.233609 0.971242  0.766243 0.336333 0
syringe_lod1
0  1.254748 -6.261869 6.531079  -0.678763 -0.037850 -0.733382  0.960993 0.277809 0
0  1.264158 -5.990778 6.506105  -0.593060 -0.592058 -0.545662  0.972769 0.278770 0
0  1.291706 -5.991133 3.782690  -0.951620 0.022783 0.306433  0.972264 0.396463 0
syringe_lod1
0  0.631246 -3.563615 2.523651  0.470100 -0.007369 -0.882582  0.942965 0.966261 0
0  1.479186 -3.563613 3.753176  0.956229 0.004919 -0.292578  0.878394 0.966271 0
0  1.485528 -4.317455 3.750154  0.732073 -0.642390 -0.226724  0.878428 0.933668 0
syringe_lod1
0  -0.585760 -4.317626 2.503375  -0.437530 -0.014791 -0.899082  0.970213 0.933655 0
0  -0.616333 -3.563615 2.509927  -0.463327 -0.004839 -0.886174  0.970215 0.966259 0
0  0.631246 -3.563615 2.523651  0.470100 -0.007369 -0.882582  0.942965 0.966261 0
syringe_lod1
0  -0.548005 -5.991943 2.705527  0.378517 -0.615008 0.691730  1.705192 0.750228 0
0  0.527135 -5.991771 2.716774  -0.347594 -0.639474 0.685749  1.704628 0.757969 0
0  1.291706 -5.991133 3.782690  0.000183 -1.000000 0.000288  1.688712 0.769099 0
syringe_lod1
0  1.454861 -4.327633 6.372727  0.983320 -0.035525 0.178379  0.602213 0.826299 0
0  1.418030 -6.262156 3.789887  0.957005 -0.014898 -0.289688  0.712261 0.742640 0
0  1.413253 -4.317588 3.793452  0.957011 -0.014893 -0.289669  0.712178 0.826723 0
syringe_lod1
0  0.890877 -2.879706 7.201507  0.678692 -0.025486 0.733980  0.292875 0.416593 0
0  0.888767 -3.715996 7.173743  0.867956 -0.026062 0.495957  0.256712 0.415392 0
0  0.901245 -3.563354 6.928068  0.931857 -0.225722 0.284062  0.263302 0.403417 0
syringe_lod1
0  1.454861 -4.327633 6.372727  0.983320 -0.035525 0.178379  0.489303 0.150337 0
0  1.413253 -4.317588 3.793452  0.000308 -0.999997 -0.002569  0.379128 0.153000 0
0  1.485528 -4.317455 3.750154  0.732073 -0.642390 -0.226724  0.377388 0.150281 0
syringe_lod1
0  0.631246 -3.563615 2.523651  0.000006 -1.000000 -0.000006  0.981167 0.255577 0
0  0.659510 -3.563614 2.385665  0.000004 -1.000000 -0.000006  0.986952 0.253460 0
0  1.603764 -3.563613 3.677883  0.000004 -1.000000 -0.000001  0.986952 0.321075 0
syringe_lod1
0  1.343040 -6.262098 6.599125  0.713127 -0.042978 0.699716  0.590342 0.742640 0
0  1.348323 -4.327659 6.627935  0.647852 -0.049331 0.760167  0.590607 0.826293 0
0  1.080196 -4.327579 6.686152  0.104286 -0.014831 0.994437  0.579090 0.826292 0
syringe_lod1
0  1.459098 -3.563611 6.559640  -0.000142 -1.000000 0.000158  0.981167 0.446680 0
0  1.583696 -3.563613 6.628146  -0.000110 -1.000000 0.000167  0.986952 0.446531 0
0  0.901245 -3.563354 6.928068  0.931857 -0.225722 0.284062  0.986952 0.476288 0
syringe_lod1
0  -1.583696 -2.879706 6.628145  -0.852666 0.018656 0.522123  1.661974 0.443933 0
0  -1.618391 -3.563613 3.706193  -0.956179 -0.006437 -0.292712  1.535611 0.473507 0
0  -1.549543 -3.563613 6.683538  -0.805354 -0.000579 0.592794  1.664755 0.473506 0
syringe_lod1
0  -1.502309 -3.563613 6.356706  0.000001 -1.000000 0.000000  1.981167 0.436388 0
0  -1.549543 -3.563613 6.683538  0.000002 -1.000000 0.000119  1.986952 0.448975 0
0  -1.618391 -3.563613 3.706193  -0.000000 -1.000000 0.000001  1.986952 0.322281 0
syringe_lod1
0  -0.548005 -5.991943 2.705527  0.378517 -0.615008 0.691730  1.971988 0.452885 0
0  -1.301590 -5.990888 3.842735  0.737130 -0.645855 0.198774  1.972276 0.394013 0
0  -1.291899 -6.262212 3.810014  0.951989 0.001474 0.306127  1.960542 0.395178 0
syringe_lod1
0  -1.080196 -6.262174 6.686151  0.000219 -0.999997 -0.002508  1.946946 0.266342 0
0  -1.370382 -6.262147 6.545393  0.002828 -0.999995 -0.001562  1.946946 0.277304 0
0  -1.260395 -6.261793 6.517408  0.002154 -0.999995 -0.002412  1.952204 0.276373 0
syringe_lod1
0  -1.250522 -5.990927 6.535315  0.557932 -0.569959 -0.603207  1.972745 0.277490 0
0  1.254748 -6.261869 6.531079  -0.678763 -0.037850 -0.733382  1.960146 0.224478 0
0  -1.260395 -6.261793 6.517408  0.725112 0.022315 -0.688269  1.961001 0.278390 0
syringe_lod1
0  0.888767 -3.715996 7.173743  -0.059670 -0.288536 0.955608  1.927782 0.003906 0
0  -0.890877 -3.715961 7.201420  -0.000019 -1.000000 0.000001  1.889259 0.003906 0
0  -0.886011 -3.715962 7.062932  -0.889284 -0.360507 0.281441  1.889469 0.009895 0
syringe_lod1
0  -1.260395 -6.261793 6.517408  0.002154 -0.999995 -0.002412  1.952204 0.276373 0
0  -1.370382 -6.262147 6.545393  0.002828 -0.999995 -0.001562  1.946946 0.277304 0
0  -1.420749 -6.262219 3.810883  -0.000074 -1.000000 0.000236  1.946946 0.395192 0
syringe_lod1
0  -1.549543 -3.563613 6.683538  0.000002 -1.000000 0.000119  1.986952 0.448975 0
0  -1.502309 -3.563613 6.356706  0.000001 -1.000000 0.000000  1.981167 0.436388 0
0  -1.325428 -3.563611 6.695086  -0.000031 -1.000000 0.000608  1.981167 0.455711 0
syringe_lod1
0  -1.549543 -3.563613 6.683538  -0.805354 -0.000579 0.592794  1.664755 0.473506 0
0  -0.897326 -3.563452 6.916240  -0.964410 -0.077698 0.252739  1.694771 0.473506 0
0  -0.925511 -2.879706 6.924243  -0.788928 -0.016172 0.614273  1.693552 0.443932 0
syringe_lod1
0  0.604985 -4.317614 2.580159  0.460276 0.001657 -0.887774  1.800537 0.826720 0
0  -0.624083 -6.262227 2.601580  -0.480493 0.001503 -0.876997  1.773733 0.742640 0
0  -0.627961 -4.317599 2.618712  -0.483573 0.001457 -0.875303  1.773187 0.826727 0
syringe_lod1
0  -1.409200 -4.317555 3.771562  -0.956722 -0.005855 -0.290946  1.713133 0.826723 0
0  -0.624083 -6.262227 2.601580  -0.480493 0.001503 -0.876997  1.773733 0.742640 0
0  -1.420749 -6.262219 3.810883  -0.959118 -0.006013 -0.282943  1.711361 0.742640 0
syringe_lod1
0  -0.893838 -4.327663 6.777190  -0.394775 -0.866562 0.305326  1.230255 0.397425 0
0  -0.886011 -4.205462 7.062933  -0.620185 -0.290586 0.728650  1.235539 0.410601 0
0  -0.886011 -3.715962 7.062932  -0.889284 -0.360507 0.281441  1.256706 0.410601 0
syringe_lod1
0  -1.420749 -6.262219 3.810883  -0.000074 -1.000000 0.000236  1.946946 0.395192 0
0  -0.624083 -6.262227 2.601580  -0.003104 -0.999982 -0.005051  1.946946 0.455879 0
0  -0.533593 -6.262991 2.697451  -0.002106 -0.999981 -0.005770  1.952204 0.457613 0
syringe_lod1
0  -0.890877 -3.715961 7.201420  0.004309 -0.009285 0.999948  1.881339 0.427069 0
0  0.888767 -3.715996 7.173743  0.867956 -0.026062 0.495957  1.842816 0.427069 0
0  0.890877 -2.879706 7.201507  0.678692 -0.025486 0.733980  1.842816 0.463230 0
syringe_lod1
0  -1.080196 -6.262174 6.686151  -0.206686 -0.015162 0.978290  1.579090 0.742640 0
0  1.080196 -4.327579 6.686152  0.104286 -0.014831 0.994437  1.532380 0.826299 0
0  -1.274019 -4.327648 6.644386  -0.080062 -0.821088 0.565159  1.587515 0.826292 0
syringe_lod1
0  -0.705321 -2.879703 2.405884  -0.467752 -0.009023 -0.883814  1.467019 0.443934 0
0  -0.700638 -3.563615 2.416923  -0.468795 -0.017465 -0.883134  1.467047 0.473508 0
0  -1.618391 -3.563613 3.706193  -0.956179 -0.006437 -0.292712  1.535611 0.473507 0
syringe_lod1
0  -1.502309 -3.563613 6.356706  -0.980560 -0.009928 0.195965  1.765759 0.966290 0
0  -1.485528 -4.317417 3.750154  -0.723574 -0.651874 -0.226937  1.878428 0.933668 0
0  -1.419884 -4.328009 6.594984  -0.807146 -0.068257 0.586393  1.755013 0.933253 0
syringe_lod1
0  0.659510 -3.563614 2.385665  0.434942 -0.015421 -0.900326  1.436561 0.473506 0
0  -0.700638 -3.563615 2.416923  -0.468795 -0.017465 -0.883134  1.467047 0.473508 0
0  -0.705321 -2.879703 2.405884  -0.467752 -0.009023 -0.883814  1.467019 0.443934 0
syringe_lod1
0  -1.301590 -5.990888 3.842735  0.737130 -0.645855 0.198774  1.972276 0.394013 0
0  -1.250522 -5.990927 6.535315  0.557932 -0.569959 -0.603207  1.972745 0.277490 0
0  -1.260395 -6.261793 6.517408  0.725112 0.022315 -0.688269  1.961001 0.278390 0
syringe_lod1
0  -1.419884 -4.328009 6.594984  -0.809414 -0.028719 0.586536  1.602213 0.826299 0
0  -1.420749 -6.262219 3.810883  -0.959118 -0.006013 -0.282943  1.711361 0.742640 0
0  -1.370382 -6.262147 6.545393  -0.845158 -0.020350 0.534129  1.592848 0.742640 0
syringe_lod1
0  -0.616333 -3.563615 2.509927  -0.463327 -0.004839 -0.886174  1.943807 0.966261 0
0  -0.585760 -4.317626 2.503375  -0.437530 -0.014791 -0.899082  1.945112 0.933657 0
0  -1.485528 -4.317417 3.750154  -0.723574 -0.651874 -0.226937  1.878428 0.933668 0
syringe_lod1
0  -0.548005 -5.991943 2.705527  0.378517 -0.615008 0.691730  1.704447 0.757999 0
0  -1.250522 -5.990927 6.535315  0.557932 -0.569959 -0.603207  1.648531 0.768197 0
0  -1.301590 -5.990888 3.842735  0.737130 -0.645855 0.198774  1.687985 0.769523 0
syringe_lod1
0  -0.890877 -2.879706 7.201420  -0.994627 -0.031719 0.098543  1.292875 0.416593 0
0  -0.925511 -2.879706 6.924243  -0.788928 -0.016172 0.614273  1.292875 0.403417 0
0  -0.897326 -3.563452 6.916240  -0.964410 -0.077698 0.252739  1.263302 0.403417 0
syringe_lod1
0  -0.616333 -3.563615 2.509927  -0.000002 -1.000000 -0.000005  1.981167 0.254731 0
0  -1.479185 -3.563613 3.753173  -0.000000 -1.000000 0.000001  1.981167 0.322458 0
0  -1.618391 -3.563613 3.706193  -0.000000 -1.000000 0.000001  1.986952 0.322281 0
syringe_lod1
0  -1.370382 -6.262147 6.545393  -0.845158 -0.020350 0.534129  1.592848 0.742640 0
0  -1.080196 -6.262174 6.686151  -0.206686 -0.015162 0.978290  1.579090 0.742640 0
0  -1.274019 -4.327648 6.644386  -0.080062 -0.821088 0.565159  1.587515 0.826292 0
syringe_lod1
0  0.915948 -3.132490 1.405313  0.575993 -0.024102 -0.817099  0.607102 0.848633 0
0  1.082378 -3.132502 1.611633  0.980731 -0.041626 -0.190875  0.607102 0.861292 0
0  1.021740 -3.549069 1.542678  0.676277 -0.657186 -0.332800  0.589090 0.855837 0
syringe_lod1
0  1.082378 -3.132502 1.611633  0.937814 -0.265132 -0.224077  0.474683 0.050118 0
0  0.915948 -3.132490 1.405313  -0.000094 -1.000000 0.000079  0.488631 0.048374 0
0  0.931432 -3.132499 1.309357  0.436047 -0.626079 -0.646443  0.490619 0.051867 0
syringe_lod1
0  0.573150 -3.132495 2.129673  0.000013 -1.000000 -0.000068  0.438840 0.048374 0
0  0.711401 -3.132499 2.204664  -0.000011 -1.000000 -0.000032  0.444804 0.051867 0
0  0.363467 -3.132499 2.133620  -0.463580 -0.623034 0.630018  0.430862 0.051867 0
syringe_lod1
0  0.573150 -3.132495 2.129673  0.000013 -1.000000 -0.000068  0.438840 0.048374 0
0  0.963940 -3.132499 1.989662  -0.000008 -1.000000 -0.000000  0.458773 0.048374 0
0  1.059583 -3.132499 2.005465  0.655588 -0.628598 0.418412  0.460741 0.051867 0
syringe_lod1
0  0.711401 -3.132499 2.204664  0.143070 -0.015586 0.989590  0.101681 0.571097 0
0  1.059583 -3.132499 2.005465  0.655588 -0.628598 0.418412  0.101681 0.553642 0
0  1.028936 -2.843458 2.045453  0.759464 0.008601 0.650492  0.114180 0.555820 0
syringe_lod1
0  1.059583 -3.132499 2.005465  0.655588 -0.628598 0.418412  0.101681 0.553642 0
0  1.082378 -3.132502 1.611633  0.937814 -0.265132 -0.224077  0.101681 0.538370 0
0  1.130625 -2.843457 1.657539  0.988307 -0.081215 -0.129045  0.114180 0.538370 0
syringe_lod1
0  1.082378 -3.132502 1.611633  0.937814 -0.265132 -0.224077  0.101681 0.538370 0
0  0.931432 -3.132499 1.309357  0.436047 -0.626079 -0.646443  0.101681 0.520915 0
0  0.971417 -2.843457 1.340003  0.664422 -0.013200 -0.747241  0.114180 0.523094 0
syringe_lod1
0  0.224508 -3.132503 1.839485  -0.909633 -0.345396 0.230800  0.101681 0.603824 0
0  0.363467 -3.132499 2.133620  -0.463580 -0.623034 0.630018  0.101681 0.586369 0
0  0.323481 -2.843458 2.102973  -0.669007 -0.021179 0.742954  0.114180 0.588547 0
syringe_lod1
0  0.711398 -2.843458 2.204664  0.119446 0.015602 0.992718  0.114180 0.571097 0
0  0.323481 -2.843458 2.102973  -0.669007 -0.021179 0.742954  0.114180 0.588547 0
0  0.363467 -3.132499 2.133620  -0.463580 -0.623034 0.630018  0.101681 0.586369 0
syringe_lod1
0  0.931432 -3.132499 1.309357  0.436047 -0.626079 -0.646443  0.101681 0.520915 0
0  0.537536 -3.132506 1.286541  -0.224106 -0.265323 -0.937753  0.101681 0.505644 0
0  0.583500 -2.843457 1.238312  -0.129004 -0.081140 -0.988319  0.114180 0.505644 0
syringe_lod1
0  0.235318 -3.132499 1.437506  -0.649016 -0.626599 -0.431453  0.101681 0.619096 0
0  0.224508 -3.132503 1.839485  -0.909633 -0.345396 0.230800  0.101681 0.603824 0
0  0.164274 -2.843457 1.785438  -0.985401 -0.105702 0.133460  0.114180 0.603824 0
syringe_lod1
0  0.537536 -3.132506 1.286541  -0.224106 -0.265323 -0.937753  0.101681 0.636551 0
0  0.235318 -3.132499 1.437506  -0.649016 -0.626599 -0.431453  0.101681 0.619096 0
0  0.265964 -2.843458 1.397521  -0.747266 -0.013154 -0.664394  0.114180 0.621274 0
syringe_lod1
0  0.537536 -3.132506 1.286541  -0.270473 -0.141261 -0.952308  0.607102 0.834172 0
0  0.915948 -3.132490 1.405313  0.575993 -0.024102 -0.817099  0.607102 0.848633 0
0  0.679722 -3.549059 1.307947  0.052598 -0.640472 -0.766178  0.589090 0.837757 0
syringe_lod1
0  0.701306 -3.549052 2.121754  0.135555 -0.641485 0.755064  0.589090 0.888375 0
0  0.989380 -3.549053 1.956185  0.641732 -0.634425 0.430912  0.589090 0.873917 0
0  0.963940 -3.132499 1.989662  0.728647 0.036773 0.683901  0.607102 0.875732 0
syringe_lod1
0  0.224508 -3.132503 1.839485  -0.960334 0.019562 0.278166  0.607102 0.911920 0
0  0.331277 -3.132499 1.453106  -0.787904 -0.066957 -0.612147  0.607102 0.929986 0
0  0.305634 -3.549054 1.486433  -0.620308 -0.625364 -0.473432  0.589090 0.928170 0
syringe_lod1
0  0.537536 -3.132506 1.286541  -0.224106 -0.265323 -0.937753  0.504562 0.050119 0
0  0.331277 -3.132499 1.453106  -0.000003 -1.000000 0.000016  0.514522 0.048374 0
0  0.235318 -3.132499 1.437506  -0.649016 -0.626599 -0.431453  0.514522 0.051867 0
syringe_lod1
0  0.989380 -3.549053 1.956185  0.641732 -0.634425 0.430912  0.589090 0.873917 0
0  1.021740 -3.549069 1.542678  0.676277 -0.657186 -0.332800  0.589090 0.855837 0
0  1.082378 -3.132502 1.611633  0.980731 -0.041626 -0.190875  0.607102 0.861292 0
syringe_lod1
0  0.331277 -3.132499 1.453106  -0.787904 -0.066957 -0.612147  0.607102 0.929986 0
0  0.537536 -3.132506 1.286541  -0.270473 -0.141261 -0.952308  0.607102 0.942649 0
0  0.679722 -3.549059 1.307947  0.052598 -0.640472 -0.766178  0.589090 0.942613 0
syringe_lod1
0  0.573150 -3.132495 2.129673  -0.163155 0.072216 0.983954  0.607103 0.893824 0
0  0.224508 -3.132503 1.839485  -0.960334 0.019562 0.278166  0.607102 0.911920 0
0  0.412519 -3.549059 2.063417  -0.578270 -0.031630 0.815232  0.589090 0.901044 0
syringe_lod1
0  1.021740 -3.549069 1.542678  0.676277 -0.657186 -0.332800  0.589090 0.855837 0
0  0.679722 -3.549059 1.307947  0.052598 -0.640472 -0.766178  0.589090 0.837757 0
0  0.915948 -3.132490 1.405313  0.575993 -0.024102 -0.817099  0.607102 0.848633 0
syringe_lod1
0  0.701306 -3.549052 2.121754  0.135555 -0.641485 0.755064  0.490829 0.407389 0
0  0.247184 -3.549053 1.775345  -0.000009 -1.000000 0.000000  0.478487 0.428783 0
0  1.021740 -3.549069 1.542678  0.676277 -0.657186 -0.332800  0.464744 0.397760 0
syringe_lod1
0  0.412519 -3.549059 2.063417  -0.578270 -0.031630 0.815232  0.589090 0.901044 0
0  0.701306 -3.549052 2.121754  0.135555 -0.641485 0.755064  0.589090 0.888375 0
0  0.573150 -3.132495 2.129673  -0.163155 0.072216 0.983954  0.607103 0.893824 0
syringe_lod1
0  -1.070447 -3.132491 1.603552  -0.953458 -0.004862 -0.301486  1.607102 0.857678 0
0  -0.882243 -3.549059 1.379555  -0.578118 -0.031608 -0.815341  1.589090 0.846801 0
0  -1.047715 -3.549052 1.667631  -0.989076 -0.073621 -0.127705  1.589090 0.861255 0
syringe_lod1
0  -0.931432 -3.132499 1.309357  -0.463569 -0.623039 -0.630021  1.490619 0.051867 0
0  -0.583498 -3.132499 1.238313  0.000005 -1.000000 -0.000016  1.504562 0.051867 0
0  -0.721670 -3.132501 1.313352  -0.000004 -1.000000 -0.000021  1.498601 0.048374 0
syringe_lod1
0  -0.765444 -3.132503 2.144430  -0.232370 -0.327535 0.915820  1.101681 0.571097 0
0  -0.711398 -2.843458 2.204664  -0.133461 -0.105701 0.985401  1.114180 0.571097 0
0  -1.028935 -2.843458 2.045455  -0.742956 -0.021180 0.669005  1.114180 0.555821 0
syringe_lod1
0  -0.212471 -3.132502 1.831334  0.937769 -0.265332 0.224027  1.414925 0.050120 0
0  -0.331183 -3.132504 1.453248  0.000041 -1.000000 -0.000069  1.399006 0.048374 0
0  -0.235318 -3.132499 1.437505  0.655588 -0.628576 -0.418445  1.400982 0.051867 0
syringe_lod1
0  -1.059582 -3.132499 2.005468  -0.645340 -0.625678 0.438251  1.101681 0.553642 0
0  -1.028935 -2.843458 2.045455  -0.742956 -0.021180 0.669005  1.114180 0.555821 0
0  -1.130625 -2.843457 1.657539  -0.985413 -0.105603 -0.133451  1.114180 0.538370 0
syringe_lod1
0  -1.070447 -3.132491 1.603552  -0.917920 -0.321271 -0.232825  1.101681 0.538370 0
0  -1.130625 -2.843457 1.657539  -0.985413 -0.105603 -0.133451  1.114180 0.538370 0
0  -0.971417 -2.843458 1.340003  -0.668991 -0.021151 -0.742969  1.114180 0.523094 0
syringe_lod1
0  -0.212471 -3.132502 1.831334  0.937769 -0.265332 0.224027  1.101681 0.603824 0
0  -0.164273 -2.843457 1.785438  0.988321 -0.081103 0.129013  1.114180 0.603824 0
0  -0.323481 -2.843458 2.102973  0.664398 -0.013157 0.747263  1.114180 0.588547 0
syringe_lod1
0  -0.363466 -3.132499 2.133620  0.431461 -0.626586 0.649023  1.101681 0.586369 0
0  -0.323481 -2.843458 2.102973  0.664398 -0.013157 0.747263  1.114180 0.588547 0
0  -0.711398 -2.843458 2.204664  -0.133461 -0.105701 0.985401  1.114180 0.571097 0
syringe_lod1
0  -0.931432 -3.132499 1.309357  -0.463569 -0.623039 -0.630021  1.101681 0.520915 0
0  -0.971417 -2.843458 1.340003  -0.668991 -0.021151 -0.742969  1.114180 0.523094 0
0  -0.583500 -2.843457 1.238313  0.119445 0.015601 -0.992718  1.114180 0.505644 0
syringe_lod1
0  -0.235318 -3.132499 1.437505  0.655588 -0.628576 -0.418445  1.101681 0.619096 0
0  -0.265964 -2.843457 1.397521  0.759462 0.008604 -0.650495  1.114180 0.621274 0
0  -0.164273 -2.843457 1.785438  0.988321 -0.081103 0.129013  1.114180 0.603824 0
syringe_lod1
0  -0.583498 -3.132499 1.238313  0.143063 -0.015583 -0.989591  1.101681 0.636551 0
0  -0.583500 -2.843457 1.238313  0.119445 0.015601 -0.992718  1.114180 0.636551 0
0  -0.265964 -2.843457 1.397521  0.759462 0.008604 -0.650495  1.114180 0.621274 0
syringe_lod1
0  -0.989377 -3.549058 1.956416  -0.637463 -0.634679 0.436833  1.589090 0.873925 0
0  -0.765444 -3.132503 2.144430  -0.258947 0.003132 0.965886  1.607102 0.884801 0
0  -1.020579 -3.132499 1.876044  -0.907435 0.013066 0.419988  1.607103 0.870343 0
syringe_lod1
0  -0.379210 -3.132504 2.037755  0.592821 -0.038862 0.804396  1.607103 0.902860 0
0  -0.412655 -3.549060 2.063423  0.577623 -0.016078 0.816145  1.589090 0.901039 0
0  -0.247184 -3.549053 1.775345  0.984523 -0.071333 0.160082  1.589090 0.915494 0
syringe_lod1
0  -0.305516 -3.549056 1.486694  0.627582 -0.633585 -0.452449  1.589090 0.928158 0
0  -0.331183 -3.132504 1.453248  0.728339 0.037114 -0.684211  1.607102 0.929979 0
0  -0.212471 -3.132502 1.831334  0.967645 -0.088807 0.236170  1.607102 0.915530 0
syringe_lod1
0  -0.721670 -3.132501 1.313352  -0.000004 -1.000000 -0.000021  1.498601 0.048374 0
0  -0.583498 -3.132499 1.238313  0.000005 -1.000000 -0.000016  1.504562 0.051867 0
0  -0.235318 -3.132499 1.437505  0.655588 -0.628576 -0.418445  1.514522 0.051867 0
syringe_lod1
0  -1.070447 -3.132491 1.603552  -0.953458 -0.004862 -0.301486  1.607102 0.857678 0
0  -1.047715 -3.549052 1.667631  -0.989076 -0.073621 -0.127705  1.589090 0.861255 0
0  -0.989377 -3.549058 1.956416  -0.637463 -0.634679 0.436833  1.589090 0.873925 0
syringe_lod1
0  -0.331183 -3.132504 1.453248  0.728339 0.037114 -0.684211  1.607102 0.929979 0
0  -0.305516 -3.549056 1.486694  0.627582 -0.633585 -0.452449  1.589090 0.928158 0
0  -0.593592 -3.549052 1.321223  0.135470 -0.641458 -0.755102  1.589090 0.942613 0
syringe_lod1
0  -0.882243 -3.549059 1.379555  -0.578118 -0.031608 -0.815341  1.589090 0.846801 0
0  -1.070447 -3.132491 1.603552  -0.953458 -0.004862 -0.301486  1.607102 0.857678 0
0  -0.721670 -3.132501 1.313352  -0.163111 0.072257 -0.983958  1.607102 0.839583 0
syringe_lod1
0  -1.720531 4.336825 3.822630  -0.588060 -0.296099 -0.752669  1.438503 0.742960 0
0  -0.812559 9.408718 3.186912  -0.357160 0.446538 -0.820391  1.486351 0.962433 0
0  -1.066928 4.330118 3.274957  -0.658883 -0.155392 -0.736020  1.474880 0.742960 0
syringe_lod1
0  -0.701306 -3.549052 2.121754  -0.095697 -0.662959 0.742514  1.490829 0.407389 0
0  -1.047715 -3.549052 1.667631  0.000012 -1.000000 0.000001  1.469435 0.395048 0
0  -0.593592 -3.549052 1.321223  0.135470 -0.641458 -0.755102  1.457093 0.416441 0
syringe_lod1
0  -0.412655 -3.549060 2.063423  0.577623 -0.016078 0.816145  1.589090 0.901039 0
0  -0.379210 -3.132504 2.037755  0.592821 -0.038862 0.804396  1.607103 0.902860 0
0  -0.765444 -3.132503 2.144430  -0.258947 0.003132 0.965886  1.607102 0.884801 0
syringe_lod1
0  1.873600 2.147592 5.122929  0.999746 0.022557 0.000183  0.834693 0.381350 0
0  1.836945 3.648963 5.106823  0.754802 0.646667 0.109978  0.774373 0.381350 0
0  1.598893 3.648963 6.027454  0.808325 0.474370 0.348687  0.774373 0.339412 0
syringe_lod1
0  -1.622584 2.147592 4.186129  -0.865815 0.023136 -0.499830  0.834693 0.087783 0
0  -1.873600 2.147592 5.122929  -0.999746 0.022557 0.000183  0.834693 0.129721 0
0  -1.836945 3.648963 5.106823  -0.859986 0.494405 -0.126442  0.774373 0.129721 0
syringe_lod1
0  0.936800 2.147592 3.500344  0.500032 0.022557 -0.865713  0.834693 0.465226 0
0  0.904524 3.648963 3.524035  0.533429 0.514747 -0.671185  0.774373 0.465226 0
0  1.582787 3.648963 4.190508  0.706679 0.473990 -0.525298  0.774373 0.423288 0
syringe_lod1
0  1.622584 2.147592 6.059729  0.865991 0.021930 0.499578  0.834693 0.339412 0
0  1.598893 3.648963 6.027454  0.808325 0.474370 0.348687  0.774373 0.339412 0
0  0.934285 3.640087 6.708095  0.461332 0.416304 0.783494  0.774373 0.297473 0
syringe_lod1
0  -1.616243 3.707129 5.122929  -0.254640 0.967024 0.004866  0.365564 0.985192 0
0  -1.399706 3.707129 4.314807  -0.207354 0.971504 -0.114820  0.326002 0.985192 0
0  -1.579980 3.653798 4.189118  -0.791258 0.499090 -0.353299  0.326002 0.975884 0
syringe_lod1
0  0.904524 3.648963 3.524035  0.533429 0.514747 -0.671185  0.682063 0.975668 0
0  0.808122 3.707129 3.723221  0.131500 0.967017 -0.218140  0.682063 0.985192 0
0  1.399706 3.707129 4.314807  0.222774 0.966767 -0.125436  0.642501 0.985192 0
syringe_lod1
0  -1.836945 3.648963 5.106823  -0.859986 0.494405 -0.126442  0.365564 0.975668 0
0  -1.598893 3.648963 6.027453  -0.803894 0.461133 0.375648  0.405126 0.975668 0
0  -1.399707 3.707129 5.931051  -0.220017 0.966767 0.130210  0.405126 0.985192 0
syringe_lod1
0  1.399706 3.707129 5.931051  0.220017 0.966767 0.130211  0.563376 0.985192 0
0  1.598893 3.648963 6.027454  0.808325 0.474370 0.348687  0.563376 0.975668 0
0  1.836945 3.648963 5.106823  0.754802 0.646667 0.109978  0.602938 0.975668 0
syringe_lod1
0  0.018713 3.653798 6.958138  -0.017738 0.468428 0.883323  0.484251 0.975884 0
0  0.934285 3.640087 6.708095  0.461332 0.416304 0.783494  0.523813 0.975275 0
0  0.808121 3.707129 6.522637  0.141835 0.959562 0.243152  0.523813 0.985192 0
syringe_lod1
0  -1.598893 3.648963 6.027453  -0.803894 0.461133 0.375648  0.405126 0.975668 0
0  -0.923081 3.634948 6.721754  -0.513289 0.623962 0.589241  0.444689 0.974950 0
0  -0.808122 3.707129 6.522638  -0.148495 0.956000 0.253008  0.444689 0.985192 0
syringe_lod1
0  0.936800 2.147592 6.745514  0.499112 0.021473 0.866271  0.834693 0.297473 0
0  0.934285 3.640087 6.708095  0.461332 0.416304 0.783494  0.774373 0.297473 0
0  0.018713 3.653798 6.958138  -0.017738 0.468428 0.883323  0.774373 0.255535 0
syringe_lod1
0  -0.808122 3.707129 3.723221  -0.127642 0.967134 -0.219909  0.286439 0.985192 0
0  -0.901311 3.648627 3.522209  -0.530492 0.510588 -0.676667  0.286439 0.975656 0
0  -1.579980 3.653798 4.189118  -0.791258 0.499090 -0.353299  0.326002 0.975884 0
syringe_lod1
0  -0.000000 2.147592 6.996529  0.000789 0.022172 0.999754  0.834693 0.255535 0
0  0.018713 3.653798 6.958138  -0.017738 0.468428 0.883323  0.774373 0.255535 0
0  -0.923081 3.634948 6.721754  -0.513289 0.623962 0.589241  0.774373 0.213597 0
syringe_lod1
0  -0.901311 3.648627 3.522209  -0.530492 0.510588 -0.676667  0.286439 0.975656 0
0  -0.808122 3.707129 3.723221  -0.127642 0.967134 -0.219909  0.286439 0.985192 0
0  -0.000000 3.707129 3.506684  -0.001372 0.969900 -0.243498  0.246877 0.985192 0
syringe_lod1
0  0.018713 3.653798 6.958138  -0.017738 0.468428 0.883323  0.484251 0.975884 0
0  0.000000 3.707129 6.739172  -0.004240 0.971504 0.236985  0.484251 0.985192 0
0  -0.808122 3.707129 6.522638  -0.148495 0.956000 0.253008  0.444689 0.985192 0
syringe_lod1
0  0.808122 3.707129 3.723221  0.131500 0.967017 -0.218140  0.682063 0.985192 0
0  0.904524 3.648963 3.524035  0.533429 0.514747 -0.671185  0.682063 0.975668 0
0  0.001765 3.653632 3.293122  0.126582 0.613923 -0.779151  0.721625 0.975995 0
syringe_lod1
0  1.582787 3.648963 4.190508  0.706679 0.473990 -0.525298  0.642501 0.975668 0
0  1.399706 3.707129 4.314807  0.222774 0.966767 -0.125436  0.642501 0.985192 0
0  1.616243 3.707129 5.122929  0.255644 0.966767 0.002757  0.602938 0.985192 0
syringe_lod1
0  -0.936800 2.147592 3.500344  -0.500365 0.022559 -0.865521  0.834693 0.045844 0
0  -1.622584 2.147592 4.186129  -0.865815 0.023136 -0.499830  0.834693 0.087783 0
0  -1.579980 3.653798 4.189118  -0.791258 0.499090 -0.353299  0.774373 0.087783 0
syringe_lod1
0  -1.598893 3.648963 6.027453  -0.803894 0.461133 0.375648  0.774373 0.171659 0
0  -1.836945 3.648963 5.106823  -0.859986 0.494405 -0.126442  0.774373 0.129721 0
0  -1.873600 2.147592 5.122929  -0.999746 0.022557 0.000183  0.834693 0.129721 0
syringe_lod1
0  0.000000 2.147592 3.249328  0.000156 0.024000 -0.999712  0.834693 0.003906 0
0  -0.936800 2.147592 3.500344  -0.500365 0.022559 -0.865521  0.834693 0.045844 0
0  -0.901311 3.648627 3.522209  -0.530492 0.510588 -0.676667  0.774373 0.045844 0
syringe_lod1
0  1.598893 3.648963 6.027454  0.808325 0.474370 0.348687  0.563376 0.975668 0
0  1.399706 3.707129 5.931051  0.220017 0.966767 0.130211  0.563376 0.985192 0
0  0.808121 3.707129 6.522637  0.141835 0.959562 0.243152  0.523813 0.985192 0
syringe_lod1
0  0.000000 2.147592 3.249328  0.000156 0.024000 -0.999712  0.834693 0.507164 0
0  0.001765 3.653632 3.293122  0.126582 0.613923 -0.779151  0.774373 0.507164 0
0  0.904524 3.648963 3.524035  0.533429 0.514747 -0.671185  0.774373 0.465226 0
syringe_lod1
0  -0.923081 3.634948 6.721754  -0.513289 0.623962 0.589241  0.774373 0.213597 0
0  -1.598893 3.648963 6.027453  -0.803894 0.461133 0.375648  0.774373 0.171659 0
0  -1.622584 2.147592 6.059729  -0.866148 0.021588 0.499320  0.834693 0.171659 0
syringe_lod1
0  1.622584 2.147592 4.186129  0.865896 0.022557 -0.499715  0.834693 0.423288 0
0  1.582787 3.648963 4.190508  0.706679 0.473990 -0.525298  0.774373 0.423288 0
0  1.836945 3.648963 5.106823  0.754802 0.646667 0.109978  0.774373 0.381350 0
syringe_lod1
0  1.710931 4.328779 3.810080  0.569897 -0.395726 -0.720152  0.439178 0.742960 0
0  0.777425 4.328929 3.118905  0.571651 -0.300336 -0.763553  0.488861 0.742960 0
0  1.273854 9.429230 3.462811  0.558273 0.451867 -0.695807  0.462979 0.962433 0
syringe_lod1
0  1.710931 4.328779 3.810080  0.569897 -0.395726 -0.720152  0.439178 0.742960 0
0  1.273854 9.429230 3.462811  0.558273 0.451867 -0.695807  0.462979 0.962433 0
0  1.951771 9.396959 4.332846  0.966077 0.154849 -0.206681  0.414633 0.962433 0
syringe_lod1
0  0.269360 9.385518 3.033632  -0.011488 0.391330 -0.920179  0.510834 0.962433 0
0  1.273854 9.429230 3.462811  0.558273 0.451867 -0.695807  0.462979 0.962433 0
0  0.777425 4.328929 3.118905  0.571651 -0.300336 -0.763553  0.488861 0.742960 0
syringe_lod1
0  1.717668 3.186575 4.899762  0.989322 0.047961 -0.137632  0.985441 0.813077 0
0  1.558504 3.730664 4.447361  0.890063 -0.329972 -0.314494  0.962101 0.833495 0
0  1.686116 3.725710 5.122929  0.935201 -0.353903 0.012351  0.962101 0.803539 0
syringe_lod1
0  0.217260 3.711491 3.441827  0.122606 -0.230253 -0.965376  0.766228 0.317926 0
0  -0.273532 4.328519 2.995818  -0.002780 -0.505176 -0.863012  0.733797 0.328511 0
0  0.777425 4.328929 3.118905  0.571651 -0.300336 -0.763553  0.733797 0.298050 0
syringe_lod1
0  1.951771 9.396959 4.332846  0.966077 0.154849 -0.206681  0.414633 0.962433 0
0  2.075042 9.407338 5.396117  0.994547 0.104284 0.001437  0.367772 0.962433 0
0  2.135910 4.336712 4.877139  0.997520 -0.070075 0.006586  0.390074 0.742960 0
syringe_lod1
0  0.207751 10.508090 6.093153  0.110168 0.946765 0.302487  0.987894 0.149546 0
0  0.672236 10.109529 6.668998  0.271578 0.695562 0.665161  0.967186 0.178037 0
0  1.329793 10.117641 6.143315  0.544736 0.692595 0.472837  0.938533 0.155631 0
syringe_lod1
0  0.710034 3.187007 6.698898  0.412285 0.035474 0.910364  0.985441 0.718992 0
0  1.402205 3.186905 6.143360  0.790031 0.043941 0.611491  0.985441 0.757139 0
0  1.192263 3.725710 6.315193  0.655346 -0.365225 0.661159  0.962101 0.746043 0
syringe_lod1
0  1.665902 3.187018 5.565428  0.969362 0.049152 0.240669  0.985441 0.784374 0
0  1.717668 3.186575 4.899762  0.989322 0.047961 -0.137632  0.985441 0.813077 0
0  1.686116 3.725710 5.122929  0.935201 -0.353903 0.012351  0.962101 0.803539 0
syringe_lod1
0  -0.000000 3.186478 6.833236  0.018716 0.037170 0.999134  0.985441 0.688232 0
0  0.710034 3.187007 6.698898  0.412285 0.035474 0.910364  0.985441 0.718992 0
0  0.641813 3.724019 6.696804  0.301449 -0.256320 0.918384  0.962101 0.716889 0
syringe_lod1
0  0.713202 3.187011 3.548780  0.406394 0.050917 -0.912278  0.985440 0.887931 0
0  0.217260 3.711491 3.441827  0.122606 -0.230253 -0.965376  0.962101 0.909284 0
0  1.027511 3.723775 3.769100  0.525586 -0.357352 -0.772049  0.962101 0.871009 0
syringe_lod1
0  1.686116 3.725710 5.122929  0.935201 -0.353903 0.012351  0.766228 0.199156 0
0  2.135910 4.336712 4.877139  0.997520 -0.070075 0.006586  0.733797 0.208577 0
0  1.980657 4.311769 5.943343  0.858577 -0.090448 0.504642  0.733797 0.166819 0
syringe_lod1
0  -0.198462 3.718001 6.806302  -0.035305 -0.328417 0.943873  0.766228 0.069801 0
0  0.641813 3.724019 6.696804  0.301449 -0.256320 0.918384  0.766228 0.101688 0
0  0.325129 4.328590 7.248583  0.034765 -0.069579 0.996970  0.733797 0.082321 0
syringe_lod1
0  0.641813 3.724019 6.696804  0.301449 -0.256320 0.918384  0.766228 0.101688 0
0  1.336512 4.336712 6.807049  0.550229 -0.518569 0.654472  0.733797 0.125061 0
0  0.325129 4.328590 7.248583  0.034765 -0.069579 0.996970  0.733797 0.082321 0
syringe_lod1
0  0.641813 3.724019 6.696804  0.301449 -0.256320 0.918384  0.766228 0.101688 0
0  1.192263 3.725710 6.315193  0.655346 -0.365225 0.661159  0.766228 0.134482 0
0  1.336512 4.336712 6.807049  0.550229 -0.518569 0.654472  0.733797 0.125061 0
syringe_lod1
0  1.980657 4.311769 5.943343  0.858577 -0.090448 0.504642  0.733797 0.166819 0
0  1.336512 4.336712 6.807049  0.550229 -0.518569 0.654472  0.733797 0.125061 0
0  1.192263 3.725710 6.315193  0.655346 -0.365225 0.661159  0.766228 0.134482 0
syringe_lod1
0  1.402205 3.186905 6.143360  0.790031 0.043941 0.611491  0.985441 0.757139 0
0  1.665902 3.187018 5.565428  0.969362 0.049152 0.240669  0.985441 0.784374 0
0  1.558504 3.730665 5.798499  0.892087 -0.328916 0.309831  0.962101 0.773584 0
syringe_lod1
0  0.672236 10.109529 6.668998  0.271578 0.695562 0.665161  0.967186 0.178037 0
0  0.812568 9.408719 7.058942  0.502674 0.106709 0.857865  0.954791 0.209436 0
0  1.680064 9.418379 6.381277  0.878562 0.234567 0.416061  0.910933 0.175015 0
syringe_lod1
0  1.273854 9.429230 3.462811  0.558273 0.451867 -0.695807  0.931245 0.026830 0
0  0.269360 9.385518 3.033632  -0.011488 0.391330 -0.920179  0.982556 0.006008 0
0  0.219196 10.104937 3.442703  0.059002 0.721947 -0.689428  0.986637 0.039349 0
syringe_lod1
0  1.672144 10.101178 4.869999  0.704533 0.706127 -0.070841  0.924182 0.100506 0
0  2.075042 9.407338 5.396117  0.994547 0.104284 0.001437  0.890926 0.125199 0
0  1.951771 9.396959 4.332846  0.966077 0.154849 -0.206681  0.897498 0.071484 0
syringe_lod1
0  0.325129 4.328590 7.248583  0.034765 -0.069579 0.996970  0.250678 0.742960 0
0  0.812568 9.408719 7.058942  0.502674 0.106709 0.857865  0.272995 0.962433 0
0  -0.260644 9.409028 7.207267  0.038274 0.133882 0.990258  0.236854 0.962433 0
syringe_lod1
0  1.452485 10.103347 4.284336  0.630100 0.676517 -0.381181  0.932458 0.074628 0
0  1.951771 9.396959 4.332846  0.966077 0.154849 -0.206681  0.897498 0.071484 0
0  1.273854 9.429230 3.462811  0.558273 0.451867 -0.695807  0.931245 0.026830 0
syringe_lod1
0  0.755834 10.510448 4.490359  0.260262 0.950426 -0.170157  0.966709 0.086655 0
0  1.023180 10.110016 3.789491  0.401520 0.696212 -0.595039  0.951856 0.053752 0
0  0.219196 10.104937 3.442703  0.059002 0.721947 -0.689428  0.986637 0.039349 0
syringe_lod1
0  1.680064 9.418379 6.381277  0.878562 0.234567 0.416061  0.910933 0.175015 0
0  2.075042 9.407338 5.396117  0.994547 0.104284 0.001437  0.890926 0.125199 0
0  1.620037 10.103347 5.557017  0.714782 0.672621 0.191488  0.925193 0.130415 0
syringe_lod1
0  0.207751 10.508090 6.093153  0.110168 0.946765 0.302487  0.987894 0.149546 0
0  -0.000000 10.103866 6.800639  -0.002672 0.695465 0.718555  0.996094 0.184626 0
0  0.672236 10.109529 6.668998  0.271578 0.695562 0.665161  0.967186 0.178037 0
syringe_lod1
0  1.402202 3.186905 4.102494  0.802561 0.047879 -0.594645  0.985441 0.849940 0
0  1.027511 3.723775 3.769100  0.525586 -0.357352 -0.772049  0.962101 0.871009 0
0  1.558504 3.730664 4.447361  0.890063 -0.329972 -0.314494  0.962101 0.833495 0
syringe_lod1
0  -0.000000 10.103866 6.800639  -0.002672 0.695465 0.718555  0.996094 0.184626 0
0  -0.260644 9.409028 7.207267  0.038274 0.133882 0.990258  0.996094 0.219047 0
0  0.812568 9.408719 7.058942  0.502674 0.106709 0.857865  0.954791 0.209436 0
syringe_lod1
0  -0.777389 4.328938 7.126974  -0.445936 -0.066218 0.892612  1.270484 0.742960 0
0  -0.260644 9.409028 7.207267  0.038274 0.133882 0.990258  1.248162 0.962433 0
0  -1.251759 9.397101 6.808074  -0.637676 0.062807 0.767740  1.294932 0.962433 0
syringe_lod1
0  -2.012329 9.405438 4.583726  -0.966791 0.061607 -0.248030  1.403475 0.962433 0
0  -1.720531 4.336825 3.822630  -0.588060 -0.296099 -0.752669  1.438503 0.742960 0
0  -2.128623 4.320276 4.866778  -0.842972 -0.441297 -0.307661  1.390553 0.742960 0
syringe_lod1
0  -1.192263 3.725710 3.930664  -0.699836 -0.325998 -0.635574  1.766228 0.263830 0
0  -1.558505 3.730665 4.447362  -0.847726 -0.317383 -0.425004  1.766228 0.232851 0
0  -1.720531 4.336825 3.822630  -0.588060 -0.296099 -0.752669  1.733797 0.252440 0
syringe_lod1
0  -2.128623 4.320276 4.866778  -0.842972 -0.441297 -0.307661  1.733797 0.209011 0
0  -1.558505 3.730665 4.447362  -0.847726 -0.317383 -0.425004  1.766228 0.232851 0
0  -1.689591 3.724869 5.345373  -0.918482 -0.352239 0.179772  1.766228 0.188377 0
syringe_lod1
0  -1.066928 4.330118 3.274957  -0.658883 -0.155392 -0.736020  1.733797 0.285388 0
0  -0.623927 3.731020 3.542845  -0.301240 -0.257632 -0.918085  1.766228 0.297550 0
0  -1.192263 3.725710 3.930664  -0.699836 -0.325998 -0.635574  1.766228 0.263830 0
syringe_lod1
0  -1.620037 10.103347 4.688841  -0.707474 0.685307 -0.172730  1.925389 0.092464 0
0  -1.336320 10.104674 4.097525  -0.553849 0.723212 -0.412572  1.938396 0.067156 0
0  -1.660115 9.429229 3.849072  -0.698134 0.450394 -0.556556  1.911749 0.046536 0
syringe_lod1
0  -0.680526 10.104546 3.577019  -0.278488 0.685841 -0.672359  1.966697 0.044745 0
0  -0.812559 9.408718 3.186912  -0.357160 0.446538 -0.820391  1.954997 0.013513 0
0  -1.660115 9.429229 3.849072  -0.698134 0.450394 -0.556556  1.911749 0.046536 0
syringe_lod1
0  -0.812559 9.408718 3.186912  -0.357160 0.446538 -0.820391  1.486351 0.962433 0
0  -0.273532 4.328519 2.995818  -0.002780 -0.505176 -0.863012  1.510862 0.742960 0
0  -1.066928 4.330118 3.274957  -0.658883 -0.155392 -0.736020  1.474880 0.742960 0
syringe_lod1
0  0.219196 10.104937 3.442703  0.059002 0.721947 -0.689428  1.996094 0.038303 0
0  0.269360 9.385518 3.033632  -0.011488 0.391330 -0.920179  1.996094 0.003906 0
0  -0.812559 9.408718 3.186912  -0.357160 0.446538 -0.820391  1.954997 0.013513 0
syringe_lod1
0  -0.710024 3.187007 3.546955  -0.414357 0.035824 -0.909409  1.985440 0.888087 0
0  -1.402202 3.186904 4.102495  -0.799967 0.032796 -0.599147  1.985440 0.849940 0
0  -1.192263 3.725710 3.930664  -0.699836 -0.325998 -0.635574  1.962101 0.861035 0
syringe_lod1
0  -0.713210 3.187011 6.697074  -0.421922 0.044857 0.905522  1.985440 0.719148 0
0  -0.198462 3.718001 6.806302  -0.035305 -0.328417 0.943873  1.962101 0.696957 0
0  -0.843058 3.725710 6.583150  -0.535840 -0.252735 0.805606  1.962101 0.726878 0
syringe_lod1
0  0.217260 3.711491 3.441827  0.122606 -0.230253 -0.965376  1.766228 0.328511 0
0  -0.623927 3.731020 3.542845  -0.301240 -0.257632 -0.918085  1.766228 0.297550 0
0  -0.273532 4.328519 2.995818  -0.002780 -0.505176 -0.863012  1.733797 0.317978 0
syringe_lod1
0  -1.558505 3.730665 4.447362  -0.847726 -0.317383 -0.425004  1.766228 0.232851 0
0  -2.128623 4.320276 4.866778  -0.842972 -0.441297 -0.307661  1.733797 0.209011 0
0  -1.720531 4.336825 3.822630  -0.588060 -0.296099 -0.752669  1.733797 0.252440 0
syringe_lod1
0  -0.982577 10.510015 5.033805  -0.313152 0.949605 0.013612  1.957736 0.107982 0
0  -1.677161 10.106521 5.310106  -0.694754 0.714853 0.079387  1.923673 0.119433 0
0  -1.352406 10.113994 6.125007  -0.586185 0.685432 0.431937  1.937775 0.154650 0
syringe_lod1
0  -2.128623 4.320276 4.866778  -0.842972 -0.441297 -0.307661  1.390553 0.742960 0
0  -2.071571 9.418172 5.420914  -0.876888 0.407655 0.254725  1.366676 0.962433 0
0  -2.012329 9.405438 4.583726  -0.966791 0.061607 -0.248030  1.403475 0.962433 0
syringe_lod1
0  -0.713210 3.187011 6.697074  -0.421922 0.044857 0.905522  1.985440 0.719148 0
0  -0.843058 3.725710 6.583150  -0.535840 -0.252735 0.805606  1.962101 0.726878 0
0  -1.330533 3.730671 6.178890  -0.735869 -0.381930 0.559130  1.962101 0.754417 0
syringe_lod1
0  -1.804204 9.405437 6.164588  -0.873996 0.069596 0.480924  1.332069 0.962433 0
0  -1.508862 4.330118 6.631792  -0.648658 -0.054813 0.759103  1.308267 0.742960 0
0  -1.251759 9.397101 6.808074  -0.637676 0.062807 0.767740  1.294932 0.962433 0
syringe_lod1
0  -0.000000 3.186478 3.412621  -0.017968 0.037863 -0.999121  1.985440 0.918847 0
0  -0.710024 3.187007 3.546955  -0.414357 0.035824 -0.909409  1.985440 0.888087 0
0  -0.623927 3.731020 3.542845  -0.301240 -0.257632 -0.918085  1.962101 0.891013 0
syringe_lod1
0  -1.402202 3.186904 4.102495  -0.799967 0.032796 -0.599147  1.985440 0.849940 0
0  -1.717668 3.186574 4.899762  -0.987558 0.063093 -0.144042  1.985440 0.813077 0
0  -1.558505 3.730665 4.447362  -0.847726 -0.317383 -0.425004  1.962101 0.833495 0
syringe_lod1
0  -1.689591 3.724869 5.345373  -0.918482 -0.352239 0.179772  1.766228 0.188377 0
0  -1.330533 3.730671 6.178890  -0.735869 -0.381930 0.559130  1.766228 0.143901 0
0  -1.999517 4.336712 5.913155  -0.971992 -0.107175 0.209154  1.733797 0.168178 0
syringe_lod1
0  -1.689591 3.724869 5.345373  -0.918482 -0.352239 0.179772  1.766228 0.188377 0
0  -1.999517 4.336712 5.913155  -0.971992 -0.107175 0.209154  1.733797 0.168178 0
0  -2.128623 4.320276 4.866778  -0.842972 -0.441297 -0.307661  1.733797 0.209011 0
syringe_lod1
0  -0.198462 3.718001 6.806302  -0.035305 -0.328417 0.943873  1.766228 0.079459 0
0  0.325129 4.328590 7.248583  0.034765 -0.069579 0.996970  1.733797 0.069801 0
0  -0.777389 4.328938 7.126974  -0.445936 -0.066218 0.892612  1.733797 0.100260 0
syringe_lod1
0  -0.843058 3.725710 6.583150  -0.535840 -0.252735 0.805606  1.766228 0.112924 0
0  -0.198462 3.718001 6.806302  -0.035305 -0.328417 0.943873  1.766228 0.079459 0
0  -0.777389 4.328938 7.126974  -0.445936 -0.066218 0.892612  1.733797 0.100260 0
syringe_lod1
0  -0.843058 3.725710 6.583150  -0.535840 -0.252735 0.805606  1.766228 0.112924 0
0  -0.777389 4.328938 7.126974  -0.445936 -0.066218 0.892612  1.733797 0.100260 0
0  -1.508862 4.330118 6.631792  -0.648658 -0.054813 0.759103  1.733797 0.134482 0
syringe_lod1
0  -1.402206 3.186904 6.143359  -0.802514 0.074192 0.592003  1.985440 0.757139 0
0  -1.330533 3.730671 6.178890  -0.735869 -0.381930 0.559130  1.962101 0.754417 0
0  -1.689591 3.724869 5.345373  -0.918482 -0.352239 0.179772  1.962101 0.793956 0
syringe_lod1
0  -0.680059 10.106310 6.667475  -0.269381 0.684013 0.677909  1.966873 0.177900 0
0  -1.352406 10.113994 6.125007  -0.586185 0.685432 0.431937  1.937775 0.154650 0
0  -1.251759 9.397101 6.808074  -0.637676 0.062807 0.767740  1.932488 0.196895 0
syringe_lod1
0  -1.508862 4.330118 6.631792  -0.648658 -0.054813 0.759103  1.308267 0.742960 0
0  -0.777389 4.328938 7.126974  -0.445936 -0.066218 0.892612  1.270484 0.742960 0
0  -1.251759 9.397101 6.808074  -0.637676 0.062807 0.767740  1.294932 0.962433 0
syringe_lod1
0  -1.620037 10.103347 4.688841  -0.707474 0.685307 -0.172730  1.925389 0.092464 0
0  -1.677161 10.106521 5.310106  -0.694754 0.714853 0.079387  1.923673 0.119433 0
0  -0.982577 10.510015 5.033805  -0.313152 0.949605 0.013612  1.957736 0.107982 0
syringe_lod1
0  -2.012329 9.405438 4.583726  -0.966791 0.061607 -0.248030  1.892205 0.083499 0
0  -2.071571 9.418172 5.420914  -0.876888 0.407655 0.254725  1.891080 0.126474 0
0  -1.677161 10.106521 5.310106  -0.694754 0.714853 0.079387  1.923673 0.119433 0
syringe_lod1
0  -0.777389 4.328938 7.126974  -0.445936 -0.066218 0.892612  1.270484 0.742960 0
0  0.325129 4.328590 7.248583  0.034765 -0.069579 0.996970  1.236855 0.742960 0
0  -0.260644 9.409028 7.207267  0.038274 0.133882 0.990258  1.248162 0.962433 0
syringe_lod1
0  -0.273532 4.328519 2.995818  -0.002780 -0.505176 -0.863012  1.510862 0.742960 0
0  -0.812559 9.408718 3.186912  -0.357160 0.446538 -0.820391  1.486351 0.962433 0
0  0.269360 9.385518 3.033632  -0.011488 0.391330 -0.920179  1.522491 0.962433 0
syringe_lod1
0  -0.680059 10.106310 6.667475  -0.269381 0.684013 0.677909  1.966873 0.177900 0
0  -1.251759 9.397101 6.808074  -0.637676 0.062807 0.767740  1.932488 0.196895 0
0  -0.260644 9.409028 7.207267  0.038274 0.133882 0.990258  1.982926 0.216976 0
syringe_lod1
0  -1.352406 10.113994 6.125007  -0.586185 0.685432 0.431937  1.937775 0.154650 0
0  -1.677161 10.106521 5.310106  -0.694754 0.714853 0.079387  1.923673 0.119433 0
0  -2.071571 9.418172 5.420914  -0.876888 0.407655 0.254725  1.891080 0.126474 0
syringe_lod1
0  0.207751 10.508090 6.093153  0.110168 0.946765 0.302487  1.996094 0.151256 0
0  -0.616778 10.508600 5.883888  -0.241218 0.944863 0.221466  1.971787 0.141189 0
0  -0.680059 10.106310 6.667475  -0.269381 0.684013 0.677909  1.966873 0.177900 0
syringe_lod1
0  -0.000000 10.103866 6.800639  -0.002672 0.695465 0.718555  1.996094 0.184626 0
0  -0.680059 10.106310 6.667475  -0.269381 0.684013 0.677909  1.966873 0.177900 0
0  -0.260644 9.409028 7.207267  0.038274 0.133882 0.990258  1.982926 0.216976 0
syringe_lod1
0  2.493445 -1.790115 4.700308  0.811713 -0.400081 -0.425508  0.439693 0.328965 0
0  2.319630 -1.735243 4.588973  0.504502 -0.132903 -0.853121  0.439693 0.337545 0
0  2.319630 0.030137 4.588973  0.536496 0.131097 -0.833658  0.368337 0.337545 0
syringe_lod1
0  2.319630 0.212939 5.218355  0.570816 0.810808 0.129462  0.340339 0.337545 0
0  2.493305 0.078539 5.284584  0.821448 0.386870 0.418993  0.335085 0.328965 0
0  2.493507 0.089619 4.710629  0.817252 0.407765 -0.407219  0.362164 0.328965 0
syringe_lod1
0  2.493305 0.078539 5.284584  0.821448 0.386870 0.418993  0.694047 0.374594 0
0  2.493280 -1.779116 5.294513  0.815336 -0.380026 0.436814  0.693819 0.295938 0
0  2.493445 -1.790115 4.700308  0.811713 -0.400081 -0.425508  0.717534 0.295745 0
syringe_lod1
0  2.493445 -1.790115 4.700308  0.811713 -0.400081 -0.425508  0.717534 0.295745 0
0  2.493507 0.089619 4.710629  0.817252 0.407765 -0.407219  0.717312 0.374821 0
0  2.493305 0.078539 5.284584  0.821448 0.386870 0.418993  0.694047 0.374594 0
syringe_lod1
0  2.493305 0.078539 5.284584  0.821448 0.386870 0.418993  0.335085 0.328965 0
0  2.319630 0.159561 5.347786  0.506925 0.617349 0.601588  0.334859 0.337545 0
0  2.319630 0.030137 5.401156  0.524335 0.136233 0.840543  0.329354 0.337545 0
syringe_lod1
0  2.493280 -1.779116 5.294513  0.815336 -0.380026 0.436814  0.252701 0.328965 0
0  2.319630 -1.864668 5.347786  0.494056 -0.629167 0.600048  0.252492 0.337545 0
0  2.319630 -1.918045 5.218354  0.581474 -0.803959 0.124651  0.247012 0.337545 0
syringe_lod1
0  2.493445 -1.790115 4.700308  0.811713 -0.400081 -0.425508  0.224727 0.328965 0
0  2.319630 -1.864668 4.642343  0.475083 -0.629877 -0.614452  0.224517 0.337545 0
0  2.319630 -1.735243 4.588973  0.504502 -0.132903 -0.853121  0.219011 0.337545 0
syringe_lod1
0  2.319630 -1.918045 5.218354  0.581474 -0.803959 0.124651  0.247012 0.337545 0
0  2.319630 -1.918046 4.771775  0.555391 -0.822623 -0.121789  0.229997 0.337545 0
0  2.493445 -1.790115 4.700308  0.811713 -0.400081 -0.425508  0.224727 0.328965 0
syringe_lod1
0  2.319630 0.030137 5.401156  0.524335 0.136233 0.840543  0.329354 0.337545 0
0  2.319630 -1.735243 5.401156  0.492551 -0.138822 0.859140  0.257998 0.337545 0
0  2.493280 -1.779116 5.294513  0.815336 -0.380026 0.436814  0.252701 0.328965 0
syringe_lod1
0  2.319630 -1.918046 4.771775  0.555391 -0.822623 -0.121789  0.229997 0.337545 0
0  2.319630 -1.864668 4.642343  0.475083 -0.629877 -0.614452  0.224517 0.337545 0
0  2.493445 -1.790115 4.700308  0.811713 -0.400081 -0.425508  0.224727 0.328965 0
syringe_lod1
0  2.360917 -7.887578 3.081820  0.801253 -0.311919 -0.510589  0.751358 0.382203 0
0  2.226176 -7.507870 3.082302  0.380585 0.861439 -0.336272  0.745179 0.366146 0
0  2.387075 -7.646693 3.109909  0.632727 0.419432 -0.650948  0.752807 0.372548 0
syringe_lod1
0  1.860473 -7.687391 3.080271  -0.870486 0.347016 -0.349048  0.729812 0.373331 0
0  2.003809 -8.013376 3.080016  -0.365664 -0.866478 -0.339861  0.735998 0.388182 0
0  1.823712 -7.891281 3.087277  -0.751866 -0.317963 -0.577579  0.727930 0.382802 0
syringe_lod1
0  2.028885 -8.034827 5.923936  -0.242632 -0.962842 0.118592  0.530913 0.959821 0
0  2.001678 -7.966872 6.604912  -0.212192 -0.975515 -0.057836  0.530913 0.929188 0
0  1.901738 -7.693039 6.562641  -0.827257 0.463996 -0.316786  0.543551 0.929351 0
syringe_lod1
0  2.266470 -7.850037 6.684118  0.865932 -0.337057 0.369533  0.568644 0.929912 0
0  2.301906 -7.852539 5.930033  0.929426 -0.360176 0.080252  0.568644 0.959821 0
0  2.206160 -7.515683 5.922930  0.409269 0.908724 0.081977  0.556006 0.959821 0
syringe_lod1
0  0.475818 -3.407455 1.821902  -0.864572 0.009925 0.502411  0.889259 0.478928 0
0  0.468552 -6.052619 1.820106  -0.906893 -0.234092 0.350352  0.889259 0.366109 0
0  0.736324 -5.980692 1.922219  0.281604 0.149565 0.947802  0.901702 0.365816 0
syringe_lod1
0  2.003809 -8.013376 3.080016  -0.365664 -0.866478 -0.339861  0.735998 0.388182 0
0  2.360917 -7.887578 3.081820  0.801253 -0.311919 -0.510589  0.751358 0.382203 0
0  2.230173 -8.058798 3.087277  0.251381 -0.762082 -0.596689  0.745528 0.390057 0
syringe_lod1
0  3.049030 -7.892756 5.353649  0.623721 0.016631 0.781470  0.190684 0.124218 0
0  3.049343 -7.654744 5.349765  0.622698 0.011946 0.782371  0.180391 0.124323 0
0  2.381821 -7.645662 5.880913  0.600020 0.361276 0.713761  0.180390 0.090411 0
syringe_lod1
0  0.819081 -3.407455 1.621074  0.861691 0.009820 -0.507339  0.914192 0.478928 0
0  0.841836 -5.985676 1.653024  0.842774 0.209971 -0.495625  0.914192 0.366095 0
0  0.582196 -6.072562 1.550571  -0.452182 -0.218284 -0.864803  0.926633 0.365738 0
syringe_lod1
0  0.954175 -6.301528 1.979629  0.102851 0.329306 0.938605  0.901702 0.346134 0
0  0.736324 -5.980692 1.922219  0.281604 0.149565 0.947802  0.901702 0.365816 0
0  0.468552 -6.052619 1.820106  -0.906893 -0.234092 0.350352  0.889259 0.366109 0
syringe_lod1
0  1.781096 -7.583493 7.011397  0.170091 0.865687 0.470802  0.556006 0.910147 0
0  2.147091 -7.584070 6.679343  0.444854 0.853058 0.272759  0.556006 0.928580 0
0  1.901738 -7.693039 6.562641  -0.827257 0.463996 -0.316786  0.543551 0.929351 0
syringe_lod1
0  0.747863 -3.407455 1.893120  0.505038 0.016140 0.862946  0.901702 0.478928 0
0  0.736324 -5.980692 1.922219  0.281604 0.149565 0.947802  0.901702 0.365816 0
0  0.841836 -5.985676 1.653024  0.842774 0.209971 -0.495625  0.914192 0.366095 0
syringe_lod1
0  2.398569 -7.891356 3.218827  0.003161 -0.999994 -0.001619  0.944290 0.833707 0
0  3.049344 -7.891355 3.656452  0.000557 -0.999999 -0.000825  0.916147 0.814786 0
0  3.049030 -7.892756 5.353649  0.007972 -0.999963 -0.003086  0.916152 0.741396 0
syringe_lod1
0  2.003809 -8.013376 3.080016  -0.386214 -0.911748 -0.139838  0.926633 0.214217 0
0  1.860473 -7.687391 3.080271  -0.939875 0.330357 -0.086602  0.939123 0.214217 0
0  1.918496 -7.647606 2.327105  -0.977454 0.204248 0.053534  0.939123 0.248314 0
syringe_lod1
0  2.190255 -7.284669 2.142540  0.476932 0.452047 0.753783  0.901702 0.269028 0
0  2.302129 -7.392706 1.895002  0.859783 -0.246188 -0.447397  0.914192 0.269028 0
0  2.269352 -6.963391 1.802228  0.891248 0.226308 -0.393015  0.914192 0.285020 0
syringe_lod1
0  1.011700 -6.254269 1.695222  0.490874 0.651986 -0.577890  0.914192 0.346023 0
0  0.841836 -5.985676 1.653024  0.842774 0.209971 -0.495625  0.914192 0.366095 0
0  0.736324 -5.980692 1.922219  0.281604 0.149565 0.947802  0.901702 0.365816 0
syringe_lod1
0  1.754998 -6.681282 1.644876  -0.122653 -0.292169 -0.948469  0.926633 0.306758 0
0  0.864508 -6.504014 1.614017  -0.290657 -0.561115 -0.775028  0.926633 0.346117 0
0  1.011700 -6.254269 1.695222  0.490874 0.651986 -0.577890  0.914192 0.346023 0
syringe_lod1
0  1.652732 -6.712180 1.924328  -0.468951 -0.672198 0.572918  0.939123 0.309342 0
0  0.808824 -6.545757 1.899174  -0.517531 -0.720731 0.461203  0.939123 0.346210 0
0  0.864508 -6.504014 1.614017  -0.290657 -0.561115 -0.775028  0.926633 0.346117 0
syringe_lod1
0  2.032172 -7.887679 2.193215  -0.335687 -0.806763 -0.486259  0.926633 0.248674 0
0  2.037323 -7.224273 1.718058  -0.253988 -0.363239 -0.896408  0.926633 0.277990 0
0  2.302129 -7.392706 1.895002  0.859783 -0.246188 -0.447397  0.914192 0.269028 0
syringe_lod1
0  1.919880 -6.445868 1.724322  0.531120 0.724275 -0.439701  0.914192 0.306355 0
0  1.592448 -6.398924 1.990220  0.136625 0.593399 0.793229  0.901702 0.317147 0
0  2.064184 -6.705061 2.036479  0.441418 0.420324 0.792766  0.901702 0.295300 0
syringe_lod1
0  2.190255 -7.284669 2.142540  0.476932 0.452047 0.753783  0.901702 0.269028 0
0  2.064184 -6.705061 2.036479  0.441418 0.420324 0.792766  0.901702 0.295300 0
0  1.921491 -7.148992 1.980622  -0.910395 -0.158860 0.382026  0.889259 0.279082 0
syringe_lod1
0  1.840845 -7.853183 7.116107  0.352814 -0.335188 0.873597  0.568644 0.910887 0
0  1.770787 -7.963616 6.837837  -0.086153 -0.972685 -0.215551  0.581099 0.912450 0
0  2.001678 -7.966872 6.604912  -0.212192 -0.975515 -0.057836  0.581099 0.929188 0
syringe_lod1
0  2.190255 -7.284669 2.142540  0.476932 0.452047 0.753783  0.901702 0.269028 0
0  2.190356 -7.562430 2.416843  0.459485 0.837426 0.295957  0.901702 0.245858 0
0  2.301799 -7.813705 2.301142  0.858607 -0.464394 -0.217099  0.914192 0.246297 0
syringe_lod1
0  1.840845 -7.853183 7.116107  0.352814 -0.335188 0.873597  0.568644 0.910887 0
0  2.266470 -7.850037 6.684118  0.865932 -0.337057 0.369533  0.568644 0.929912 0
0  2.147091 -7.584070 6.679343  0.444854 0.853058 0.272759  0.556006 0.928580 0
syringe_lod1
0  1.592448 -6.398924 1.990220  0.136625 0.593399 0.793229  0.901702 0.317147 0
0  1.919880 -6.445868 1.724322  0.531120 0.724275 -0.439701  0.914192 0.306355 0
0  1.011700 -6.254269 1.695222  0.490874 0.651986 -0.577890  0.914192 0.346023 0
syringe_lod1
0  1.652732 -6.712180 1.924328  -0.468951 -0.672198 0.572918  0.889259 0.309342 0
0  1.592448 -6.398924 1.990220  0.136625 0.593399 0.793229  0.901702 0.317147 0
0  0.954175 -6.301528 1.979629  0.102851 0.329306 0.938605  0.901702 0.346134 0
syringe_lod1
0  1.901738 -7.693039 6.562641  -0.827257 0.463996 -0.316786  0.543551 0.929351 0
0  2.001678 -7.966872 6.604912  -0.212192 -0.975515 -0.057836  0.530913 0.929188 0
0  1.770787 -7.963616 6.837837  -0.086153 -0.972685 -0.215551  0.530913 0.912450 0
syringe_lod1
0  1.011700 -6.254269 1.695222  0.490874 0.651986 -0.577890  0.914192 0.346023 0
0  0.864508 -6.504014 1.614017  -0.290657 -0.561115 -0.775028  0.926633 0.346117 0
0  0.582196 -6.072562 1.550571  -0.452182 -0.218284 -0.864803  0.926633 0.365738 0
syringe_lod1
0  2.064184 -6.705061 2.036479  0.441418 0.420324 0.792766  0.901702 0.295300 0
0  2.269352 -6.963391 1.802228  0.891248 0.226308 -0.393015  0.914192 0.285020 0
0  1.919880 -6.445868 1.724322  0.531120 0.724275 -0.439701  0.914192 0.306355 0
syringe_lod1
0  1.652732 -6.712180 1.924328  -0.468951 -0.672198 0.572918  0.889259 0.309342 0
0  2.064184 -6.705061 2.036479  0.441418 0.420324 0.792766  0.901702 0.295300 0
0  1.592448 -6.398924 1.990220  0.136625 0.593399 0.793229  0.901702 0.317147 0
syringe_lod1
0  2.037323 -7.224273 1.718058  -0.253988 -0.363239 -0.896408  0.926633 0.277990 0
0  1.754998 -6.681282 1.644876  -0.122653 -0.292169 -0.948469  0.926633 0.306758 0
0  1.919880 -6.445868 1.724322  0.531120 0.724275 -0.439701  0.914192 0.306355 0
syringe_lod1
0  1.921491 -7.148992 1.980622  -0.910395 -0.158860 0.382026  0.939123 0.279082 0
0  1.652732 -6.712180 1.924328  -0.468951 -0.672198 0.572918  0.939123 0.309342 0
0  1.754998 -6.681282 1.644876  -0.122653 -0.292169 -0.948469  0.926633 0.306758 0
syringe_lod1
0  1.918496 -7.647606 2.327105  -0.977454 0.204248 0.053534  0.889259 0.248314 0
0  2.190356 -7.562430 2.416843  0.459485 0.837426 0.295957  0.901702 0.245858 0
0  2.190255 -7.284669 2.142540  0.476932 0.452047 0.753783  0.901702 0.269028 0
syringe_lod1
0  2.301799 -7.813705 2.301142  0.858607 -0.464394 -0.217099  0.914192 0.246297 0
0  2.360917 -7.887578 3.081820  0.891009 -0.435468 -0.128337  0.914192 0.214217 0
0  2.003809 -8.013376 3.080016  -0.386214 -0.911748 -0.139838  0.926633 0.214217 0
syringe_lod1
0  2.190356 -7.562430 2.416843  0.459485 0.837426 0.295957  0.901702 0.245858 0
0  2.226176 -7.507870 3.082302  0.384541 0.918105 -0.095975  0.901702 0.214217 0
0  2.360917 -7.887578 3.081820  0.891009 -0.435468 -0.128337  0.914192 0.214217 0
syringe_lod1
0  2.190356 -7.562430 2.416843  0.459485 0.837426 0.295957  0.901702 0.245858 0
0  1.918496 -7.647606 2.327105  -0.977454 0.204248 0.053534  0.889259 0.248314 0
0  1.860473 -7.687391 3.080271  -0.939875 0.330357 -0.086602  0.889259 0.214217 0
syringe_lod1
0  2.032172 -7.887679 2.193215  -0.335687 -0.806763 -0.486259  0.926633 0.248674 0
0  1.918496 -7.647606 2.327105  -0.977454 0.204248 0.053534  0.939123 0.248314 0
0  1.921491 -7.148992 1.980622  -0.910395 -0.158860 0.382026  0.939123 0.279082 0
syringe_lod1
0  1.845013 -7.682191 5.924308  -0.944453 0.316782 0.087505  0.543551 0.959821 0
0  1.901738 -7.693039 6.562641  -0.827257 0.463996 -0.316786  0.543551 0.929351 0
0  2.147091 -7.584070 6.679343  0.444854 0.853058 0.272759  0.556006 0.928580 0
syringe_lod1
0  0.468552 -6.052619 1.820106  -0.906893 -0.234092 0.350352  0.939123 0.366109 0
0  0.582196 -6.072562 1.550571  -0.452182 -0.218284 -0.864803  0.926633 0.365738 0
0  0.864508 -6.504014 1.614017  -0.290657 -0.561115 -0.775028  0.926633 0.346117 0
syringe_lod1
0  3.049030 -7.654425 3.652539  0.571054 -0.070596 -0.817872  0.725956 0.251017 0
0  3.049344 -7.891355 3.656452  0.557984 -0.012968 -0.829750  0.715709 0.251123 0
0  2.398569 -7.891356 3.218827  0.599152 -0.256621 -0.758395  0.715708 0.217211 0
syringe_lod1
0  1.845013 -7.682191 5.924308  -0.878014 0.341007 0.335865  0.056216 0.401784 0
0  1.992124 -7.486407 5.918422  -0.310959 0.744364 0.590954  0.056218 0.391487 0
0  1.992461 -7.487576 3.087277  -0.349197 0.729150 -0.588559  0.178642 0.391533 0
syringe_lod1
0  3.049343 -7.654744 5.349765  0.999999 -0.001082 0.000151  0.704036 0.243287 0
0  3.049030 -7.892756 5.353649  0.999999 -0.001313 0.000184  0.704212 0.253579 0
0  3.049344 -7.891355 3.656452  0.999999 0.001091 -0.000152  0.630822 0.253579 0
syringe_lod1
0  2.381821 -7.645662 5.880913  0.600020 0.361276 0.713761  0.057853 0.370897 0
0  2.387075 -7.646693 3.109909  0.632727 0.419432 -0.650948  0.177677 0.371017 0
0  2.226176 -7.507870 3.082302  0.380585 0.861439 -0.336272  0.178647 0.381269 0
syringe_lod1
0  1.992124 -7.486407 5.918422  -0.310959 0.744364 0.590954  0.056218 0.391487 0
0  2.206160 -7.515683 5.922930  0.378932 0.844314 0.378873  0.056223 0.381193 0
0  2.226176 -7.507870 3.082302  0.380585 0.861439 -0.336272  0.178647 0.381269 0
syringe_lod1
0  2.387075 -7.646693 3.109909  0.632727 0.419432 -0.650948  0.177677 0.371017 0
0  2.398569 -7.891356 3.218827  0.833421 -0.537005 -0.130522  0.172976 0.360767 0
0  2.360917 -7.887578 3.081820  0.801253 -0.311919 -0.510589  0.178665 0.360775 0
syringe_lod1
0  2.028885 -8.034827 5.923936  -0.330476 -0.870684 0.364273  0.056264 0.340061 0
0  2.003809 -8.013376 3.080016  -0.365664 -0.866478 -0.339861  0.178688 0.340210 0
0  2.230173 -8.058798 3.087277  0.251381 -0.762082 -0.596689  0.178674 0.350504 0
syringe_lod1
0  2.229832 -8.060501 5.918422  0.275833 -0.752789 0.597683  0.385693 0.370226 0
0  2.387908 -7.900601 5.888281  0.655868 -0.276407 0.702450  0.378399 0.362967 0
0  2.301906 -7.852539 5.930033  0.337534 -0.035311 0.940651  0.382590 0.361214 0
syringe_lod1
0  3.049030 -7.654425 3.652539  0.012196 0.999926 -0.000280  0.398377 0.192037 0
0  2.387075 -7.646693 3.109909  0.011966 0.999928 -0.000349  0.379362 0.163899 0
0  2.381821 -7.645662 5.880913  0.013176 0.999913 0.000013  0.490689 0.163899 0
syringe_lod1
0  1.824058 -7.892827 5.918422  -0.733773 -0.340559 0.587874  0.056282 0.329784 0
0  1.823712 -7.891281 3.087277  -0.751866 -0.317963 -0.577579  0.178706 0.329938 0
0  2.003809 -8.013376 3.080016  -0.365664 -0.866478 -0.339861  0.178688 0.340210 0
syringe_lod1
0  1.845013 -7.682191 5.924308  -0.878014 0.341007 0.335865  0.056300 0.319490 0
0  1.860473 -7.687391 3.080271  -0.870486 0.347016 -0.349048  0.178724 0.319695 0
0  1.823712 -7.891281 3.087277  -0.751866 -0.317963 -0.577579  0.178706 0.329938 0
syringe_lod1
0  2.229832 -8.060501 5.918422  0.275833 -0.752789 0.597683  0.056250 0.350325 0
0  2.230173 -8.058798 3.087277  0.251381 -0.762082 -0.596689  0.178674 0.350504 0
0  2.398569 -7.891356 3.218827  0.833421 -0.537005 -0.130522  0.172976 0.360767 0
syringe_lod1
0  0.547035 -3.407455 1.549857  -0.505061 0.003412 -0.863077  0.926633 0.478928 0
0  0.582196 -6.072562 1.550571  -0.452182 -0.218284 -0.864803  0.926633 0.365738 0
0  0.468552 -6.052619 1.820106  -0.906893 -0.234092 0.350352  0.939123 0.366109 0
syringe_lod1
0  2.001678 -7.966872 6.604912  -0.212192 -0.975515 -0.057836  0.581099 0.929188 0
0  2.028885 -8.034827 5.923936  -0.242632 -0.962842 0.118592  0.581099 0.959821 0
0  2.301906 -7.852539 5.930033  0.929426 -0.360176 0.080252  0.568644 0.959821 0
syringe_lod1
0  -2.003805 -8.013370 3.080016  0.365653 -0.866476 -0.339877  1.735998 0.388181 0
0  -1.860472 -7.687391 3.080271  0.870479 0.346808 -0.349271  1.729812 0.373331 0
0  -1.823712 -7.891283 3.087277  0.751864 -0.317971 -0.577577  1.727930 0.382802 0
syringe_lod1
0  -2.028745 -8.034776 5.924874  0.243194 -0.962721 0.118425  1.530913 0.959821 0
0  -1.845056 -7.682073 5.923868  0.944050 0.318094 0.087098  1.543551 0.959821 0
0  -1.901672 -7.693256 6.562454  0.826783 0.466671 -0.314082  1.543551 0.929362 0
syringe_lod1
0  -2.206273 -7.515698 5.922927  -0.409269 0.908734 0.081861  1.556006 0.959821 0
0  -2.301905 -7.852539 5.930033  -0.929627 -0.359663 0.080227  1.568644 0.959821 0
0  -2.266347 -7.849968 6.684750  -0.866676 -0.337726 0.367170  1.568644 0.929892 0
syringe_lod1
0  -0.735036 -5.979004 1.921712  -0.280595 0.148975 0.948194  1.901702 0.365911 0
0  -0.468552 -6.052619 1.820106  0.906537 -0.234681 0.350878  1.889259 0.366109 0
0  -0.475817 -3.407455 1.821902  0.864565 0.009891 0.502425  1.889259 0.478928 0
syringe_lod1
0  -2.360920 -7.887541 3.081774  -0.800961 -0.312113 -0.510927  1.751357 0.382203 0
0  -2.003805 -8.013370 3.080016  0.365653 -0.866476 -0.339877  1.735998 0.388181 0
0  -2.230173 -8.058798 3.087277  -0.251365 -0.762153 -0.596606  1.745528 0.390057 0
syringe_lod1
0  -3.049030 -7.892757 5.353649  -0.623784 0.016738 0.781418  1.190684 0.124218 0
0  -2.387955 -7.900581 5.888489  -0.655282 -0.275971 0.703168  1.190684 0.090258 0
0  -2.381862 -7.645784 5.880941  -0.599978 0.361234 0.713818  1.180390 0.090411 0
syringe_lod1
0  -0.819081 -3.407455 1.621074  -0.861788 0.010318 -0.507164  1.914192 0.478928 0
0  -0.547035 -3.407455 1.549857  0.505237 0.003874 -0.862972  1.926633 0.478928 0
0  -0.582093 -6.070595 1.548773  0.452673 -0.218300 -0.864542  1.926633 0.365815 0
syringe_lod1
0  -0.468552 -6.052619 1.820106  0.906537 -0.234681 0.350878  1.889259 0.366109 0
0  -0.735036 -5.979004 1.921712  -0.280595 0.148975 0.948194  1.901702 0.365911 0
0  -0.954245 -6.301566 1.979595  -0.113296 0.330739 0.936897  1.901702 0.346130 0
syringe_lod1
0  -1.901672 -7.693256 6.562454  0.826783 0.466671 -0.314082  1.543551 0.929362 0
0  -2.146907 -7.583982 6.679724  -0.444090 0.854890 0.268230  1.556006 0.928564 0
0  -1.825482 -7.583356 6.985594  -0.188335 0.869114 0.457352  1.556006 0.911999 0
syringe_lod1
0  -0.842656 -5.984705 1.650076  -0.842403 0.205787 -0.498005  1.914192 0.366151 0
0  -0.735036 -5.979004 1.921712  -0.280595 0.148975 0.948194  1.901702 0.365911 0
0  -0.747863 -3.407455 1.893120  -0.505016 0.016082 0.862960  1.901702 0.478928 0
syringe_lod1
0  -2.398569 -7.891356 3.218827  -0.003153 -0.999994 -0.001618  1.944290 0.833707 0
0  -2.387955 -7.900581 5.888489  -0.009067 -0.999953 -0.003420  1.944290 0.722382 0
0  -3.049030 -7.892757 5.353649  -0.007949 -0.999964 -0.003079  1.916152 0.741396 0
syringe_lod1
0  -1.918496 -7.647606 2.327104  0.981463 0.182174 0.059519  1.939123 0.248314 0
0  -1.860472 -7.687391 3.080271  0.939589 0.331172 -0.086589  1.939123 0.214217 0
0  -2.003805 -8.013370 3.080016  0.386225 -0.911745 -0.139830  1.926633 0.214217 0
syringe_lod1
0  -2.269351 -6.963391 1.802228  -0.878251 0.319841 -0.355496  1.914192 0.285020 0
0  -2.302129 -7.392706 1.895002  -0.840759 -0.252879 -0.478723  1.914192 0.269028 0
0  -2.201629 -7.132742 2.088573  -0.506601 0.409271 0.758850  1.901702 0.276441 0
syringe_lod1
0  -0.735036 -5.979004 1.921712  -0.280595 0.148975 0.948194  1.901702 0.365911 0
0  -0.842656 -5.984705 1.650076  -0.842403 0.205787 -0.498005  1.914192 0.366151 0
0  -1.011751 -6.254293 1.695184  -0.502253 0.649657 -0.570691  1.914192 0.346019 0
syringe_lod1
0  -1.011751 -6.254293 1.695184  -0.502253 0.649657 -0.570691  1.914192 0.346019 0
0  -0.864529 -6.504076 1.614139  0.290467 -0.562001 -0.774457  1.926633 0.346114 0
0  -1.755151 -6.681243 1.644901  0.122467 -0.292357 -0.948435  1.926633 0.306752 0
syringe_lod1
0  -1.652824 -6.712283 1.924308  0.481500 -0.661635 0.574802  1.939123 0.309335 0
0  -1.755151 -6.681243 1.644901  0.122467 -0.292357 -0.948435  1.926633 0.306752 0
0  -0.864529 -6.504076 1.614139  0.290467 -0.562001 -0.774457  1.926633 0.346114 0
syringe_lod1
0  -2.032179 -7.887739 2.193266  0.335577 -0.806848 -0.486193  1.926633 0.248671 0
0  -2.301774 -7.813688 2.301203  -0.854243 -0.474797 -0.211745  1.914192 0.246295 0
0  -2.302129 -7.392706 1.895002  -0.840759 -0.252879 -0.478723  1.914192 0.269028 0
syringe_lod1
0  -2.001896 -7.966851 6.604571  0.206885 -0.976530 -0.059893  1.581099 0.929208 0
0  -1.742105 -7.963704 6.856428  0.082517 -0.977851 -0.192350  1.581099 0.910799 0
0  -1.863718 -7.850319 7.100500  -0.360849 -0.319574 0.876162  1.568644 0.911709 0
syringe_lod1
0  -2.201629 -7.132742 2.088573  -0.506601 0.409271 0.758850  1.901702 0.276441 0
0  -2.302129 -7.392706 1.895002  -0.840759 -0.252879 -0.478723  1.914192 0.269028 0
0  -2.301774 -7.813688 2.301203  -0.854243 -0.474797 -0.211745  1.914192 0.246295 0
syringe_lod1
0  -1.863718 -7.850319 7.100500  -0.360849 -0.319574 0.876162  1.568644 0.911709 0
0  -1.825482 -7.583356 6.985594  -0.188335 0.869114 0.457352  1.556006 0.911999 0
0  -2.146907 -7.583982 6.679724  -0.444090 0.854890 0.268230  1.556006 0.928564 0
syringe_lod1
0  -1.799523 -6.462844 1.999056  -0.271915 0.565218 0.778839  1.901702 0.308898 0
0  -0.954245 -6.301566 1.979595  -0.113296 0.330739 0.936897  1.901702 0.346130 0
0  -1.011751 -6.254293 1.695184  -0.502253 0.649657 -0.570691  1.914192 0.346019 0
syringe_lod1
0  -0.954245 -6.301566 1.979595  -0.113296 0.330739 0.936897  1.901702 0.346130 0
0  -1.799523 -6.462844 1.999056  -0.271915 0.565218 0.778839  1.901702 0.308898 0
0  -1.652824 -6.712283 1.924308  0.481500 -0.661635 0.574802  1.889259 0.309335 0
syringe_lod1
0  -1.742105 -7.963704 6.856428  0.082517 -0.977851 -0.192350  1.530914 0.910799 0
0  -2.001896 -7.966851 6.604571  0.206885 -0.976530 -0.059893  1.530913 0.929208 0
0  -1.901672 -7.693256 6.562454  0.826783 0.466671 -0.314082  1.543551 0.929362 0
syringe_lod1
0  -0.582093 -6.070595 1.548773  0.452673 -0.218300 -0.864542  1.926633 0.365815 0
0  -0.864529 -6.504076 1.614139  0.290467 -0.562001 -0.774457  1.926633 0.346114 0
0  -1.011751 -6.254293 1.695184  -0.502253 0.649657 -0.570691  1.914192 0.346019 0
syringe_lod1
0  -1.707590 -7.694318 6.741174  0.326941 0.444499 -0.833985  1.543551 0.911264 0
0  1.697469 -7.694288 6.746668  -0.307850 0.461201 -0.832179  1.543551 0.834121 0
0  -1.742105 -7.963704 6.856428  0.082517 -0.977851 -0.192350  1.530914 0.910799 0
syringe_lod1
0  -1.799523 -6.462844 1.999056  -0.271915 0.565218 0.778839  1.901702 0.308898 0
0  -2.201629 -7.132742 2.088573  -0.506601 0.409271 0.758850  1.901702 0.276441 0
0  -1.920968 -7.147400 1.980648  0.909191 -0.160231 0.384313  1.889259 0.279166 0
syringe_lod1
0  -1.919914 -6.445846 1.724229  -0.577174 0.695347 -0.428208  1.914192 0.306355 0
0  -2.269351 -6.963391 1.802228  -0.878251 0.319841 -0.355496  1.914192 0.285020 0
0  -2.201629 -7.132742 2.088573  -0.506601 0.409271 0.758850  1.901702 0.276441 0
syringe_lod1
0  -1.863718 -7.850319 7.100500  -0.360849 -0.319574 0.876162  1.568644 0.911709 0
0  1.840845 -7.853183 7.116107  0.352814 -0.335188 0.873597  1.568644 0.834121 0
0  1.781096 -7.583493 7.011397  0.170091 0.865687 0.470802  1.556006 0.834121 0
syringe_lod1
0  -1.919914 -6.445846 1.724229  -0.577174 0.695347 -0.428208  1.914192 0.306355 0
0  -1.755151 -6.681243 1.644901  0.122467 -0.292357 -0.948435  1.926633 0.306752 0
0  -2.037638 -7.224754 1.718246  0.253850 -0.363164 -0.896478  1.926633 0.277969 0
syringe_lod1
0  -1.755151 -6.681243 1.644901  0.122467 -0.292357 -0.948435  1.926633 0.306752 0
0  -1.652824 -6.712283 1.924308  0.481500 -0.661635 0.574802  1.939123 0.309335 0
0  -1.920968 -7.147400 1.980648  0.909191 -0.160231 0.384313  1.939123 0.279166 0
syringe_lod1
0  -1.707590 -7.694318 6.741174  0.326941 0.444499 -0.833985  1.543551 0.911264 0
0  -1.825482 -7.583356 6.985594  -0.188335 0.869114 0.457352  1.556006 0.911999 0
0  1.781096 -7.583493 7.011397  0.170091 0.865687 0.470802  1.556006 0.834121 0
syringe_lod1
0  -2.201629 -7.132742 2.088573  -0.506601 0.409271 0.758850  1.901702 0.276441 0
0  -2.190303 -7.562427 2.416780  -0.466408 0.807947 0.360120  1.901702 0.245862 0
0  -1.918496 -7.647606 2.327104  0.981463 0.182174 0.059519  1.889259 0.248314 0
syringe_lod1
0  -2.003805 -8.013370 3.080016  0.386225 -0.911745 -0.139830  1.926633 0.214217 0
0  -2.360920 -7.887541 3.081774  -0.891536 -0.434410 -0.128268  1.914192 0.214217 0
0  -2.301774 -7.813688 2.301203  -0.854243 -0.474797 -0.211745  1.914192 0.246295 0
syringe_lod1
0  -2.190303 -7.562427 2.416780  -0.466408 0.807947 0.360120  1.901702 0.245862 0
0  -2.301774 -7.813688 2.301203  -0.854243 -0.474797 -0.211745  1.914192 0.246295 0
0  -2.360920 -7.887541 3.081774  -0.891536 -0.434410 -0.128268  1.914192 0.214217 0
syringe_lod1
0  -1.860472 -7.687391 3.080271  0.939589 0.331172 -0.086589  1.889259 0.214217 0
0  -1.918496 -7.647606 2.327104  0.981463 0.182174 0.059519  1.889259 0.248314 0
0  -2.190303 -7.562427 2.416780  -0.466408 0.807947 0.360120  1.901702 0.245862 0
syringe_lod1
0  -1.920968 -7.147400 1.980648  0.909191 -0.160231 0.384313  1.939123 0.279166 0
0  -1.918496 -7.647606 2.327104  0.981463 0.182174 0.059519  1.939123 0.248314 0
0  -2.032179 -7.887739 2.193266  0.335577 -0.806848 -0.486193  1.926633 0.248671 0
syringe_lod1
0  -1.845056 -7.682073 5.923868  0.944050 0.318094 0.087098  1.543551 0.959821 0
0  -2.206273 -7.515698 5.922927  -0.409269 0.908734 0.081861  1.556006 0.959821 0
0  -2.146907 -7.583982 6.679724  -0.444090 0.854890 0.268230  1.556006 0.928564 0
syringe_lod1
0  -0.864529 -6.504076 1.614139  0.290467 -0.562001 -0.774457  1.926633 0.346114 0
0  -0.582093 -6.070595 1.548773  0.452673 -0.218300 -0.864542  1.926633 0.365815 0
0  -0.468552 -6.052619 1.820106  0.906537 -0.234681 0.350878  1.939123 0.366109 0
syringe_lod1
0  -3.049030 -7.654425 3.652539  -0.571092 -0.070774 -0.817830  1.725956 0.251017 0
0  -2.386919 -7.646049 3.109402  -0.602513 -0.301095 -0.739135  1.725956 0.217056 0
0  -2.398569 -7.891356 3.218827  -0.599179 -0.256893 -0.758281  1.715708 0.217211 0
syringe_lod1
0  -1.992460 -7.487576 3.087277  0.347745 0.728211 -0.590577  1.178642 0.391533 0
0  -1.992124 -7.486406 5.918422  0.311014 0.743732 0.591720  1.056218 0.391487 0
0  -1.845056 -7.682073 5.923868  0.878192 0.341102 0.335303  1.056216 0.401784 0
syringe_lod1
0  -3.049343 -7.654744 5.349765  -0.999999 -0.001084 0.000151  1.704036 0.243287 0
0  -3.049030 -7.654425 3.652539  -0.999999 0.001319 -0.000184  1.630644 0.243334 0
0  -3.049343 -7.891355 3.656452  -0.999999 0.001087 -0.000152  1.630822 0.253579 0
syringe_lod1
0  -2.381862 -7.645784 5.880941  -0.599978 0.361234 0.713818  1.057852 0.370897 0
0  -2.206273 -7.515698 5.922927  -0.379256 0.844184 0.378837  1.056223 0.381193 0
0  -2.226071 -7.507821 3.083444  -0.379480 0.862085 -0.335863  1.178647 0.381269 0
syringe_lod1
0  -2.226071 -7.507821 3.083444  -0.379480 0.862085 -0.335863  1.178647 0.381269 0
0  -2.206273 -7.515698 5.922927  -0.379256 0.844184 0.378837  1.056223 0.381193 0
0  -1.992124 -7.486406 5.918422  0.311014 0.743732 0.591720  1.056218 0.391487 0
syringe_lod1
0  -2.230173 -8.058798 3.087277  -0.251365 -0.762153 -0.596606  1.178674 0.350504 0
0  -2.003805 -8.013370 3.080016  0.365653 -0.866476 -0.339877  1.178688 0.340210 0
0  -2.028745 -8.034776 5.924874  0.330077 -0.870449 0.365194  1.056264 0.340061 0
syringe_lod1
0  -2.301905 -7.852539 5.930033  -0.336865 -0.035138 0.940897  1.382590 0.361214 0
0  -2.387955 -7.900581 5.888489  -0.655282 -0.275971 0.703168  1.378399 0.362967 0
0  -2.229832 -8.060501 5.918422  -0.277091 -0.753388 0.596345  1.385693 0.370226 0
syringe_lod1
0  -1.824058 -7.892826 5.918422  0.734774 -0.339616 0.587170  1.403262 0.362963 0
0  -1.845056 -7.682073 5.923868  0.878192 0.341102 0.335303  1.402056 0.353153 0
0  -2.028745 -8.034776 5.924874  0.330077 -0.870449 0.365194  1.395347 0.368703 0
syringe_lod1
0  -3.049030 -7.654425 3.652539  -0.012819 0.999918 -0.000039  1.398377 0.192037 0
0  -3.049343 -7.654744 5.349765  -0.013569 0.999908 0.000185  1.471768 0.192042 0
0  -2.381862 -7.645784 5.880941  -0.013291 0.999912 0.000102  1.490689 0.163899 0
syringe_lod1
0  -1.824058 -7.892826 5.918422  0.734774 -0.339616 0.587170  1.056282 0.329784 0
0  -2.028745 -8.034776 5.924874  0.330077 -0.870449 0.365194  1.056264 0.340061 0
0  -2.003805 -8.013370 3.080016  0.365653 -0.866476 -0.339877  1.178688 0.340210 0
syringe_lod1
0  -1.823712 -7.891283 3.087277  0.751864 -0.317971 -0.577577  1.178706 0.329938 0
0  -1.860472 -7.687391 3.080271  0.870479 0.346808 -0.349271  1.178724 0.319695 0
0  -1.845056 -7.682073 5.923868  0.878192 0.341102 0.335303  1.056300 0.319490 0
syringe_lod1
0  -2.398569 -7.891356 3.218827  -0.833398 -0.537049 -0.130484  1.172976 0.360767 0
0  -2.230173 -8.058798 3.087277  -0.251365 -0.762153 -0.596606  1.178674 0.350504 0
0  -2.229832 -8.060501 5.918422  -0.277091 -0.753388 0.596345  1.056250 0.350325 0
syringe_lod1
0  -0.468552 -6.052619 1.820106  0.906537 -0.234681 0.350878  1.939123 0.366109 0
0  -0.582093 -6.070595 1.548773  0.452673 -0.218300 -0.864542  1.926633 0.365815 0
0  -0.547035 -3.407455 1.549857  0.505237 0.003874 -0.862972  1.926633 0.478928 0
syringe_lod1
0  -2.001896 -7.966851 6.604571  0.206885 -0.976530 -0.059893  1.581099 0.929208 0
0  -2.266347 -7.849968 6.684750  -0.866676 -0.337726 0.367170  1.568644 0.929892 0
0  -2.301905 -7.852539 5.930033  -0.929627 -0.359663 0.080227  1.568644 0.959821 0
syringe_lod1
0  -2.020913 -3.167379 6.746276  -0.186928 -0.774347 -0.604521  0.979489 0.489436 0
0  -1.870295 -3.167258 6.752031  0.240172 -0.650169 -0.720831  0.980789 0.496857 0
0  -1.857534 -3.252830 6.833467  0.589659 -0.737693 -0.328804  0.975392 0.497404 0
syringe_lod1
0  -1.851780 -3.257623 7.087195  0.272811 -0.954872 0.117450  0.966556 0.498927 0
0  -1.961921 -3.167332 7.176252  -0.103353 -0.759518 0.642223  0.959168 0.497198 0
0  -2.101488 -3.167444 7.119330  -0.353954 -0.820717 0.448486  0.960245 0.489700 0
syringe_lod1
0  -1.857534 -3.252830 6.833467  0.589659 -0.737693 -0.328804  0.975392 0.497404 0
0  -1.851780 -3.257623 7.087195  0.272811 -0.954872 0.117450  0.966556 0.498927 0
0  -2.110141 -3.263084 6.922241  -0.524249 -0.822648 0.220032  0.969905 0.490222 0
syringe_lod1
0  -2.171813 -3.167501 6.986014  -0.772698 -0.611703 0.169581  0.965963 0.484559 0
0  -2.139991 -3.167475 6.838683  -0.633686 -0.611708 -0.473555  0.973665 0.484559 0
0  -2.110141 -3.263084 6.922241  -0.524249 -0.822648 0.220032  0.969905 0.490222 0
syringe_lod1
0  -2.110141 -3.263084 6.922241  -0.524249 -0.822648 0.220032  0.969905 0.490222 0
0  -2.101488 -3.167444 7.119330  -0.353954 -0.820717 0.448486  0.960245 0.489700 0
0  -2.171813 -3.167501 6.986014  -0.772698 -0.611703 0.169581  0.965963 0.484559 0
syringe_lod1
0  -1.758614 -3.167167 6.853254  0.644570 -0.724105 -0.245358  0.977046 0.503330 0
0  -1.738126 -3.167150 7.002583  0.648106 -0.759286 0.058676  0.970129 0.505846 0
0  -1.851780 -3.257623 7.087195  0.272811 -0.954872 0.117450  0.966556 0.498927 0
syringe_lod1
0  -1.851780 -3.257623 7.087195  0.272811 -0.954872 0.117450  0.966556 0.498927 0
0  -1.738126 -3.167150 7.002583  0.648106 -0.759286 0.058676  0.970129 0.505846 0
0  -1.818419 -3.167216 7.130145  0.525708 -0.515469 0.676700  0.963127 0.503557 0
syringe_lod1
0  1.958683 -3.253773 6.801200  0.010563 -0.674124 -0.738543  1.975708 0.493326 0
0  1.870206 -3.167258 6.752030  -0.324510 -0.683689 -0.653653  1.980789 0.496857 0
0  2.020824 -3.167379 6.746275  0.278814 -0.649991 -0.706947  1.979489 0.489436 0
syringe_lod1
0  2.101399 -3.167444 7.119330  0.435429 -0.725542 0.532907  1.960245 0.489700 0
0  1.961832 -3.167331 7.176252  0.078468 -0.650136 0.755755  1.959168 0.497198 0
0  1.916668 -3.253201 7.107071  -0.288004 -0.687696 0.666429  1.964580 0.497580 0
syringe_lod1
0  1.916668 -3.253201 7.107071  -0.288004 -0.687696 0.666429  1.964580 0.497580 0
0  1.796156 -3.253556 6.934485  -0.261185 -0.962384 0.074830  1.972085 0.500513 0
0  2.111629 -3.254435 6.977766  0.218762 -0.974918 0.040969  1.967947 0.489983 0
syringe_lod1
0  2.111629 -3.254435 6.977766  0.218762 -0.974918 0.040969  1.967947 0.489983 0
0  2.139902 -3.167475 6.838683  0.563467 -0.725096 -0.395905  1.973665 0.484559 0
0  2.171724 -3.167501 6.986014  0.812473 -0.572228 0.111549  1.965963 0.484559 0
syringe_lod1
0  1.958683 -3.253773 6.801200  0.010563 -0.674124 -0.738543  1.975708 0.493326 0
0  2.020824 -3.167379 6.746275  0.278814 -0.649991 -0.706947  1.979489 0.489436 0
0  2.139902 -3.167475 6.838683  0.563467 -0.725096 -0.395905  1.973665 0.484559 0
syringe_lod1
0  1.796156 -3.253556 6.934485  -0.261185 -0.962384 0.074830  1.972085 0.500513 0
0  1.758525 -3.167167 6.853255  -0.635710 -0.657381 -0.404627  1.977046 0.503330 0
0  1.870206 -3.167258 6.752030  -0.324510 -0.683689 -0.653653  1.980789 0.496857 0
syringe_lod1
0  1.796156 -3.253556 6.934485  -0.261185 -0.962384 0.074830  1.972085 0.500513 0
0  1.738037 -3.167151 7.002583  -0.721165 -0.657366 0.218612  1.970129 0.505846 0
0  1.758525 -3.167167 6.853255  -0.635710 -0.657381 -0.404627  1.977046 0.503330 0
syringe_lod1
0  1.796156 -3.253556 6.934485  -0.261185 -0.962384 0.074830  1.972085 0.500513 0
0  1.916668 -3.253201 7.107071  -0.288004 -0.687696 0.666429  1.964580 0.497580 0
0  1.818329 -3.167216 7.130145  -0.488491 -0.683908 0.541892  1.963127 0.503557 0
syringe_lod1
0  1.961832 -3.167331 7.176252  0.078468 -0.650136 0.755755  1.959168 0.497198 0
0  1.818329 -3.167216 7.130145  -0.488491 -0.683908 0.541892  1.963127 0.503557 0
0  1.916668 -3.253201 7.107071  -0.288004 -0.687696 0.666429  1.964580 0.497580 0
syringe_lod1
0  -1.958772 -3.253773 3.444446  0.208936 -0.733150 0.647176  2.975708 0.493326 0
0  -1.870295 -3.167258 3.493615  0.324571 -0.683931 0.653369  2.980789 0.496857 0
0  -2.020913 -3.167379 3.499370  -0.278815 -0.649987 0.706951  2.979489 0.489436 0
syringe_lod1
0  -2.101488 -3.167444 3.126316  -0.435604 -0.725263 -0.533144  2.960245 0.489700 0
0  -1.961921 -3.167331 3.069393  -0.078470 -0.650134 -0.755757  2.959168 0.497198 0
0  -1.916758 -3.253202 3.138574  0.288093 -0.687673 -0.666414  2.964580 0.497580 0
syringe_lod1
0  -1.795885 -3.253143 3.311209  0.451560 -0.861280 -0.233003  2.972085 0.500513 0
0  -1.958772 -3.253773 3.444446  0.208936 -0.733150 0.647176  2.975708 0.493326 0
0  -2.111458 -3.254730 3.267915  -0.240210 -0.969358 0.051425  2.967954 0.489981 0
syringe_lod1
0  -2.111458 -3.254730 3.267915  -0.240210 -0.969358 0.051425  2.967954 0.489981 0
0  -2.139991 -3.167475 3.406962  -0.563696 -0.724821 0.396083  2.973665 0.484559 0
0  -2.171813 -3.167501 3.259631  -0.812223 -0.572589 -0.111516  2.965963 0.484559 0
syringe_lod1
0  -1.958772 -3.253773 3.444446  0.208936 -0.733150 0.647176  2.975708 0.493326 0
0  -2.020913 -3.167379 3.499370  -0.278815 -0.649987 0.706951  2.979489 0.489436 0
0  -2.139991 -3.167475 3.406962  -0.563696 -0.724821 0.396083  2.973665 0.484559 0
syringe_lod1
0  -1.795885 -3.253143 3.311209  0.451560 -0.861280 -0.233003  2.972085 0.500513 0
0  -1.758614 -3.167167 3.392391  0.635305 -0.657653 0.404820  2.977046 0.503330 0
0  -1.870295 -3.167258 3.493615  0.324571 -0.683931 0.653369  2.980789 0.496857 0
syringe_lod1
0  -1.795885 -3.253143 3.311209  0.451560 -0.861280 -0.233003  2.972085 0.500513 0
0  -1.738126 -3.167150 3.243062  0.720832 -0.657633 -0.218907  2.970129 0.505846 0
0  -1.758614 -3.167167 3.392391  0.635305 -0.657653 0.404820  2.977046 0.503330 0
syringe_lod1
0  -1.795885 -3.253143 3.311209  0.451560 -0.861280 -0.233003  2.972085 0.500513 0
0  -1.916758 -3.253202 3.138574  0.288093 -0.687673 -0.666414  2.964580 0.497580 0
0  -1.818419 -3.167216 3.115500  0.488470 -0.684155 -0.541599  2.963127 0.503557 0
syringe_lod1
0  -1.961921 -3.167331 3.069393  -0.078470 -0.650134 -0.755757  2.959168 0.497198 0
0  -1.818419 -3.167216 3.115500  0.488470 -0.684155 -0.541599  2.963127 0.503557 0
0  -1.916758 -3.253202 3.138574  0.288093 -0.687673 -0.666414  2.964580 0.497580 0
syringe_lod1
0  2.020824 -3.167379 3.499369  0.279132 -0.650212 0.706619  3.979489 0.489436 0
0  1.870206 -3.167258 3.493615  -0.324552 -0.683976 0.653332  3.980789 0.496857 0
0  1.958698 -3.253236 3.444907  -0.249339 -0.759967 0.600234  3.975707 0.493325 0
syringe_lod1
0  1.916526 -3.252506 3.137993  -0.292411 -0.922796 -0.250884  3.964580 0.497578 0
0  1.961832 -3.167331 3.069394  0.078993 -0.650442 -0.755437  3.959168 0.497198 0
0  2.101399 -3.167444 3.126316  0.435783 -0.724533 -0.533990  3.960245 0.489700 0
syringe_lod1
0  1.958698 -3.253236 3.444907  -0.249339 -0.759967 0.600234  3.975707 0.493325 0
0  1.796156 -3.253556 3.311160  -0.721784 -0.666514 0.186510  3.972085 0.500513 0
0  1.916526 -3.252506 3.137993  -0.292411 -0.922796 -0.250884  3.964580 0.497578 0
syringe_lod1
0  2.171724 -3.167501 3.259631  0.811019 -0.574325 -0.111352  3.965963 0.484559 0
0  2.139902 -3.167475 3.406962  0.564260 -0.723950 0.396872  3.973665 0.484559 0
0  2.110079 -3.256192 3.268092  0.729604 -0.683282 0.028335  3.967957 0.489980 0
syringe_lod1
0  2.110079 -3.256192 3.268092  0.729604 -0.683282 0.028335  3.967957 0.489980 0
0  2.101399 -3.167444 3.126316  0.435783 -0.724533 -0.533990  3.960245 0.489700 0
0  2.171724 -3.167501 3.259631  0.811019 -0.574325 -0.111352  3.965963 0.484559 0
syringe_lod1
0  1.958698 -3.253236 3.444907  -0.249339 -0.759967 0.600234  3.975707 0.493325 0
0  2.110079 -3.256192 3.268092  0.729604 -0.683282 0.028335  3.967957 0.489980 0
0  2.139902 -3.167475 3.406962  0.564260 -0.723950 0.396872  3.973665 0.484559 0
syringe_lod1
0  1.796156 -3.253556 3.311160  -0.721784 -0.666514 0.186510  3.972085 0.500513 0
0  1.958698 -3.253236 3.444907  -0.249339 -0.759967 0.600234  3.975707 0.493325 0
0  1.870206 -3.167258 3.493615  -0.324552 -0.683976 0.653332  3.980789 0.496857 0
syringe_lod1
0  1.758525 -3.167167 3.392390  -0.635710 -0.657380 0.404628  3.977046 0.503330 0
0  1.738037 -3.167151 3.243062  -0.721164 -0.657368 -0.218609  3.970129 0.505846 0
0  1.796156 -3.253556 3.311160  -0.721784 -0.666514 0.186510  3.972085 0.500513 0
syringe_lod1
0  1.796156 -3.253556 3.311160  -0.721784 -0.666514 0.186510  3.972085 0.500513 0
0  1.738037 -3.167151 3.243062  -0.721164 -0.657368 -0.218609  3.970129 0.505846 0
0  1.818329 -3.167216 3.115500  -0.488421 -0.684294 -0.541467  3.963127 0.503557 0
syringe_lod1
0  0.546087 -5.959689 6.108459  0.705762 0.077118 0.704239  0.377798 0.221420 0
0  0.000001 -5.959688 6.346808  0.000002 -0.125809 0.992055  0.403728 0.221420 0
0  0.199882 -6.059780 6.308340  0.335983 0.268416 0.902812  0.395084 0.225748 0
syringe_lod1
0  0.792130 -5.959689 5.522396  0.980308 -0.195721 -0.026251  0.350139 0.221420 0
0  0.745969 -6.059780 5.762253  0.891357 0.311352 0.329458  0.360511 0.225748 0
0  0.745969 -6.059780 5.362490  0.934777 0.109029 -0.338091  0.343225 0.225748 0
syringe_lod1
0  -0.000000 -6.059780 4.442561  -0.013064 -0.408895 0.912488  0.611656 0.285270 0
0  -0.000000 -5.959688 4.442561  0.025608 0.036109 0.999020  0.611656 0.280942 0
0  -0.393162 -5.960348 4.351254  -0.376606 -0.598086 0.707433  0.628942 0.280971 0
syringe_lod1
0  0.680977 -5.960348 3.277115  0.681340 -0.636494 -0.361457  0.542510 0.280971 0
0  0.772283 -5.959687 3.670277  0.999020 0.036111 0.025608  0.559796 0.280942 0
0  0.772284 -6.059780 3.670277  0.882363 -0.469942 -0.024297  0.559796 0.285270 0
syringe_lod1
0  0.772283 -5.959687 3.670277  0.999020 0.036111 0.025608  0.559796 0.280942 0
0  0.554680 -5.959688 4.224957  0.701491 -0.125805 0.701486  0.585726 0.280942 0
0  0.668817 -6.059780 4.056419  0.875958 0.268419 0.400810  0.577083 0.285270 0
syringe_lod1
0  0.745969 -6.059780 5.762253  0.891357 0.311352 0.329458  0.360511 0.225748 0
0  0.792130 -5.959689 5.522396  0.980308 -0.195721 -0.026251  0.350139 0.221420 0
0  0.546087 -5.959689 6.108459  0.705762 0.077118 0.704239  0.377798 0.221420 0
syringe_lod1
0  -0.546087 -6.059780 6.108459  -0.658562 -0.416216 0.626945  0.429657 0.225748 0
0  -0.546087 -5.959688 6.108459  -0.688304 0.036109 0.724523  0.429657 0.221420 0
0  -0.759531 -5.960347 5.765888  -0.751809 -0.635842 0.174610  0.446944 0.221449 0
syringe_lod1
0  -0.199882 -6.059780 4.816403  -0.178474 0.275187 -0.944679  0.291365 0.225748 0
0  -0.430685 -5.959688 4.896356  -0.518025 -0.381838 -0.765408  0.291365 0.221420 0
0  0.199882 -5.959688 4.816403  0.232736 0.040649 -0.971690  0.308651 0.221420 0
syringe_lod1
0  0.386142 -6.059780 3.001460  0.392846 -0.755478 -0.524332  0.085060 0.673624 0
0  0.281330 -6.235922 3.183000  0.256056 -0.880896 -0.398067  0.093835 0.673624 0
0  -0.013253 -6.237184 3.111746  -0.041897 -0.882185 -0.469035  0.093835 0.688895 0
syringe_lod1
0  -0.668817 -6.059780 4.056419  -0.899457 0.025208 0.436281  0.646229 0.285270 0
0  -0.668817 -5.959688 4.056419  -0.891072 0.000000 0.453862  0.646229 0.280942 0
0  -0.775485 -5.959688 3.503874  -0.956796 -0.198055 -0.212874  0.670430 0.280942 0
syringe_lod1
0  -0.546087 -6.059780 6.108459  -0.658562 -0.416216 0.626945  0.077213 0.612540 0
0  -0.759531 -5.960347 5.765888  -0.751809 -0.635842 0.174610  0.077213 0.627811 0
0  -0.573415 -6.166188 5.716018  -0.755827 -0.626147 0.191479  0.068438 0.627811 0
syringe_lod1
0  -0.000000 -6.059780 2.897994  -0.080177 -0.758892 -0.646262  0.085060 0.505644 0
0  -0.013253 -6.237184 3.111746  -0.041897 -0.882185 -0.469035  0.093835 0.505644 0
0  -0.434052 -6.172095 3.236226  -0.519039 -0.634866 -0.572315  0.093835 0.528550 0
syringe_lod1
0  -0.434052 -6.172095 3.236226  -0.519039 -0.634866 -0.572315  0.093835 0.528550 0
0  -0.557083 -6.248473 3.670277  -0.463223 -0.886069 -0.017518  0.093835 0.551456 0
0  -0.772284 -6.059780 3.670277  -0.618469 -0.785299 -0.028312  0.085060 0.551456 0
syringe_lod1
0  0.745969 -6.059780 5.362490  0.562656 -0.798163 -0.215298  0.077213 0.536186 0
0  0.615528 -6.167514 5.567082  0.711024 -0.702955 0.017281  0.068438 0.544055 0
0  0.398338 -6.221818 5.164033  0.394912 -0.841913 -0.367732  0.068438 0.520915 0
syringe_lod1
0  0.546087 -6.059780 6.108459  0.461084 -0.783847 0.415915  0.077213 0.566727 0
0  0.393917 -6.248473 5.956289  0.344547 -0.886028 0.310228  0.068438 0.566727 0
0  0.615528 -6.167514 5.567082  0.711024 -0.702955 0.017281  0.068438 0.544055 0
syringe_lod1
0  -0.014823 -6.242794 4.226040  -0.018881 -0.895734 0.444190  0.093835 0.597269 0
0  0.368628 -6.254612 4.100844  0.369162 -0.862206 0.346871  0.093835 0.612540 0
0  0.386142 -6.059780 4.339095  0.333052 -0.769873 0.544401  0.085060 0.612540 0
syringe_lod1
0  -0.772284 -6.059780 3.670277  -0.618469 -0.785299 -0.028312  0.085060 0.551456 0
0  -0.557083 -6.248473 3.670277  -0.463223 -0.886069 -0.017518  0.093835 0.551456 0
0  -0.481613 -6.228086 3.962169  -0.396697 -0.882697 0.251948  0.093835 0.566727 0
syringe_lod1
0  0.199882 -6.059780 4.816403  0.207290 -0.757995 -0.618445  0.077213 0.688895 0
0  0.145097 -6.243815 5.022373  0.116567 -0.882153 -0.456309  0.068438 0.688895 0
0  -0.153646 -6.166188 4.988956  -0.185814 -0.709188 -0.680092  0.068438 0.673624 0
syringe_lod1
0  -0.157296 -6.228087 6.103122  -0.123145 -0.887121 0.444805  0.068438 0.597269 0
0  0.130829 -6.237157 6.105576  0.090794 -0.889807 0.447213  0.068438 0.581998 0
0  0.199882 -6.059780 6.308340  0.162436 -0.774109 0.611857  0.077213 0.581998 0
syringe_lod1
0  -0.000000 -6.059780 4.442561  -0.013064 -0.408895 0.912488  0.085060 0.597269 0
0  -0.393162 -5.960348 4.351254  -0.376606 -0.598086 0.707433  0.085060 0.581998 0
0  -0.279494 -6.231559 4.153267  -0.272347 -0.850690 0.449614  0.093835 0.581998 0
syringe_lod1
0  0.772284 -6.059780 3.670277  0.882363 -0.469942 -0.024297  0.085060 0.643082 0
0  0.574960 -6.177194 3.832572  0.601338 -0.779321 0.176212  0.093835 0.635051 0
0  0.514110 -6.166188 3.373456  0.654886 -0.645232 -0.393446  0.093835 0.658353 0
syringe_lod1
0  -0.199882 -6.059780 4.816403  -0.151466 -0.858838 -0.489342  0.077213 0.673624 0
0  -0.153646 -6.166188 4.988956  -0.185814 -0.709188 -0.680092  0.068438 0.673624 0
0  -0.533353 -6.174286 5.275575  -0.452524 -0.859371 -0.238124  0.068438 0.649808 0
syringe_lod1
0  -0.403465 -6.242794 5.944875  -0.348327 -0.886670 0.304113  0.068438 0.612540 0
0  -0.157296 -6.228087 6.103122  -0.123145 -0.887121 0.444805  0.068438 0.597269 0
0  -0.199882 -6.059780 6.308341  -0.157325 -0.778175 0.608023  0.077213 0.597269 0
syringe_lod1
0  0.546087 -6.059780 6.108459  0.461084 -0.783847 0.415915  0.077213 0.566727 0
0  0.199882 -6.059780 6.308340  0.162436 -0.774109 0.611857  0.077213 0.581998 0
0  0.130829 -6.237157 6.105576  0.090794 -0.889807 0.447213  0.068438 0.581998 0
syringe_lod1
0  0.393917 -6.248473 5.956289  0.344547 -0.886028 0.310228  0.168352 0.140990 0
0  0.569713 -6.267124 5.562360  0.908640 -0.417472 -0.009547  0.167679 0.121605 0
0  0.615528 -6.167514 5.567082  0.711024 -0.702955 0.017281  0.172213 0.121803 0
syringe_lod1
0  -0.434052 -6.172095 3.236226  -0.519039 -0.634866 -0.572315  0.339593 0.133249 0
0  -0.402839 -6.267124 3.267421  -0.644956 -0.421172 -0.637687  0.339593 0.128715 0
0  -0.557083 -6.248473 3.670277  -0.463223 -0.886069 -0.017518  0.358978 0.129388 0
syringe_lod1
0  -0.403465 -6.242794 5.944875  -0.348327 -0.886670 0.304113  0.131562 0.606113 0
0  -0.575326 -6.267046 5.533337  -0.043043 -0.998867 0.020289  0.131562 0.622187 0
0  -0.291105 -6.272712 5.750611  -0.066030 -0.994303 0.083677  0.122214 0.610132 0
syringe_lod1
0  -0.573415 -6.166188 5.716018  -0.755827 -0.626147 0.191479  0.172213 0.192683 0
0  -0.575326 -6.267046 5.533337  -0.992414 -0.102847 -0.067352  0.167679 0.200436 0
0  -0.403465 -6.242794 5.944875  -0.348327 -0.886670 0.304113  0.168567 0.179760 0
syringe_lod1
0  0.574960 -6.177194 3.832572  0.601338 -0.779321 0.176212  0.429721 0.133249 0
0  0.368628 -6.254612 4.100844  0.369162 -0.862206 0.346871  0.415608 0.129785 0
0  0.563193 -6.267172 3.549414  0.985660 -0.043815 -0.162953  0.441688 0.128715 0
syringe_lod1
0  -0.284846 -6.267183 5.069004  -0.546227 -0.116083 -0.829554  0.167679 0.224991 0
0  -0.533353 -6.174286 5.275575  -0.698662 -0.585426 -0.411276  0.172213 0.211298 0
0  -0.153646 -6.166188 4.988956  -0.185814 -0.709188 -0.680092  0.172213 0.231452 0
syringe_lod1
0  -0.284846 -6.267183 5.069004  -0.002462 -0.998792 -0.049069  0.131562 0.520714 0
0  0.145097 -6.243815 5.022373  0.116567 -0.882153 -0.456309  0.131562 0.535784 0
0  0.175641 -6.272671 5.258152  0.094778 -0.988609 -0.116912  0.122214 0.540808 0
syringe_lod1
0  0.168903 -6.272076 3.377728  0.519568 -0.399009 -0.755540  0.665183 0.235480 0
0  0.338979 -6.272632 3.597540  0.912901 -0.315125 -0.259439  0.654115 0.235480 0
0  0.306456 -6.426732 3.670277  0.705097 -0.709016 0.011606  0.651189 0.228468 0
syringe_lod1
0  0.175641 -6.272671 5.258152  0.451516 -0.348580 -0.821356  0.407509 0.206873 0
0  0.342122 -6.274187 5.681024  0.886487 -0.385372 0.256181  0.389329 0.206873 0
0  0.252481 -6.425060 5.416602  0.654145 -0.675140 -0.340999  0.400591 0.199861 0
syringe_lod1
0  0.393917 -6.248473 5.956289  0.344547 -0.886028 0.310228  0.131562 0.575972 0
0  0.130829 -6.237157 6.105576  0.090794 -0.889807 0.447213  0.131562 0.586019 0
0  -0.000000 -6.272701 5.905237  -0.011770 -0.988240 0.152457  0.122214 0.591042 0
syringe_lod1
0  -0.013253 -6.237184 3.111746  -0.041897 -0.882185 -0.469035  0.907896 0.819771 0
0  0.281330 -6.235922 3.183000  0.256056 -0.880896 -0.398067  0.907896 0.829818 0
0  0.168903 -6.272076 3.377728  0.046841 -0.990258 -0.131132  0.898548 0.829818 0
syringe_lod1
0  -0.000000 -6.272701 5.905237  -0.011770 -0.988240 0.152457  0.122214 0.591042 0
0  -0.157296 -6.228087 6.103122  -0.123145 -0.887121 0.444805  0.131562 0.596066 0
0  -0.403465 -6.242794 5.944875  -0.348327 -0.886670 0.304113  0.131562 0.606113 0
syringe_lod1
0  0.368628 -6.254612 4.100844  0.369162 -0.862206 0.346871  0.907896 0.864982 0
0  0.232482 -6.272632 3.927473  0.050392 -0.996448 0.067467  0.898548 0.865986 0
0  0.338979 -6.272632 3.597540  0.031723 -0.999465 0.007944  0.898548 0.845892 0
syringe_lod1
0  -0.575326 -6.267046 5.533337  -0.043043 -0.998867 0.020289  0.131562 0.622187 0
0  -0.273817 -6.274187 5.325412  -0.024154 -0.999501 -0.020331  0.122214 0.626206 0
0  -0.291105 -6.272712 5.750611  -0.066030 -0.994303 0.083677  0.122214 0.610132 0
syringe_lod1
0  -0.000000 -6.272701 5.905237  0.019112 -0.348635 0.937064  0.372921 0.206873 0
0  -0.142357 -6.424667 5.808941  -0.316419 -0.740375 0.593063  0.366004 0.199861 0
0  0.196672 -6.426395 5.789624  0.452891 -0.684566 0.571190  0.382412 0.199861 0
syringe_lod1
0  -0.098427 -6.426720 5.278547  -0.190038 -0.662556 -0.724504  0.414427 0.199861 0
0  -0.273817 -6.274187 5.325412  -0.719831 -0.361902 -0.592344  0.417885 0.206873 0
0  0.175641 -6.272671 5.258152  0.451516 -0.348580 -0.821356  0.407509 0.206873 0
syringe_lod1
0  -0.203168 -6.274109 3.970063  -0.482095 -0.381131 0.788875  0.622792 0.235480 0
0  -0.331208 -6.272633 3.581530  -0.910272 -0.348159 -0.224032  0.606384 0.235480 0
0  -0.270127 -6.427176 3.801292  -0.668220 -0.686487 0.286736  0.615873 0.228468 0
syringe_lod1
0  -0.203168 -6.274109 3.970063  -0.482095 -0.381131 0.788875  0.622792 0.235480 0
0  -0.270127 -6.427176 3.801292  -0.668220 -0.686487 0.286736  0.615873 0.228468 0
0  0.060382 -6.424852 3.951672  0.134208 -0.688313 0.712891  0.633362 0.228468 0
syringe_lod1
0  0.342122 -6.274187 5.681024  0.886487 -0.385372 0.256181  0.389329 0.206873 0
0  -0.000000 -6.272701 5.905237  0.019112 -0.348635 0.937064  0.372921 0.206873 0
0  0.196672 -6.426395 5.789624  0.452891 -0.684566 0.571190  0.382412 0.199861 0
syringe_lod1
0  -0.287274 -6.425269 5.576870  -0.717871 -0.696140 0.007133  0.352860 0.199861 0
0  -0.291105 -6.272712 5.750611  -0.811098 -0.309496 0.496320  0.359777 0.206873 0
0  -0.273817 -6.274187 5.325412  -0.719831 -0.361902 -0.592344  0.342678 0.206873 0
syringe_lod1
0  0.232482 -6.272632 3.927473  0.613760 -0.372000 0.696358  0.640280 0.235480 0
0  -0.203168 -6.274109 3.970063  -0.482095 -0.381131 0.788875  0.622792 0.235480 0
0  0.060382 -6.424852 3.951672  0.134208 -0.688313 0.712891  0.633362 0.228468 0
syringe_lod1
0  -0.331208 -6.272633 3.581530  -0.910272 -0.348159 -0.224032  0.606384 0.235480 0
0  -0.201291 -6.424783 3.468986  -0.489834 -0.740995 -0.459335  0.599466 0.228468 0
0  -0.270127 -6.427176 3.801292  -0.668220 -0.686487 0.286736  0.615873 0.228468 0
syringe_lod1
0  -0.199882 -6.059780 6.308341  -0.335980 0.268422 0.902811  0.412371 0.225748 0
0  0.000001 -5.959688 6.346808  0.000002 -0.125809 0.992055  0.403728 0.221420 0
0  -0.546087 -5.959688 6.108459  -0.688304 0.036109 0.724523  0.429657 0.221420 0
syringe_lod1
0  -0.775485 -5.959688 3.503874  -0.956796 -0.198055 -0.212874  0.670430 0.280942 0
0  -0.668817 -6.059780 3.284135  -0.787495 -0.345453 -0.510405  0.680802 0.285270 0
0  -0.772284 -6.059780 3.670277  -0.958429 0.235986 0.160386  0.663516 0.285270 0
syringe_lod1
0  0.000001 -5.959688 6.346808  0.000002 -0.125809 0.992055  0.403728 0.221420 0
0  -0.199882 -6.059780 6.308341  -0.335980 0.268422 0.902811  0.412371 0.225748 0
0  0.199882 -6.059780 6.308340  0.335983 0.268416 0.902812  0.395084 0.225748 0
syringe_lod1
0  0.398338 -6.221818 5.164033  0.394912 -0.841913 -0.367732  0.068438 0.520915 0
0  0.145097 -6.243815 5.022373  0.116567 -0.882153 -0.456309  0.068438 0.505644 0
0  0.199882 -6.059780 4.816403  0.207290 -0.757995 -0.618445  0.077213 0.505644 0
syringe_lod1
0  0.386142 -6.059780 4.339095  0.400806 0.268417 0.875961  0.594369 0.285270 0
0  0.554680 -5.959688 4.224957  0.701491 -0.125805 0.701486  0.585726 0.280942 0
0  -0.000000 -5.959688 4.442561  0.025608 0.036109 0.999020  0.611656 0.280942 0
syringe_lod1
0  -0.000000 -5.959688 2.897994  0.016933 0.000000 -0.999857  0.715375 0.280942 0
0  -0.000000 -6.059780 2.897994  0.037616 -0.000000 -0.999292  0.715375 0.285270 0
0  -0.393162 -5.960347 2.989300  -0.226216 0.000000 -0.974077  0.698089 0.280971 0
syringe_lod1
0  0.386142 -6.059780 3.001460  0.392846 -0.755478 -0.524332  0.085060 0.673624 0
0  0.680977 -5.960348 3.277115  0.681340 -0.636494 -0.361457  0.085060 0.658353 0
0  0.514110 -6.166188 3.373456  0.654886 -0.645232 -0.393446  0.093835 0.658353 0
syringe_lod1
0  -0.668817 -6.059780 4.056419  -0.539973 -0.752378 0.377301  0.085060 0.566727 0
0  -0.481613 -6.228086 3.962169  -0.396697 -0.882697 0.251948  0.093835 0.566727 0
0  -0.279494 -6.231559 4.153267  -0.272347 -0.850690 0.449614  0.093835 0.581998 0
syringe_lod1
0  -0.683440 -6.068659 5.179792  -0.491655 -0.839633 -0.230848  0.077213 0.650320 0
0  -0.533353 -6.174286 5.275575  -0.452524 -0.859371 -0.238124  0.068438 0.649808 0
0  -0.573415 -6.166188 5.716018  -0.755827 -0.626147 0.191479  0.068438 0.627811 0
syringe_lod1
0  -0.014823 -6.242794 4.226040  -0.018881 -0.895734 0.444190  0.907896 0.880052 0
0  -0.203168 -6.274109 3.970063  -0.098950 -0.986418 0.131102  0.898548 0.891385 0
0  0.232482 -6.272632 3.927473  0.050392 -0.996448 0.067467  0.898548 0.865986 0
syringe_lod1
0  0.386142 -6.059780 4.339095  0.333052 -0.769873 0.544401  0.085060 0.612540 0
0  0.368628 -6.254612 4.100844  0.369162 -0.862206 0.346871  0.093835 0.612540 0
0  0.574960 -6.177194 3.832572  0.601338 -0.779321 0.176212  0.093835 0.635051 0
syringe_lod1
0  -0.668817 -6.059780 3.284135  -0.787495 -0.345453 -0.510405  0.085060 0.536186 0
0  -0.393162 -5.960347 2.989300  -0.421599 -0.606903 -0.673738  0.085060 0.520915 0
0  -0.434052 -6.172095 3.236226  -0.519039 -0.634866 -0.572315  0.093835 0.528550 0
syringe_lod1
0  -0.557083 -6.248473 3.670277  -0.463223 -0.886069 -0.017518  0.907896 0.910193 0
0  -0.331208 -6.272633 3.581530  -0.080405 -0.996719 0.009275  0.898548 0.910193 0
0  -0.203168 -6.274109 3.970063  -0.098950 -0.986418 0.131102  0.898548 0.891385 0
syringe_lod1
0  0.514110 -6.166188 3.373456  0.654886 -0.645232 -0.393446  0.449440 0.133249 0
0  0.563193 -6.267172 3.549414  0.985660 -0.043815 -0.162953  0.441688 0.128715 0
0  0.281330 -6.235922 3.183000  0.256056 -0.880896 -0.398067  0.462364 0.129977 0
syringe_lod1
0  0.563193 -6.267172 3.549414  0.038419 -0.999005 -0.022641  0.907896 0.845892 0
0  0.338979 -6.272632 3.597540  0.031723 -0.999465 0.007944  0.898548 0.845892 0
0  0.168903 -6.272076 3.377728  0.046841 -0.990258 -0.131132  0.898548 0.829818 0
syringe_lod1
0  -0.279494 -6.231559 4.153267  -0.272347 -0.850690 0.449614  0.907896 0.890099 0
0  -0.481613 -6.228086 3.962169  -0.396697 -0.882697 0.251948  0.907896 0.900146 0
0  -0.203168 -6.274109 3.970063  -0.098950 -0.986418 0.131102  0.898548 0.891385 0
syringe_lod1
0  -0.402839 -6.267124 3.267421  -0.029018 -0.998580 -0.044681  0.907896 0.804701 0
0  -0.013253 -6.237184 3.111746  -0.041897 -0.882185 -0.469035  0.907896 0.819771 0
0  -0.106496 -6.272632 3.340344  0.010428 -0.993696 -0.111618  0.898548 0.813744 0
syringe_lod1
0  0.569713 -6.267124 5.562360  0.066106 -0.997559 -0.022480  0.131562 0.560901 0
0  0.342122 -6.274187 5.681024  0.050938 -0.997430 0.050394  0.122214 0.567211 0
0  0.175641 -6.272671 5.258152  0.094778 -0.988609 -0.116912  0.122214 0.540808 0
syringe_lod1
0  0.338979 -6.272632 3.597540  0.912901 -0.315125 -0.259439  0.654115 0.235480 0
0  0.232482 -6.272632 3.927473  0.613760 -0.372000 0.696358  0.640280 0.235480 0
0  0.306456 -6.426732 3.670277  0.705097 -0.709016 0.011606  0.651189 0.228468 0
syringe_lod1
0  0.060376 -6.424935 3.388915  0.172494 -0.749829 -0.638750  0.589090 0.228468 0
0  -0.201291 -6.424783 3.468986  -0.489834 -0.740995 -0.459335  0.599466 0.228468 0
0  -0.106496 -6.272632 3.340344  -0.303024 -0.349693 -0.886505  0.593240 0.235480 0
syringe_lod1
0  -0.000000 -5.959688 2.897994  0.016933 0.000000 -0.999857  0.507936 0.280942 0
0  0.386142 -5.959687 3.001460  0.485260 -0.000000 -0.874370  0.525223 0.280942 0
0  0.386142 -6.059780 3.001460  0.467067 -0.000000 -0.884222  0.525223 0.285270 0
syringe_lod1
0  -0.000000 6.105237 -0.800425  0.000098 0.932087 0.362235  1.056216 0.132865 0
0  -0.000000 6.951993 -3.343090  0.014321 0.954759 0.297036  1.056216 0.249426 0
0  -0.835072 6.831007 -4.572521  -0.675398 0.628420 0.385910  1.101655 0.297450 0
syringe_lod1
0  -0.445173 3.059165 2.315879  -0.039365 -0.014780 0.999116  0.881372 0.003924 0
0  -0.445187 0.484966 2.242721  -0.623555 -0.406254 0.667935  0.881322 0.115601 0
0  0.445152 0.698904 2.316041  -0.000963 -0.231721 0.972782  0.842826 0.105969 0
syringe_lod1
0  -0.445120 1.131901 -1.264457  0.001391 -0.999946 0.010347  0.881378 0.280456 0
0  0.445220 1.126230 -1.267494  0.003449 -0.999912 0.012772  0.842878 0.280578 0
0  0.445182 0.910670 0.719835  0.009193 -0.919422 -0.393164  0.842916 0.194177 0
syringe_lod1
0  1.360955 4.744300 -6.848585  0.980528 -0.016117 -0.195719  0.615108 0.078788 0
0  1.020918 7.094905 -6.158816  0.837387 0.457160 -0.299648  0.592530 0.180394 0
0  1.168092 6.818786 -5.341529  0.966090 0.212669 0.146429  0.565543 0.176760 0
syringe_lod1
0  1.020918 7.094905 -6.158816  0.837387 0.457160 -0.299648  0.052535 0.451489 0
0  1.201022 4.719573 -7.134848  0.421252 -0.019772 -0.906728  0.164418 0.445983 0
0  0.000000 5.432243 -7.243714  0.012920 0.385741 -0.922516  0.133100 0.497822 0
syringe_lod1
0  -0.117524 2.598029 -3.654855  -0.052147 -0.691903 -0.720104  0.368217 0.497822 0
0  0.021556 2.865068 -4.472628  0.146798 -0.978780 -0.142967  0.328154 0.497822 0
0  0.618978 2.865908 -3.959686  0.610005 -0.733738 -0.299202  0.350716 0.468690 0
syringe_lod1
0  0.021556 2.865068 -4.472628  0.146798 -0.978780 -0.142967  0.328154 0.497822 0
0  1.322894 3.628284 -4.338072  0.613350 -0.778808 -0.131377  0.319846 0.430578 0
0  0.618978 2.865908 -3.959686  0.610005 -0.733738 -0.299202  0.350716 0.468690 0
syringe_lod1
0  -0.000000 6.105237 -0.800425  0.000098 0.932087 0.362235  0.056216 0.132865 0
0  0.845453 5.691479 -0.900935  0.755760 0.631518 0.173239  0.096954 0.132073 0
0  0.842419 6.848186 -4.642970  0.742849 0.595997 0.304898  0.101961 0.300567 0
syringe_lod1
0  0.578233 3.510824 2.617093  -0.289241 0.001263 0.957256  0.632912 0.405213 0
0  0.578233 6.615771 2.617092  -0.289040 0.001264 0.957316  0.498648 0.405213 0
0  -0.275025 6.618586 2.512069  0.149733 0.003185 0.988721  0.498648 0.379851 0
syringe_lod1
0  1.110547 3.513870 2.888029  -0.453603 0.000000 0.891204  0.632780 0.431041 0
0  1.110547 6.615771 2.888029  -0.453603 -0.000000 0.891204  0.498648 0.431041 0
0  0.578233 6.615771 2.617092  -0.289040 0.001264 0.957316  0.498648 0.405213 0
syringe_lod1
0  1.027928 2.274749 0.060712  0.337392 -0.889090 -0.309330  1.003942 0.225026 0
0  -1.022987 2.272861 0.065833  -0.315436 -0.919650 -0.233974  1.048178 0.225037 0
0  -1.021651 2.847655 -2.185060  -0.353120 -0.921222 0.163266  1.048379 0.124010 0
syringe_lod1
0  -1.168092 6.818786 -5.341530  -0.905237 0.365295 0.217036  1.565543 0.176760 0
0  -1.027609 7.103539 -6.152854  -0.658856 0.344145 -0.668935  1.592530 0.180394 0
0  -1.360040 4.742504 -6.850032  -0.945931 0.227314 -0.231394  1.615119 0.078701 0
syringe_lod1
0  1.022987 -2.732637 0.845175  0.490743 -0.079087 -0.867708  1.356404 0.389603 0
0  -1.022987 -2.732637 0.845175  -0.451529 -0.423652 -0.785265  1.356404 0.345367 0
0  -1.022987 -0.913695 0.845175  -0.304656 0.092390 -0.947971  1.277749 0.345367 0
syringe_lod1
0  -1.514152 0.999582 2.116759  -0.761413 -0.048137 -0.646478  1.300982 0.040552 0
0  -1.507969 -0.724422 2.054448  -0.900777 0.146909 -0.408679  1.367286 0.040552 0
0  -2.030578 -2.724122 2.850729  -0.926629 -0.193071 0.322619  1.462920 0.003906 0
syringe_lod1
0  -0.845453 5.691479 -0.900935  -0.691755 0.673836 0.259652  1.096954 0.132073 0
0  -0.835072 6.831007 -4.572521  -0.675398 0.628420 0.385910  1.101655 0.297450 0
0  -1.036411 6.075210 -4.409546  -0.953626 0.214573 0.211083  1.131628 0.280764 0
syringe_lod1
0  -1.027609 7.103539 -6.152854  -0.658856 0.344145 -0.668935  1.052487 0.451258 0
0  0.004110 7.555363 -6.259755  0.001496 0.596581 -0.802552  1.035464 0.497822 0
0  0.000000 5.432243 -7.243714  0.012920 0.385741 -0.922516  1.133100 0.497822 0
syringe_lod1
0  -1.410130 3.767157 -3.827094  -0.828149 -0.559203 0.038225  1.336282 0.416642 0
0  -1.322894 3.628284 -4.338072  -0.690774 -0.722867 -0.017183  1.319846 0.430578 0
0  -0.618978 2.865908 -3.959686  -0.514152 -0.750428 -0.415337  1.350716 0.468690 0
syringe_lod1
0  -1.322894 3.628284 -4.338072  -0.690774 -0.722867 -0.017183  1.319846 0.430578 0
0  0.021556 2.865068 -4.472628  0.146798 -0.978780 -0.142967  1.328154 0.497822 0
0  -0.618978 2.865908 -3.959686  -0.514152 -0.750428 -0.415337  1.350716 0.468690 0
syringe_lod1
0  -1.339505 -3.002538 2.129297  -0.000000 -1.000000 -0.000283  1.873392 0.733254 0
0  -0.991838 -3.002538 1.019822  0.000002 -1.000000 0.000000  1.823162 0.731098 0
0  0.990132 -3.002533 1.019814  -0.000002 -1.000000 -0.000003  1.808594 0.771438 0
syringe_lod1
0  -1.110170 3.509195 2.888008  0.389324 0.252386 0.885849  1.632780 0.431041 0
0  -0.270291 3.508627 2.527985  0.112387 0.658631 0.744026  1.632978 0.391439 0
0  -0.275025 6.618586 2.512069  0.149733 0.003185 0.988721  1.498648 0.391526 0
syringe_lod1
0  -1.620718 -3.330480 7.319417  -0.514926 -0.764699 0.387410  0.807687 0.709710 0
0  -1.662688 -3.337913 6.675375  -0.006467 -0.999971 0.004048  0.805055 0.682806 0
0  1.669839 -3.337634 6.674413  0.006276 -0.999973 0.003764  0.951032 0.682582 0
syringe_lod1
0  2.095957 -3.173954 2.929506  0.431456 -0.654617 -0.620743  0.172487 0.731867 0
0  2.030258 2.268983 2.936789  0.365126 0.639044 -0.676982  0.172383 0.505644 0
0  2.359642 2.048876 3.226907  0.862189 0.047980 -0.504310  0.189084 0.505644 0
syringe_lod1
0  -1.662688 -3.337913 6.675375  -0.006467 -0.999971 0.004048  0.805055 0.682806 0
0  -2.280593 -3.324196 6.632563  -0.372028 -0.765656 0.524754  0.779095 0.680023 0
0  -2.280038 -3.327374 3.613489  -0.366584 -0.782585 -0.503166  0.779152 0.549534 0
syringe_lod1
0  -1.662688 -3.337913 6.675375  -0.006467 -0.999971 0.004048  0.805055 0.682806 0
0  -1.648826 -3.338068 3.561495  -0.006437 -0.999951 -0.007530  0.805144 0.546255 0
0  1.662641 -3.337969 3.570275  0.006066 -0.999952 -0.007631  0.950455 0.546749 0
syringe_lod1
0  -2.372548 -3.190792 6.669028  -0.833162 -0.457540 0.310642  0.584940 0.733243 0
0  -2.353347 2.049756 7.030083  -0.909330 0.007776 0.416004  0.569797 0.505644 0
0  -2.361402 2.061747 3.233982  -0.887634 0.344220 -0.305973  0.733990 0.505644 0
syringe_lod1
0  2.038451 2.056100 7.370081  0.238607 0.265779 0.934039  0.373421 0.505644 0
0  2.074146 -3.174361 7.330963  0.370396 -0.615729 0.695475  0.370244 0.731257 0
0  2.312430 -3.174447 7.081250  0.704352 -0.607185 0.367715  0.355264 0.731520 0
syringe_lod1
0  1.652953 -3.182778 7.410052  0.318315 -0.484609 0.814758  0.389636 0.733250 0
0  2.038451 2.056100 7.370081  0.238607 0.265779 0.934039  0.373421 0.505644 0
0  -2.006843 2.061465 7.387759  -0.163312 0.196819 0.966743  0.548496 0.505644 0
syringe_lod1
0  -2.361402 2.061747 3.233982  -0.887634 0.344220 -0.305973  0.733990 0.505644 0
0  -2.035214 2.275306 2.944170  -0.497906 0.540609 -0.678109  0.750992 0.505644 0
0  -2.101636 -3.173243 2.935607  -0.424799 -0.665204 -0.614043  0.750982 0.731923 0
syringe_lod1
0  2.012194 2.393125 3.217532  0.174449 0.926176 -0.334313  0.030625 0.769525 0
0  -2.010859 2.392750 3.230858  -0.111197 0.990931 -0.075433  0.200045 0.769780 0
0  -1.999045 2.394133 7.016653  -0.356029 0.887866 0.291440  0.199419 0.929504 0
syringe_lod1
0  -2.006843 2.061465 7.387759  -0.163312 0.196819 0.966743  0.548496 0.505644 0
0  -2.353347 2.049756 7.030083  -0.909330 0.007776 0.416004  0.569797 0.505644 0
0  -2.312044 -3.174600 7.081817  -0.656111 -0.651740 0.380464  0.568130 0.731563 0
syringe_lod1
0  1.620381 -3.324978 2.920908  0.481303 -0.780208 -0.399528  0.947821 0.519551 0
0  1.662641 -3.337969 3.570275  0.006066 -0.999952 -0.007631  0.950455 0.546749 0
0  -1.648826 -3.338068 3.561495  -0.006437 -0.999951 -0.007530  0.805144 0.546255 0
syringe_lod1
0  2.359642 2.048876 3.226907  0.862189 0.047980 -0.504310  0.189084 0.505644 0
0  2.354068 2.079373 7.011023  0.943774 0.016703 0.330169  0.352826 0.505644 0
0  2.388815 -3.066936 6.713387  0.968606 -0.180268 0.171191  0.339996 0.727229 0
syringe_lod1
0  1.662641 -3.337969 3.570275  0.006066 -0.999952 -0.007631  0.950455 0.546749 0
0  2.283844 -3.323619 3.613147  0.381022 -0.762283 -0.523209  0.976556 0.549538 0
0  2.275640 -3.327975 6.632256  0.361621 -0.766914 0.530163  0.976167 0.680028 0
syringe_lod1
0  1.583696 -3.563613 6.628146  0.850539 -0.024358 0.525348  0.661974 0.473506 0
0  1.603764 -3.563613 3.677883  0.950349 0.012090 -0.310951  0.534251 0.473507 0
0  1.622747 -2.879706 3.738113  0.961683 0.018928 -0.273510  0.536981 0.443934 0
syringe_lod1
0  1.418030 -6.262156 3.789887  0.957005 -0.014898 -0.289688  0.712261 0.742640 0
0  0.592485 -6.262159 2.581206  0.457309 0.001621 -0.889306  0.775321 0.742640 0
0  0.604985 -4.317614 2.580159  0.460276 0.001657 -0.887774  0.774923 0.826727 0
syringe_lod1
0  1.459098 -3.563611 6.559640  0.834490 0.001397 0.551021  0.756936 0.966291 0
0  1.454861 -4.327633 6.372727  0.983320 -0.035525 0.178379  0.765754 0.933251 0
0  1.485528 -4.317455 3.750154  0.732073 -0.642390 -0.226724  0.878428 0.933668 0
syringe_lod1
0  1.264158 -5.990778 6.506105  -0.593060 -0.592058 -0.545662  1.648745 0.768553 0
0  -1.250522 -5.990927 6.535315  0.557932 -0.569959 -0.603207  1.647445 0.750228 0
0  1.291706 -5.991133 3.782690  0.000183 -1.000000 0.000288  1.688712 0.769099 0
syringe_lod1
0  -1.250522 -5.990927 6.535315  0.557932 -0.569959 -0.603207  1.647445 0.750228 0
0  -0.548005 -5.991943 2.705527  0.378517 -0.615008 0.691730  1.705192 0.750228 0
0  1.291706 -5.991133 3.782690  0.000183 -1.000000 0.000288  1.688712 0.769099 0
syringe_lod1
0  1.454861 -4.327633 6.372727  0.983320 -0.035525 0.178379  0.602213 0.826299 0
0  1.343040 -6.262098 6.599125  0.713127 -0.042978 0.699716  0.590342 0.742640 0
0  1.418030 -6.262156 3.789887  0.957005 -0.014898 -0.289688  0.712261 0.742640 0
syringe_lod1
0  -1.583696 -2.879706 6.628145  -0.852666 0.018656 0.522123  1.661974 0.443933 0
0  -1.609906 -2.879706 3.709836  -0.956822 -0.002608 -0.290663  1.535647 0.443934 0
0  -1.618391 -3.563613 3.706193  -0.956179 -0.006437 -0.292712  1.535611 0.473507 0
syringe_lod1
0  0.604985 -4.317614 2.580159  0.460276 0.001657 -0.887774  1.800537 0.826720 0
0  0.592485 -6.262159 2.581206  0.457309 0.001621 -0.889306  1.800537 0.742640 0
0  -0.624083 -6.262227 2.601580  -0.480493 0.001503 -0.876997  1.773733 0.742640 0
syringe_lod1
0  -1.409200 -4.317555 3.771562  -0.956722 -0.005855 -0.290946  1.713133 0.826723 0
0  -0.627961 -4.317599 2.618712  -0.483573 0.001457 -0.875303  1.773187 0.826727 0
0  -0.624083 -6.262227 2.601580  -0.480493 0.001503 -0.876997  1.773733 0.742640 0
syringe_lod1
0  -1.502309 -3.563613 6.356706  -0.980560 -0.009928 0.195965  1.765759 0.966290 0
0  -1.479185 -3.563613 3.753173  -0.955296 -0.020858 -0.294913  1.878394 0.966271 0
0  -1.485528 -4.317417 3.750154  -0.723574 -0.651874 -0.226937  1.878428 0.933668 0
syringe_lod1
0  -1.419884 -4.328009 6.594984  -0.809414 -0.028719 0.586536  1.602213 0.826299 0
0  -1.409200 -4.317555 3.771562  -0.956722 -0.005855 -0.290946  1.713133 0.826723 0
0  -1.420749 -6.262219 3.810883  -0.959118 -0.006013 -0.282943  1.711361 0.742640 0
syringe_lod1
0  0.247184 -3.549053 1.775345  -0.000009 -1.000000 0.000000  0.478487 0.428783 0
0  0.305634 -3.549054 1.486433  -0.620308 -0.625364 -0.473432  0.466296 0.426969 0
0  0.679722 -3.549059 1.307947  0.052598 -0.640472 -0.766178  0.457093 0.412821 0
syringe_lod1
0  0.679722 -3.549059 1.307947  0.052598 -0.640472 -0.766178  0.457093 0.412821 0
0  1.021740 -3.549069 1.542678  0.676277 -0.657186 -0.332800  0.464744 0.397760 0
0  0.247184 -3.549053 1.775345  -0.000009 -1.000000 0.000000  0.478487 0.428783 0
syringe_lod1
0  1.021740 -3.549069 1.542678  0.676277 -0.657186 -0.332800  0.464744 0.397760 0
0  0.989380 -3.549053 1.956185  0.641732 -0.634425 0.430912  0.481612 0.396854 0
0  0.701306 -3.549052 2.121754  0.135555 -0.641485 0.755064  0.490829 0.407389 0
syringe_lod1
0  0.701306 -3.549052 2.121754  0.135555 -0.641485 0.755064  0.490829 0.407389 0
0  0.412519 -3.549059 2.063417  0.000029 -1.000000 -0.000037  0.489019 0.419574 0
0  0.247184 -3.549053 1.775345  -0.000009 -1.000000 0.000000  0.478487 0.428783 0
syringe_lod1
0  -1.720531 4.336825 3.822630  -0.588060 -0.296099 -0.752669  1.438503 0.742960 0
0  -1.660115 9.429229 3.849072  -0.698134 0.450394 -0.556556  1.439178 0.962433 0
0  -0.812559 9.408718 3.186912  -0.357160 0.446538 -0.820391  1.486351 0.962433 0
syringe_lod1
0  -0.247184 -3.549053 1.775345  -0.000010 -1.000000 -0.000004  1.478487 0.428783 0
0  -0.412655 -3.549060 2.063423  -0.000035 -1.000000 -0.000042  1.489021 0.419569 0
0  -0.701306 -3.549052 2.121754  -0.095697 -0.662959 0.742514  1.490829 0.407389 0
syringe_lod1
0  -0.701306 -3.549052 2.121754  -0.095697 -0.662959 0.742514  1.490829 0.407389 0
0  -0.989377 -3.549058 1.956416  -0.637463 -0.634679 0.436833  1.481619 0.396858 0
0  -1.047715 -3.549052 1.667631  0.000012 -1.000000 0.000001  1.469435 0.395048 0
syringe_lod1
0  -1.047715 -3.549052 1.667631  0.000012 -1.000000 0.000001  1.469435 0.395048 0
0  -0.882243 -3.549059 1.379555  0.000029 -1.000000 0.000042  1.458901 0.404261 0
0  -0.593592 -3.549052 1.321223  0.135470 -0.641458 -0.755102  1.457093 0.416441 0
syringe_lod1
0  -0.593592 -3.549052 1.321223  0.135470 -0.641458 -0.755102  1.457093 0.416441 0
0  -0.305516 -3.549056 1.486694  0.627582 -0.633585 -0.452449  1.466307 0.426975 0
0  -0.247184 -3.549053 1.775345  -0.000010 -1.000000 -0.000004  1.478487 0.428783 0
syringe_lod1
0  -0.247184 -3.549053 1.775345  -0.000010 -1.000000 -0.000004  1.478487 0.428783 0
0  -0.701306 -3.549052 2.121754  -0.095697 -0.662959 0.742514  1.490829 0.407389 0
0  -0.593592 -3.549052 1.321223  0.135470 -0.641458 -0.755102  1.457093 0.416441 0
syringe_lod1
0  -2.012329 9.405438 4.583726  -0.966791 0.061607 -0.248030  1.403475 0.962433 0
0  -1.660115 9.429229 3.849072  -0.698134 0.450394 -0.556556  1.439178 0.962433 0
0  -1.720531 4.336825 3.822630  -0.588060 -0.296099 -0.752669  1.438503 0.742960 0
syringe_lod1
0  -1.804204 9.405437 6.164588  -0.873996 0.069596 0.480924  1.332069 0.962433 0
0  -1.999517 4.336712 5.913155  -0.971992 -0.107175 0.209154  1.345470 0.742960 0
0  -1.508862 4.330118 6.631792  -0.648658 -0.054813 0.759103  1.308267 0.742960 0
end
