version 1
nodes
0 "root" -1
end
skeleton
time 0
0 0 0 0 0 0 0
end
triangles
syringe_lod1
0  0.445173 0.538505 1.128859  1.000000 -0.000006 0.000018  0.732802 0.055242 0
0  0.445152 0.698904 2.316041  1.000000 -0.000006 0.000018  0.725862 0.003906 0
0  0.445166 0.329182 1.447012  1.000000 -0.000006 0.000018  0.741852 0.041484 0
syringe_lod1
0  -0.445095 1.387446 -2.569245  -1.000000 0.000006 -0.000018  0.674237 0.853124 0
0  -0.445098 1.164555 -2.490253  -1.000000 0.000006 -0.000018  0.677653 0.843486 0
0  -0.445105 0.988285 -2.107058  -1.000000 0.000006 -0.000018  0.694224 0.835865 0
syringe_lod1
0  -0.445083 3.059540 -2.695393  0.000017 -0.075229 -0.997166  0.881316 0.419247 0
0  0.445245 1.387441 -2.569229  0.000016 -0.206449 -0.978457  0.842848 0.346720 0
0  -0.445095 1.387446 -2.569245  0.000016 -0.206449 -0.978457  0.881348 0.346737 0
syringe_lod1
0  0.445245 1.387441 -2.569229  0.000016 -0.206449 -0.978457  0.842848 0.346720 0
0  -0.445098 1.164555 -2.490253  0.000012 -0.552238 -0.833687  0.881353 0.336511 0
0  -0.445095 1.387446 -2.569245  0.000016 -0.206449 -0.978457  0.881348 0.346737 0
syringe_lod1
0  -0.445187 0.698909 2.316025  -0.000019 -0.254035 0.967195  0.881326 0.105986 0
0  0.445166 3.059160 2.315895  -0.000018 0.000062 1.000000  0.842872 0.003906 0
0  -0.445173 3.059165 2.315879  -0.000018 0.000062 1.000000  0.881372 0.003924 0
syringe_lod1
0  -0.445173 0.329188 1.446996  -0.000033 -0.914168 -0.405335  0.881434 0.153893 0
0  0.445166 0.329182 1.447012  0.000002 -0.914183 -0.405302  0.842934 0.153875 0
0  0.445162 0.246717 1.657846  -0.000008 -0.968237 -0.250035  0.842866 0.144086 0
syringe_lod1
0  -0.445105 0.988285 -2.107058  -0.000006 -0.999676 0.025455  0.881361 0.317394 0
0  0.445223 1.108168 -1.461879  -0.000008 -0.994456 0.105152  0.842874 0.289001 0
0  -0.445116 1.108173 -1.461896  -0.000008 -0.994456 0.105152  0.881374 0.289019 0
syringe_lod1
0  0.445215 1.120352 -1.010113  1.000000 -0.000006 0.000018  0.707649 0.147737 0
0  0.445230 3.059422 -1.191329  1.000000 -0.000006 0.000018  0.623800 0.155580 0
0  0.445226 3.059408 -1.009968  1.000000 -0.000006 0.000018  0.623800 0.147737 0
syringe_lod1
0  -0.445173 0.329188 1.446996  -0.000033 -0.914168 -0.405335  0.881434 0.153893 0
0  0.445173 0.538505 1.128859  0.000007 -0.773485 -0.633815  0.842927 0.170344 0
0  0.445166 0.329182 1.447012  0.000002 -0.914183 -0.405302  0.842934 0.153875 0
syringe_lod1
0  0.445154 0.391929 2.142813  -0.000017 -0.718300 0.695734  0.842819 0.121210 0
0  -0.445186 0.391934 2.142797  -0.000017 -0.718311 0.695723  0.881319 0.121228 0
0  -0.445184 0.288682 1.997711  -0.000014 -0.886147 0.463405  0.881373 0.128928 0
syringe_lod1
0  0.445245 1.387441 -2.569229  1.000000 -0.000006 0.000018  0.696104 0.215158 0
0  0.445234 0.988279 -2.107042  1.000000 -0.000006 0.000018  0.713363 0.195170 0
0  0.445242 1.164550 -2.490237  1.000000 -0.000006 0.000018  0.705742 0.211741 0
syringe_lod1
0  -0.445167 0.538511 1.128843  0.000007 -0.773485 -0.633815  0.881427 0.170361 0
0  0.445179 0.793600 0.876616  0.000006 -0.811068 -0.584952  0.842920 0.185857 0
0  0.445173 0.538505 1.128859  0.000007 -0.773485 -0.633815  0.842927 0.170344 0
syringe_lod1
0  -0.445110 3.059427 -1.191345  -1.000000 0.000006 -0.000018  0.733814 0.925429 0
0  -0.445125 1.120357 -1.010129  -1.000000 0.000006 -0.000018  0.741657 0.841580 0
0  -0.445113 3.059414 -1.009984  -1.000000 0.000006 -0.000018  0.741657 0.925429 0
syringe_lod1
0  0.445186 0.956522 0.546637  -0.000001 -0.960574 -0.278025  0.842913 0.201770 0
0  -0.445161 0.793605 0.876600  0.000006 -0.811068 -0.584952  0.881420 0.185874 0
0  -0.445154 0.956527 0.546621  -0.000001 -0.960574 -0.278025  0.881413 0.201787 0
syringe_lod1
0  0.445230 3.059422 -1.191329  1.000000 -0.000006 0.000018  0.623800 0.155580 0
0  0.445245 1.387441 -2.569229  1.000000 -0.000006 0.000018  0.696104 0.215158 0
0  0.445257 3.059535 -2.695377  1.000000 -0.000006 0.000018  0.623800 0.220618 0
syringe_lod1
0  0.445238 1.018103 -2.330267  0.000002 -0.906002 -0.423273  0.842857 0.327116 0
0  -0.445105 0.988285 -2.107058  -0.000006 -0.999676 0.025455  0.881361 0.317394 0
0  -0.445101 1.018108 -2.330283  0.000003 -0.906002 -0.423272  0.881357 0.327133 0
syringe_lod1
0  -0.445116 1.108173 -1.461896  -0.000008 -0.994456 0.105152  0.881374 0.289019 0
0  0.445215 1.120352 -1.010113  -0.000005 -0.999242 -0.038935  0.842883 0.269459 0
0  -0.445125 1.120357 -1.010129  -0.000005 -0.999242 -0.038935  0.881383 0.269476 0
syringe_lod1
0  0.445215 1.120352 -1.010113  1.000000 -0.000006 0.000018  0.707649 0.147737 0
0  0.445223 3.059395 -0.827543  1.000000 -0.000006 0.000018  0.623800 0.139849 0
0  0.445186 0.956522 0.546637  1.000000 -0.000006 0.000018  0.714728 0.080420 0
syringe_lod1
0  -0.445167 0.538511 1.128843  -1.000000 0.000006 -0.000018  0.834152 0.816427 0
0  -0.445173 0.329188 1.446996  -1.000000 0.000005 -0.000018  0.847911 0.807376 0
0  -0.445187 0.698909 2.316025  -1.000000 0.000006 -0.000018  0.885488 0.823366 0
syringe_lod1
0  -0.445173 3.059165 2.315879  -1.000000 0.000006 -0.000018  0.885474 0.925429 0
0  -0.445116 3.059400 -0.827560  -1.000000 0.000006 -0.000018  0.749545 0.925429 0
0  -0.445154 0.956527 0.546621  -1.000000 0.000006 -0.000018  0.808974 0.834501 0
syringe_lod1
0  0.445242 1.164550 -2.490237  0.000012 -0.552238 -0.833687  0.842853 0.336494 0
0  -0.445101 1.018108 -2.330283  0.000003 -0.906002 -0.423272  0.881357 0.327133 0
0  -0.445098 1.164555 -2.490253  0.000012 -0.552238 -0.833687  0.881353 0.336511 0
syringe_lod1
0  -0.445187 0.698909 2.316025  -1.000000 0.000006 -0.000018  0.885488 0.823366 0
0  -0.445173 3.059165 2.315879  -1.000000 0.000006 -0.000018  0.885474 0.925429 0
0  -0.445161 0.793605 0.876600  -1.000000 0.000006 -0.000018  0.823244 0.827457 0
syringe_lod1
0  -0.445184 0.288682 1.997711  -1.000000 0.000005 -0.000018  0.871725 0.805626 0
0  -0.445186 0.391934 2.142797  -1.000000 0.000006 -0.000018  0.877998 0.810092 0
0  -0.445178 0.246722 1.657830  -1.000000 0.000006 -0.000018  0.857028 0.803811 0
syringe_lod1
0  -0.445178 0.246722 1.657830  -1.000000 0.000006 -0.000018  0.857028 0.803811 0
0  -0.445186 0.391934 2.142797  -1.000000 0.000006 -0.000018  0.877998 0.810092 0
0  -0.445173 0.329188 1.446996  -1.000000 0.000005 -0.000018  0.847911 0.807376 0
syringe_lod1
0  -0.445178 0.246722 1.657830  -1.000000 0.000006 -0.000018  0.857028 0.803811 0
0  -0.445181 0.229641 1.832469  -1.000000 0.000007 -0.000018  0.864579 0.803073 0
0  -0.445184 0.288682 1.997711  -1.000000 0.000005 -0.000018  0.871725 0.805626 0
syringe_lod1
0  -0.445173 3.059165 2.315879  -1.000000 0.000006 -0.000018  0.885474 0.925429 0
0  -0.445154 0.956527 0.546621  -1.000000 0.000006 -0.000018  0.808974 0.834501 0
0  -0.445161 0.793605 0.876600  -1.000000 0.000006 -0.000018  0.823244 0.827457 0
syringe_lod1
0  -0.445161 0.793605 0.876600  -1.000000 0.000006 -0.000018  0.823244 0.827457 0
0  -0.445167 0.538511 1.128843  -1.000000 0.000006 -0.000018  0.834152 0.816427 0
0  -0.445187 0.698909 2.316025  -1.000000 0.000006 -0.000018  0.885488 0.823366 0
syringe_lod1
0  -0.445186 0.391934 2.142797  -1.000000 0.000006 -0.000018  0.877998 0.810092 0
0  -0.445187 0.698909 2.316025  -1.000000 0.000006 -0.000018  0.885488 0.823366 0
0  -0.445173 0.329188 1.446996  -1.000000 0.000005 -0.000018  0.847911 0.807376 0
syringe_lod1
0  -0.445125 1.120357 -1.010129  -1.000000 0.000006 -0.000018  0.741657 0.841580 0
0  -0.445116 3.059400 -0.827560  -1.000000 0.000006 -0.000018  0.749545 0.925429 0
0  -0.445113 3.059414 -1.009984  -1.000000 0.000006 -0.000018  0.741657 0.925429 0
syringe_lod1
0  0.445223 3.059395 -0.827543  1.000000 -0.000006 0.000018  0.623800 0.139849 0
0  0.445166 3.059160 2.315895  1.000000 -0.000006 0.000018  0.623800 0.003920 0
0  0.445186 0.956522 0.546637  1.000000 -0.000006 0.000018  0.714728 0.080420 0
syringe_lod1
0  0.445166 3.059160 2.315895  1.000000 -0.000006 0.000018  0.623800 0.003920 0
0  0.445152 0.698904 2.316041  1.000000 -0.000006 0.000018  0.725862 0.003906 0
0  0.445179 0.793600 0.876616  1.000000 -0.000006 0.000018  0.721772 0.066150 0
syringe_lod1
0  0.445215 1.120352 -1.010113  -0.000005 -0.999242 -0.038935  0.842883 0.269459 0
0  -0.445154 0.956527 0.546621  -0.000001 -0.960574 -0.278025  0.881413 0.201787 0
0  -0.445125 1.120357 -1.010129  -0.000005 -0.999242 -0.038935  0.881383 0.269476 0
syringe_lod1
0  0.445154 0.391929 2.142813  1.000000 -0.000006 0.000018  0.739137 0.011396 0
0  0.445156 0.288677 1.997727  1.000000 -0.000005 0.000018  0.743602 0.017669 0
0  0.445162 0.246717 1.657846  1.000000 -0.000006 0.000018  0.745418 0.032367 0
syringe_lod1
0  0.445156 0.288677 1.997727  1.000000 -0.000005 0.000018  0.743602 0.017669 0
0  0.445158 0.229636 1.832485  1.000000 -0.000005 0.000018  0.746156 0.024815 0
0  0.445162 0.246717 1.657846  1.000000 -0.000006 0.000018  0.745418 0.032367 0
syringe_lod1
0  0.445162 0.246717 1.657846  1.000000 -0.000006 0.000018  0.745418 0.032367 0
0  0.445166 0.329182 1.447012  1.000000 -0.000006 0.000018  0.741852 0.041484 0
0  0.445154 0.391929 2.142813  1.000000 -0.000006 0.000018  0.739137 0.011396 0
syringe_lod1
0  0.445166 3.059160 2.315895  1.000000 -0.000006 0.000018  0.623800 0.003920 0
0  0.445179 0.793600 0.876616  1.000000 -0.000006 0.000018  0.721772 0.066150 0
0  0.445186 0.956522 0.546637  1.000000 -0.000006 0.000018  0.714728 0.080420 0
syringe_lod1
0  0.445173 0.538505 1.128859  1.000000 -0.000006 0.000018  0.732802 0.055242 0
0  0.445179 0.793600 0.876616  1.000000 -0.000006 0.000018  0.721772 0.066150 0
0  0.445152 0.698904 2.316041  1.000000 -0.000006 0.000018  0.725862 0.003906 0
syringe_lod1
0  0.445152 0.698904 2.316041  1.000000 -0.000006 0.000018  0.725862 0.003906 0
0  0.445154 0.391929 2.142813  1.000000 -0.000006 0.000018  0.739137 0.011396 0
0  0.445166 0.329182 1.447012  1.000000 -0.000006 0.000018  0.741852 0.041484 0
syringe_lod1
0  0.445234 0.988279 -2.107042  1.000000 -0.000006 0.000018  0.713363 0.195170 0
0  0.445238 1.018103 -2.330267  1.000000 -0.000005 0.000018  0.712074 0.204823 0
0  0.445242 1.164550 -2.490237  1.000000 -0.000006 0.000018  0.705742 0.211741 0
syringe_lod1
0  -0.445083 3.059540 -2.695393  -1.000000 0.000006 -0.000018  0.668776 0.925429 0
0  -0.445116 1.108173 -1.461896  -1.000000 0.000006 -0.000018  0.722122 0.841052 0
0  -0.445110 3.059427 -1.191345  -1.000000 0.000006 -0.000018  0.733814 0.925429 0
syringe_lod1
0  0.445223 1.108168 -1.461879  1.000000 -0.000006 0.000018  0.708177 0.167273 0
0  0.445234 0.988279 -2.107042  1.000000 -0.000006 0.000018  0.713363 0.195170 0
0  0.445245 1.387441 -2.569229  1.000000 -0.000006 0.000018  0.696104 0.215158 0
syringe_lod1
0  -0.445101 1.018108 -2.330283  -1.000000 0.000005 -0.000018  0.684571 0.837154 0
0  -0.445105 0.988285 -2.107058  -1.000000 0.000006 -0.000018  0.694224 0.835865 0
0  -0.445098 1.164555 -2.490253  -1.000000 0.000006 -0.000018  0.677653 0.843486 0
syringe_lod1
0  -0.445116 1.108173 -1.461896  -1.000000 0.000006 -0.000018  0.722122 0.841052 0
0  -0.445095 1.387446 -2.569245  -1.000000 0.000006 -0.000018  0.674237 0.853124 0
0  -0.445105 0.988285 -2.107058  -1.000000 0.000006 -0.000018  0.694224 0.835865 0
syringe_lod1
0  -0.445186 0.391934 2.142797  -0.000017 -0.718311 0.695723  0.881319 0.121228 0
0  0.445152 0.698904 2.316041  -0.000019 -0.254035 0.967195  0.842826 0.105969 0
0  -0.445187 0.698909 2.316025  -0.000019 -0.254035 0.967195  0.881326 0.105986 0
syringe_lod1
0  1.468442 6.190498 2.138504  0.978087 0.199474 -0.059638  0.074908 0.042159 0
0  1.491356 5.312599 1.790792  0.924433 0.218865 -0.312286  0.113646 0.057175 0
0  1.445935 6.070788 1.793651  0.655600 0.354137 -0.666915  0.079013 0.057175 0
syringe_lod1
0  1.022987 0.972893 1.653769  0.331659 -0.078637 -0.940116  0.048155 0.319281 0
0  0.000000 -0.224347 1.653769  -0.000016 0.146419 -0.989223  0.003906 0.371041 0
0  0.000000 0.972893 1.653769  -0.000000 -0.089399 -0.995996  0.003919 0.319270 0
syringe_lod1
0  1.484061 3.556364 -1.418143  0.957950 0.282942 0.047710  0.376769 0.058255 0
0  1.056896 4.353465 0.039721  0.957455 0.276464 -0.082751  0.317714 0.103222 0
0  1.517242 3.147652 0.194916  0.974083 0.225661 0.015459  0.305481 0.048372 0
syringe_lod1
0  -0.000000 2.833434 -2.221789  -0.002794 -0.995544 0.094261  0.003966 0.122987 0
0  1.022987 2.766613 -1.696742  0.286483 -0.931659 -0.223470  0.048198 0.145886 0
0  -0.000000 2.766613 -1.696742  -0.000881 -0.971739 -0.236055  0.003962 0.145875 0
syringe_lod1
0  1.022987 0.972893 1.653769  0.331659 -0.078637 -0.940116  0.048155 0.319281 0
0  0.000000 1.466371 1.501988  0.000000 -0.534661 -0.845067  0.003925 0.296944 0
0  1.022987 1.466371 1.501988  0.394314 -0.483431 -0.781544  0.048161 0.296955 0
syringe_lod1
0  1.022987 -0.224347 1.653769  0.336081 0.134561 -0.932171  0.644348 0.373960 0
0  1.514152 0.999582 2.116759  0.768674 -0.030436 -0.638916  0.612229 0.322385 0
0  1.514152 -0.524587 2.109405  0.777650 0.040272 -0.627406  0.669977 0.354943 0
syringe_lod1
0  1.016016 5.225276 -0.974901  0.983967 0.165437 0.066637  0.118268 0.128581 0
0  0.792932 5.071896 0.464780  0.745044 0.656923 -0.115597  0.101035 0.067678 0
0  1.056896 4.353465 0.039721  0.957455 0.276464 -0.082751  0.138542 0.074537 0
syringe_lod1
0  1.148073 5.357154 -6.932144  0.407214 0.353904 -0.841979  0.134255 0.445516 0
0  1.363551 4.648986 -6.839737  0.980499 0.071699 -0.182979  0.166957 0.432286 0
0  1.193940 4.627232 -7.132776  0.414469 0.006117 -0.910043  0.168372 0.446044 0
syringe_lod1
0  1.022987 2.272861 0.065833  0.313543 -0.899011 -0.305728  0.509000 0.362568 0
0  1.514152 2.309082 1.366291  0.952631 -0.269806 -0.140356  0.545132 0.314070 0
0  1.022987 1.792713 1.135121  0.360509 -0.816781 -0.450447  0.556516 0.344528 0
syringe_lod1
0  1.022987 2.272861 0.065833  0.313543 -0.899011 -0.305728  0.048178 0.225037 0
0  -0.000000 2.766613 -1.696742  -0.000881 -0.971739 -0.236055  0.003962 0.145875 0
0  1.022987 2.766613 -1.696742  0.286483 -0.931659 -0.223470  0.048198 0.145886 0
syringe_lod1
0  1.514152 -2.732637 2.111974  0.960897 -0.130387 -0.244287  0.463350 0.040552 0
0  1.837219 -3.002538 2.768127  0.699791 -0.470054 -0.537905  0.476190 0.003906 0
0  1.339505 -3.002538 2.129297  0.800740 -0.527268 -0.284258  0.476190 0.040552 0
syringe_lod1
0  1.370718 4.863269 -4.550895  0.984183 0.152948 0.089385  0.518556 0.098633 0
0  1.312647 5.294686 -6.664736  0.989006 0.121773 -0.083892  0.612205 0.103733 0
0  1.308306 5.577902 -4.920351  0.986908 0.140665 0.078901  0.539043 0.126849 0
syringe_lod1
0  2.011866 2.240164 2.768127  0.977936 0.208903 0.001094  0.666982 0.482287 0
0  1.563812 3.234733 2.888029  0.984141 0.177378 -0.001796  0.714130 0.487670 0
0  2.011866 2.240164 2.888029  0.937087 0.349091 0.001842  0.666961 0.487472 0
syringe_lod1
0  2.011866 -2.732637 2.768127  0.997527 -0.070290 0.000000  0.451950 0.481387 0
0  2.011866 -0.524587 2.888029  1.000000 0.000000 0.000000  0.547408 0.486971 0
0  2.011866 -2.732637 2.888029  0.997525 -0.070310 0.000000  0.451928 0.486571 0
syringe_lod1
0  2.011866 2.240164 2.888029  0.000001 0.000000 1.000000  0.444739 0.234145 0
0  -0.000000 3.508027 2.888029  -0.000000 0.000000 1.000000  0.499564 0.321143 0
0  2.011866 1.778510 2.888029  0.000000 0.000000 1.000000  0.424776 0.234145 0
syringe_lod1
0  1.022987 -0.526441 1.431813  0.372466 0.767666 -0.521495  0.244999 0.345367 0
0  0.000000 -0.224347 1.653769  -0.000016 0.146419 -0.989223  0.228789 0.389603 0
0  1.022987 -0.224347 1.653769  0.336081 0.134561 -0.932171  0.228789 0.345367 0
syringe_lod1
0  1.039912 6.008224 -4.328459  0.952064 0.222382 0.210048  0.131222 0.276771 0
0  1.039746 5.822938 -3.430834  0.987381 0.152328 0.043305  0.127218 0.237394 0
0  1.032283 5.418792 -4.050724  0.954935 0.210632 0.209126  0.152007 0.257506 0
syringe_lod1
0  1.444677 3.978923 -4.397437  0.995403 -0.092393 -0.025233  0.506557 0.061500 0
0  1.424004 4.083651 -5.520284  0.999942 -0.001325 -0.010647  0.555320 0.058951 0
0  1.370718 4.863269 -4.550895  0.984183 0.152948 0.089385  0.518556 0.098633 0
syringe_lod1
0  0.984576 7.050434 -6.216067  0.422450 0.408237 -0.809245  0.052995 0.453684 0
0  1.312647 5.294686 -6.664736  0.989006 0.121773 -0.083892  0.132849 0.431730 0
0  1.148073 5.357154 -6.932144  0.407214 0.353904 -0.841979  0.134255 0.445516 0
syringe_lod1
0  1.022987 -0.913695 0.845175  0.310459 0.092658 -0.946060  0.277749 0.345367 0
0  0.000000 -0.605678 1.055915  -0.000000 0.834568 -0.550905  0.261611 0.389603 0
0  1.022987 -0.605678 1.055915  0.389151 0.752191 -0.531761  0.261611 0.345367 0
syringe_lod1
0  -0.000000 2.822337 -4.690058  -0.000006 -0.994378 -0.105888  0.318776 0.497822 0
0  1.288071 3.758652 -5.553248  0.539035 -0.836591 -0.097759  0.267206 0.437157 0
0  1.322894 3.628284 -4.338072  0.642238 -0.751303 -0.151902  0.319846 0.430578 0
syringe_lod1
0  0.807233 7.504354 -6.040373  0.429740 0.709724 -0.558225  0.032257 0.462691 0
0  0.000000 7.553051 -6.263558  -0.000006 0.556985 -0.830522  0.035616 0.497822 0
0  -0.000000 7.821269 -5.914310  -0.000001 0.963531 -0.267598  0.017244 0.497822 0
syringe_lod1
0  -0.000000 6.951993 -3.343090  -0.000000 0.957885 0.287151  0.056216 0.249426 0
0  0.860601 6.782375 -4.604121  0.729420 0.610250 0.309097  0.101745 0.298366 0
0  0.000000 7.297467 -4.736646  -0.000037 0.920742 0.390173  0.059886 0.311672 0
syringe_lod1
0  0.792932 5.071896 0.464780  0.745044 0.656923 -0.115597  0.306152 0.139261 0
0  1.491184 4.284505 1.676758  0.968568 0.139287 -0.206094  0.244591 0.102689 0
0  1.056896 4.353465 0.039721  0.957455 0.276464 -0.082751  0.317714 0.103222 0
syringe_lod1
0  1.514152 -2.732637 2.111974  0.960897 -0.130387 -0.244287  0.463350 0.040552 0
0  1.514152 -1.393440 2.110303  0.929522 -0.000212 -0.368767  0.404985 0.040552 0
0  2.011866 -2.732637 2.768127  0.794673 -0.069845 -0.603006  0.462811 0.003906 0
syringe_lod1
0  1.109736 6.964766 -5.958848  0.971066 0.212937 -0.108118  0.592530 0.180394 0
0  1.308306 5.577902 -4.920351  0.986908 0.140665 0.078901  0.539043 0.126849 0
0  1.312647 5.294686 -6.664736  0.989006 0.121773 -0.083892  0.612205 0.103733 0
syringe_lod1
0  1.212120 2.981876 -2.409526  0.815428 -0.575506 -0.062204  0.406600 0.408922 0
0  1.141140 2.833907 -2.684417  0.933419 -0.348095 0.086937  0.401929 0.422267 0
0  1.428442 3.591020 -3.131937  0.930202 -0.313764 -0.190464  0.364644 0.408303 0
syringe_lod1
0  0.000000 3.725906 -7.261336  -0.000002 -0.619527 -0.784975  0.201307 0.497822 0
0  1.193940 4.627232 -7.132776  0.414469 0.006117 -0.910043  0.168372 0.446044 0
0  1.240456 3.932007 -6.894217  0.421709 -0.556854 -0.715594  0.202001 0.442008 0
syringe_lod1
0  1.428281 3.939248 -6.218332  0.995608 -0.089998 -0.025806  0.584382 0.048372 0
0  1.412859 4.071863 -6.642946  0.990800 -0.026096 -0.132797  0.603438 0.051407 0
0  1.363551 4.648986 -6.839737  0.980499 0.071699 -0.182979  0.615556 0.074943 0
syringe_lod1
0  1.469567 3.195471 -1.570826  0.906821 -0.406414 -0.111815  0.425960 0.374579 0
0  1.212120 2.981876 -2.409526  0.815428 -0.575506 -0.062204  0.406600 0.408922 0
0  1.428442 3.591020 -3.131937  0.930202 -0.313764 -0.190464  0.364644 0.408303 0
syringe_lod1
0  0.490776 1.808612 -3.271477  0.335569 -0.667328 -0.664881  0.407859 0.479210 0
0  0.550211 2.187544 -3.414012  0.178570 -0.364478 -0.913930  0.390787 0.474913 0
0  0.956888 2.259059 -3.313687  0.737891 -0.457621 -0.496085  0.395493 0.458218 0
syringe_lod1
0  0.912372 2.185632 -2.760654  0.250864 -0.427584 0.868469  0.043742 0.084940 0
0  0.000000 1.711271 -2.823428  0.000000 -0.425594 0.904914  0.003906 0.064996 0
0  0.432192 1.752879 -2.823428  0.336714 -0.724693 0.601202  0.022627 0.066423 0
syringe_lod1
0  1.168092 6.818786 -5.341529  0.970386 0.218466 0.103067  0.565543 0.176760 0
0  1.039912 6.008224 -4.328459  0.952064 0.222382 0.210048  0.515626 0.151364 0
0  1.308306 5.577902 -4.920351  0.986908 0.140665 0.078901  0.539043 0.126849 0
syringe_lod1
0  1.240456 3.932007 -6.894217  0.421709 -0.556854 -0.715594  0.202001 0.442008 0
0  1.363551 4.648986 -6.839737  0.980499 0.071699 -0.182979  0.166957 0.432286 0
0  1.412859 4.071863 -6.642946  0.990800 -0.026096 -0.132797  0.196369 0.427489 0
syringe_lod1
0  0.578233 3.510824 2.617093  -0.005171 0.999986 -0.000714  0.175108 0.265705 0
0  -0.000000 3.508027 2.888029  0.000000 1.000000 -0.000253  0.159369 0.288393 0
0  1.110547 3.513870 2.888029  -0.005261 0.999986 -0.000908  0.167413 0.241049 0
syringe_lod1
0  1.022987 2.272861 0.065833  0.313543 -0.899011 -0.305728  0.509000 0.362568 0
0  1.469567 3.195471 -1.570826  0.906821 -0.406414 -0.111815  0.425960 0.374579 0
0  1.514152 2.766638 0.121645  0.898974 -0.414923 -0.140305  0.492213 0.337239 0
syringe_lod1
0  1.493351 3.393397 1.225901  0.990796 0.116371 -0.069149  0.262120 0.063164 0
0  1.517242 3.147652 0.194916  0.974083 0.225661 0.015459  0.305481 0.048372 0
0  1.056896 4.353465 0.039721  0.957455 0.276464 -0.082751  0.317714 0.103222 0
syringe_lod1
0  -0.000000 2.554605 -3.624085  -0.000002 -0.648420 -0.761283  0.370447 0.497822 0
0  0.618978 2.865908 -3.959686  0.585899 -0.735406 -0.340442  0.350716 0.468690 0
0  0.618978 2.625980 -3.578930  0.533925 -0.539063 -0.651410  0.370678 0.468385 0
syringe_lod1
0  2.011866 -2.732637 2.888029  0.000000 0.000000 1.000000  0.229705 0.234145 0
0  -0.000000 -3.002538 2.888029  0.000000 0.000000 1.000000  0.218034 0.321143 0
0  1.837219 -3.002538 2.888029  0.000000 0.000000 1.000000  0.218034 0.241697 0
syringe_lod1
0  1.022987 -0.526441 1.431813  0.372466 0.767666 -0.521495  0.653527 0.387383 0
0  1.514152 -1.071387 1.493112  0.819308 0.445650 -0.360736  0.685610 0.387950 0
0  1.022987 -0.605678 1.055915  0.389151 0.752191 -0.531761  0.654522 0.404034 0
syringe_lod1
0  1.514152 -1.393440 2.110303  0.929522 -0.000212 -0.368767  0.404985 0.040552 0
0  2.011866 -0.524587 2.768127  0.796974 0.000542 -0.604014  0.367272 0.003906 0
0  2.011866 -2.732637 2.768127  0.794673 -0.069845 -0.603006  0.462811 0.003906 0
syringe_lod1
0  1.514152 1.824041 1.966471  0.892623 -0.047305 -0.448316  0.263734 0.040552 0
0  2.011866 1.013617 2.768127  0.810916 -0.016370 -0.584933  0.300716 0.003906 0
0  1.514152 0.999582 2.116759  0.768674 -0.030436 -0.638916  0.300982 0.040552 0
syringe_lod1
0  2.011866 -2.732637 2.768127  0.997527 -0.070290 0.000000  0.451950 0.481387 0
0  1.837219 -3.002538 2.888029  0.839562 -0.543263 0.000000  0.438027 0.486513 0
0  1.837219 -3.002538 2.768127  0.839562 -0.543264 0.000000  0.438049 0.481329 0
syringe_lod1
0  2.011866 2.240164 2.768127  0.977936 0.208903 0.001094  0.666982 0.482287 0
0  2.011866 2.240164 2.888029  0.937087 0.349091 0.001842  0.666961 0.487472 0
0  2.011866 1.778510 2.888029  1.000000 0.000000 0.000000  0.646998 0.487389 0
syringe_lod1
0  2.011866 -0.524587 2.888029  1.000000 0.000000 0.000000  0.547408 0.486971 0
0  2.011866 1.013617 2.768127  1.000000 0.000000 0.000000  0.613945 0.482065 0
0  2.011866 1.013617 2.888029  1.000000 0.000000 0.000000  0.613923 0.487250 0
syringe_lod1
0  1.022987 -2.732637 0.845175  0.284179 -0.084604 -0.955031  0.356404 0.345367 0
0  -0.000000 -0.913695 0.845175  -0.000010 0.098595 -0.995127  0.277749 0.389603 0
0  1.022987 -0.913695 0.845175  0.310459 0.092658 -0.946060  0.277749 0.345367 0
syringe_lod1
0  -0.000000 -3.002538 2.888029  0.000000 0.000000 1.000000  0.218034 0.321143 0
0  2.011866 -0.524587 2.888029  -0.000000 0.000000 1.000000  0.325185 0.234145 0
0  2.011866 1.013617 2.888029  -0.000000 0.000000 1.000000  0.391700 0.234145 0
syringe_lod1
0  1.514152 -0.524587 2.109405  0.777650 0.040272 -0.627406  0.367286 0.040552 0
0  2.011866 1.013617 2.768127  0.810916 -0.016370 -0.584933  0.300716 0.003906 0
0  2.011866 -0.524587 2.768127  0.796974 0.000542 -0.604014  0.367272 0.003906 0
syringe_lod1
0  1.012515 2.827971 -2.242488  0.108992 -0.989487 0.095061  0.419326 0.412693 0
0  1.212120 2.981876 -2.409526  0.815428 -0.575506 -0.062204  0.406600 0.408922 0
0  1.022987 2.766613 -1.696742  0.286483 -0.931659 -0.223470  0.438478 0.398925 0
syringe_lod1
0  0.578233 3.510824 2.617093  -0.005171 0.999986 -0.000714  0.175108 0.265705 0
0  -0.000000 3.508027 2.518836  0.000000 1.000000 0.000000  0.175108 0.291068 0
0  -0.000000 3.508027 2.888029  0.000000 1.000000 -0.000253  0.159369 0.288393 0
syringe_lod1
0  1.514152 6.221346 2.888029  0.987823 0.129341 -0.086467  0.073271 0.007337 0
0  1.480133 3.314119 2.044683  0.993349 0.046515 -0.105331  0.199409 0.041837 0
0  1.468442 6.190498 2.138504  0.978087 0.199474 -0.059638  0.074908 0.042159 0
syringe_lod1
0  0.865127 7.475257 -5.748987  0.637560 0.764923 0.091706  0.585669 0.206198 0
0  0.000000 7.715066 -5.191348  -0.000006 0.855117 0.518435  0.554963 0.241211 0
0  0.884636 7.319439 -5.311028  0.574390 0.712411 0.403170  0.566430 0.200880 0
syringe_lod1
0  1.339505 -3.002538 2.129297  0.000000 -1.000000 -0.000000  0.873392 0.733254 0
0  0.991838 -3.002538 1.019822  0.000000 -1.000000 0.000000  0.823162 0.731098 0
0  1.339505 -3.002537 1.389886  0.000001 -1.000000 0.000000  0.843319 0.722394 0
syringe_lod1
0  1.339505 -3.002538 2.129297  0.000000 -1.000000 -0.000000  0.873392 0.733254 0
0  1.837219 -3.002538 2.768127  0.000000 -1.000000 -0.000000  0.906684 0.722394 0
0  0.000000 -3.002538 2.768127  0.000000 -1.000000 -0.000000  0.879700 0.797116 0
syringe_lod1
0  1.480133 3.314119 2.044683  0.993349 0.046515 -0.105331  0.199409 0.041837 0
0  2.011866 2.240164 2.768127  0.877050 0.078372 -0.473963  0.248504 0.003906 0
0  1.514152 1.824041 1.966471  0.892623 -0.047305 -0.448316  0.263734 0.040552 0
syringe_lod1
0  1.110547 6.615771 2.888029  0.514324 0.854876 -0.068241  0.050108 0.008709 0
0  1.038936 6.594186 2.138504  0.314178 0.937293 -0.150910  0.049429 0.041509 0
0  0.578233 6.615771 2.617092  0.014774 0.999646 -0.022150  0.028559 0.021228 0
syringe_lod1
0  1.424004 4.083651 -5.520284  0.999942 -0.001325 -0.010647  0.196683 0.372347 0
0  1.271913 3.624864 -6.301474  0.416431 -0.894366 -0.163387  0.222364 0.402879 0
0  1.428281 3.939248 -6.218332  0.995608 -0.089998 -0.025806  0.206755 0.401673 0
syringe_lod1
0  1.514152 -1.393440 2.110303  0.929522 -0.000212 -0.368767  0.522041 0.004163 0
0  1.514152 -1.412964 1.342508  0.925626 0.035899 -0.376734  0.522624 0.037370 0
0  1.514152 -0.897134 1.871507  0.903094 0.341164 -0.260822  0.500499 0.014320 0
syringe_lod1
0  1.514152 -0.897134 1.871507  0.903094 0.341164 -0.260822  0.500499 0.014320 0
0  1.514152 -0.524587 2.109405  0.777650 0.040272 -0.627406  0.484470 0.003906 0
0  1.514152 -1.393440 2.110303  0.929522 -0.000212 -0.368767  0.522041 0.004163 0
syringe_lod1
0  0.000000 -0.605678 1.055915  -0.000000 0.834568 -0.550905  0.261611 0.389603 0
0  1.022987 -0.526441 1.431813  0.372466 0.767666 -0.521495  0.244999 0.345367 0
0  1.022987 -0.605678 1.055915  0.389151 0.752191 -0.531761  0.261611 0.345367 0
syringe_lod1
0  1.016016 5.225276 -0.974901  0.983967 0.165437 0.066637  0.118268 0.128581 0
0  1.056896 4.353465 0.039721  0.957455 0.276464 -0.082751  0.138542 0.074537 0
0  1.050772 4.523576 -1.013336  0.965417 0.256101 0.048818  0.147420 0.120145 0
syringe_lod1
0  0.000000 1.792713 1.135121  -0.000000 -0.871937 -0.489618  0.003930 0.275712 0
0  1.022987 2.272861 0.065833  0.313543 -0.899011 -0.305728  0.048178 0.225037 0
0  1.022987 1.792713 1.135121  0.360509 -0.816781 -0.450447  0.048166 0.275723 0
syringe_lod1
0  1.491356 5.312599 1.790792  0.924433 0.218865 -0.312286  0.241387 0.147465 0
0  1.031630 5.680978 1.553434  0.289856 0.610024 -0.737465  0.258820 0.169003 0
0  1.445935 6.070788 1.793651  0.655600 0.354137 -0.666915  0.232700 0.177369 0
syringe_lod1
0  0.485435 1.690650 -3.018381  0.472672 -0.878881 -0.064417  0.419656 0.478309 0
0  0.000000 1.758795 -3.274486  0.000006 -0.631726 -0.775191  0.408544 0.497822 0
0  0.490776 1.808612 -3.271477  0.335569 -0.667328 -0.664881  0.407859 0.479210 0
syringe_lod1
0  2.011866 1.013617 2.768127  1.000000 0.000000 0.000000  0.613945 0.482065 0
0  2.011866 1.778510 2.888029  1.000000 0.000000 0.000000  0.646998 0.487389 0
0  2.011866 1.013617 2.888029  1.000000 0.000000 0.000000  0.613923 0.487250 0
syringe_lod1
0  1.837219 -3.002538 2.768127  0.000000 -1.000000 -0.000000  0.906684 0.722394 0
0  -0.000000 -3.002538 2.888029  0.000000 -1.000000 -0.000000  0.884577 0.798877 0
0  0.000000 -3.002538 2.768127  0.000000 -1.000000 -0.000000  0.879700 0.797116 0
syringe_lod1
0  -0.000000 3.508027 2.888029  -0.000000 0.000000 1.000000  0.499564 0.321143 0
0  1.563812 3.234733 2.888029  -0.000000 0.000000 1.000000  0.487746 0.253520 0
0  1.110547 3.513870 2.888029  -0.000000 0.000000 1.000000  0.499816 0.273120 0
syringe_lod1
0  1.514152 6.221346 2.888029  0.987823 0.129341 -0.086467  0.073271 0.007337 0
0  1.563122 3.237669 2.741371  0.969023 0.114555 -0.218794  0.202103 0.013183 0
0  1.480133 3.314119 2.044683  0.993349 0.046515 -0.105331  0.199409 0.041837 0
syringe_lod1
0  1.514152 -1.071387 1.493112  0.819308 0.445650 -0.360736  0.507905 0.030741 0
0  1.514152 -0.897134 1.871507  0.903094 0.341164 -0.260822  0.500499 0.014320 0
0  1.514152 -1.412964 1.342508  0.925626 0.035899 -0.376734  0.522624 0.037370 0
syringe_lod1
0  1.032283 5.418792 -4.050724  0.954935 0.210632 0.209126  0.152007 0.257506 0
0  1.039746 5.822938 -3.430834  0.987381 0.152328 0.043305  0.127218 0.237394 0
0  1.028819 5.064904 -3.537079  0.967122 0.243876 0.072103  0.159833 0.231513 0
syringe_lod1
0  1.514152 -1.393440 2.110303  0.929522 -0.000212 -0.368767  0.404985 0.040552 0
0  1.514152 -0.524587 2.109405  0.777650 0.040272 -0.627406  0.367286 0.040552 0
0  2.011866 -0.524587 2.768127  0.796974 0.000542 -0.604014  0.367272 0.003906 0
syringe_lod1
0  2.011866 -0.524587 2.888029  1.000000 0.000000 0.000000  0.547408 0.486971 0
0  2.011866 -0.524587 2.768127  1.000000 0.000000 0.000000  0.547430 0.481787 0
0  2.011866 1.013617 2.768127  1.000000 0.000000 0.000000  0.613945 0.482065 0
syringe_lod1
0  1.480133 3.314119 2.044683  0.993349 0.046515 -0.105331  0.199409 0.041837 0
0  1.493351 3.393397 1.225901  0.990796 0.116371 -0.069149  0.197320 0.077141 0
0  1.491184 4.284505 1.676758  0.968568 0.139287 -0.206094  0.157929 0.057175 0
syringe_lod1
0  1.484061 3.556364 -1.418143  0.957950 0.282942 0.047710  0.198901 0.192547 0
0  1.514152 2.766638 0.121645  0.898974 -0.414923 -0.140305  0.227624 0.123207 0
0  1.469567 3.195471 -1.570826  0.906821 -0.406414 -0.111815  0.215092 0.197772 0
syringe_lod1
0  1.022987 1.466371 1.501988  0.394314 -0.483431 -0.781544  0.577623 0.341925 0
0  1.514152 2.309082 1.366291  0.952631 -0.269806 -0.140356  0.545132 0.314070 0
0  1.514152 1.824041 1.966471  0.892623 -0.047305 -0.448316  0.578352 0.308711 0
syringe_lod1
0  0.000000 7.172117 -6.439604  -0.000001 0.418916 -0.908025  0.052896 0.497822 0
0  0.807233 7.504354 -6.040373  0.429740 0.709724 -0.558225  0.032257 0.462691 0
0  0.984576 7.050434 -6.216067  0.422450 0.408237 -0.809245  0.052995 0.453684 0
syringe_lod1
0  1.514152 6.221346 2.888029  0.000001 0.000000 1.000000  0.616893 0.255668 0
0  1.110547 3.513870 2.888029  -0.000000 0.000000 1.000000  0.499816 0.273120 0
0  1.563812 3.234733 2.888029  -0.000000 0.000000 1.000000  0.487746 0.253520 0
syringe_lod1
0  1.039912 6.008224 -4.328459  0.952064 0.222382 0.210048  0.131222 0.276771 0
0  0.828968 6.514223 -3.352112  0.698552 0.685910 0.203845  0.096353 0.243411 0
0  1.039746 5.822938 -3.430834  0.987381 0.152328 0.043305  0.127218 0.237394 0
syringe_lod1
0  1.491356 5.312599 1.790792  0.924433 0.218865 -0.312286  0.241387 0.147465 0
0  0.792932 5.071896 0.464780  0.745044 0.656923 -0.115597  0.306152 0.139261 0
0  1.031630 5.680978 1.553434  0.289856 0.610024 -0.737465  0.258820 0.169003 0
syringe_lod1
0  2.011866 -2.732637 2.888029  0.000000 0.000000 1.000000  0.229705 0.234145 0
0  2.011866 -0.524587 2.888029  -0.000000 0.000000 1.000000  0.325185 0.234145 0
0  -0.000000 -3.002538 2.888029  0.000000 0.000000 1.000000  0.218034 0.321143 0
syringe_lod1
0  -0.000000 6.105237 -0.800425  -0.000002 0.932215 0.361904  0.056216 0.132865 0
0  0.792932 5.071896 0.464780  0.745044 0.656923 -0.115597  0.101035 0.067678 0
0  0.845453 5.691479 -0.900935  0.691761 0.671936 0.264517  0.096954 0.132073 0
syringe_lod1
0  1.029988 2.181418 -2.947191  0.853654 -0.517278 0.060803  0.409951 0.450703 0
0  1.112873 2.648437 -3.346772  0.845218 -0.243050 -0.475955  0.383798 0.446832 0
0  1.141140 2.833907 -2.684417  0.933419 -0.348095 0.086937  0.401929 0.422267 0
syringe_lod1
0  0.432192 1.752879 -2.823428  0.336714 -0.724693 0.601202  0.428287 0.476767 0
0  1.029988 2.181418 -2.947191  0.853654 -0.517278 0.060803  0.409951 0.450703 0
0  0.912372 2.185632 -2.760654  0.250864 -0.427584 0.868469  0.418923 0.448289 0
syringe_lod1
0  0.000000 5.891511 1.515698  -0.000002 0.687910 -0.725796  0.291034 0.202787 0
0  0.792932 5.071896 0.464780  0.745044 0.656923 -0.115597  0.306152 0.139261 0
0  0.000000 5.395619 0.595046  -0.000000 0.999961 0.008863  0.322021 0.171912 0
syringe_lod1
0  1.491356 5.312599 1.790792  0.924433 0.218865 -0.312286  0.113646 0.057175 0
0  1.480133 3.314119 2.044683  0.993349 0.046515 -0.105331  0.199409 0.041837 0
0  1.491184 4.284505 1.676758  0.968568 0.139287 -0.206094  0.157929 0.057175 0
syringe_lod1
0  1.436016 4.148170 -3.753822  0.975551 0.191764 0.107367  0.480039 0.072606 0
0  1.444677 3.978923 -4.397437  0.995403 -0.092393 -0.025233  0.506557 0.061500 0
0  1.370718 4.863269 -4.550895  0.984183 0.152948 0.089385  0.518556 0.098633 0
syringe_lod1
0  0.000000 3.725906 -7.261336  -0.000002 -0.619527 -0.784975  0.201307 0.497822 0
0  1.271913 3.624864 -6.301474  0.416431 -0.894366 -0.163387  0.233707 0.441500 0
0  0.000000 3.267892 -6.451303  -0.000003 -0.982698 -0.185216  0.237285 0.497822 0
syringe_lod1
0  1.029988 2.181418 -2.947191  0.853654 -0.517278 0.060803  0.409951 0.450703 0
0  0.982807 2.677694 -2.510661  0.208353 -0.563261 0.799579  0.414139 0.424195 0
0  0.912372 2.185632 -2.760654  0.250864 -0.427584 0.868469  0.418923 0.448289 0
syringe_lod1
0  1.514152 6.221346 2.888029  0.987823 0.129341 -0.086467  0.073271 0.007337 0
0  1.038936 6.594186 2.138504  0.314178 0.937293 -0.150910  0.049429 0.041509 0
0  1.110547 6.615771 2.888029  0.514324 0.854876 -0.068241  0.050108 0.008709 0
syringe_lod1
0  0.987241 6.488971 1.797385  0.176633 0.599886 -0.780345  0.048980 0.057175 0
0  0.000000 6.615771 2.138504  -0.000001 0.987264 -0.159090  0.004395 0.042041 0
0  1.038936 6.594186 2.138504  0.314178 0.937293 -0.150910  0.049429 0.041509 0
syringe_lod1
0  0.000000 5.432243 -7.243714  0.000000 0.372578 -0.928001  0.133100 0.497822 0
0  1.193940 4.627232 -7.132776  0.414469 0.006117 -0.910043  0.168372 0.446044 0
0  -0.000000 4.615582 -7.478561  -0.000002 -0.003501 -0.999994  0.166193 0.497822 0
syringe_lod1
0  1.031630 5.680978 1.553434  0.289856 0.610024 -0.737465  0.258820 0.169003 0
0  0.987241 6.488971 1.797385  0.176633 0.599886 -0.780345  0.240783 0.201940 0
0  1.445935 6.070788 1.793651  0.655600 0.354137 -0.666915  0.232700 0.177369 0
syringe_lod1
0  0.828968 6.514223 -3.352112  0.698552 0.685910 0.203845  0.096353 0.243411 0
0  1.016016 5.225276 -0.974901  0.983967 0.165437 0.066637  0.118268 0.128581 0
0  1.039746 5.822938 -3.430834  0.987381 0.152328 0.043305  0.127218 0.237394 0
syringe_lod1
0  1.514152 2.309082 1.366291  0.952631 -0.269806 -0.140356  0.244314 0.068218 0
0  1.517242 3.147652 0.194916  0.974083 0.225661 0.015459  0.210912 0.121240 0
0  1.493351 3.393397 1.225901  0.990796 0.116371 -0.069149  0.197320 0.077141 0
syringe_lod1
0  1.514152 -0.897134 1.871507  0.903094 0.341164 -0.260822  0.681585 0.370285 0
0  1.022987 -0.224347 1.653769  0.336081 0.134561 -0.932171  0.644348 0.373960 0
0  1.514152 -0.524587 2.109405  0.777650 0.040272 -0.627406  0.669977 0.354943 0
syringe_lod1
0  1.056896 4.353465 0.039721  0.957455 0.276464 -0.082751  0.317714 0.103222 0
0  1.491184 4.284505 1.676758  0.968568 0.139287 -0.206094  0.244591 0.102689 0
0  1.493351 3.393397 1.225901  0.990796 0.116371 -0.069149  0.262120 0.063164 0
syringe_lod1
0  1.022987 1.466371 1.501988  0.394314 -0.483431 -0.781544  0.048161 0.296955 0
0  0.000000 1.792713 1.135121  -0.000000 -0.871937 -0.489618  0.003930 0.275712 0
0  1.022987 1.792713 1.135121  0.360509 -0.816781 -0.450447  0.048166 0.275723 0
syringe_lod1
0  0.000000 5.432243 -7.243714  0.000000 0.372578 -0.928001  0.133100 0.497822 0
0  0.984576 7.050434 -6.216067  0.422450 0.408237 -0.809245  0.052995 0.453684 0
0  1.148073 5.357154 -6.932144  0.407214 0.353904 -0.841979  0.134255 0.445516 0
syringe_lod1
0  0.618978 2.865908 -3.959686  0.585899 -0.735406 -0.340442  0.350716 0.468690 0
0  0.000000 2.892903 -4.410400  0.000008 -0.964709 -0.263319  0.330999 0.497822 0
0  1.322894 3.628284 -4.338072  0.642238 -0.751303 -0.151902  0.319846 0.430578 0
syringe_lod1
0  0.000000 2.960060 -5.239404  -0.000012 -0.955673 -0.294429  0.294196 0.497822 0
0  -0.000000 3.351034 -5.673006  0.000020 -0.995749 -0.092113  0.269475 0.497822 0
0  1.288071 3.758652 -5.553248  0.539035 -0.836591 -0.097759  0.267206 0.437157 0
syringe_lod1
0  1.240456 3.932007 -6.894217  0.421709 -0.556854 -0.715594  0.215324 0.430984 0
0  1.428281 3.939248 -6.218332  0.995608 -0.089998 -0.025806  0.206755 0.401673 0
0  1.271913 3.624864 -6.301474  0.416431 -0.894366 -0.163387  0.222364 0.402879 0
syringe_lod1
0  1.141140 2.833907 -2.684417  0.933419 -0.348095 0.086937  0.401929 0.422267 0
0  1.112873 2.648437 -3.346772  0.845218 -0.243050 -0.475955  0.383798 0.446832 0
0  1.428442 3.591020 -3.131937  0.930202 -0.313764 -0.190464  0.364644 0.408303 0
syringe_lod1
0  0.884636 7.319439 -5.311028  0.574390 0.712411 0.403170  0.566430 0.200880 0
0  0.000000 7.297467 -4.736646  -0.000037 0.920742 0.390173  0.531127 0.228695 0
0  0.860601 6.782375 -4.604121  0.729420 0.610250 0.309097  0.531781 0.184389 0
syringe_lod1
0  -0.000000 2.699334 -2.487246  0.051403 -0.544636 0.837096  0.003983 0.110127 0
0  0.912372 2.185632 -2.760654  0.250864 -0.427584 0.868469  0.043742 0.084940 0
0  0.982807 2.677694 -2.510661  0.208353 -0.563261 0.799579  0.046484 0.108843 0
syringe_lod1
0  0.618978 2.625980 -3.578930  0.533925 -0.539063 -0.651410  0.370678 0.468385 0
0  0.956888 2.259059 -3.313687  0.737891 -0.457621 -0.496085  0.395493 0.458218 0
0  0.550211 2.187544 -3.414012  0.178570 -0.364478 -0.913930  0.390787 0.474913 0
syringe_lod1
0  1.109736 6.964766 -5.958848  0.971066 0.212937 -0.108118  0.050346 0.441030 0
0  0.807233 7.504354 -6.040373  0.429740 0.709724 -0.558225  0.032257 0.462691 0
0  0.865127 7.475257 -5.748987  0.637560 0.764923 0.091706  0.022513 0.454630 0
syringe_lod1
0  -0.000000 7.821269 -5.914310  -0.000001 0.963531 -0.267598  0.017244 0.497822 0
0  0.865127 7.475257 -5.748987  0.637560 0.764923 0.091706  0.022513 0.454630 0
0  0.807233 7.504354 -6.040373  0.429740 0.709724 -0.558225  0.032257 0.462691 0
syringe_lod1
0  0.884636 7.319439 -5.311028  0.574390 0.712411 0.403170  0.566430 0.200880 0
0  1.109736 6.964766 -5.958848  0.971066 0.212937 -0.108118  0.592530 0.180394 0
0  0.865127 7.475257 -5.748987  0.637560 0.764923 0.091706  0.585669 0.206198 0
syringe_lod1
0  0.000000 2.127789 -3.436179  0.000000 -0.382810 -0.923827  0.390775 0.497822 0
0  0.490776 1.808612 -3.271477  0.335569 -0.667328 -0.664881  0.407859 0.479210 0
0  0.000000 1.758795 -3.274486  0.000006 -0.631726 -0.775191  0.408544 0.497822 0
syringe_lod1
0  1.212120 2.981876 -2.409526  0.815428 -0.575506 -0.062204  0.406600 0.408922 0
0  0.982807 2.677694 -2.510661  0.208353 -0.563261 0.799579  0.414139 0.424195 0
0  1.141140 2.833907 -2.684417  0.933419 -0.348095 0.086937  0.401929 0.422267 0
syringe_lod1
0  1.022987 2.766613 -1.696742  0.286483 -0.931659 -0.223470  0.438478 0.398925 0
0  1.212120 2.981876 -2.409526  0.815428 -0.575506 -0.062204  0.406600 0.408922 0
0  1.469567 3.195471 -1.570826  0.906821 -0.406414 -0.111815  0.425960 0.374579 0
syringe_lod1
0  1.039746 5.822938 -3.430834  0.987381 0.152328 0.043305  0.127218 0.237394 0
0  1.050772 4.523576 -1.013336  0.965417 0.256101 0.048818  0.147420 0.120145 0
0  1.028819 5.064904 -3.537079  0.967122 0.243876 0.072103  0.159833 0.231513 0
syringe_lod1
0  2.011866 1.778510 2.888029  0.000000 0.000000 1.000000  0.424776 0.234145 0
0  -0.000000 -3.002538 2.888029  0.000000 0.000000 1.000000  0.218034 0.321143 0
0  2.011866 1.013617 2.888029  -0.000000 0.000000 1.000000  0.391700 0.234145 0
syringe_lod1
0  0.828968 6.514223 -3.352112  0.698552 0.685910 0.203845  0.096353 0.243411 0
0  -0.000000 6.105237 -0.800425  -0.000002 0.932215 0.361904  0.056216 0.132865 0
0  0.845453 5.691479 -0.900935  0.691761 0.671936 0.264517  0.096954 0.132073 0
syringe_lod1
0  1.032283 5.418792 -4.050724  0.954935 0.210632 0.209126  0.499054 0.128542 0
0  1.436016 4.148170 -3.753822  0.975551 0.191764 0.107367  0.480039 0.072606 0
0  1.370718 4.863269 -4.550895  0.984183 0.152948 0.089385  0.518556 0.098633 0
syringe_lod1
0  1.112873 2.648437 -3.346772  0.845218 -0.243050 -0.475955  0.383798 0.446832 0
0  0.618978 2.625980 -3.578930  0.533925 -0.539063 -0.651410  0.370678 0.468385 0
0  1.428442 3.591020 -3.131937  0.930202 -0.313764 -0.190464  0.364644 0.408303 0
syringe_lod1
0  1.271913 3.624864 -6.301474  0.416431 -0.894366 -0.163387  0.233707 0.441500 0
0  -0.000000 3.351034 -5.673006  0.000020 -0.995749 -0.092113  0.269475 0.497822 0
0  0.000000 3.267892 -6.451303  -0.000003 -0.982698 -0.185216  0.237285 0.497822 0
syringe_lod1
0  0.000000 5.891511 1.515698  -0.000002 0.687910 -0.725796  0.291034 0.202787 0
0  0.987241 6.488971 1.797385  0.176633 0.599886 -0.780345  0.240783 0.201940 0
0  1.031630 5.680978 1.553434  0.289856 0.610024 -0.737465  0.258820 0.169003 0
syringe_lod1
0  0.991838 -3.002538 1.019822  0.242313 -0.552974 -0.797185  0.749008 0.453904 0
0  1.514152 -2.732637 1.342508  0.918850 -0.096524 -0.382619  0.748569 0.424757 0
0  1.339505 -3.002537 1.389886  0.788617 -0.548269 -0.278361  0.759027 0.434246 0
syringe_lod1
0  1.514152 -2.732637 2.111974  0.960897 -0.130387 -0.244287  0.579949 0.004546 0
0  1.339505 -3.002537 1.389886  0.788617 -0.548269 -0.278361  0.593604 0.035879 0
0  1.514152 -2.732637 1.342508  0.918850 -0.096524 -0.382619  0.579687 0.037818 0
syringe_lod1
0  -0.000000 -3.002538 1.019822  0.000000 -1.000000 0.000000  0.808595 0.771438 0
0  1.339505 -3.002538 2.129297  0.000000 -1.000000 -0.000000  0.873392 0.733254 0
0  0.000000 -3.002538 2.768127  0.000000 -1.000000 -0.000000  0.879700 0.797116 0
syringe_lod1
0  1.514152 -1.412964 1.342508  0.925626 0.035899 -0.376734  0.697163 0.399352 0
0  1.022987 -2.732637 0.845175  0.284179 -0.084604 -0.955031  0.735108 0.451985 0
0  1.022987 -0.913695 0.845175  0.310459 0.092658 -0.946060  0.664266 0.416979 0
syringe_lod1
0  0.991838 -3.002538 1.019822  0.242313 -0.552974 -0.797185  0.370305 0.346714 0
0  -0.000000 -2.732637 0.845175  -0.000010 -0.082243 -0.996612  0.356404 0.389603 0
0  1.022987 -2.732637 0.845175  0.284179 -0.084604 -0.955031  0.356404 0.345367 0
syringe_lod1
0  0.000000 6.615771 2.518836  0.000000 0.000000 1.000000  0.498648 0.379851 0
0  0.578233 3.510824 2.617093  -0.315291 0.000001 0.948995  0.632912 0.405213 0
0  0.578233 6.615771 2.617092  -0.315270 0.000000 0.949002  0.498648 0.405213 0
syringe_lod1
0  -0.000000 2.554605 -3.624085  -0.000002 -0.648420 -0.761283  0.370447 0.497822 0
0  0.550211 2.187544 -3.414012  0.178570 -0.364478 -0.913930  0.390787 0.474913 0
0  0.000000 2.127789 -3.436179  0.000000 -0.382810 -0.923827  0.390775 0.497822 0
syringe_lod1
0  0.000000 6.615771 2.518836  -0.000000 0.999849 -0.017389  0.003906 0.025685 0
0  1.038936 6.594186 2.138504  0.314178 0.937293 -0.150910  0.049429 0.041509 0
0  0.000000 6.615771 2.138504  -0.000001 0.987264 -0.159090  0.004395 0.042041 0
syringe_lod1
0  1.563812 3.234733 2.888029  0.984141 0.177378 -0.001796  0.202233 0.007337 0
0  1.563122 3.237669 2.741371  0.969023 0.114555 -0.218794  0.202103 0.013183 0
0  1.514152 6.221346 2.888029  0.987823 0.129341 -0.086467  0.073271 0.007337 0
syringe_lod1
0  1.480133 3.314119 2.044683  0.993349 0.046515 -0.105331  0.199409 0.041837 0
0  1.514152 1.824041 1.966471  0.892623 -0.047305 -0.448316  0.263734 0.040552 0
0  1.514152 2.309082 1.366291  0.952631 -0.269806 -0.140356  0.244314 0.068218 0
syringe_lod1
0  1.308306 5.577902 -4.920351  0.986908 0.140665 0.078901  0.539043 0.126849 0
0  1.032283 5.418792 -4.050724  0.954935 0.210632 0.209126  0.499054 0.128542 0
0  1.370718 4.863269 -4.550895  0.984183 0.152948 0.089385  0.518556 0.098633 0
syringe_lod1
0  1.514152 -1.412964 1.342508  0.925626 0.035899 -0.376734  0.522624 0.037370 0
0  1.514152 -2.732637 2.111974  0.960897 -0.130387 -0.244287  0.579949 0.004546 0
0  1.514152 -2.732637 1.342508  0.918850 -0.096524 -0.382619  0.579687 0.037818 0
syringe_lod1
0  1.168092 6.818786 -5.341529  0.970386 0.218466 0.103067  0.565543 0.176760 0
0  0.884636 7.319439 -5.311028  0.574390 0.712411 0.403170  0.566430 0.200880 0
0  0.860601 6.782375 -4.604121  0.729420 0.610250 0.309097  0.531781 0.184389 0
syringe_lod1
0  -0.000000 1.642316 -3.018381  -0.000007 -0.992801 -0.119774  0.421406 0.497822 0
0  0.432192 1.752879 -2.823428  0.336714 -0.724693 0.601202  0.428287 0.476767 0
0  0.000000 1.711271 -2.823428  0.000000 -0.425594 0.904914  0.430076 0.497822 0
syringe_lod1
0  0.618978 2.865908 -3.959686  0.585899 -0.735406 -0.340442  0.350716 0.468690 0
0  1.428442 3.591020 -3.131937  0.930202 -0.313764 -0.190464  0.364644 0.408303 0
0  0.618978 2.625980 -3.578930  0.533925 -0.539063 -0.651410  0.370678 0.468385 0
syringe_lod1
0  1.563812 3.234733 2.888029  -0.000000 0.000000 1.000000  0.487746 0.253520 0
0  -0.000000 3.508027 2.888029  -0.000000 0.000000 1.000000  0.499564 0.321143 0
0  2.011866 2.240164 2.888029  0.000001 0.000000 1.000000  0.444739 0.234145 0
syringe_lod1
0  -0.000000 2.833434 -2.221789  -0.002794 -0.995544 0.094261  0.003966 0.122987 0
0  0.982807 2.677694 -2.510661  0.208353 -0.563261 0.799579  0.046484 0.108843 0
0  1.012515 2.827971 -2.242488  0.108992 -0.989487 0.095061  0.047751 0.122138 0
syringe_lod1
0  1.514152 -1.071387 1.493112  0.819308 0.445650 -0.360736  0.685610 0.387950 0
0  1.022987 -0.913695 0.845175  0.310459 0.092658 -0.946060  0.664266 0.416979 0
0  1.022987 -0.605678 1.055915  0.389151 0.752191 -0.531761  0.654522 0.404034 0
syringe_lod1
0  0.485435 1.690650 -3.018381  0.472672 -0.878881 -0.064417  0.419656 0.478309 0
0  0.956888 2.259059 -3.313687  0.737891 -0.457621 -0.496085  0.395493 0.458218 0
0  1.029988 2.181418 -2.947191  0.853654 -0.517278 0.060803  0.409951 0.450703 0
syringe_lod1
0  -0.000000 2.822337 -4.690058  -0.000006 -0.994378 -0.105888  0.318776 0.497822 0
0  1.322894 3.628284 -4.338072  0.642238 -0.751303 -0.151902  0.319846 0.430578 0
0  0.000000 2.892903 -4.410400  0.000008 -0.964709 -0.263319  0.330999 0.497822 0
syringe_lod1
0  1.288071 3.758652 -5.553248  0.539035 -0.836591 -0.097759  0.212022 0.371627 0
0  1.444677 3.978923 -4.397437  0.995403 -0.092393 -0.025233  0.193865 0.323439 0
0  1.322894 3.628284 -4.338072  0.642238 -0.751303 -0.151902  0.209455 0.318744 0
syringe_lod1
0  1.410129 3.767157 -3.827094  0.770738 -0.588757 -0.243574  0.200344 0.297394 0
0  1.444677 3.978923 -4.397437  0.995403 -0.092393 -0.025233  0.193865 0.323439 0
0  1.436016 4.148170 -3.753822  0.975551 0.191764 0.107367  0.183520 0.296338 0
syringe_lod1
0  0.578233 6.615771 2.617092  -0.315270 0.000000 0.949002  0.498648 0.405213 0
0  1.110547 3.513870 2.888029  -0.453604 0.000000 0.891204  0.632780 0.431041 0
0  1.110547 6.615771 2.888029  -0.453604 -0.000000 0.891204  0.498648 0.431041 0
syringe_lod1
0  1.038936 6.594186 2.138504  0.314178 0.937293 -0.150910  0.049429 0.041509 0
0  1.445935 6.070788 1.793651  0.655600 0.354137 -0.666915  0.079013 0.057175 0
0  0.987241 6.488971 1.797385  0.176633 0.599886 -0.780345  0.048980 0.057175 0
syringe_lod1
0  1.022987 0.972893 1.653769  0.331659 -0.078637 -0.940116  0.598981 0.348578 0
0  1.514152 1.824041 1.966471  0.892623 -0.047305 -0.448316  0.578352 0.308711 0
0  1.514152 0.999582 2.116759  0.768674 -0.030436 -0.638916  0.612229 0.322385 0
syringe_lod1
0  1.493351 3.393397 1.225901  0.990796 0.116371 -0.069149  0.197320 0.077141 0
0  1.480133 3.314119 2.044683  0.993349 0.046515 -0.105331  0.199409 0.041837 0
0  1.514152 2.309082 1.366291  0.952631 -0.269806 -0.140356  0.244314 0.068218 0
syringe_lod1
0  1.028819 5.064904 -3.537079  0.967122 0.243876 0.072103  0.474906 0.116684 0
0  1.484061 3.556364 -1.418143  0.957950 0.282942 0.047710  0.376769 0.058255 0
0  1.446292 4.021586 -3.254229  0.958450 0.280996 0.049138  0.457942 0.069528 0
syringe_lod1
0  1.446292 4.021586 -3.254229  0.958450 0.280996 0.049138  0.186447 0.273993 0
0  1.469567 3.195471 -1.570826  0.906821 -0.406414 -0.111815  0.215092 0.197772 0
0  1.428442 3.591020 -3.131937  0.930202 -0.313764 -0.190464  0.204535 0.266828 0
syringe_lod1
0  1.436016 4.148170 -3.753822  0.975551 0.191764 0.107367  0.183520 0.296338 0
0  1.428442 3.591020 -3.131937  0.930202 -0.313764 -0.190464  0.204535 0.266828 0
0  1.410129 3.767157 -3.827094  0.770738 -0.588757 -0.243574  0.200344 0.297394 0
syringe_lod1
0  1.436016 4.148170 -3.753822  0.975551 0.191764 0.107367  0.480039 0.072606 0
0  1.028819 5.064904 -3.537079  0.967122 0.243876 0.072103  0.474906 0.116684 0
0  1.446292 4.021586 -3.254229  0.958450 0.280996 0.049138  0.457942 0.069528 0
syringe_lod1
0  -1.468441 6.190498 2.138504  -0.978087 0.199471 -0.059645  1.074908 0.042159 0
0  -1.445935 6.070788 1.793651  -0.655602 0.354120 -0.666922  1.079013 0.057175 0
0  -1.491356 5.312599 1.790792  -0.924435 0.218866 -0.312277  1.113646 0.057175 0
syringe_lod1
0  -1.022987 0.972893 1.653769  -0.331650 -0.078649 -0.940118  1.048155 0.319281 0
0  0.000000 -0.224347 1.653769  -0.000016 0.146419 -0.989223  1.003906 0.371041 0
0  -1.022987 -0.224347 1.653769  -0.336077 0.134564 -0.932172  1.048142 0.371052 0
syringe_lod1
0  -1.484061 3.556364 -1.418144  -0.957950 0.282937 0.047730  1.376769 0.058255 0
0  -1.056896 4.353465 0.039721  -0.957454 0.276467 -0.082753  1.317714 0.103222 0
0  -1.050771 4.523576 -1.013336  -0.965417 0.256099 0.048822  1.363806 0.105587 0
syringe_lod1
0  -0.000000 2.833434 -2.221789  0.003194 -0.995543 0.094253  1.003966 0.122987 0
0  -1.022987 2.766613 -1.696742  -0.286474 -0.931666 -0.223452  1.048198 0.145886 0
0  -1.012515 2.827971 -2.242488  -0.108992 -0.989487 0.095061  1.047751 0.122138 0
syringe_lod1
0  -1.022987 0.972893 1.653769  -0.331650 -0.078649 -0.940118  1.048155 0.319281 0
0  0.000000 1.466371 1.501988  0.000000 -0.534661 -0.845067  1.003925 0.296944 0
0  0.000000 0.972893 1.653769  0.000031 -0.089399 -0.995996  1.003919 0.319270 0
syringe_lod1
0  -1.022987 -0.224347 1.653769  -0.336077 0.134564 -0.932172  1.644348 0.373960 0
0  -1.514152 0.999582 2.116759  -0.768652 -0.030471 -0.638941  1.612229 0.322385 0
0  -1.022987 0.972893 1.653769  -0.331650 -0.078649 -0.940118  1.598981 0.348578 0
syringe_lod1
0  -1.016016 5.225276 -0.974902  -0.983967 0.165433 0.066643  1.118268 0.128581 0
0  -0.792932 5.071896 0.464780  -0.745072 0.656895 -0.115573  1.101035 0.067678 0
0  -0.845453 5.691479 -0.900935  -0.691760 0.671933 0.264527  1.096954 0.132073 0
syringe_lod1
0  -1.148073 5.357154 -6.932144  -0.407214 0.353904 -0.841979  1.134255 0.445516 0
0  -1.363551 4.648986 -6.839737  -0.980496 0.071733 -0.182982  1.166957 0.432286 0
0  -1.312647 5.294686 -6.664735  -0.989007 0.121767 -0.083894  1.132849 0.431730 0
syringe_lod1
0  -1.022987 2.272861 0.065833  -0.313545 -0.899016 -0.305712  1.509000 0.362568 0
0  -1.514151 2.309082 1.366291  -0.952631 -0.269805 -0.140356  1.545132 0.314070 0
0  -1.514151 2.766638 0.121645  -0.898974 -0.414919 -0.140317  1.492213 0.337239 0
syringe_lod1
0  -1.022987 2.272861 0.065833  -0.313545 -0.899016 -0.305712  1.048178 0.225037 0
0  -0.000000 2.766613 -1.696742  0.000881 -0.971739 -0.236055  1.003962 0.145875 0
0  -0.000000 2.272861 0.065833  0.000000 -0.945637 -0.325225  1.003942 0.225026 0
syringe_lod1
0  -1.514151 -2.732637 2.111974  -0.960903 -0.130404 -0.244256  1.463350 0.040552 0
0  -1.837219 -3.002538 2.768127  -0.699791 -0.470053 -0.537905  1.476190 0.003906 0
0  -2.011866 -2.732637 2.768127  -0.794932 -0.069844 -0.602665  1.462811 0.003906 0
syringe_lod1
0  -1.370718 4.863269 -4.550895  -0.984184 0.152948 0.089385  1.518556 0.098633 0
0  -1.312647 5.294686 -6.664735  -0.989007 0.121767 -0.083894  1.612205 0.103733 0
0  -1.424004 4.083651 -5.520285  -0.999942 -0.001326 -0.010647  1.555320 0.058951 0
syringe_lod1
0  -2.011866 2.240164 2.768127  -0.977935 0.208907 0.001107  1.666982 0.482287 0
0  -1.563812 3.234733 2.888029  -0.984141 0.177379 -0.001810  1.714130 0.487670 0
0  -1.563122 3.237669 2.741371  -0.969023 0.114555 -0.218794  1.714285 0.481329 0
syringe_lod1
0  -2.011866 -2.732637 2.768127  -0.997527 -0.070290 -0.000008  1.451950 0.481387 0
0  -2.011866 -0.524587 2.888029  -1.000000 0.000000 0.000000  1.547408 0.486971 0
0  -2.011866 -0.524587 2.768127  -1.000000 0.000000 0.000000  1.547430 0.481787 0
syringe_lod1
0  -2.011866 2.240164 2.888029  -0.000001 0.000000 1.000000  1.444739 0.234145 0
0  -2.011866 1.778510 2.888029  -0.000000 0.000000 1.000000  1.424776 0.234145 0
0  -0.000000 3.508027 2.888029  -0.000000 0.000000 1.000000  1.499564 0.321143 0
syringe_lod1
0  -1.022987 -0.526441 1.431813  -0.372466 0.767667 -0.521495  1.244999 0.345367 0
0  0.000000 -0.224347 1.653769  -0.000016 0.146419 -0.989223  1.228789 0.389603 0
0  0.000000 -0.526441 1.431813  0.000000 0.843093 -0.537767  1.244999 0.389603 0
syringe_lod1
0  -1.039912 6.008224 -4.328459  -0.952064 0.222386 0.210043  1.131222 0.276771 0
0  -1.032283 5.418792 -4.050724  -0.954935 0.210634 0.209123  1.152007 0.257506 0
0  -1.039746 5.822938 -3.430834  -0.987381 0.152330 0.043304  1.127218 0.237394 0
syringe_lod1
0  -1.444677 3.978923 -4.397437  -0.995403 -0.092393 -0.025229  1.506557 0.061500 0
0  -1.370718 4.863269 -4.550895  -0.984184 0.152948 0.089385  1.518556 0.098633 0
0  -1.424004 4.083651 -5.520285  -0.999942 -0.001326 -0.010647  1.555320 0.058951 0
syringe_lod1
0  -0.984576 7.050434 -6.216067  -0.422403 0.408231 -0.809273  1.052995 0.453684 0
0  -1.312647 5.294686 -6.664735  -0.989007 0.121767 -0.083894  1.132849 0.431730 0
0  -1.109736 6.964766 -5.958848  -0.971066 0.212934 -0.108124  1.050346 0.441030 0
syringe_lod1
0  -1.022987 -0.913695 0.845175  -0.310495 0.092637 -0.946050  1.277749 0.345367 0
0  0.000000 -0.605678 1.055915  -0.000000 0.834568 -0.550905  1.261611 0.389603 0
0  -0.000000 -0.913695 0.845175  -0.000010 0.098595 -0.995127  1.277749 0.389603 0
syringe_lod1
0  -0.000000 2.822337 -4.690058  -0.000006 -0.994378 -0.105888  1.318776 0.497822 0
0  -1.288071 3.758652 -5.553247  -0.539032 -0.836595 -0.097740  1.267206 0.437157 0
0  0.000000 2.960060 -5.239404  -0.000012 -0.955673 -0.294429  1.294196 0.497822 0
syringe_lod1
0  -0.807233 7.504354 -6.040373  -0.429733 0.709734 -0.558218  1.032257 0.462691 0
0  -0.000000 7.821269 -5.914310  -0.000001 0.963531 -0.267598  1.017244 0.497822 0
0  0.000000 7.553051 -6.263558  -0.000006 0.556985 -0.830522  1.035616 0.497822 0
syringe_lod1
0  -0.000000 6.951993 -3.343090  -0.000000 0.957885 0.287151  1.056216 0.249426 0
0  -0.860601 6.782375 -4.604121  -0.729419 0.610251 0.309098  1.101745 0.298366 0
0  -0.828968 6.514223 -3.352112  -0.698550 0.685917 0.203829  1.096354 0.243411 0
syringe_lod1
0  -0.792932 5.071896 0.464780  -0.745072 0.656895 -0.115573  1.306152 0.139261 0
0  -1.491184 4.284505 1.676758  -0.968568 0.139284 -0.206098  1.244591 0.102689 0
0  -1.491356 5.312599 1.790792  -0.924435 0.218866 -0.312277  1.241387 0.147465 0
syringe_lod1
0  -1.514151 -2.732637 2.111974  -0.960903 -0.130404 -0.244256  1.463350 0.040552 0
0  -2.011866 -2.732637 2.768127  -0.794932 -0.069844 -0.602665  1.462811 0.003906 0
0  -1.514152 -1.393440 2.110303  -0.929522 -0.000210 -0.368767  1.404985 0.040552 0
syringe_lod1
0  -1.109736 6.964766 -5.958848  -0.971066 0.212934 -0.108124  1.592530 0.180394 0
0  -1.308306 5.577902 -4.920351  -0.986909 0.140663 0.078901  1.539043 0.126849 0
0  -1.168092 6.818786 -5.341530  -0.970386 0.218460 0.103081  1.565543 0.176760 0
syringe_lod1
0  -1.212120 2.981876 -2.409526  -0.815426 -0.575509 -0.062204  1.406600 0.408922 0
0  -1.428442 3.591020 -3.131937  -0.930200 -0.313778 -0.190450  1.364644 0.408303 0
0  -1.141140 2.833907 -2.684417  -0.933420 -0.348094 0.086938  1.401929 0.422267 0
syringe_lod1
0  0.000000 3.725906 -7.261336  -0.000002 -0.619527 -0.784975  1.201306 0.497822 0
0  -1.193940 4.627232 -7.132776  -0.414468 0.006139 -0.910043  1.168372 0.446044 0
0  -0.000000 4.615582 -7.478561  -0.000002 -0.003501 -0.999994  1.166193 0.497822 0
syringe_lod1
0  -1.363551 4.648986 -6.839737  -0.980496 0.071733 -0.182982  1.615556 0.074943 0
0  -1.412859 4.071863 -6.642947  -0.990798 -0.026088 -0.132812  1.603438 0.051407 0
0  -1.428282 3.939248 -6.218332  -0.995607 -0.089995 -0.025850  1.584382 0.048372 0
syringe_lod1
0  -1.469567 3.195471 -1.570826  -0.906821 -0.406415 -0.111813  1.425960 0.374579 0
0  -1.428442 3.591020 -3.131937  -0.930200 -0.313778 -0.190450  1.364644 0.408303 0
0  -1.212120 2.981876 -2.409526  -0.815426 -0.575509 -0.062204  1.406600 0.408922 0
syringe_lod1
0  -0.490776 1.808612 -3.271477  -0.335569 -0.667328 -0.664881  1.407859 0.479210 0
0  -0.956888 2.259059 -3.313687  -0.737888 -0.457630 -0.496081  1.395493 0.458218 0
0  -0.550210 2.187544 -3.414012  -0.178570 -0.364478 -0.913930  1.390787 0.474913 0
syringe_lod1
0  -0.912372 2.185632 -2.760654  -0.250840 -0.427623 0.868457  1.043742 0.084940 0
0  -0.432192 1.752879 -2.823428  -0.336716 -0.724691 0.601203  1.022627 0.066423 0
0  0.000000 1.711271 -2.823428  0.000000 -0.425594 0.904914  1.003906 0.064996 0
syringe_lod1
0  -1.168092 6.818786 -5.341530  -0.970386 0.218460 0.103081  1.565543 0.176760 0
0  -1.039912 6.008224 -4.328459  -0.952064 0.222386 0.210043  1.515626 0.151364 0
0  -0.860601 6.782375 -4.604121  -0.729419 0.610251 0.309098  1.531781 0.184389 0
syringe_lod1
0  -1.240456 3.932007 -6.894217  -0.421706 -0.556876 -0.715579  1.202001 0.442008 0
0  -1.363551 4.648986 -6.839737  -0.980496 0.071733 -0.182982  1.166957 0.432286 0
0  -1.193940 4.627232 -7.132776  -0.414468 0.006139 -0.910043  1.168372 0.446044 0
syringe_lod1
0  -0.578234 3.510824 2.617093  0.005171 0.999986 -0.000713  1.175107 0.265705 0
0  -1.110547 3.513870 2.888029  0.005261 0.999986 -0.000906  1.167413 0.241049 0
0  -0.000000 3.508027 2.888029  0.000000 1.000000 -0.000253  1.159369 0.288393 0
syringe_lod1
0  -1.022987 2.272861 0.065833  -0.313545 -0.899016 -0.305712  1.509000 0.362568 0
0  -1.469567 3.195471 -1.570826  -0.906821 -0.406415 -0.111813  1.425960 0.374579 0
0  -1.022987 2.766613 -1.696742  -0.286474 -0.931666 -0.223452  1.438478 0.398925 0
syringe_lod1
0  -1.493351 3.393397 1.225901  -0.990796 0.116370 -0.069150  1.262120 0.063164 0
0  -1.056896 4.353465 0.039721  -0.957454 0.276467 -0.082753  1.317714 0.103222 0
0  -1.517242 3.147652 0.194916  -0.974083 0.225661 0.015456  1.305481 0.048372 0
syringe_lod1
0  -0.000000 2.554605 -3.624085  -0.000002 -0.648420 -0.761283  1.370447 0.497822 0
0  -0.618978 2.865908 -3.959686  -0.585889 -0.735420 -0.340429  1.350716 0.468690 0
0  -0.000000 2.794534 -4.004842  0.000006 -0.897780 -0.440445  1.350043 0.497822 0
syringe_lod1
0  -2.011866 -2.732637 2.888029  -0.000000 0.000000 1.000000  1.229705 0.234145 0
0  -1.837219 -3.002538 2.888029  0.000000 0.000000 1.000000  1.218034 0.241697 0
0  -0.000000 -3.002538 2.888029  0.000000 0.000000 1.000000  1.218034 0.321143 0
syringe_lod1
0  -1.022987 -0.526441 1.431813  -0.372466 0.767667 -0.521495  1.653527 0.387383 0
0  -1.514152 -1.071387 1.493112  -0.819307 0.445639 -0.360752  1.685611 0.387950 0
0  -1.514152 -0.897134 1.871507  -0.903095 0.341175 -0.260804  1.681585 0.370285 0
syringe_lod1
0  -1.514152 -1.393440 2.110303  -0.929522 -0.000210 -0.368767  1.404985 0.040552 0
0  -2.011866 -2.732637 2.768127  -0.794932 -0.069844 -0.602665  1.462811 0.003906 0
0  -2.011866 -0.524587 2.768127  -0.796974 0.000542 -0.604014  1.367272 0.003906 0
syringe_lod1
0  -1.514152 1.824041 1.966471  -0.892631 -0.047314 -0.448299  1.263734 0.040552 0
0  -2.011865 1.013617 2.768127  -0.810916 -0.016322 -0.584935  1.300716 0.003906 0
0  -2.011866 2.240164 2.768127  -0.877050 0.078372 -0.473963  1.248504 0.003906 0
syringe_lod1
0  -2.011866 -2.732637 2.768127  -0.997527 -0.070290 -0.000008  1.451950 0.481387 0
0  -1.837219 -3.002538 2.888029  -0.839562 -0.543263 0.000000  1.438027 0.486513 0
0  -2.011866 -2.732637 2.888029  -0.997525 -0.070310 0.000000  1.451928 0.486571 0
syringe_lod1
0  -2.011866 2.240164 2.768127  -0.977935 0.208907 0.001107  1.666982 0.482287 0
0  -2.011866 1.778510 2.888029  -1.000000 -0.000000 -0.000001  1.646998 0.487389 0
0  -2.011866 2.240164 2.888029  -0.937085 0.349102 0.000000  1.666961 0.487472 0
syringe_lod1
0  -2.011866 -0.524587 2.888029  -1.000000 0.000000 0.000000  1.547408 0.486971 0
0  -2.011865 1.013617 2.888029  -1.000000 -0.000000 -0.000000  1.613923 0.487250 0
0  -2.011865 1.013617 2.768127  -1.000000 -0.000000 -0.000000  1.613945 0.482065 0
syringe_lod1
0  -1.022987 -2.732637 0.845175  -0.284179 -0.084604 -0.955031  1.356404 0.345367 0
0  -0.000000 -0.913695 0.845175  -0.000010 0.098595 -0.995127  1.277749 0.389603 0
0  -0.000000 -2.732637 0.845175  -0.000010 -0.082243 -0.996612  1.356404 0.389603 0
syringe_lod1
0  -0.000000 -3.002538 2.888029  0.000000 0.000000 1.000000  1.218034 0.321143 0
0  -2.011865 1.013617 2.888029  0.000000 0.000000 1.000000  1.391700 0.234145 0
0  -2.011866 -0.524587 2.888029  0.000000 0.000000 1.000000  1.325185 0.234145 0
syringe_lod1
0  -1.514152 -0.524587 2.109405  -0.777643 0.040283 -0.627414  1.367286 0.040552 0
0  -2.011865 1.013617 2.768127  -0.810916 -0.016322 -0.584935  1.300716 0.003906 0
0  -1.514152 0.999582 2.116759  -0.768652 -0.030471 -0.638941  1.300982 0.040552 0
syringe_lod1
0  -1.012515 2.827971 -2.242488  -0.108992 -0.989487 0.095061  1.419326 0.412693 0
0  -1.022987 2.766613 -1.696742  -0.286474 -0.931666 -0.223452  1.438478 0.398925 0
0  -1.212120 2.981876 -2.409526  -0.815426 -0.575509 -0.062204  1.406600 0.408922 0
syringe_lod1
0  -0.578234 3.510824 2.617093  0.005171 0.999986 -0.000713  1.175107 0.265705 0
0  -0.000000 3.508027 2.888029  0.000000 1.000000 -0.000253  1.159369 0.288393 0
0  -0.000000 3.508027 2.518836  0.000000 1.000000 0.000000  1.175107 0.291068 0
syringe_lod1
0  -1.514152 6.221346 2.888029  -0.988073 0.129360 -0.083538  1.073271 0.007337 0
0  -1.468441 6.190498 2.138504  -0.978087 0.199471 -0.059645  1.074908 0.042159 0
0  -1.480133 3.314119 2.044683  -0.993349 0.046515 -0.105332  1.199409 0.041837 0
syringe_lod1
0  -0.865127 7.475257 -5.748987  -0.637560 0.764923 0.091706  1.585669 0.206198 0
0  0.000000 7.715066 -5.191348  -0.000006 0.855117 0.518435  1.554963 0.241211 0
0  -0.000000 7.828766 -5.613819  -0.000001 0.984085 0.177701  1.573610 0.245921 0
syringe_lod1
0  -1.339505 -3.002538 2.129297  0.000000 -1.000000 -0.000000  1.873392 0.733254 0
0  -1.339505 -3.002538 1.389886  0.000001 -1.000000 0.000000  1.843319 0.722394 0
0  -0.991838 -3.002538 1.019822  0.000000 -1.000000 0.000000  1.823162 0.731098 0
syringe_lod1
0  -1.339505 -3.002538 2.129297  0.000000 -1.000000 -0.000000  1.873392 0.733254 0
0  0.000000 -3.002538 2.768127  0.000000 -1.000000 -0.000000  1.879700 0.797116 0
0  -1.837219 -3.002538 2.768127  0.000000 -1.000000 -0.000000  1.906684 0.722394 0
syringe_lod1
0  -1.480133 3.314119 2.044683  -0.993349 0.046515 -0.105332  1.199409 0.041837 0
0  -2.011866 2.240164 2.768127  -0.877050 0.078372 -0.473963  1.248504 0.003906 0
0  -1.563122 3.237669 2.741371  -0.969023 0.114555 -0.218794  1.202103 0.013183 0
syringe_lod1
0  -1.110547 6.615771 2.888029  -0.514324 0.854876 -0.068241  1.050108 0.008709 0
0  -0.578233 6.615771 2.617092  -0.014774 0.999646 -0.022150  1.028559 0.021228 0
0  -1.038936 6.594186 2.138504  -0.314182 0.937293 -0.150904  1.049429 0.041509 0
syringe_lod1
0  -1.424004 4.083651 -5.520285  -0.999942 -0.001326 -0.010647  1.196683 0.372347 0
0  -1.271913 3.624864 -6.301474  -0.416432 -0.894359 -0.163420  1.222364 0.402879 0
0  -1.288071 3.758652 -5.553247  -0.539032 -0.836595 -0.097740  1.212022 0.371627 0
syringe_lod1
0  -1.514152 -1.393440 2.110303  -0.929522 -0.000210 -0.368767  1.522041 0.004163 0
0  -1.514152 -0.897134 1.871507  -0.903095 0.341175 -0.260804  1.500499 0.014320 0
0  -1.514152 -1.412964 1.342508  -0.925625 0.035897 -0.376737  1.522624 0.037370 0
syringe_lod1
0  -1.514152 -0.897134 1.871507  -0.903095 0.341175 -0.260804  1.500499 0.014320 0
0  -1.514152 -1.393440 2.110303  -0.929522 -0.000210 -0.368767  1.522041 0.004163 0
0  -1.514152 -0.524587 2.109405  -0.777643 0.040283 -0.627414  1.484470 0.003906 0
syringe_lod1
0  0.000000 -0.605678 1.055915  -0.000000 0.834568 -0.550905  1.261611 0.389603 0
0  -1.022987 -0.526441 1.431813  -0.372466 0.767667 -0.521495  1.244999 0.345367 0
0  0.000000 -0.526441 1.431813  0.000000 0.843093 -0.537767  1.244999 0.389603 0
syringe_lod1
0  -1.016016 5.225276 -0.974902  -0.983967 0.165433 0.066643  1.118268 0.128581 0
0  -1.050771 4.523576 -1.013336  -0.965417 0.256099 0.048822  1.147420 0.120145 0
0  -1.056896 4.353465 0.039721  -0.957454 0.276467 -0.082753  1.138542 0.074537 0
syringe_lod1
0  0.000000 1.792713 1.135121  0.000000 -0.871937 -0.489618  1.003930 0.275712 0
0  -1.022987 2.272861 0.065833  -0.313545 -0.899016 -0.305712  1.048178 0.225037 0
0  -0.000000 2.272861 0.065833  0.000000 -0.945637 -0.325225  1.003942 0.225026 0
syringe_lod1
0  -1.491356 5.312599 1.790792  -0.924435 0.218866 -0.312277  1.241387 0.147465 0
0  -1.445935 6.070788 1.793651  -0.655602 0.354120 -0.666922  1.232700 0.177369 0
0  -1.031630 5.680978 1.553434  -0.289858 0.610025 -0.737463  1.258820 0.169003 0
syringe_lod1
0  -0.485435 1.690650 -3.018381  -0.472663 -0.878884 -0.064434  1.419656 0.478309 0
0  0.000000 1.758795 -3.274486  0.000006 -0.631726 -0.775191  1.408544 0.497822 0
0  -0.000000 1.642316 -3.018381  -0.000007 -0.992801 -0.119774  1.421406 0.497822 0
syringe_lod1
0  -2.011865 1.013617 2.768127  -1.000000 -0.000000 -0.000000  1.613945 0.482065 0
0  -2.011866 1.778510 2.888029  -1.000000 -0.000000 -0.000001  1.646998 0.487389 0
0  -2.011866 2.240164 2.768127  -0.977935 0.208907 0.001107  1.666982 0.482287 0
syringe_lod1
0  -1.837219 -3.002538 2.768127  0.000000 -1.000000 -0.000000  1.906684 0.722394 0
0  -0.000000 -3.002538 2.888029  0.000000 -1.000000 -0.000000  1.884577 0.798877 0
0  -1.837219 -3.002538 2.888029  0.000000 -1.000000 0.000000  1.911561 0.724155 0
syringe_lod1
0  -0.000000 3.508027 2.888029  -0.000000 0.000000 1.000000  1.499564 0.321143 0
0  -1.110547 3.513870 2.888029  0.000000 0.000000 1.000000  1.499816 0.273120 0
0  -1.563812 3.234733 2.888029  0.000000 0.000000 1.000000  1.487746 0.253520 0
syringe_lod1
0  -1.514152 6.221346 2.888029  -0.988073 0.129360 -0.083538  1.073271 0.007337 0
0  -1.480133 3.314119 2.044683  -0.993349 0.046515 -0.105332  1.199409 0.041837 0
0  -1.563122 3.237669 2.741371  -0.969023 0.114555 -0.218794  1.202103 0.013183 0
syringe_lod1
0  -1.514152 -1.071387 1.493112  -0.819307 0.445639 -0.360752  1.507905 0.030741 0
0  -1.514152 -1.412964 1.342508  -0.925625 0.035897 -0.376737  1.522624 0.037370 0
0  -1.514152 -0.897134 1.871507  -0.903095 0.341175 -0.260804  1.500499 0.014320 0
syringe_lod1
0  -1.032283 5.418792 -4.050724  -0.954935 0.210634 0.209123  1.152007 0.257506 0
0  -1.028819 5.064904 -3.537079  -0.967123 0.243874 0.072099  1.159833 0.231513 0
0  -1.039746 5.822938 -3.430834  -0.987381 0.152330 0.043304  1.127218 0.237394 0
syringe_lod1
0  -1.514152 -1.393440 2.110303  -0.929522 -0.000210 -0.368767  1.404985 0.040552 0
0  -2.011866 -0.524587 2.768127  -0.796974 0.000542 -0.604014  1.367272 0.003906 0
0  -1.514152 -0.524587 2.109405  -0.777643 0.040283 -0.627414  1.367286 0.040552 0
syringe_lod1
0  -2.011866 -0.524587 2.888029  -1.000000 0.000000 0.000000  1.547408 0.486971 0
0  -2.011865 1.013617 2.768127  -1.000000 -0.000000 -0.000000  1.613945 0.482065 0
0  -2.011866 -0.524587 2.768127  -1.000000 0.000000 0.000000  1.547430 0.481787 0
syringe_lod1
0  -1.480133 3.314119 2.044683  -0.993349 0.046515 -0.105332  1.199409 0.041837 0
0  -1.491184 4.284505 1.676758  -0.968568 0.139284 -0.206098  1.157929 0.057175 0
0  -1.493351 3.393397 1.225901  -0.990796 0.116370 -0.069150  1.197320 0.077141 0
syringe_lod1
0  -1.484061 3.556364 -1.418144  -0.957950 0.282937 0.047730  1.198901 0.192547 0
0  -1.514151 2.766638 0.121645  -0.898974 -0.414919 -0.140317  1.227624 0.123207 0
0  -1.517242 3.147652 0.194916  -0.974083 0.225661 0.015456  1.210912 0.121240 0
syringe_lod1
0  -1.022987 1.466371 1.501988  -0.394312 -0.483437 -0.781541  1.577623 0.341925 0
0  -1.514151 2.309082 1.366291  -0.952631 -0.269805 -0.140356  1.545132 0.314070 0
0  -1.022987 1.792713 1.135121  -0.360511 -0.816781 -0.450445  1.556516 0.344528 0
syringe_lod1
0  0.000000 7.172117 -6.439604  -0.000001 0.418916 -0.908025  1.052896 0.497822 0
0  -0.807233 7.504354 -6.040373  -0.429733 0.709734 -0.558218  1.032257 0.462691 0
0  0.000000 7.553051 -6.263558  -0.000006 0.556985 -0.830522  1.035616 0.497822 0
syringe_lod1
0  -1.514152 6.221346 2.888029  -0.000001 0.000000 1.000000  1.616893 0.255668 0
0  -1.110547 3.513870 2.888029  0.000000 0.000000 1.000000  1.499816 0.273120 0
0  -1.110547 6.615771 2.888029  -0.000002 0.000000 1.000000  1.633949 0.273120 0
syringe_lod1
0  -1.039912 6.008224 -4.328459  -0.952064 0.222386 0.210043  1.131222 0.276771 0
0  -0.828968 6.514223 -3.352112  -0.698550 0.685917 0.203829  1.096354 0.243411 0
0  -0.860601 6.782375 -4.604121  -0.729419 0.610251 0.309098  1.101745 0.298366 0
syringe_lod1
0  -1.491356 5.312599 1.790792  -0.924435 0.218866 -0.312277  1.241387 0.147465 0
0  -1.031630 5.680978 1.553434  -0.289858 0.610025 -0.737463  1.258820 0.169003 0
0  -0.792932 5.071896 0.464780  -0.745072 0.656895 -0.115573  1.306152 0.139261 0
syringe_lod1
0  -2.011866 -2.732637 2.888029  -0.000000 0.000000 1.000000  1.229705 0.234145 0
0  -0.000000 -3.002538 2.888029  0.000000 0.000000 1.000000  1.218034 0.321143 0
0  -2.011866 -0.524587 2.888029  0.000000 0.000000 1.000000  1.325185 0.234145 0
syringe_lod1
0  -0.000000 6.105237 -0.800425  -0.000002 0.932215 0.361904  1.056216 0.132865 0
0  -0.792932 5.071896 0.464780  -0.745072 0.656895 -0.115573  1.101035 0.067678 0
0  0.000000 5.395619 0.595046  -0.000000 0.999961 0.008863  1.063436 0.064996 0
syringe_lod1
0  -1.029988 2.181418 -2.947191  -0.853663 -0.517271 0.060743  1.409951 0.450703 0
0  -1.112873 2.648437 -3.346772  -0.845228 -0.243029 -0.475948  1.383798 0.446832 0
0  -0.956888 2.259059 -3.313687  -0.737888 -0.457630 -0.496081  1.395493 0.458218 0
syringe_lod1
0  -0.432192 1.752879 -2.823428  -0.336716 -0.724691 0.601203  1.428287 0.476767 0
0  -1.029988 2.181418 -2.947191  -0.853663 -0.517271 0.060743  1.409951 0.450703 0
0  -0.485435 1.690650 -3.018381  -0.472663 -0.878884 -0.064434  1.419656 0.478309 0
syringe_lod1
0  0.000000 5.891511 1.515698  -0.000002 0.687910 -0.725796  1.291034 0.202787 0
0  -0.792932 5.071896 0.464780  -0.745072 0.656895 -0.115573  1.306152 0.139261 0
0  -1.031630 5.680978 1.553434  -0.289858 0.610025 -0.737463  1.258820 0.169003 0
syringe_lod1
0  -1.491356 5.312599 1.790792  -0.924435 0.218866 -0.312277  1.113646 0.057175 0
0  -1.480133 3.314119 2.044683  -0.993349 0.046515 -0.105332  1.199409 0.041837 0
0  -1.468441 6.190498 2.138504  -0.978087 0.199471 -0.059645  1.074908 0.042159 0
syringe_lod1
0  -1.436016 4.148170 -3.753822  -0.975550 0.191771 0.107361  1.480039 0.072606 0
0  -1.370718 4.863269 -4.550895  -0.984184 0.152948 0.089385  1.518556 0.098633 0
0  -1.444677 3.978923 -4.397437  -0.995403 -0.092393 -0.025229  1.506557 0.061500 0
syringe_lod1
0  0.000000 3.725906 -7.261336  -0.000002 -0.619527 -0.784975  1.201306 0.497822 0
0  -1.271913 3.624864 -6.301474  -0.416432 -0.894359 -0.163420  1.233707 0.441500 0
0  -1.240456 3.932007 -6.894217  -0.421706 -0.556876 -0.715579  1.202001 0.442008 0
syringe_lod1
0  -1.029988 2.181418 -2.947191  -0.853663 -0.517271 0.060743  1.409951 0.450703 0
0  -0.982807 2.677694 -2.510660  -0.208391 -0.563210 0.799605  1.414139 0.424195 0
0  -1.141140 2.833907 -2.684417  -0.933420 -0.348094 0.086938  1.401929 0.422267 0
syringe_lod1
0  -1.514152 6.221346 2.888029  -0.988073 0.129360 -0.083538  1.073271 0.007337 0
0  -1.038936 6.594186 2.138504  -0.314182 0.937293 -0.150904  1.049429 0.041509 0
0  -1.468441 6.190498 2.138504  -0.978087 0.199471 -0.059645  1.074908 0.042159 0
syringe_lod1
0  -0.987241 6.488971 1.797385  -0.176603 0.599905 -0.780337  1.048980 0.057175 0
0  0.000000 6.615771 2.138504  -0.000001 0.987264 -0.159090  1.004395 0.042041 0
0  -0.000000 6.510557 1.798094  0.000001 0.595443 -0.803397  1.005050 0.057175 0
syringe_lod1
0  0.000000 5.432243 -7.243714  0.000000 0.372578 -0.928001  1.133100 0.497822 0
0  -1.193940 4.627232 -7.132776  -0.414468 0.006139 -0.910043  1.168372 0.446044 0
0  -1.148073 5.357154 -6.932144  -0.407214 0.353904 -0.841979  1.134255 0.445516 0
syringe_lod1
0  -1.031630 5.680978 1.553434  -0.289858 0.610025 -0.737463  1.258820 0.169003 0
0  -1.445935 6.070788 1.793651  -0.655602 0.354120 -0.666922  1.232700 0.177369 0
0  -0.987241 6.488971 1.797385  -0.176603 0.599905 -0.780337  1.240783 0.201940 0
syringe_lod1
0  -0.828968 6.514223 -3.352112  -0.698550 0.685917 0.203829  1.096354 0.243411 0
0  -1.016016 5.225276 -0.974902  -0.983967 0.165433 0.066643  1.118268 0.128581 0
0  -0.845453 5.691479 -0.900935  -0.691760 0.671933 0.264527  1.096954 0.132073 0
syringe_lod1
0  -1.514151 2.309082 1.366291  -0.952631 -0.269805 -0.140356  1.244314 0.068218 0
0  -1.517242 3.147652 0.194916  -0.974083 0.225661 0.015456  1.210912 0.121240 0
0  -1.514151 2.766638 0.121645  -0.898974 -0.414919 -0.140317  1.227624 0.123207 0
syringe_lod1
0  -1.514152 -0.897134 1.871507  -0.903095 0.341175 -0.260804  1.681585 0.370285 0
0  -1.022987 -0.224347 1.653769  -0.336077 0.134564 -0.932172  1.644348 0.373960 0
0  -1.022987 -0.526441 1.431813  -0.372466 0.767667 -0.521495  1.653527 0.387383 0
syringe_lod1
0  -1.056896 4.353465 0.039721  -0.957454 0.276467 -0.082753  1.317714 0.103222 0
0  -1.493351 3.393397 1.225901  -0.990796 0.116370 -0.069150  1.262120 0.063164 0
0  -1.491184 4.284505 1.676758  -0.968568 0.139284 -0.206098  1.244591 0.102689 0
syringe_lod1
0  -1.022987 1.466371 1.501988  -0.394312 -0.483437 -0.781541  1.048161 0.296955 0
0  0.000000 1.792713 1.135121  0.000000 -0.871937 -0.489618  1.003930 0.275712 0
0  0.000000 1.466371 1.501988  0.000000 -0.534661 -0.845067  1.003925 0.296944 0
syringe_lod1
0  0.000000 5.432243 -7.243714  0.000000 0.372578 -0.928001  1.133100 0.497822 0
0  -0.984576 7.050434 -6.216067  -0.422403 0.408231 -0.809273  1.052995 0.453684 0
0  0.000000 7.172117 -6.439604  -0.000001 0.418916 -0.908025  1.052896 0.497822 0
syringe_lod1
0  0.000000 2.892903 -4.410400  0.000008 -0.964709 -0.263319  1.330999 0.497822 0
0  -0.000000 2.794534 -4.004842  0.000006 -0.897780 -0.440445  1.350043 0.497822 0
0  -0.618978 2.865908 -3.959686  -0.585889 -0.735420 -0.340429  1.350716 0.468690 0
syringe_lod1
0  0.000000 2.960060 -5.239404  -0.000012 -0.955673 -0.294429  1.294196 0.497822 0
0  -1.288071 3.758652 -5.553247  -0.539032 -0.836595 -0.097740  1.267206 0.437157 0
0  -0.000000 3.351034 -5.673006  0.000020 -0.995749 -0.092113  1.269475 0.497822 0
syringe_lod1
0  -1.240456 3.932007 -6.894217  -0.421706 -0.556876 -0.715579  1.215324 0.430984 0
0  -1.428282 3.939248 -6.218332  -0.995607 -0.089995 -0.025850  1.206755 0.401673 0
0  -1.412859 4.071863 -6.642947  -0.990798 -0.026088 -0.132812  1.204831 0.420908 0
syringe_lod1
0  -1.141140 2.833907 -2.684417  -0.933420 -0.348094 0.086938  1.401929 0.422267 0
0  -1.428442 3.591020 -3.131937  -0.930200 -0.313778 -0.190450  1.364644 0.408303 0
0  -1.112873 2.648437 -3.346772  -0.845228 -0.243029 -0.475948  1.383798 0.446832 0
syringe_lod1
0  -0.884636 7.319439 -5.311028  -0.574389 0.712415 0.403166  1.566430 0.200880 0
0  0.000000 7.297467 -4.736646  -0.000037 0.920742 0.390173  1.531127 0.228695 0
0  0.000000 7.715066 -5.191348  -0.000006 0.855117 0.518435  1.554963 0.241211 0
syringe_lod1
0  -0.000000 2.699334 -2.487246  -0.051403 -0.544636 0.837096  1.003983 0.110127 0
0  -0.912372 2.185632 -2.760654  -0.250840 -0.427623 0.868457  1.043742 0.084940 0
0  0.000000 1.711271 -2.823428  0.000000 -0.425594 0.904914  1.003906 0.064996 0
syringe_lod1
0  -0.618978 2.625980 -3.578930  -0.533934 -0.539047 -0.651415  1.370678 0.468385 0
0  -0.956888 2.259059 -3.313687  -0.737888 -0.457630 -0.496081  1.395493 0.458218 0
0  -1.112873 2.648437 -3.346772  -0.845228 -0.243029 -0.475948  1.383798 0.446832 0
syringe_lod1
0  -1.109736 6.964766 -5.958848  -0.971066 0.212934 -0.108124  1.050346 0.441030 0
0  -0.807233 7.504354 -6.040373  -0.429733 0.709734 -0.558218  1.032257 0.462691 0
0  -0.984576 7.050434 -6.216067  -0.422403 0.408231 -0.809273  1.052995 0.453684 0
syringe_lod1
0  -0.000000 7.821269 -5.914310  -0.000001 0.963531 -0.267598  1.017244 0.497822 0
0  -0.865127 7.475257 -5.748987  -0.637560 0.764923 0.091706  1.022513 0.454630 0
0  -0.000000 7.828766 -5.613819  -0.000001 0.984085 0.177701  1.003906 0.497822 0
syringe_lod1
0  -0.884636 7.319439 -5.311028  -0.574389 0.712415 0.403166  1.566430 0.200880 0
0  -1.109736 6.964766 -5.958848  -0.971066 0.212934 -0.108124  1.592530 0.180394 0
0  -1.168092 6.818786 -5.341530  -0.970386 0.218460 0.103081  1.565543 0.176760 0
syringe_lod1
0  0.000000 2.127789 -3.436179  0.000000 -0.382810 -0.923827  1.390775 0.497822 0
0  -0.490776 1.808612 -3.271477  -0.335569 -0.667328 -0.664881  1.407859 0.479210 0
0  -0.550210 2.187544 -3.414012  -0.178570 -0.364478 -0.913930  1.390787 0.474913 0
syringe_lod1
0  -1.212120 2.981876 -2.409526  -0.815426 -0.575509 -0.062204  1.406600 0.408922 0
0  -0.982807 2.677694 -2.510660  -0.208391 -0.563210 0.799605  1.414139 0.424195 0
0  -1.012515 2.827971 -2.242488  -0.108992 -0.989487 0.095061  1.419326 0.412693 0
syringe_lod1
0  -1.022987 2.766613 -1.696742  -0.286474 -0.931666 -0.223452  1.438478 0.398925 0
0  -1.469567 3.195471 -1.570826  -0.906821 -0.406415 -0.111813  1.425960 0.374579 0
0  -1.212120 2.981876 -2.409526  -0.815426 -0.575509 -0.062204  1.406600 0.408922 0
syringe_lod1
0  -1.039746 5.822938 -3.430834  -0.987381 0.152330 0.043304  1.127218 0.237394 0
0  -1.050771 4.523576 -1.013336  -0.965417 0.256099 0.048822  1.147420 0.120145 0
0  -1.016016 5.225276 -0.974902  -0.983967 0.165433 0.066643  1.118268 0.128581 0
syringe_lod1
0  -2.011866 1.778510 2.888029  -0.000000 0.000000 1.000000  1.424776 0.234145 0
0  -0.000000 -3.002538 2.888029  0.000000 0.000000 1.000000  1.218034 0.321143 0
0  -0.000000 3.508027 2.888029  -0.000000 0.000000 1.000000  1.499564 0.321143 0
syringe_lod1
0  -0.828968 6.514223 -3.352112  -0.698550 0.685917 0.203829  1.096354 0.243411 0
0  -0.000000 6.105237 -0.800425  -0.000002 0.932215 0.361904  1.056216 0.132865 0
0  -0.000000 6.951993 -3.343090  -0.000000 0.957885 0.287151  1.056216 0.249426 0
syringe_lod1
0  -1.032283 5.418792 -4.050724  -0.954935 0.210634 0.209123  1.499054 0.128542 0
0  -1.436016 4.148170 -3.753822  -0.975550 0.191771 0.107361  1.480039 0.072606 0
0  -1.028819 5.064904 -3.537079  -0.967123 0.243874 0.072099  1.474906 0.116684 0
syringe_lod1
0  -1.112873 2.648437 -3.346772  -0.845228 -0.243029 -0.475948  1.383798 0.446832 0
0  -1.428442 3.591020 -3.131937  -0.930200 -0.313778 -0.190450  1.364644 0.408303 0
0  -0.618978 2.625980 -3.578930  -0.533934 -0.539047 -0.651415  1.370678 0.468385 0
syringe_lod1
0  -1.271913 3.624864 -6.301474  -0.416432 -0.894359 -0.163420  1.233707 0.441500 0
0  -0.000000 3.351034 -5.673006  0.000020 -0.995749 -0.092113  1.269475 0.497822 0
0  -1.288071 3.758652 -5.553247  -0.539032 -0.836595 -0.097740  1.267206 0.437157 0
syringe_lod1
0  0.000000 5.891511 1.515698  -0.000002 0.687910 -0.725796  1.291034 0.202787 0
0  -0.987241 6.488971 1.797385  -0.176603 0.599905 -0.780337  1.240783 0.201940 0
0  -0.000000 6.510557 1.798094  0.000001 0.595443 -0.803397  1.274698 0.226324 0
syringe_lod1
0  -0.991838 -3.002538 1.019822  -0.242313 -0.552974 -0.797185  1.749008 0.453904 0
0  -1.514152 -2.732637 1.342508  -0.918854 -0.096523 -0.382610  1.748569 0.424757 0
0  -1.022987 -2.732637 0.845175  -0.284179 -0.084604 -0.955031  1.735108 0.451985 0
syringe_lod1
0  -1.514151 -2.732637 2.111974  -0.960903 -0.130404 -0.244256  1.579949 0.004546 0
0  -1.339505 -3.002538 1.389886  -0.788617 -0.548269 -0.278362  1.593604 0.035879 0
0  -1.339505 -3.002538 2.129297  -0.800741 -0.527268 -0.284258  1.593856 0.003906 0
syringe_lod1
0  -0.000000 -3.002538 1.019822  0.000000 -1.000000 0.000000  1.808594 0.771438 0
0  -1.339505 -3.002538 2.129297  0.000000 -1.000000 -0.000000  1.873392 0.733254 0
0  -0.991838 -3.002538 1.019822  0.000000 -1.000000 0.000000  1.823162 0.731098 0
syringe_lod1
0  -1.514152 -1.412964 1.342508  -0.925625 0.035897 -0.376737  1.697163 0.399352 0
0  -1.022987 -2.732637 0.845175  -0.284179 -0.084604 -0.955031  1.735108 0.451985 0
0  -1.514152 -2.732637 1.342508  -0.918854 -0.096523 -0.382610  1.748569 0.424757 0
syringe_lod1
0  -0.991838 -3.002538 1.019822  -0.242313 -0.552974 -0.797185  1.370305 0.346714 0
0  -0.000000 -2.732637 0.845175  -0.000010 -0.082243 -0.996612  1.356404 0.389603 0
0  -0.000000 -3.002538 1.019822  0.000000 -0.543263 -0.839563  1.370305 0.389603 0
syringe_lod1
0  0.000000 6.615771 2.518836  0.000000 0.000000 1.000000  1.498648 0.379851 0
0  -0.578234 3.510824 2.617093  0.315377 -0.000009 0.948967  1.632912 0.405213 0
0  -0.000000 3.508027 2.518836  0.000000 0.000000 1.000000  1.633033 0.379851 0
syringe_lod1
0  -0.000000 2.554605 -3.624085  -0.000002 -0.648420 -0.761283  1.370447 0.497822 0
0  -0.550210 2.187544 -3.414012  -0.178570 -0.364478 -0.913930  1.390787 0.474913 0
0  -0.618978 2.625980 -3.578930  -0.533934 -0.539047 -0.651415  1.370678 0.468385 0
syringe_lod1
0  0.000000 6.615771 2.518836  -0.000000 0.999849 -0.017389  1.003906 0.025685 0
0  -1.038936 6.594186 2.138504  -0.314182 0.937293 -0.150904  1.049429 0.041509 0
0  -0.578233 6.615771 2.617092  -0.014774 0.999646 -0.022150  1.028559 0.021228 0
syringe_lod1
0  -1.563812 3.234733 2.888029  -0.984141 0.177379 -0.001810  1.202233 0.007337 0
0  -1.514152 6.221346 2.888029  -0.988073 0.129360 -0.083538  1.073271 0.007337 0
0  -1.563122 3.237669 2.741371  -0.969023 0.114555 -0.218794  1.202103 0.013183 0
syringe_lod1
0  -1.480133 3.314119 2.044683  -0.993349 0.046515 -0.105332  1.199409 0.041837 0
0  -1.514151 2.309082 1.366291  -0.952631 -0.269805 -0.140356  1.244314 0.068218 0
0  -1.514152 1.824041 1.966471  -0.892631 -0.047314 -0.448299  1.263734 0.040552 0
syringe_lod1
0  -1.308306 5.577902 -4.920351  -0.986909 0.140663 0.078901  1.539043 0.126849 0
0  -1.032283 5.418792 -4.050724  -0.954935 0.210634 0.209123  1.499054 0.128542 0
0  -1.039912 6.008224 -4.328459  -0.952064 0.222386 0.210043  1.515626 0.151364 0
syringe_lod1
0  -1.514152 -1.412964 1.342508  -0.925625 0.035897 -0.376737  1.522624 0.037370 0
0  -1.514151 -2.732637 2.111974  -0.960903 -0.130404 -0.244256  1.579949 0.004546 0
0  -1.514152 -1.393440 2.110303  -0.929522 -0.000210 -0.368767  1.522041 0.004163 0
syringe_lod1
0  -1.168092 6.818786 -5.341530  -0.970386 0.218460 0.103081  1.565543 0.176760 0
0  -0.860601 6.782375 -4.604121  -0.729419 0.610251 0.309098  1.531781 0.184389 0
0  -0.884636 7.319439 -5.311028  -0.574389 0.712415 0.403166  1.566430 0.200880 0
syringe_lod1
0  -0.000000 1.642316 -3.018381  -0.000007 -0.992801 -0.119774  1.421406 0.497822 0
0  -0.432192 1.752879 -2.823428  -0.336716 -0.724691 0.601203  1.428287 0.476767 0
0  -0.485435 1.690650 -3.018381  -0.472663 -0.878884 -0.064434  1.419656 0.478309 0
syringe_lod1
0  -0.618978 2.865908 -3.959686  -0.585889 -0.735420 -0.340429  1.350716 0.468690 0
0  -1.428442 3.591020 -3.131937  -0.930200 -0.313778 -0.190450  1.364644 0.408303 0
0  -1.410130 3.767157 -3.827094  -0.770747 -0.588729 -0.243614  1.336282 0.416642 0
syringe_lod1
0  -1.563812 3.234733 2.888029  0.000000 0.000000 1.000000  1.487746 0.253520 0
0  -2.011866 2.240164 2.888029  -0.000001 0.000000 1.000000  1.444739 0.234145 0
0  -0.000000 3.508027 2.888029  -0.000000 0.000000 1.000000  1.499564 0.321143 0
syringe_lod1
0  -0.000000 2.833434 -2.221789  0.003194 -0.995543 0.094253  1.003966 0.122987 0
0  -0.982807 2.677694 -2.510660  -0.208391 -0.563210 0.799605  1.046484 0.108843 0
0  -0.000000 2.699334 -2.487246  -0.051403 -0.544636 0.837096  1.003983 0.110127 0
syringe_lod1
0  -1.514152 -1.071387 1.493112  -0.819307 0.445639 -0.360752  1.685611 0.387950 0
0  -1.022987 -0.913695 0.845175  -0.310495 0.092637 -0.946050  1.664266 0.416979 0
0  -1.514152 -1.412964 1.342508  -0.925625 0.035897 -0.376737  1.697163 0.399352 0
syringe_lod1
0  -0.485435 1.690650 -3.018381  -0.472663 -0.878884 -0.064434  1.419656 0.478309 0
0  -0.956888 2.259059 -3.313687  -0.737888 -0.457630 -0.496081  1.395493 0.458218 0
0  -0.490776 1.808612 -3.271477  -0.335569 -0.667328 -0.664881  1.407859 0.479210 0
syringe_lod1
0  -0.000000 2.822337 -4.690058  -0.000006 -0.994378 -0.105888  1.318776 0.497822 0
0  0.000000 2.892903 -4.410400  0.000008 -0.964709 -0.263319  1.330999 0.497822 0
0  -1.322894 3.628284 -4.338072  -0.642233 -0.751315 -0.151861  1.319846 0.430578 0
syringe_lod1
0  -1.288071 3.758652 -5.553247  -0.539032 -0.836595 -0.097740  1.212022 0.371627 0
0  -1.444677 3.978923 -4.397437  -0.995403 -0.092393 -0.025229  1.193865 0.323439 0
0  -1.424004 4.083651 -5.520285  -0.999942 -0.001326 -0.010647  1.196683 0.372347 0
syringe_lod1
0  -1.410130 3.767157 -3.827094  -0.770747 -0.588729 -0.243614  1.200344 0.297394 0
0  -1.444677 3.978923 -4.397437  -0.995403 -0.092393 -0.025229  1.193865 0.323439 0
0  -1.322894 3.628284 -4.338072  -0.642233 -0.751315 -0.151861  1.209455 0.318744 0
syringe_lod1
0  -0.578233 6.615771 2.617092  0.315356 0.000001 0.948973  1.498648 0.405213 0
0  -1.110547 3.513870 2.888029  0.453604 -0.000000 0.891204  1.632780 0.431041 0
0  -0.578234 3.510824 2.617093  0.315377 -0.000009 0.948967  1.632912 0.405213 0
syringe_lod1
0  -1.038936 6.594186 2.138504  -0.314182 0.937293 -0.150904  1.049429 0.041509 0
0  -1.445935 6.070788 1.793651  -0.655602 0.354120 -0.666922  1.079013 0.057175 0
0  -1.468441 6.190498 2.138504  -0.978087 0.199471 -0.059645  1.074908 0.042159 0
syringe_lod1
0  -1.022987 0.972893 1.653769  -0.331650 -0.078649 -0.940118  1.598981 0.348578 0
0  -1.514152 1.824041 1.966471  -0.892631 -0.047314 -0.448299  1.578352 0.308711 0
0  -1.022987 1.466371 1.501988  -0.394312 -0.483437 -0.781541  1.577623 0.341925 0
syringe_lod1
0  -1.493351 3.393397 1.225901  -0.990796 0.116370 -0.069150  1.197320 0.077141 0
0  -1.514151 2.309082 1.366291  -0.952631 -0.269805 -0.140356  1.244314 0.068218 0
0  -1.480133 3.314119 2.044683  -0.993349 0.046515 -0.105332  1.199409 0.041837 0
syringe_lod1
0  -1.028819 5.064904 -3.537079  -0.967123 0.243874 0.072099  1.474906 0.116684 0
0  -1.484061 3.556364 -1.418144  -0.957950 0.282937 0.047730  1.376769 0.058255 0
0  -1.050771 4.523576 -1.013336  -0.965417 0.256099 0.048822  1.363806 0.105587 0
syringe_lod1
0  -1.446292 4.021586 -3.254229  -0.958451 0.280990 0.049161  1.186447 0.273993 0
0  -1.469567 3.195471 -1.570826  -0.906821 -0.406415 -0.111813  1.215092 0.197772 0
0  -1.484061 3.556364 -1.418144  -0.957950 0.282937 0.047730  1.198901 0.192547 0
syringe_lod1
0  -1.436016 4.148170 -3.753822  -0.975550 0.191771 0.107361  1.183520 0.296338 0
0  -1.428442 3.591020 -3.131937  -0.930200 -0.313778 -0.190450  1.204535 0.266828 0
0  -1.446292 4.021586 -3.254229  -0.958451 0.280990 0.049161  1.186447 0.273993 0
syringe_lod1
0  -1.436016 4.148170 -3.753822  -0.975550 0.191771 0.107361  1.480039 0.072606 0
0  -1.446292 4.021586 -3.254229  -0.958451 0.280990 0.049161  1.457942 0.069528 0
0  -1.028819 5.064904 -3.537079  -0.967123 0.243874 0.072099  1.474906 0.116684 0
syringe_lod1
0  -2.331759 2.058039 3.186076  -0.906647 0.016648 -0.421561  0.736239 0.505644 0
0  -2.388815 -3.066936 3.532288  -0.999836 -0.007913 -0.016288  0.720971 0.727335 0
0  -2.388815 2.058039 3.532419  -0.999714 0.017395 -0.016412  0.721080 0.505644 0
syringe_lod1
0  -1.627233 -3.222247 3.445368  -0.878620 -0.404004 -0.254573  0.641870 0.950222 0
0  -1.688339 -3.175905 3.354390  -0.101054 -0.994879 0.001904  0.643361 0.945466 0
0  -1.612341 -3.226089 3.358350  -0.911791 -0.410648 0.002345  0.645214 0.948937 0
syringe_lod1
0  2.246470 2.296571 7.016356  0.693148 0.650836 0.309770  0.018051 0.931457 0
0  2.388815 2.058039 6.713387  0.999698 0.017338 0.017448  0.003906 0.919655 0
0  2.294572 2.296571 6.717115  0.722086 0.691726 0.010280  0.015058 0.918722 0
syringe_lod1
0  -1.764939 2.296571 2.916525  -0.017113 0.691510 -0.722164  0.191804 0.753643 0
0  -2.109907 2.058039 2.926188  -0.545476 0.017261 -0.837949  0.209947 0.749504 0
0  -2.058517 2.296571 3.006829  -0.411362 0.664872 -0.623479  0.204099 0.758168 0
syringe_lod1
0  2.049366 2.390814 3.357508  0.264476 0.958117 -0.109838  0.026714 0.773367 0
0  2.294572 2.296571 3.539317  0.723270 0.690501 -0.009447  0.015037 0.780708 0
0  2.249482 2.296571 3.236011  0.686005 0.660921 -0.304272  0.017960 0.767815 0
syringe_lod1
0  1.774221 2.058039 2.822282  0.198992 0.136450 -0.970455  0.036706 0.742554 0
0  2.058517 2.296571 3.006829  0.411375 0.664843 -0.623502  0.026062 0.758031 0
0  2.109907 2.058039 2.926188  0.544621 0.017155 -0.838507  0.020220 0.749381 0
syringe_lod1
0  2.058517 2.296571 3.006829  0.411375 0.664843 -0.623502  0.026062 0.758031 0
0  2.331759 2.058039 3.186076  0.906375 0.016564 -0.422150  0.008752 0.762103 0
0  2.109907 2.058039 2.926188  0.544621 0.017155 -0.838507  0.020220 0.749381 0
syringe_lod1
0  1.764939 2.296571 2.916525  0.017114 0.691519 -0.722156  0.038351 0.753513 0
0  1.934705 2.390813 3.201481  0.158146 0.959084 -0.234837  0.031601 0.766718 0
0  2.058517 2.296571 3.006829  0.411375 0.664843 -0.623502  0.026062 0.758031 0
syringe_lod1
0  -2.249481 2.296571 3.236011  -0.686011 0.660912 -0.304275  0.212212 0.767986 0
0  -2.067049 2.390814 3.556059  -0.020845 0.999783 -0.000193  0.204439 0.781995 0
0  -2.049366 2.390814 3.357508  -0.264451 0.958125 -0.109827  0.203461 0.773552 0
syringe_lod1
0  -2.249481 2.296571 3.236011  -0.686011 0.660912 -0.304275  0.212212 0.767986 0
0  -2.388815 2.058039 3.532419  -0.999714 0.017395 -0.016412  0.226175 0.779580 0
0  -2.294572 2.296571 3.539316  -0.723563 0.690193 -0.009475  0.215146 0.780915 0
syringe_lod1
0  1.627233 -3.234492 2.863303  -0.001306 -0.212725 -0.977111  0.948119 0.514986 0
0  -1.620201 -3.308584 2.904925  -0.000000 -0.760424 -0.649427  0.807694 0.518661 0
0  -1.627233 -3.234492 2.863303  0.001290 -0.212728 -0.977111  0.807390 0.514986 0
syringe_lod1
0  1.620511 -3.337566 6.892817  0.000000 -1.000000 -0.000001  0.947829 0.691317 0
0  -1.620511 -3.337566 7.178333  0.000000 -0.999999 0.001720  0.807680 0.703663 0
0  -1.620511 -3.337566 6.892818  0.000000 -1.000000 0.000002  0.807680 0.691317 0
syringe_lod1
0  -1.688339 -3.066936 7.423393  -0.023896 -0.007144 0.999689  0.534700 0.727271 0
0  -1.688339 -3.175905 7.401611  0.083536 -0.195328 0.977174  0.534759 0.732005 0
0  -1.627233 -3.234492 7.382372  0.000486 -0.321923 0.946766  0.532114 0.734707 0
syringe_lod1
0  -1.772317 -3.175905 7.404062  0.000001 -1.000000 0.000001  0.658885 0.859889 0
0  -2.098816 -3.175906 7.303337  0.000000 -1.000000 -0.000001  0.646257 0.869234 0
0  -1.688339 -3.175905 6.891285  -0.111101 -0.993791 0.005981  0.643344 0.844442 0
syringe_lod1
0  2.109907 2.058039 2.926188  0.544621 0.017155 -0.838507  0.172383 0.505644 0
0  2.329392 -3.065292 3.179181  0.906219 -0.003804 -0.422792  0.186982 0.727146 0
0  2.098991 -3.055002 2.919472  0.542744 -0.003731 -0.839890  0.171968 0.726729 0
syringe_lod1
0  -2.204321 -3.337716 3.612289  -0.043339 -0.999060 -0.000005  0.782435 0.549460 0
0  -1.785734 -3.337566 6.633411  0.000155 -1.000000 -0.000000  0.800536 0.680099 0
0  -2.204320 -3.337716 6.633385  -0.043349 -0.999060 -0.000003  0.782435 0.680098 0
syringe_lod1
0  1.620684 -3.336587 7.262735  0.000000 -0.984454 0.175642  0.947836 0.707313 0
0  -1.620511 -3.337566 7.178333  0.000000 -0.999999 0.001720  0.807680 0.703663 0
0  1.620511 -3.337566 7.178333  -0.000000 -0.999999 0.001720  0.947829 0.703663 0
syringe_lod1
0  2.314159 -3.175905 7.050437  -0.000000 -1.000000 0.000001  0.641255 0.293092 0
0  1.798226 -3.175906 6.728298  0.005911 -0.993977 0.109432  0.645539 0.318380 0
0  2.367985 -3.175906 6.713387  0.000363 -0.977994 0.208635  0.628338 0.301846 0
syringe_lod1
0  2.246470 2.296571 7.016356  0.693148 0.650836 0.309770  0.018051 0.931457 0
0  2.067050 2.390814 6.703206  0.021008 0.999779 0.000251  0.025723 0.917754 0
0  2.032246 2.390814 6.933227  0.268263 0.957117 0.109375  0.027430 0.927496 0
syringe_lod1
0  1.774221 2.058039 2.822282  0.198992 0.136450 -0.970455  0.157211 0.505644 0
0  2.098991 -3.055002 2.919472  0.542744 -0.003731 -0.839890  0.171968 0.726729 0
0  1.772300 -2.935610 2.822171  0.185711 -0.052124 -0.981221  0.157211 0.721695 0
syringe_lod1
0  1.676010 -3.222247 6.696812  0.745162 -0.431319 0.508623  0.647635 0.323512 0
0  1.620511 -3.337566 6.892817  0.986807 0.024249 0.160073  0.657472 0.325656 0
0  1.666517 -3.337566 6.687934  0.823948 -0.050958 0.564369  0.647371 0.328036 0
syringe_lod1
0  -1.612341 -3.226089 6.887325  -0.904683 -0.420918 0.066151  0.645220 0.841029 0
0  -1.620511 -3.337566 6.892818  -0.986807 0.024249 0.160072  0.647205 0.836671 0
0  -1.620511 -3.337566 7.178333  -0.999720 0.016230 -0.017218  0.657780 0.844015 0
syringe_lod1
0  1.620511 -3.337566 3.352857  -0.000000 -0.999999 -0.001716  0.947829 0.538241 0
0  -1.666517 -3.337566 3.557740  0.000001 -1.000000 -0.000000  0.805691 0.547101 0
0  -1.620511 -3.337566 3.447041  0.000000 -0.999999 -0.001679  0.807680 0.542314 0
syringe_lod1
0  2.331759 2.058039 3.186076  0.906375 0.016564 -0.422150  0.187147 0.505644 0
0  2.388815 -3.066936 3.532288  0.999836 -0.007916 -0.016290  0.202467 0.727288 0
0  2.329392 -3.065292 3.179181  0.906219 -0.003804 -0.422792  0.186982 0.727146 0
syringe_lod1
0  -2.204320 -3.337716 6.633385  -0.007531 -0.096673 0.995288  0.617044 0.849076 0
0  -1.787408 -3.222247 6.646123  -0.069902 -0.496623 0.865147  0.632916 0.840666 0
0  -2.343824 -3.234829 6.640548  -0.006155 -0.599927 0.800031  0.615884 0.856690 0
syringe_lod1
0  -1.620201 -3.308584 2.904925  -0.000000 -0.760424 -0.649427  0.807694 0.518661 0
0  1.620684 -3.336587 2.982940  -0.000054 -0.998289 -0.058466  0.947836 0.522245 0
0  -1.620684 -3.336587 2.982939  -0.000002 -0.998291 -0.058435  0.807673 0.522245 0
syringe_lod1
0  2.343824 -3.234829 3.605126  0.933013 -0.359841 0.000829  0.981136 0.549150 0
0  2.292126 -3.315585 6.631340  0.593930 -0.804517 0.000000  0.976990 0.680010 0
0  2.292126 -3.315585 3.614335  0.593923 -0.804522 -0.000000  0.976990 0.549548 0
syringe_lod1
0  -1.774221 -2.935610 2.822282  -0.186207 -0.052101 -0.981128  0.766163 0.721684 0
0  -2.098818 -3.175906 2.942338  -0.474317 -0.136628 -0.869688  0.750967 0.732090 0
0  -2.100216 -3.054956 2.919965  -0.543613 -0.003748 -0.839328  0.751436 0.726787 0
syringe_lod1
0  -2.314159 -3.175905 3.195237  -0.000000 -1.000000 0.000001  0.630983 0.920629 0
0  -1.798226 -3.175905 3.517376  -0.005883 -0.994028 -0.108967  0.635274 0.945927 0
0  -2.367985 -3.175905 3.532287  -0.000363 -0.977993 -0.208637  0.618094 0.929322 0
syringe_lod1
0  1.737368 -3.175906 6.754131  0.365615 -0.897405 0.246961  0.647932 0.319644 0
0  1.787407 -3.222246 6.646123  0.069904 -0.496630 0.865143  0.643183 0.321661 0
0  1.798226 -3.175906 6.728298  0.005911 -0.993977 0.109432  0.645539 0.318380 0
syringe_lod1
0  -2.314141 -3.175905 7.050427  -0.000000 -1.000000 -0.000002  0.630989 0.869234 0
0  -2.367985 -3.175905 6.713387  -0.000365 -0.977991 0.208645  0.618072 0.860482 0
0  -1.798226 -3.175905 6.728298  -0.005900 -0.993976 0.109439  0.635272 0.843947 0
syringe_lod1
0  2.343824 -3.234829 3.605126  0.933013 -0.359841 0.000829  0.205549 0.734774 0
0  2.388815 -3.066936 6.713387  0.999819 -0.007889 0.017331  0.339996 0.727229 0
0  2.343823 -3.234829 6.640548  0.933015 -0.359836 -0.000826  0.336929 0.734774 0
syringe_lod1
0  1.742530 2.390814 7.101628  0.003075 0.989937 0.141478  0.039566 0.934875 0
0  2.055376 2.296571 7.241017  0.410186 0.653638 0.636007  0.026172 0.941063 0
0  1.960934 2.390813 7.026209  0.151933 0.957926 0.243503  0.030444 0.931461 0
syringe_lod1
0  -2.343824 -3.234829 6.640548  -0.933013 -0.359840 -0.000874  0.586462 0.734818 0
0  -2.367985 -3.175905 6.713387  -0.978340 -0.156548 0.135435  0.583269 0.732005 0
0  -2.388815 -3.066936 6.713387  -0.999819 -0.007901 0.017327  0.583399 0.727271 0
syringe_lod1
0  2.098818 -3.175905 2.942338  0.000000 -1.000000 0.000000  0.034805 0.433169 0
0  1.798226 -3.175905 3.532288  0.005933 -0.993975 -0.109444  0.023927 0.407285 0
0  1.688339 -3.175905 3.354390  0.109611 -0.993957 -0.005891  0.032457 0.408629 0
syringe_lod1
0  -1.620511 -3.337566 3.447041  -0.962272 -0.044179 -0.268480  0.643055 0.955051 0
0  -1.612341 -3.226089 3.358350  -0.911791 -0.410648 0.002345  0.645214 0.948937 0
0  -1.620511 -3.337566 3.352857  -0.999885 0.015157 -0.000800  0.647475 0.953069 0
syringe_lod1
0  1.688339 -3.175905 3.354390  0.109611 -0.993957 -0.005891  0.032457 0.408629 0
0  1.627233 -3.234492 2.863303  0.913416 -0.406691 0.016547  0.051294 0.417436 0
0  1.688339 -3.175905 2.844064  0.440539 -0.897665 0.011147  0.049786 0.421053 0
syringe_lod1
0  -1.785734 -3.337567 3.612264  0.000159 -1.000000 0.000000  0.800536 0.549459 0
0  -1.666517 -3.337567 6.687933  -0.000001 -1.000000 0.000001  0.805691 0.682457 0
0  -1.785734 -3.337566 6.633411  0.000155 -1.000000 -0.000000  0.800536 0.680099 0
syringe_lod1
0  -1.676010 -3.222246 6.696813  -0.745167 -0.431319 0.508615  0.637368 0.838815 0
0  -1.620511 -3.337566 6.892818  -0.986807 0.024249 0.160072  0.647205 0.836671 0
0  -1.612341 -3.226089 6.887325  -0.904683 -0.420918 0.066151  0.645220 0.841029 0
syringe_lod1
0  2.067049 2.390814 3.556059  0.020938 0.999781 -0.000191  0.025743 0.781782 0
0  2.294572 2.296571 6.717115  0.722086 0.691726 0.010280  0.015058 0.918722 0
0  2.294572 2.296571 3.539317  0.723270 0.690501 -0.009447  0.015037 0.780708 0
syringe_lod1
0  1.785734 -3.337566 3.612264  0.159030 -0.110064 -0.981119  0.019828 0.399966 0
0  1.676010 -3.222247 3.548862  0.750444 -0.423232 -0.507650  0.026601 0.402691 0
0  1.787407 -3.222246 3.599551  0.071286 -0.465289 -0.882283  0.022082 0.404330 0
syringe_lod1
0  1.612341 -3.226090 3.358350  0.910329 -0.408927 -0.063871  0.034416 0.405236 0
0  1.666517 -3.337566 3.557740  0.823937 -0.050964 -0.564385  0.026480 0.398162 0
0  1.620511 -3.337566 3.352857  0.996886 0.008062 -0.078437  0.036557 0.400931 0
syringe_lod1
0  2.055376 2.296571 7.241017  0.410186 0.653638 0.636007  0.026172 0.941063 0
0  2.331721 2.058039 7.059679  0.898395 0.015502 0.438916  0.008734 0.936930 0
0  2.246470 2.296571 7.016356  0.693148 0.650836 0.309770  0.018051 0.931457 0
syringe_lod1
0  -1.764939 2.296571 2.916525  -0.017113 0.691510 -0.722164  0.191804 0.753643 0
0  1.774221 2.058039 2.822282  0.198992 0.136450 -0.970455  0.036706 0.742554 0
0  -1.774222 2.058039 2.822282  -0.197949 0.136527 -0.970658  0.193460 0.742554 0
syringe_lod1
0  -2.294572 2.296571 6.706358  -0.721605 0.692182 0.013039  0.214932 0.918622 0
0  -2.388815 2.058039 3.532419  -0.999714 0.017395 -0.016412  0.226175 0.779580 0
0  -2.388814 2.058039 6.713255  -0.999691 0.017535 0.017589  0.226043 0.920083 0
syringe_lod1
0  1.742530 2.390814 7.101628  0.003075 0.989937 0.141478  0.039566 0.934875 0
0  -1.764939 2.296571 7.329150  -0.021059 0.693481 0.720167  0.191411 0.945741 0
0  1.764939 2.296571 7.329150  0.017303 0.692509 0.721202  0.038262 0.945492 0
syringe_lod1
0  -2.294572 2.296571 6.706358  -0.721605 0.692182 0.013039  0.214932 0.918622 0
0  -2.331759 2.058039 7.059598  -0.898017 0.019324 0.439537  0.220875 0.937273 0
0  -2.218914 2.296571 6.992481  -0.682341 0.659375 0.315649  0.211127 0.931004 0
syringe_lod1
0  1.960934 2.390813 7.026209  0.151933 0.957926 0.243503  0.030444 0.931461 0
0  2.246470 2.296571 7.016356  0.693148 0.650836 0.309770  0.018051 0.931457 0
0  2.032246 2.390814 6.933227  0.268263 0.957117 0.109375  0.027430 0.927496 0
syringe_lod1
0  1.798226 -3.175905 3.532288  0.005933 -0.993975 -0.109444  0.023927 0.407285 0
0  2.343824 -3.234829 3.605126  0.001750 -0.562497 -0.826797  0.004685 0.420066 0
0  1.787407 -3.222246 3.599551  0.071286 -0.465289 -0.882283  0.022082 0.404330 0
syringe_lod1
0  -1.676010 -3.222246 3.548862  -0.623415 -0.438462 -0.647383  0.637376 0.951061 0
0  -1.785734 -3.337567 3.612264  -0.159028 -0.110060 -0.981120  0.630442 0.953452 0
0  -1.787408 -3.222247 3.599551  -0.069893 -0.496647 -0.865134  0.632885 0.949176 0
syringe_lod1
0  -1.666517 -3.337566 3.557740  0.000001 -1.000000 -0.000000  0.805691 0.547101 0
0  1.666517 -3.337566 6.687934  -0.000000 -1.000000 -0.000001  0.949818 0.682457 0
0  -1.666517 -3.337567 6.687933  -0.000001 -1.000000 0.000001  0.805691 0.682457 0
syringe_lod1
0  -1.627233 -3.234492 7.382372  0.000486 -0.321923 0.946766  0.807390 0.714572 0
0  1.620202 -3.308584 7.340749  -0.000000 -0.760405 0.649450  0.947815 0.710897 0
0  1.627233 -3.234492 7.382372  -0.000484 -0.321924 0.946766  0.948119 0.714572 0
syringe_lod1
0  1.688339 -3.066936 7.423393  0.023856 -0.007179 0.999690  0.388690 0.727232 0
0  1.627233 -3.234492 7.382372  -0.000484 -0.321924 0.946766  0.391265 0.734707 0
0  1.688339 -3.175905 7.401611  -0.083537 -0.195329 0.977174  0.388616 0.731962 0
syringe_lod1
0  2.321561 -3.066936 7.084601  0.898049 -0.003852 0.439878  0.356311 0.727134 0
0  2.388815 2.058039 6.713387  0.999698 0.017338 0.017448  0.339892 0.505644 0
0  2.331721 2.058039 7.059679  0.898395 0.015502 0.438916  0.355058 0.505644 0
syringe_lod1
0  2.055376 2.296571 7.241017  0.410186 0.653638 0.636007  0.026172 0.941063 0
0  1.774222 2.058039 7.423393  0.024138 0.017618 0.999553  0.036599 0.956448 0
0  2.109869 2.058039 7.319514  0.509586 0.015176 0.860286  0.020192 0.949623 0
syringe_lod1
0  -2.388814 2.058039 6.713255  -0.999691 0.017535 0.017589  0.583556 0.505644 0
0  -2.388815 -3.066936 3.532288  -0.999836 -0.007913 -0.016288  0.720971 0.727335 0
0  -2.388815 -3.066936 6.713387  -0.999819 -0.007901 0.017327  0.583399 0.727271 0
syringe_lod1
0  2.062377 -3.066936 7.343118  0.508109 -0.003769 0.861285  0.372136 0.727155 0
0  2.331721 2.058039 7.059679  0.898395 0.015502 0.438916  0.355058 0.505644 0
0  2.109869 2.058039 7.319514  0.509586 0.015176 0.860286  0.369827 0.505644 0
syringe_lod1
0  -2.098816 -3.175906 7.303337  -0.503217 -0.131752 0.854057  0.553472 0.732005 0
0  -1.688339 -3.066936 7.423393  -0.023896 -0.007144 0.999689  0.534700 0.727271 0
0  -2.062231 -3.066936 7.342872  -0.508131 -0.003723 0.861272  0.551255 0.727199 0
syringe_lod1
0  -1.934705 2.390814 3.201481  -0.158139 0.959087 -0.234827  0.198566 0.766878 0
0  -2.249481 2.296571 3.236011  -0.686011 0.660912 -0.304275  0.212212 0.767986 0
0  -2.049366 2.390814 3.357508  -0.264451 0.958125 -0.109827  0.203461 0.773552 0
syringe_lod1
0  -2.314141 -3.175905 7.050427  -0.888568 -0.148246 0.434132  0.568235 0.732005 0
0  -2.388815 -3.066936 6.713387  -0.999819 -0.007901 0.017327  0.583399 0.727271 0
0  -2.367985 -3.175905 6.713387  -0.978340 -0.156548 0.135435  0.583269 0.732005 0
syringe_lod1
0  -1.696628 -3.175905 3.434549  -0.395410 -0.909688 -0.126962  0.640470 0.947122 0
0  -1.676010 -3.222246 3.548862  -0.623415 -0.438462 -0.647383  0.637376 0.951061 0
0  -1.737368 -3.175905 3.491544  -0.315422 -0.882685 -0.348391  0.637640 0.947212 0
syringe_lod1
0  1.612341 -3.226089 6.887325  0.904689 -0.420909 0.066133  0.655487 0.321298 0
0  1.627233 -3.234492 7.382372  0.864336 -0.502528 -0.019741  0.672630 0.309332 0
0  1.620511 -3.337566 7.178333  0.999720 0.016230 -0.017219  0.668046 0.318311 0
syringe_lod1
0  -1.676010 -3.222246 3.548862  -0.623415 -0.438462 -0.647383  0.637376 0.951061 0
0  -1.620511 -3.337566 3.447041  -0.962272 -0.044179 -0.268480  0.643055 0.955051 0
0  -1.666517 -3.337566 3.557740  -0.696944 -0.100537 -0.710043  0.636892 0.955554 0
syringe_lod1
0  1.787407 -3.222246 6.646123  0.069904 -0.496630 0.865143  0.643183 0.321661 0
0  1.785734 -3.337566 6.633410  0.159029 -0.110060 0.981120  0.640795 0.325972 0
0  2.204320 -3.337716 6.633385  0.007528 -0.096673 0.995288  0.627311 0.313252 0
syringe_lod1
0  -2.329558 -3.065289 3.179788  -0.906502 -0.003807 -0.422183  0.736439 0.727208 0
0  -2.098818 -3.175906 2.942338  -0.474317 -0.136628 -0.869688  0.750967 0.732090 0
0  -2.314159 -3.175905 3.195237  -0.889916 -0.172082 -0.422419  0.736147 0.732090 0
syringe_lod1
0  -1.774221 2.058039 7.423393  -0.024410 0.018000 0.999540  0.538444 0.505644 0
0  -2.062231 -3.066936 7.342872  -0.508131 -0.003723 0.861272  0.551255 0.727199 0
0  -1.688339 -3.066936 7.423393  -0.023896 -0.007144 0.999689  0.534700 0.727271 0
syringe_lod1
0  1.774222 2.058039 7.423393  0.024138 0.017618 0.999553  0.385007 0.505644 0
0  -1.688339 -3.066936 7.423393  -0.023896 -0.007144 0.999689  0.534700 0.727271 0
0  1.688339 -3.066936 7.423393  0.023856 -0.007179 0.999690  0.388690 0.727232 0
syringe_lod1
0  1.688339 -3.066936 7.423393  0.023856 -0.007179 0.999690  0.388690 0.727232 0
0  1.688339 -3.175905 7.401611  -0.083537 -0.195329 0.977174  0.388616 0.731962 0
0  1.772318 -3.175905 7.404062  0.219969 -0.131557 0.966595  0.384945 0.731962 0
syringe_lod1
0  -1.737368 -3.175905 3.491544  -0.315422 -0.882685 -0.348391  0.637640 0.947212 0
0  -1.787408 -3.222247 3.599551  -0.069893 -0.496647 -0.865134  0.632885 0.949176 0
0  -1.798226 -3.175905 3.517376  -0.005883 -0.994028 -0.108967  0.635274 0.945927 0
syringe_lod1
0  1.772318 -3.175905 7.404062  0.000000 -1.000000 0.000000  0.669151 0.302437 0
0  1.688339 -3.175905 7.401611  0.440542 -0.897663 -0.011148  0.671207 0.305666 0
0  1.688339 -3.175905 6.891285  0.111104 -0.993791 0.005950  0.653611 0.317885 0
syringe_lod1
0  2.062377 -3.066936 7.343118  0.508109 -0.003769 0.861285  0.372136 0.727155 0
0  1.774222 2.058039 7.423393  0.024138 0.017618 0.999553  0.385007 0.505644 0
0  1.688339 -3.066936 7.423393  0.023856 -0.007179 0.999690  0.388690 0.727232 0
syringe_lod1
0  2.343823 -3.234829 6.640548  0.933015 -0.359836 -0.000826  0.336929 0.734774 0
0  2.388815 -3.066936 6.713387  0.999819 -0.007889 0.017331  0.339996 0.727229 0
0  2.367985 -3.175906 6.713387  0.978397 -0.156128 0.135512  0.340120 0.731962 0
syringe_lod1
0  1.737368 -3.175906 6.754131  0.365615 -0.897405 0.246961  0.647932 0.319644 0
0  1.612341 -3.226089 6.887325  0.904689 -0.420909 0.066133  0.655487 0.321298 0
0  1.676010 -3.222247 6.696812  0.745162 -0.431319 0.508623  0.647635 0.323512 0
syringe_lod1
0  -1.798226 -3.175905 6.728298  -0.005900 -0.993976 0.109439  0.635272 0.843947 0
0  -2.343824 -3.234829 6.640548  -0.006155 -0.599927 0.800031  0.615884 0.856690 0
0  -1.787408 -3.222247 6.646123  -0.069902 -0.496623 0.865147  0.632916 0.840666 0
syringe_lod1
0  -2.331759 2.058039 7.059598  -0.898017 0.019324 0.439537  0.568386 0.505644 0
0  -2.388815 -3.066936 6.713387  -0.999819 -0.007901 0.017327  0.583399 0.727271 0
0  -2.321649 -3.066936 7.084607  -0.897997 -0.003821 0.439986  0.567085 0.727180 0
syringe_lod1
0  1.676010 -3.222247 6.696812  0.745162 -0.431319 0.508623  0.647635 0.323512 0
0  1.785734 -3.337566 6.633410  0.159029 -0.110060 0.981120  0.640795 0.325972 0
0  1.787407 -3.222246 6.646123  0.069904 -0.496630 0.865143  0.643183 0.321661 0
syringe_lod1
0  1.934705 2.390813 3.201481  0.158146 0.959084 -0.234837  0.031601 0.766718 0
0  2.249482 2.296571 3.236011  0.686005 0.660921 -0.304272  0.017960 0.767815 0
0  2.058517 2.296571 3.006829  0.411375 0.664843 -0.623502  0.026062 0.758031 0
syringe_lod1
0  2.321561 -3.066936 7.084601  0.898049 -0.003852 0.439878  0.356311 0.727134 0
0  2.098818 -3.175905 7.303336  0.503199 -0.132878 0.853893  0.369920 0.731962 0
0  2.314159 -3.175905 7.050437  0.888653 -0.148335 0.433927  0.355158 0.731962 0
syringe_lod1
0  -1.688339 -3.175905 6.891285  -0.111101 -0.993791 0.005981  0.643344 0.844442 0
0  -1.627233 -3.234492 7.382372  -0.864334 -0.502531 -0.019740  0.662364 0.852994 0
0  -1.688339 -3.175905 7.401611  -0.440540 -0.897664 -0.011148  0.660941 0.856659 0
syringe_lod1
0  1.772317 -3.175905 2.841612  0.228615 -0.108298 -0.967474  0.157420 0.732053 0
0  2.098991 -3.055002 2.919472  0.542744 -0.003731 -0.839890  0.171968 0.726729 0
0  2.098818 -3.175905 2.942338  0.473768 -0.135686 -0.870134  0.172506 0.732053 0
syringe_lod1
0  -1.774221 -2.935610 2.822282  -0.186207 -0.052101 -0.981128  0.766163 0.721684 0
0  -2.109907 2.058039 2.926188  -0.545476 0.017261 -0.837949  0.750992 0.505644 0
0  -1.774222 2.058039 2.822282  -0.197949 0.136527 -0.970658  0.766163 0.505644 0
syringe_lod1
0  -1.742530 2.390813 3.144046  -0.002794 0.989870 -0.141951  0.190560 0.764270 0
0  1.764939 2.296571 2.916525  0.017114 0.691519 -0.722156  0.038351 0.753513 0
0  -1.764939 2.296571 2.916525  -0.017113 0.691510 -0.722164  0.191804 0.753643 0
syringe_lod1
0  -1.764939 2.296571 7.329150  -0.021059 0.693481 0.720167  0.191411 0.945741 0
0  1.774222 2.058039 7.423393  0.024138 0.017618 0.999553  0.036599 0.956448 0
0  1.764939 2.296571 7.329150  0.017303 0.692509 0.721202  0.038262 0.945492 0
syringe_lod1
0  -1.742530 2.390813 3.144046  -0.002794 0.989870 -0.141951  0.190560 0.764270 0
0  -2.058517 2.296571 3.006829  -0.411362 0.664872 -0.623479  0.204099 0.758168 0
0  -1.934705 2.390814 3.201481  -0.158139 0.959087 -0.234827  0.198566 0.766878 0
syringe_lod1
0  2.294572 2.296571 3.539317  0.723270 0.690501 -0.009447  0.015037 0.780708 0
0  2.331759 2.058039 3.186076  0.906375 0.016564 -0.422150  0.008752 0.762103 0
0  2.249482 2.296571 3.236011  0.686005 0.660921 -0.304272  0.017960 0.767815 0
syringe_lod1
0  -2.109907 2.058039 2.926188  -0.545476 0.017261 -0.837949  0.750992 0.505644 0
0  -2.329558 -3.065289 3.179788  -0.906502 -0.003807 -0.422183  0.736439 0.727208 0
0  -2.331759 2.058039 3.186076  -0.906647 0.016648 -0.421561  0.736239 0.505644 0
syringe_lod1
0  -2.067049 2.390814 3.556059  -0.020845 0.999783 -0.000193  0.204439 0.781995 0
0  -2.294572 2.296571 6.706358  -0.721605 0.692182 0.013039  0.214932 0.918622 0
0  -2.067049 2.390813 6.689616  -0.020943 0.999781 0.000336  0.204306 0.917514 0
syringe_lod1
0  1.798226 -3.175905 3.532288  0.005933 -0.993975 -0.109444  0.023927 0.407285 0
0  1.676010 -3.222247 3.548862  0.750444 -0.423232 -0.507650  0.026601 0.402691 0
0  1.737368 -3.175905 3.491544  0.386241 -0.887311 -0.251988  0.026828 0.406533 0
syringe_lod1
0  -1.620684 -3.336587 2.982939  -0.999849 0.010194 0.014056  0.660750 0.943507 0
0  -1.612341 -3.226089 3.358350  -0.911791 -0.410648 0.002345  0.645214 0.948937 0
0  -1.627233 -3.234492 2.863303  -0.913413 -0.406697 0.016543  0.662345 0.936687 0
syringe_lod1
0  -1.772317 -3.175905 2.841612  0.000001 -1.000000 0.000000  0.658810 0.929855 0
0  -1.688339 -3.175905 2.844064  -0.440540 -0.897664 0.011148  0.660889 0.933050 0
0  -1.688339 -3.175905 3.354390  -0.101054 -0.994879 0.001904  0.643361 0.945466 0
syringe_lod1
0  -1.787408 -3.222247 3.599551  -0.069893 -0.496647 -0.865134  0.632885 0.949176 0
0  -1.785734 -3.337567 3.612264  -0.159028 -0.110060 -0.981120  0.630442 0.953452 0
0  -2.204321 -3.337716 3.612289  -0.007528 -0.096675 -0.995287  0.617031 0.940698 0
syringe_lod1
0  -2.292126 -3.315585 6.631340  -0.593961 -0.804494 -0.000000  0.778520 0.680010 0
0  -2.204321 -3.337716 3.612289  -0.043339 -0.999060 -0.000005  0.782435 0.549460 0
0  -2.204320 -3.337716 6.633385  -0.043349 -0.999060 -0.000003  0.782435 0.680098 0
syringe_lod1
0  2.098818 -3.175905 7.303336  0.503199 -0.132878 0.853893  0.369920 0.731962 0
0  1.688339 -3.066936 7.423393  0.023856 -0.007179 0.999690  0.388690 0.727232 0
0  1.772318 -3.175905 7.404062  0.219969 -0.131557 0.966595  0.384945 0.731962 0
syringe_lod1
0  -1.774221 -2.935610 2.822282  -0.186207 -0.052101 -0.981128  0.003909 0.721695 0
0  -1.688339 -3.175905 2.844064  0.130667 -0.043079 -0.990490  0.007540 0.732149 0
0  -1.772317 -3.175905 2.841612  -0.229230 -0.108811 -0.967271  0.003906 0.732111 0
syringe_lod1
0  -2.343823 -3.234829 3.605126  -0.933014 -0.359840 0.000829  0.717885 0.734818 0
0  -2.388815 -3.066936 3.532288  -0.999836 -0.007913 -0.016288  0.720971 0.727335 0
0  -2.367985 -3.175905 3.532287  -0.976327 -0.173719 -0.128869  0.721072 0.732090 0
syringe_lod1
0  1.688339 -3.175905 6.891285  0.111104 -0.993791 0.005950  0.653611 0.317885 0
0  1.627233 -3.234492 7.382372  0.864336 -0.502528 -0.019741  0.672630 0.309332 0
0  1.612341 -3.226089 6.887325  0.904689 -0.420909 0.066133  0.655487 0.321298 0
syringe_lod1
0  -1.785734 -3.337566 6.633411  -0.159028 -0.110059 0.981120  0.630528 0.836355 0
0  -1.676010 -3.222246 6.696813  -0.745167 -0.431319 0.508615  0.637368 0.838815 0
0  -1.787408 -3.222247 6.646123  -0.069902 -0.496623 0.865147  0.632916 0.840666 0
syringe_lod1
0  -2.058517 2.296571 3.006829  -0.411362 0.664872 -0.623479  0.204099 0.758168 0
0  -2.331759 2.058039 3.186076  -0.906647 0.016648 -0.421561  0.221419 0.762271 0
0  -2.249481 2.296571 3.236011  -0.686011 0.660912 -0.304275  0.212212 0.767986 0
syringe_lod1
0  2.388815 2.058039 3.532419  0.999714 0.017387 -0.016398  0.004006 0.779372 0
0  2.294572 2.296571 6.717115  0.722086 0.691726 0.010280  0.015058 0.918722 0
0  2.388815 2.058039 6.713387  0.999698 0.017338 0.017448  0.003906 0.919655 0
syringe_lod1
0  -2.388815 -3.066936 3.532288  -0.999836 -0.007913 -0.016288  0.720971 0.727335 0
0  -2.314159 -3.175905 3.195237  -0.889916 -0.172082 -0.422419  0.736147 0.732090 0
0  -2.367985 -3.175905 3.532287  -0.976327 -0.173719 -0.128869  0.721072 0.732090 0
syringe_lod1
0  -2.292126 -3.315585 6.631340  -0.593961 -0.804494 -0.000000  0.778520 0.680010 0
0  -2.343823 -3.234829 3.605126  -0.933014 -0.359840 0.000829  0.774373 0.549150 0
0  -2.292126 -3.315585 3.614335  -0.593961 -0.804494 -0.000000  0.778520 0.549548 0
syringe_lod1
0  -2.067049 2.390814 3.556059  -0.020845 0.999783 -0.000193  0.204439 0.781995 0
0  2.067050 2.390814 6.703206  0.021008 0.999779 0.000251  0.025723 0.917754 0
0  2.067049 2.390814 3.556059  0.020938 0.999781 -0.000191  0.025743 0.781782 0
syringe_lod1
0  -1.787408 -3.222247 6.646123  -0.069902 -0.496623 0.865147  0.632916 0.840666 0
0  -1.737368 -3.175905 6.754131  -0.365607 -0.897408 0.246962  0.637665 0.842683 0
0  -1.798226 -3.175905 6.728298  -0.005900 -0.993976 0.109439  0.635272 0.843947 0
syringe_lod1
0  -2.331759 2.058039 7.059598  -0.898017 0.019324 0.439537  0.568386 0.505644 0
0  -2.062231 -3.066936 7.342872  -0.508131 -0.003723 0.861272  0.551255 0.727199 0
0  -2.109907 2.058039 7.319487  -0.510531 0.019389 0.859640  0.553620 0.505644 0
syringe_lod1
0  -2.098816 -3.175906 7.303337  -0.503217 -0.131752 0.854057  0.553472 0.732005 0
0  -2.321649 -3.066936 7.084607  -0.897997 -0.003821 0.439986  0.567085 0.727180 0
0  -2.314141 -3.175905 7.050427  -0.888568 -0.148246 0.434132  0.568235 0.732005 0
syringe_lod1
0  -1.620201 -3.308584 7.340749  -0.000024 -0.760402 0.649453  0.807694 0.710897 0
0  1.620684 -3.336587 7.262735  0.000000 -0.984454 0.175642  0.947836 0.707313 0
0  1.620202 -3.308584 7.340749  -0.000000 -0.760405 0.649450  0.947815 0.710897 0
syringe_lod1
0  1.772300 -2.935610 2.822171  0.185711 -0.052124 -0.981221  0.157211 0.721695 0
0  1.688339 -3.175905 2.844064  -0.129971 -0.044832 -0.990504  0.153689 0.732174 0
0  1.627233 -3.234492 2.863303  -0.001306 -0.212725 -0.977111  0.150972 0.734732 0
syringe_lod1
0  2.098818 -3.175905 2.942338  0.473768 -0.135686 -0.870134  0.172506 0.732053 0
0  2.329392 -3.065292 3.179181  0.906219 -0.003804 -0.422792  0.186982 0.727146 0
0  2.314159 -3.175905 3.195238  0.889757 -0.171336 -0.423055  0.187300 0.732053 0
syringe_lod1
0  1.688339 -3.066936 7.423393  0.023856 -0.007179 0.999690  0.388690 0.727232 0
0  -1.627233 -3.234492 7.382372  0.000486 -0.321923 0.946766  0.532114 0.734707 0
0  1.627233 -3.234492 7.382372  -0.000484 -0.321924 0.946766  0.391265 0.734707 0
syringe_lod1
0  1.620511 -3.337566 3.352857  -0.000000 -0.999999 -0.001716  0.947829 0.538241 0
0  -1.620511 -3.337566 3.447041  0.000000 -0.999999 -0.001679  0.807680 0.542314 0
0  -1.620511 -3.337566 3.352857  -0.000000 -0.999998 -0.002187  0.807680 0.538241 0
syringe_lod1
0  1.676010 -3.222247 3.548862  0.750444 -0.423232 -0.507650  0.026601 0.402691 0
0  1.688339 -3.175905 3.354390  0.109611 -0.993957 -0.005891  0.032457 0.408629 0
0  1.737368 -3.175905 3.491544  0.386241 -0.887311 -0.251988  0.026828 0.406533 0
syringe_lod1
0  2.204320 -3.337716 3.612289  0.007527 -0.096677 -0.995287  0.006033 0.412436 0
0  1.787407 -3.222246 3.599551  0.071286 -0.465289 -0.882283  0.022082 0.404330 0
0  2.343824 -3.234829 3.605126  0.001750 -0.562497 -0.826797  0.004685 0.420066 0
syringe_lod1
0  1.772300 -2.935610 2.822171  0.185711 -0.052124 -0.981221  0.157211 0.721695 0
0  1.772317 -3.175905 2.841612  0.228615 -0.108298 -0.967474  0.157420 0.732053 0
0  1.688339 -3.175905 2.844064  -0.129971 -0.044832 -0.990504  0.153689 0.732174 0
syringe_lod1
0  -1.688339 -3.175905 3.354390  -0.101054 -0.994879 0.001904  0.643361 0.945466 0
0  -1.627233 -3.234492 2.863303  -0.913413 -0.406697 0.016543  0.662345 0.936687 0
0  -1.612341 -3.226089 3.358350  -0.911791 -0.410648 0.002345  0.645214 0.948937 0
syringe_lod1
0  2.343824 -3.234829 3.605126  0.933013 -0.359841 0.000829  0.205549 0.734774 0
0  2.367985 -3.175905 3.532287  0.976356 -0.173458 -0.129001  0.202361 0.732053 0
0  2.388815 -3.066936 3.532288  0.999836 -0.007916 -0.016290  0.202467 0.727288 0
syringe_lod1
0  2.388815 2.058039 6.713387  0.999698 0.017338 0.017448  0.339892 0.505644 0
0  2.388815 -3.066936 3.532288  0.999836 -0.007916 -0.016290  0.202467 0.727288 0
0  2.388815 2.058039 3.532419  0.999714 0.017387 -0.016398  0.202316 0.505644 0
syringe_lod1
0  -2.314141 -3.175905 7.050427  -0.000000 -1.000000 -0.000002  0.630989 0.869234 0
0  -1.688339 -3.175905 6.891285  -0.111101 -0.993791 0.005981  0.643344 0.844442 0
0  -2.098816 -3.175906 7.303337  0.000000 -1.000000 -0.000001  0.646257 0.869234 0
syringe_lod1
0  2.204320 -3.337716 3.612289  0.043332 -0.999061 0.000003  0.973074 0.549460 0
0  1.785734 -3.337566 6.633410  -0.000494 -1.000000 -0.000000  0.954973 0.680099 0
0  1.785734 -3.337566 3.612264  -0.000492 -1.000000 -0.000000  0.954973 0.549459 0
syringe_lod1
0  2.292126 -3.315585 3.614335  0.593923 -0.804522 -0.000000  0.976990 0.549548 0
0  2.204320 -3.337716 6.633385  0.043343 -0.999060 0.000005  0.973074 0.680098 0
0  2.204320 -3.337716 3.612289  0.043332 -0.999061 0.000003  0.973074 0.549460 0
syringe_lod1
0  1.666517 -3.337566 3.557740  0.000001 -1.000000 0.000000  0.949818 0.547101 0
0  1.785734 -3.337566 6.633410  -0.000494 -1.000000 -0.000000  0.954973 0.680099 0
0  1.666517 -3.337566 6.687934  -0.000000 -1.000000 -0.000001  0.949818 0.682457 0
syringe_lod1
0  -2.343823 -3.234829 3.605126  -0.933014 -0.359840 0.000829  0.717885 0.734818 0
0  -2.388815 -3.066936 6.713387  -0.999819 -0.007901 0.017327  0.583399 0.727271 0
0  -2.388815 -3.066936 3.532288  -0.999836 -0.007913 -0.016288  0.720971 0.727335 0
syringe_lod1
0  -1.737368 -3.175905 6.754131  -0.365607 -0.897408 0.246962  0.637665 0.842683 0
0  -1.688339 -3.175905 6.891285  -0.111101 -0.993791 0.005981  0.643344 0.844442 0
0  -1.798226 -3.175905 6.728298  -0.005900 -0.993976 0.109439  0.635272 0.843947 0
syringe_lod1
0  2.321561 -3.066936 7.084601  0.898049 -0.003852 0.439878  0.356311 0.727134 0
0  2.367985 -3.175906 6.713387  0.978397 -0.156128 0.135512  0.340120 0.731962 0
0  2.388815 -3.066936 6.713387  0.999819 -0.007889 0.017331  0.339996 0.727229 0
syringe_lod1
0  -1.627233 -3.234492 2.863303  0.001290 -0.212728 -0.977111  0.010264 0.734732 0
0  1.772300 -2.935610 2.822171  0.185711 -0.052124 -0.981221  0.157211 0.721695 0
0  1.627233 -3.234492 2.863303  -0.001306 -0.212725 -0.977111  0.150972 0.734732 0
syringe_lod1
0  -1.798226 -3.175905 3.517376  -0.005883 -0.994028 -0.108967  0.635274 0.945927 0
0  -2.343823 -3.234829 3.605126  -0.006152 -0.599928 -0.800031  0.615898 0.933094 0
0  -2.367985 -3.175905 3.532287  -0.000363 -0.977993 -0.208637  0.618094 0.929322 0
syringe_lod1
0  1.798226 -3.175906 6.728298  0.005911 -0.993977 0.109432  0.645539 0.318380 0
0  2.343823 -3.234829 6.640548  0.006153 -0.599930 0.800029  0.626150 0.305638 0
0  2.367985 -3.175906 6.713387  0.000363 -0.977994 0.208635  0.628338 0.301846 0
syringe_lod1
0  -1.620511 -3.337566 7.178333  -0.999720 0.016230 -0.017218  0.657780 0.844015 0
0  -1.620684 -3.336587 7.262735  -0.997516 -0.070238 0.005341  0.660709 0.846208 0
0  -1.627233 -3.234492 7.382372  -0.864334 -0.502531 -0.019740  0.662364 0.852994 0
syringe_lod1
0  -1.620684 -3.336587 7.262735  -0.997516 -0.070238 0.005341  0.660709 0.846208 0
0  -1.620201 -3.308584 7.340749  -0.991252 -0.122152 0.049982  0.662763 0.849205 0
0  -1.627233 -3.234492 7.382372  -0.864334 -0.502531 -0.019740  0.662364 0.852994 0
syringe_lod1
0  -1.627233 -3.234492 7.382372  -0.864334 -0.502531 -0.019740  0.662364 0.852994 0
0  -1.612341 -3.226089 6.887325  -0.904683 -0.420918 0.066151  0.645220 0.841029 0
0  -1.620511 -3.337566 7.178333  -0.999720 0.016230 -0.017218  0.657780 0.844015 0
syringe_lod1
0  -2.343824 -3.234829 6.640548  -0.006155 -0.599927 0.800031  0.615884 0.856690 0
0  -2.292126 -3.315585 6.631340  -0.061223 -0.151685 0.986531  0.615000 0.852468 0
0  -2.204320 -3.337716 6.633385  -0.007531 -0.096673 0.995288  0.617044 0.849076 0
syringe_lod1
0  -2.204320 -3.337716 6.633385  -0.007531 -0.096673 0.995288  0.617044 0.849076 0
0  -1.785734 -3.337566 6.633411  -0.159028 -0.110059 0.981120  0.630528 0.836355 0
0  -1.787408 -3.222247 6.646123  -0.069902 -0.496623 0.865147  0.632916 0.840666 0
syringe_lod1
0  -1.688339 -3.066936 7.423393  -0.023896 -0.007144 0.999689  0.534700 0.727271 0
0  -1.772317 -3.175905 7.404062  -0.220348 -0.130262 0.966684  0.538439 0.732005 0
0  -1.688339 -3.175905 7.401611  0.083536 -0.195328 0.977174  0.534759 0.732005 0
syringe_lod1
0  -2.314159 -3.175905 3.195237  -0.000000 -1.000000 0.000001  0.630983 0.920629 0
0  -1.688339 -3.175905 3.354390  -0.101054 -0.994879 0.001904  0.643361 0.945466 0
0  -1.798226 -3.175905 3.517376  -0.005883 -0.994028 -0.108967  0.635274 0.945927 0
syringe_lod1
0  -2.049303 2.296571 7.202359  -0.425761 0.662612 0.616176  0.203588 0.940033 0
0  -1.774221 2.058039 7.423393  -0.024410 0.018000 0.999540  0.192927 0.956769 0
0  -1.764939 2.296571 7.329150  -0.021059 0.693481 0.720167  0.191411 0.945741 0
syringe_lod1
0  1.737368 -3.175906 6.754131  0.365615 -0.897405 0.246961  0.647932 0.319644 0
0  1.798226 -3.175906 6.728298  0.005911 -0.993977 0.109432  0.645539 0.318380 0
0  1.688339 -3.175905 6.891285  0.111104 -0.993791 0.005950  0.653611 0.317885 0
syringe_lod1
0  -1.688339 -3.175905 6.891285  -0.111101 -0.993791 0.005981  0.643344 0.844442 0
0  -1.688339 -3.175905 7.401611  -0.440540 -0.897664 -0.011148  0.660941 0.856659 0
0  -1.772317 -3.175905 7.404062  0.000001 -1.000000 0.000001  0.658885 0.859889 0
syringe_lod1
0  1.620202 -3.308584 7.340749  0.991253 -0.122146 0.049973  0.673029 0.313120 0
0  1.620684 -3.336587 7.262735  0.997516 -0.070241 0.005339  0.670975 0.316118 0
0  1.627233 -3.234492 7.382372  0.864336 -0.502528 -0.019741  0.672630 0.309332 0
syringe_lod1
0  1.620684 -3.336587 7.262735  0.997516 -0.070241 0.005339  0.670975 0.316118 0
0  1.620511 -3.337566 7.178333  0.999720 0.016230 -0.017219  0.668046 0.318311 0
0  1.627233 -3.234492 7.382372  0.864336 -0.502528 -0.019741  0.672630 0.309332 0
syringe_lod1
0  1.620511 -3.337566 7.178333  0.999720 0.016230 -0.017219  0.668046 0.318311 0
0  1.620511 -3.337566 6.892817  0.986807 0.024249 0.160073  0.657472 0.325656 0
0  1.612341 -3.226089 6.887325  0.904689 -0.420909 0.066133  0.655487 0.321298 0
syringe_lod1
0  2.204320 -3.337716 6.633385  0.007528 -0.096673 0.995288  0.627311 0.313252 0
0  2.292126 -3.315585 6.631340  0.061208 -0.151673 0.986534  0.625266 0.309860 0
0  2.343823 -3.234829 6.640548  0.006153 -0.599930 0.800029  0.626150 0.305638 0
syringe_lod1
0  2.343823 -3.234829 6.640548  0.006153 -0.599930 0.800029  0.626150 0.305638 0
0  1.787407 -3.222246 6.646123  0.069904 -0.496630 0.865143  0.643183 0.321661 0
0  2.204320 -3.337716 6.633385  0.007528 -0.096673 0.995288  0.627311 0.313252 0
syringe_lod1
0  1.772318 -3.175905 7.404062  0.000000 -1.000000 0.000000  0.669151 0.302437 0
0  1.688339 -3.175905 6.891285  0.111104 -0.993791 0.005950  0.653611 0.317885 0
0  2.098818 -3.175905 7.303336  0.000000 -1.000000 0.000000  0.656523 0.293092 0
syringe_lod1
0  -1.620201 -3.308584 2.904925  -0.991254 -0.122135 -0.049976  0.662778 0.940477 0
0  -1.620684 -3.336587 2.982939  -0.999849 0.010194 0.014056  0.660750 0.943507 0
0  -1.627233 -3.234492 2.863303  -0.913413 -0.406697 0.016543  0.662345 0.936687 0
syringe_lod1
0  -1.688339 -3.175905 3.354390  -0.101054 -0.994879 0.001904  0.643361 0.945466 0
0  -1.696628 -3.175905 3.434549  -0.395410 -0.909688 -0.126962  0.640470 0.947122 0
0  -1.798226 -3.175905 3.517376  -0.005883 -0.994028 -0.108967  0.635274 0.945927 0
syringe_lod1
0  -1.696628 -3.175905 3.434549  -0.395410 -0.909688 -0.126962  0.640470 0.947122 0
0  -1.737368 -3.175905 3.491544  -0.315422 -0.882685 -0.348391  0.637640 0.947212 0
0  -1.798226 -3.175905 3.517376  -0.005883 -0.994028 -0.108967  0.635274 0.945927 0
syringe_lod1
0  -1.772317 -3.175905 2.841612  0.000001 -1.000000 0.000000  0.658810 0.929855 0
0  -1.688339 -3.175905 3.354390  -0.101054 -0.994879 0.001904  0.643361 0.945466 0
0  -2.098818 -3.175906 2.942338  0.000000 -1.000000 0.000001  0.646190 0.920629 0
syringe_lod1
0  2.314159 -3.175905 7.050437  -0.000000 -1.000000 0.000001  0.641255 0.293092 0
0  1.688339 -3.175905 6.891285  0.111104 -0.993791 0.005950  0.653611 0.317885 0
0  1.798226 -3.175906 6.728298  0.005911 -0.993977 0.109432  0.645539 0.318380 0
syringe_lod1
0  1.772317 -3.175905 2.841612  -0.000001 -1.000000 -0.000001  0.047655 0.424217 0
0  2.098818 -3.175905 2.942338  0.000000 -1.000000 0.000000  0.034805 0.433169 0
0  1.688339 -3.175905 3.354390  0.109611 -0.993957 -0.005891  0.032457 0.408629 0
syringe_lod1
0  -2.204321 -3.337716 3.612289  -0.007528 -0.096675 -0.995287  0.617031 0.940698 0
0  -2.292126 -3.315585 3.614335  -0.061208 -0.151684 -0.986532  0.615000 0.937304 0
0  -2.343823 -3.234829 3.605126  -0.006152 -0.599928 -0.800031  0.615898 0.933094 0
syringe_lod1
0  -2.343823 -3.234829 3.605126  -0.006152 -0.599928 -0.800031  0.615898 0.933094 0
0  -1.787408 -3.222247 3.599551  -0.069893 -0.496647 -0.865134  0.632885 0.949176 0
0  -2.204321 -3.337716 3.612289  -0.007528 -0.096675 -0.995287  0.617031 0.940698 0
syringe_lod1
0  -1.964961 2.390814 7.022663  -0.014409 0.999676 0.020970  0.199710 0.931771 0
0  -1.764939 2.296571 7.329150  -0.021059 0.693481 0.720167  0.191411 0.945741 0
0  -1.742530 2.390814 7.101628  -0.003921 0.989599 0.143801  0.190213 0.935153 0
syringe_lod1
0  -1.964961 2.390814 7.022663  -0.014409 0.999676 0.020970  0.199710 0.931771 0
0  -2.218914 2.296571 6.992481  -0.682341 0.659375 0.315649  0.211127 0.931004 0
0  -2.049303 2.296571 7.202359  -0.425761 0.662612 0.616176  0.203588 0.940033 0
syringe_lod1
0  1.742530 2.390814 7.101628  0.003075 0.989937 0.141478  0.039566 0.934875 0
0  2.032246 2.390814 6.933227  0.268263 0.957117 0.109375  0.027430 0.927496 0
0  2.067050 2.390814 6.703206  0.021008 0.999779 0.000251  0.025723 0.917754 0
syringe_lod1
0  2.314159 -3.175905 3.195238  0.889757 -0.171336 -0.423055  0.187300 0.732053 0
0  2.388815 -3.066936 3.532288  0.999836 -0.007916 -0.016290  0.202467 0.727288 0
0  2.367985 -3.175905 3.532287  0.976356 -0.173458 -0.129001  0.202361 0.732053 0
syringe_lod1
0  -2.067049 2.390813 6.689616  -0.020943 0.999781 0.000336  0.204306 0.917514 0
0  -2.218914 2.296571 6.992481  -0.682341 0.659375 0.315649  0.211127 0.931004 0
0  -2.035689 2.390813 6.925909  -0.023287 0.999681 0.009756  0.202766 0.927631 0
syringe_lod1
0  1.742530 2.390813 3.144046  0.002796 0.989867 -0.141969  0.039601 0.764123 0
0  2.049366 2.390814 3.357508  0.264476 0.958117 -0.109838  0.026714 0.773367 0
0  1.934705 2.390813 3.201481  0.158146 0.959084 -0.234837  0.031601 0.766718 0
syringe_lod1
0  -2.049366 2.390814 3.357508  -0.264451 0.958125 -0.109827  0.203461 0.773552 0
0  -1.742530 2.390813 3.144046  -0.002794 0.989870 -0.141951  0.190560 0.764270 0
0  -1.934705 2.390814 3.201481  -0.158139 0.959087 -0.234827  0.198566 0.766878 0
syringe_lod1
0  1.742530 2.390814 7.101628  0.003075 0.989937 0.141478  0.039566 0.934875 0
0  2.067050 2.390814 6.703206  0.021008 0.999779 0.000251  0.025723 0.917754 0
0  -2.067049 2.390813 6.689616  -0.020943 0.999781 0.000336  0.204306 0.917514 0
syringe_lod1
0  1.742530 2.390813 3.144046  0.002796 0.989867 -0.141969  0.039601 0.764123 0
0  -2.067049 2.390814 3.556059  -0.020845 0.999783 -0.000193  0.204439 0.781995 0
0  2.067049 2.390814 3.556059  0.020938 0.999781 -0.000191  0.025743 0.781782 0
syringe_lod1
0  -1.627233 -3.234492 2.863303  0.001290 -0.212728 -0.977111  0.010264 0.734732 0
0  -1.688339 -3.175905 2.844064  0.130667 -0.043079 -0.990490  0.007540 0.732149 0
0  -1.774221 -2.935610 2.822282  -0.186207 -0.052101 -0.981128  0.003909 0.721695 0
syringe_lod1
0  1.627233 -3.234492 2.863303  0.913416 -0.406691 0.016547  0.051294 0.417436 0
0  1.620511 -3.337566 3.352857  0.996886 0.008062 -0.078437  0.036557 0.400931 0
0  1.620684 -3.336587 2.982940  0.999849 0.010194 0.014060  0.049782 0.410611 0
syringe_lod1
0  1.620684 -3.336587 2.982940  0.999849 0.010194 0.014060  0.049782 0.410611 0
0  1.620201 -3.308584 2.904925  0.991254 -0.122137 -0.049975  0.051773 0.413654 0
0  1.627233 -3.234492 2.863303  0.913416 -0.406691 0.016547  0.051294 0.417436 0
syringe_lod1
0  2.314159 -3.175905 3.195238  -0.000000 -1.000000 -0.000001  0.019538 0.433169 0
0  2.367985 -3.175905 3.532287  -0.002126 -0.976743 -0.214403  0.006793 0.423946 0
0  1.798226 -3.175905 3.532288  0.005933 -0.993975 -0.109444  0.023927 0.407285 0
syringe_lod1
0  -2.049303 2.296571 7.202359  -0.425761 0.662612 0.616176  0.203588 0.940033 0
0  -2.331759 2.058039 7.059598  -0.898017 0.019324 0.439537  0.220875 0.937273 0
0  -2.109907 2.058039 7.319487  -0.510531 0.019389 0.859640  0.209403 0.950051 0
syringe_lod1
0  1.798226 -3.175905 3.532288  0.005933 -0.993975 -0.109444  0.023927 0.407285 0
0  1.737368 -3.175905 3.491544  0.386241 -0.887311 -0.251988  0.026828 0.406533 0
0  1.688339 -3.175905 3.354390  0.109611 -0.993957 -0.005891  0.032457 0.408629 0
syringe_lod1
0  1.688339 -3.175905 3.354390  0.109611 -0.993957 -0.005891  0.032457 0.408629 0
0  1.688339 -3.175905 2.844064  0.440539 -0.897665 0.011147  0.049786 0.421053 0
0  1.772317 -3.175905 2.841612  -0.000001 -1.000000 -0.000001  0.047655 0.424217 0
syringe_lod1
0  2.343824 -3.234829 3.605126  0.001750 -0.562497 -0.826797  0.004685 0.420066 0
0  2.292126 -3.315585 3.614335  0.061213 -0.151688 -0.986531  0.003906 0.415796 0
0  2.204320 -3.337716 3.612289  0.007527 -0.096677 -0.995287  0.006033 0.412436 0
syringe_lod1
0  2.204320 -3.337716 3.612289  0.007527 -0.096677 -0.995287  0.006033 0.412436 0
0  1.785734 -3.337566 3.612264  0.159030 -0.110064 -0.981119  0.019828 0.399966 0
0  1.787407 -3.222246 3.599551  0.071286 -0.465289 -0.882283  0.022082 0.404330 0
syringe_lod1
0  -1.676010 -3.222246 6.696813  -0.745167 -0.431319 0.508615  0.637368 0.838815 0
0  -1.688339 -3.175905 6.891285  -0.111101 -0.993791 0.005981  0.643344 0.844442 0
0  -1.737368 -3.175905 6.754131  -0.365607 -0.897408 0.246962  0.637665 0.842683 0
syringe_lod1
0  1.502308 -3.563613 6.356707  0.980839 -0.000123 0.194821  0.765759 0.966290 0
0  1.384692 -4.327661 6.640617  0.707172 -0.000207 0.707041  0.752465 0.933253 0
0  1.502309 -4.327661 6.356706  0.980730 0.000000 0.195367  0.765754 0.933251 0
syringe_lod1
0  1.502308 -3.563613 6.356707  0.000003 -1.000000 0.000002  0.981167 0.436388 0
0  1.640863 -3.563612 3.870869  0.000003 -1.000000 0.000000  0.986952 0.328554 0
0  1.640771 -3.563613 6.362751  0.000003 -1.000000 0.000001  0.986952 0.436388 0
syringe_lod1
0  0.591821 -5.991291 2.775518  -0.673047 -0.013245 0.739481  0.972004 0.449596 0
0  0.923790 -6.262495 3.212652  -0.821790 -0.006492 0.569753  0.960393 0.425469 0
0  0.926456 -5.991315 3.219586  -0.822579 -0.006509 0.568613  0.972122 0.425526 0
syringe_lod1
0  1.212166 -6.262144 6.519350  -0.645638 0.023625 -0.763278  0.960998 0.277205 0
0  1.297724 -5.990762 6.401609  -0.893355 0.046044 -0.446986  0.972910 0.283253 0
0  1.306778 -6.261893 6.330269  -0.972739 0.026963 -0.230329  0.961075 0.286325 0
syringe_lod1
0  1.482929 -2.879706 6.738826  0.707121 0.000001 0.707093  0.668074 0.443933 0
0  1.640771 -3.563613 6.362751  0.980322 0.000000 0.197403  0.650437 0.473506 0
0  1.640771 -2.879706 6.362752  0.980322 0.000000 0.197404  0.650437 0.443933 0
syringe_lod1
0  0.452028 -6.263469 2.685033  -0.264340 -0.025603 0.964090  0.960242 0.456417 0
0  0.591821 -5.991291 2.775518  -0.673047 -0.013245 0.739481  0.972004 0.449596 0
0  0.455885 -5.992289 2.693293  -0.272624 -0.025417 0.961785  0.971970 0.456474 0
syringe_lod1
0  1.077155 -5.991193 6.560873  -0.151733 -0.003729 -0.988414  0.972621 0.270803 0
0  1.212166 -6.262144 6.519350  -0.645638 0.023625 -0.763278  0.960998 0.277205 0
0  1.074799 -6.262372 6.562262  -0.149824 -0.003763 -0.988706  0.960897 0.270992 0
syringe_lod1
0  0.688601 -6.262164 2.694637  0.003589 -0.999989 -0.003066  0.946946 0.452480 0
0  0.923790 -6.262495 3.212652  0.002167 -0.999997 -0.001498  0.952204 0.428159 0
0  0.588322 -6.262470 2.767477  0.004101 -0.999985 -0.003565  0.952204 0.452480 0
syringe_lod1
0  1.359339 -4.317592 3.668086  0.904772 0.000000 -0.425896  0.718054 0.826727 0
0  1.430665 -6.262165 3.887486  0.987676 0.000000 -0.156512  0.708078 0.742640 0
0  1.359340 -6.262165 3.668086  0.904786 0.000000 -0.425867  0.718054 0.742640 0
syringe_lod1
0  0.556938 -2.879706 2.373531  0.227356 0.000082 -0.973812  0.460646 0.443934 0
0  0.803949 -3.563613 2.495446  0.652270 0.000107 -0.757987  0.472557 0.473508 0
0  0.557312 -3.563613 2.373531  0.227608 0.000125 -0.973753  0.460660 0.473508 0
syringe_lod1
0  0.890859 -3.563613 6.896724  -0.000001 -1.000000 -0.000003  0.986952 0.476737 0
0  1.100779 -3.563613 6.758235  -0.000000 -1.000000 -0.000000  0.981167 0.467400 0
0  1.106824 -3.563613 6.896698  0.000000 -1.000000 -0.000001  0.986952 0.467400 0
syringe_lod1
0  0.000000 -6.262165 2.561163  -0.000001 -0.999943 -0.010714  0.946946 0.481622 0
0  0.452028 -6.263469 2.685033  0.003230 -0.999967 -0.007505  0.952204 0.461779 0
0  0.000000 -6.263497 2.685073  -0.000002 -0.999942 -0.010752  0.952204 0.481622 0
syringe_lod1
0  1.384692 -4.327661 6.640617  -0.000471 -1.000000 -0.000398  0.502079 0.153721 0
0  1.080196 -4.327661 6.686151  -0.000018 -1.000000 -0.000057  0.504048 0.166888 0
0  1.325610 -4.327644 6.582671  -0.000389 -1.000000 -0.000391  0.499573 0.156276 0
syringe_lod1
0  0.926456 -5.991315 3.219586  -0.822579 -0.006509 0.568613  0.972122 0.425526 0
0  1.257967 -6.262465 3.739447  -0.904436 -0.003006 0.426600  0.960525 0.398527 0
0  1.259794 -5.991284 3.745267  -0.906070 -0.002951 0.423118  0.972254 0.398585 0
syringe_lod1
0  0.729725 -4.317592 2.614232  -0.000004 -1.000000 0.000005  0.327969 0.182043 0
0  0.457418 -4.317591 2.561163  0.000085 -1.000000 -0.000564  0.325674 0.193819 0
0  0.485133 -4.317592 2.491286  0.000049 -1.000000 -0.000325  0.322653 0.192620 0
syringe_lod1
0  0.457418 -4.317591 2.561163  0.000085 -1.000000 -0.000564  0.325674 0.193819 0
0  0.000000 -4.317591 2.491286  0.000000 -0.999999 -0.001165  0.322653 0.213598 0
0  0.485133 -4.317592 2.491286  0.000049 -1.000000 -0.000325  0.322653 0.192620 0
syringe_lod1
0  1.306749 -6.261910 3.890474  -0.987467 0.003066 0.157796  0.960559 0.391675 0
0  1.259794 -5.991284 3.745267  -0.906070 -0.002951 0.423118  0.972254 0.398585 0
0  1.257967 -6.262465 3.739447  -0.904436 -0.003006 0.426600  0.960525 0.398527 0
syringe_lod1
0  1.080196 -6.262164 6.686151  0.000262 -0.999999 0.001142  0.946946 0.266342 0
0  1.212166 -6.262144 6.519350  0.000028 -1.000000 -0.000105  0.952204 0.275283 0
0  1.325610 -6.262165 6.582671  -0.000126 -1.000000 -0.000113  0.946946 0.275283 0
syringe_lod1
0  1.077155 -5.991193 6.560873  0.000837 -1.000000 -0.000021  0.013910 0.505644 0
0  1.297724 -5.990762 6.401609  0.001626 -0.999999 -0.000449  0.004372 0.512531 0
0  1.214139 -5.990963 6.518093  0.001475 -0.999999 -0.000655  0.007986 0.507493 0
syringe_lod1
0  1.430665 -6.262165 6.335682  -0.001813 -0.999998 -0.000652  0.946946 0.285748 0
0  1.212166 -6.262144 6.519350  0.000028 -1.000000 -0.000105  0.952204 0.275283 0
0  1.306778 -6.261893 6.330269  -0.001534 -0.999999 -0.000626  0.952204 0.285748 0
syringe_lod1
0  1.023970 -4.317591 3.139671  -0.000007 -1.000000 -0.000003  0.350690 0.169319 0
0  1.420592 -4.317592 3.622831  0.000393 -1.000000 -0.000273  0.371583 0.152169 0
0  1.359339 -4.317592 3.668086  0.000475 -1.000000 -0.000329  0.373540 0.154817 0
syringe_lod1
0  0.000000 -5.991210 6.560830  0.000000 -0.005131 -0.999987  0.971869 0.224289 0
0  1.074799 -6.262372 6.562262  -0.149824 -0.003763 -0.988706  0.960897 0.270992 0
0  0.000000 -6.262390 6.562222  0.000000 -0.005133 -0.999987  0.960146 0.224478 0
syringe_lod1
0  0.000000 -6.262165 6.686150  -0.000001 -0.999998 0.001809  0.946946 0.219323 0
0  1.074799 -6.262372 6.562262  0.000539 -0.999999 0.001178  0.952204 0.266342 0
0  1.080196 -6.262164 6.686151  0.000262 -0.999999 0.001142  0.946946 0.266342 0
syringe_lod1
0  0.557312 -3.563613 2.373531  0.000000 -1.000000 0.000000  0.986952 0.249261 0
0  0.729848 -3.563613 2.614403  0.000000 -1.000000 -0.000000  0.981167 0.261171 0
0  0.484732 -3.563613 2.491286  -0.000000 -1.000000 0.000001  0.981167 0.249261 0
syringe_lod1
0  0.000000 -3.715961 7.201528  0.000000 -1.000000 0.000000  0.927782 0.003906 0
0  0.886011 -3.715961 7.062933  0.000000 -1.000000 0.000001  0.889469 0.009895 0
0  0.890877 -3.715961 7.201422  0.000000 -1.000000 0.000002  0.889259 0.003906 0
syringe_lod1
0  1.306749 -6.261910 3.890474  -0.000677 -0.999999 0.000736  0.952204 0.392396 0
0  1.430665 -6.262165 6.335682  -0.001813 -0.999998 -0.000652  0.946946 0.285748 0
0  1.306778 -6.261893 6.330269  -0.001534 -0.999999 -0.000626  0.952204 0.285748 0
syringe_lod1
0  0.729848 -3.563613 2.614403  0.657823 0.000108 -0.753172  0.937393 0.966262 0
0  0.485133 -4.317592 2.491286  0.230828 0.000079 -0.972995  0.949235 0.933657 0
0  0.484732 -3.563613 2.491286  0.230566 0.000122 -0.973057  0.949254 0.966260 0
syringe_lod1
0  1.640771 -3.563613 6.362751  0.000003 -1.000000 0.000001  0.986952 0.436388 0
0  1.384885 -3.563613 6.640788  0.000000 -1.000000 0.000001  0.981167 0.451893 0
0  1.502308 -3.563613 6.356707  0.000003 -1.000000 0.000002  0.981167 0.436388 0
syringe_lod1
0  0.000000 -5.992317 2.693334  -0.000000 -0.030448 0.999536  0.971874 0.476100 0
0  0.452028 -6.263469 2.685033  -0.264340 -0.025603 0.964090  0.960242 0.456417 0
0  0.455885 -5.992289 2.693293  -0.272624 -0.025417 0.961785  0.971970 0.456474 0
syringe_lod1
0  1.359339 -4.317592 3.668086  0.000475 -1.000000 -0.000329  0.373540 0.154817 0
0  1.502309 -4.317592 3.874196  0.000753 -0.999997 -0.002353  0.382452 0.148635 0
0  1.430665 -4.317779 3.887486  0.000709 -0.999997 -0.002400  0.383027 0.151733 0
syringe_lod1
0  1.482929 -3.563613 6.738827  0.707120 0.000000 0.707093  0.668074 0.473506 0
0  1.106824 -2.879706 6.896698  0.197466 0.000001 0.980310  0.685712 0.443932 0
0  1.106824 -3.563613 6.896698  0.197460 0.000000 0.980311  0.685712 0.473506 0
syringe_lod1
0  1.534615 -3.563613 3.544046  0.000003 -1.000000 -0.000001  0.986952 0.315374 0
0  1.502308 -3.563613 3.874196  0.000004 -1.000000 0.000000  0.981167 0.328554 0
0  1.420591 -3.563613 3.622831  0.000004 -1.000000 -0.000001  0.981167 0.315374 0
syringe_lod1
0  1.100779 -4.327661 6.758235  0.195026 -0.000116 0.980798  0.739177 0.933252 0
0  1.384885 -3.563613 6.640788  0.707189 -0.000213 0.707024  0.752467 0.966292 0
0  1.100779 -3.563613 6.758235  0.194746 0.000000 0.980854  0.739173 0.966291 0
syringe_lod1
0  0.885993 -4.327661 6.758235  1.000000 -0.000000 -0.000059  0.230255 0.397425 0
0  0.886011 -4.205462 7.062932  1.000000 -0.000000 -0.000059  0.235539 0.410601 0
0  0.886004 -4.327661 6.940735  1.000000 -0.000001 -0.000059  0.230255 0.405317 0
syringe_lod1
0  1.640863 -2.879706 3.870869  0.987679 0.000000 -0.156494  0.542683 0.443934 0
0  1.640771 -3.563613 6.362751  0.980322 0.000000 0.197403  0.650437 0.473506 0
0  1.640863 -3.563612 3.870869  0.987679 0.000000 -0.156494  0.542683 0.473507 0
syringe_lod1
0  1.257967 -6.262465 3.739447  0.001554 -0.999999 -0.000176  0.952204 0.400892 0
0  1.430665 -6.262165 3.887486  -0.000959 -0.999999 0.000696  0.946946 0.392396 0
0  1.306749 -6.261910 3.890474  -0.000677 -0.999999 0.000736  0.952204 0.392396 0
syringe_lod1
0  1.430665 -6.262165 6.335682  0.979851 -0.000000 0.199728  0.602213 0.742640 0
0  1.325610 -4.327644 6.582671  0.706055 -0.000000 0.708157  0.590607 0.826293 0
0  1.325610 -6.262165 6.582671  0.706001 -0.000000 0.708211  0.590607 0.742640 0
syringe_lod1
0  0.457418 -6.262165 2.561163  0.258819 0.000000 -0.965926  0.780758 0.742640 0
0  0.000000 -4.317756 2.561163  -0.000000 0.000000 -1.000000  0.800537 0.826720 0
0  0.457418 -4.317591 2.561163  0.258849 0.000000 -0.965918  0.780758 0.826727 0
syringe_lod1
0  0.885993 -4.327661 6.758235  1.000000 -0.000000 -0.000059  0.230255 0.397425 0
0  0.886011 -3.715961 7.062933  0.999010 -0.039763 -0.019941  0.256707 0.410601 0
0  0.886011 -4.205462 7.062932  1.000000 -0.000000 -0.000059  0.235539 0.410601 0
syringe_lod1
0  1.359340 -6.262165 3.668086  0.001460 -0.999999 -0.000150  0.946946 0.400892 0
0  0.923790 -6.262495 3.212652  0.002167 -0.999997 -0.001498  0.952204 0.428159 0
0  1.023970 -6.262165 3.139670  0.002188 -0.999996 -0.001515  0.946946 0.428159 0
syringe_lod1
0  0.890877 -2.879706 7.201422  0.000118 0.000000 1.000000  0.881339 0.463230 0
0  0.000000 -3.715961 7.201528  -0.000001 0.000000 1.000000  0.842816 0.427069 0
0  0.890877 -3.715961 7.201422  0.000119 0.000000 1.000000  0.881339 0.427069 0
syringe_lod1
0  0.000000 -6.262165 6.686150  -0.000000 -0.000000 1.000000  0.532380 0.742640 0
0  1.080196 -4.327661 6.686151  0.198189 -0.000000 0.980164  0.579090 0.826292 0
0  0.000000 -4.327490 6.686151  -0.000000 -0.000000 1.000000  0.532380 0.826299 0
syringe_lod1
0  0.000000 -3.563613 2.373531  -0.000000 -1.000000 0.000004  0.986952 0.226672 0
0  0.484732 -3.563613 2.491286  -0.000000 -1.000000 0.000001  0.981167 0.249261 0
0  0.000000 -3.563612 2.491286  -0.000000 -1.000000 0.000004  0.981167 0.226672 0
syringe_lod1
0  0.804065 -2.879706 2.495605  0.652258 0.000065 -0.757997  0.472565 0.443935 0
0  1.534615 -3.563613 3.544046  0.895410 -0.000001 -0.445243  0.527823 0.473507 0
0  0.803949 -3.563613 2.495446  0.652270 0.000107 -0.757987  0.472557 0.473508 0
syringe_lod1
0  1.023970 -6.262165 3.139670  0.822129 -0.000000 -0.569302  0.745118 0.742640 0
0  1.359339 -4.317592 3.668086  0.904772 0.000000 -0.425896  0.718054 0.826727 0
0  1.359340 -6.262165 3.668086  0.904786 0.000000 -0.425867  0.718054 0.742640 0
syringe_lod1
0  1.534615 -3.563613 3.544046  0.895410 -0.000001 -0.445243  0.527823 0.473507 0
0  1.640863 -2.879706 3.870869  0.987679 0.000000 -0.156494  0.542683 0.443934 0
0  1.640863 -3.563612 3.870869  0.987679 0.000000 -0.156494  0.542683 0.473507 0
syringe_lod1
0  0.890859 -3.563613 6.896724  0.999010 -0.039764 -0.019942  0.263302 0.403417 0
0  0.890877 -3.715961 7.201422  0.999732 -0.020693 -0.010406  0.256714 0.416593 0
0  0.886011 -3.715961 7.062933  0.999010 -0.039763 -0.019941  0.256707 0.410601 0
syringe_lod1
0  0.000000 -4.327661 6.940734  -0.000000 -1.000000 -0.000581  0.515056 0.213598 0
0  0.885993 -4.327661 6.758235  -0.000099 -1.000000 -0.000279  0.507165 0.175286 0
0  0.886004 -4.327661 6.940735  0.000000 -1.000000 0.000002  0.515057 0.175285 0
syringe_lod1
0  1.502309 -4.317592 3.874196  0.987708 0.000000 -0.156310  0.873103 0.933669 0
0  1.420591 -3.563613 3.622831  0.897185 -0.000000 -0.441655  0.884538 0.966270 0
0  1.502308 -3.563613 3.874196  0.987676 0.000000 -0.156512  0.873108 0.966272 0
syringe_lod1
0  0.000000 -3.563613 2.373531  0.000000 0.000000 -1.000000  0.436561 0.473506 0
0  0.556938 -2.879706 2.373531  0.227356 0.000082 -0.973812  0.460646 0.443934 0
0  0.557312 -3.563613 2.373531  0.227608 0.000125 -0.973753  0.460660 0.473508 0
syringe_lod1
0  1.023970 -6.262165 3.139670  0.822129 -0.000000 -0.569302  0.745118 0.742640 0
0  0.688601 -4.317591 2.694637  0.662613 0.000000 -0.748962  0.769214 0.826727 0
0  1.023970 -4.317591 3.139671  0.822129 0.000000 -0.569302  0.745118 0.826727 0
syringe_lod1
0  1.106824 -2.879706 6.896698  0.197466 0.000001 0.980310  0.685712 0.443932 0
0  0.890859 -3.563613 6.896724  0.000119 0.000000 1.000000  0.695051 0.473506 0
0  1.106824 -3.563613 6.896698  0.197460 0.000000 0.980311  0.685712 0.473506 0
syringe_lod1
0  1.100779 -3.563613 6.758235  0.194746 0.000000 0.980854  0.739173 0.966291 0
0  0.885993 -4.327661 6.758235  0.000000 0.000001 1.000000  0.729889 0.933251 0
0  1.100779 -4.327661 6.758235  0.195026 -0.000116 0.980798  0.739177 0.933252 0
syringe_lod1
0  0.000000 -4.205462 7.062933  0.000000 -0.707108 0.707105  0.464118 0.199864 0
0  0.886004 -4.327661 6.940735  0.000000 -0.707104 0.707110  0.425806 0.207337 0
0  0.886011 -4.205462 7.062932  0.000000 -0.707103 0.707111  0.425805 0.199864 0
syringe_lod1
0  0.886011 -3.715961 7.062933  0.000000 -0.000001 1.000000  0.766243 0.357500 0
0  0.000000 -4.205462 7.062933  -0.000000 0.000001 1.000000  0.727930 0.336333 0
0  0.886011 -4.205462 7.062932  0.000001 -0.000002 1.000000  0.766243 0.336333 0
syringe_lod1
0  1.306749 -6.261910 3.890474  -0.987467 0.003066 0.157796  0.960559 0.391675 0
0  1.308490 -5.990714 6.329551  -0.973016 0.026850 -0.229169  0.972803 0.286382 0
0  1.308460 -5.990729 3.895872  -0.988152 0.003181 0.153447  0.972287 0.391733 0
syringe_lod1
0  1.502309 -4.317592 3.874196  0.987708 0.000000 -0.156310  0.873103 0.933669 0
0  1.502308 -3.563613 6.356707  0.980839 -0.000123 0.194821  0.765759 0.966290 0
0  1.502309 -4.327661 6.356706  0.980730 0.000000 0.195367  0.765754 0.933251 0
syringe_lod1
0  0.729848 -3.563613 2.614403  0.657823 0.000108 -0.753172  0.937393 0.966262 0
0  1.420592 -4.317592 3.622831  0.897185 -0.000001 -0.441656  0.884532 0.933667 0
0  0.729725 -4.317592 2.614232  0.657846 0.000063 -0.753153  0.937397 0.933658 0
syringe_lod1
0  0.000000 -4.317591 2.491286  -0.000000 0.000000 -1.000000  0.970213 0.933655 0
0  0.484732 -3.563613 2.491286  0.230566 0.000122 -0.973057  0.949254 0.966260 0
0  0.485133 -4.317592 2.491286  0.230828 0.000079 -0.972995  0.949235 0.933657 0
syringe_lod1
0  0.452028 -6.263469 2.685033  0.003230 -0.999967 -0.007505  0.952204 0.461779 0
0  0.688601 -6.262164 2.694637  0.003589 -0.999989 -0.003066  0.946946 0.452480 0
0  0.588322 -6.262470 2.767477  0.004101 -0.999985 -0.003565  0.952204 0.452480 0
syringe_lod1
0  0.926456 -5.991315 3.219586  0.000803 -1.000000 0.000241  0.020426 0.650128 0
0  1.308460 -5.990729 3.895872  0.000698 -1.000000 0.000163  0.003907 0.620884 0
0  0.000000 -5.992317 2.693334  0.000702 -1.000000 0.000130  0.060488 0.672884 0
syringe_lod1
0  0.890877 -2.879706 7.201422  1.000000 -0.000000 -0.000059  0.292875 0.416593 0
0  0.890859 -3.563613 6.896724  0.999010 -0.039764 -0.019942  0.263302 0.403417 0
0  0.890859 -2.879706 6.896723  1.000000 -0.000000 -0.000059  0.292875 0.403417 0
syringe_lod1
0  1.308490 -5.990714 6.329551  0.000575 -1.000000 -0.000505  0.003906 0.515646 0
0  1.297724 -5.990762 6.401609  0.001626 -0.999999 -0.000449  0.004372 0.512531 0
0  1.077155 -5.991193 6.560873  0.000837 -1.000000 -0.000021  0.013910 0.505644 0
syringe_lod1
0  1.430665 -4.327497 6.335682  -0.000250 -0.999997 -0.002425  0.488893 0.151733 0
0  1.384692 -4.327661 6.640617  -0.000471 -1.000000 -0.000398  0.502079 0.153721 0
0  1.325610 -4.327644 6.582671  -0.000389 -1.000000 -0.000391  0.499573 0.156276 0
syringe_lod1
0  1.430665 -4.327497 6.335682  -0.000250 -0.999997 -0.002425  0.488893 0.151733 0
0  1.502309 -4.317592 3.874196  0.000753 -0.999997 -0.002353  0.382452 0.148635 0
0  1.502309 -4.327661 6.356706  -0.000393 -0.999997 -0.002244  0.489802 0.148635 0
syringe_lod1
0  0.688601 -6.262164 2.694637  0.662613 -0.000000 -0.748962  0.769214 0.742640 0
0  0.457418 -4.317591 2.561163  0.258849 0.000000 -0.965918  0.780758 0.826727 0
0  0.688601 -4.317591 2.694637  0.662613 0.000000 -0.748962  0.769214 0.826727 0
syringe_lod1
0  1.420592 -4.317592 3.622831  0.000393 -1.000000 -0.000273  0.371583 0.152169 0
0  1.023970 -4.317591 3.139671  -0.000007 -1.000000 -0.000003  0.350690 0.169319 0
0  0.729725 -4.317592 2.614232  -0.000004 -1.000000 0.000005  0.327969 0.182043 0
syringe_lod1
0  1.023970 -4.317591 3.139671  -0.000007 -1.000000 -0.000003  0.350690 0.169319 0
0  0.688601 -4.317591 2.694637  -0.000004 -1.000000 0.000006  0.331446 0.183822 0
0  0.729725 -4.317592 2.614232  -0.000004 -1.000000 0.000005  0.327969 0.182043 0
syringe_lod1
0  0.729848 -3.563613 2.614403  0.000000 -1.000000 -0.000000  0.981167 0.261171 0
0  1.534615 -3.563613 3.544046  0.000003 -1.000000 -0.000001  0.986952 0.315374 0
0  1.420591 -3.563613 3.622831  0.000004 -1.000000 -0.000001  0.981167 0.315374 0
syringe_lod1
0  0.885993 -4.327661 6.758235  -0.000099 -1.000000 -0.000279  0.507165 0.175286 0
0  1.080196 -4.327661 6.686151  -0.000018 -1.000000 -0.000057  0.504048 0.166888 0
0  1.100779 -4.327661 6.758235  0.000000 -1.000000 0.000003  0.507165 0.165998 0
syringe_lod1
0  1.080196 -4.327661 6.686151  -0.000018 -1.000000 -0.000057  0.504048 0.166888 0
0  0.885993 -4.327661 6.758235  -0.000099 -1.000000 -0.000279  0.507165 0.175286 0
0  0.000000 -4.327490 6.686151  -0.000000 -1.000000 -0.000654  0.504048 0.213598 0
syringe_lod1
0  0.890859 -3.563613 6.896724  0.999010 -0.039764 -0.019942  0.263302 0.403417 0
0  0.886011 -3.715961 7.062933  0.999010 -0.039763 -0.019941  0.256707 0.410601 0
0  0.885993 -3.563612 6.758235  0.999732 -0.020694 -0.010407  0.263294 0.397425 0
syringe_lod1
0  1.325610 -6.262165 6.582671  0.706001 -0.000000 0.708211  0.590607 0.742640 0
0  1.080196 -4.327661 6.686151  0.198189 -0.000000 0.980164  0.579090 0.826292 0
0  1.080196 -6.262164 6.686151  0.198196 0.000000 0.980162  0.579090 0.742640 0
syringe_lod1
0  1.384885 -3.563613 6.640788  0.000000 -1.000000 0.000001  0.981167 0.451893 0
0  1.106824 -3.563613 6.896698  0.000000 -1.000000 -0.000001  0.986952 0.467400 0
0  1.100779 -3.563613 6.758235  -0.000000 -1.000000 -0.000000  0.981167 0.467400 0
syringe_lod1
0  1.430665 -6.262165 3.887486  0.987676 0.000000 -0.156512  0.708078 0.742640 0
0  1.430665 -4.327497 6.335682  0.979910 0.000000 0.199442  0.602213 0.826299 0
0  1.430665 -6.262165 6.335682  0.979851 -0.000000 0.199728  0.602213 0.742640 0
syringe_lod1
0  -1.502309 -3.563613 6.356706  -0.980839 -0.000124 0.194820  1.765759 0.966290 0
0  -1.384691 -4.327661 6.640617  -0.707171 -0.000206 0.707043  1.752465 0.933253 0
0  -1.384885 -3.563613 6.640788  -0.707190 -0.000214 0.707024  1.752467 0.966292 0
syringe_lod1
0  -1.502309 -3.563613 6.356706  0.000000 -1.000000 0.000000  1.981167 0.436388 0
0  -1.640863 -3.563613 3.870869  -0.000000 -1.000000 0.000001  1.986952 0.328554 0
0  -1.502308 -3.563613 3.874196  0.000000 -1.000000 0.000001  1.981167 0.328554 0
syringe_lod1
0  -0.591821 -5.991291 2.775518  0.673048 -0.013245 0.739481  1.972004 0.449596 0
0  -0.923790 -6.262495 3.212652  0.821790 -0.006491 0.569754  1.960393 0.425469 0
0  -0.588322 -6.262470 2.767477  0.667212 -0.013474 0.744746  1.960276 0.449539 0
syringe_lod1
0  -1.306778 -6.261894 6.330270  0.972739 0.026962 -0.230329  1.961075 0.286325 0
0  -1.297724 -5.990762 6.401608  0.893355 0.046044 -0.446985  1.972910 0.283253 0
0  -1.212166 -6.262142 6.519351  0.645638 0.023624 -0.763278  1.960998 0.277205 0
syringe_lod1
0  -1.482929 -2.879706 6.738827  -0.707119 -0.000000 0.707094  1.668074 0.443933 0
0  -1.640771 -3.563613 6.362751  -0.980322 -0.000000 0.197403  1.650437 0.473506 0
0  -1.482929 -3.563612 6.738827  -0.707120 0.000000 0.707093  1.668074 0.473506 0
syringe_lod1
0  -0.452028 -6.263468 2.685033  0.264340 -0.025603 0.964089  1.960242 0.456417 0
0  -0.591821 -5.991291 2.775518  0.673048 -0.013245 0.739481  1.972004 0.449596 0
0  -0.588322 -6.262470 2.767477  0.667212 -0.013474 0.744746  1.960276 0.449539 0
syringe_lod1
0  -1.077155 -5.991193 6.560873  0.151728 -0.003730 -0.988415  1.972621 0.270803 0
0  -1.212166 -6.262142 6.519351  0.645638 0.023624 -0.763278  1.960998 0.277205 0
0  -1.214139 -5.990963 6.518094  0.649533 0.023949 -0.759956  1.972721 0.277015 0
syringe_lod1
0  -0.688600 -6.262165 2.694637  -0.003574 -0.999989 -0.002960  1.946946 0.452480 0
0  -0.923790 -6.262495 3.212652  -0.002167 -0.999997 -0.001498  1.952204 0.428159 0
0  -1.023970 -6.262165 3.139671  -0.002189 -0.999996 -0.001517  1.946946 0.428159 0
syringe_lod1
0  -1.359339 -4.317592 3.668086  -0.904772 -0.000000 -0.425896  1.718054 0.826727 0
0  -1.430665 -6.262165 3.887486  -0.987676 0.000000 -0.156512  1.708078 0.742640 0
0  -1.430665 -4.317779 3.887485  -0.987638 -0.000000 -0.156751  1.708078 0.826719 0
syringe_lod1
0  -0.556938 -2.879706 2.373531  -0.227356 0.000082 -0.973812  1.460646 0.443934 0
0  -0.803949 -3.563612 2.495446  -0.652270 0.000108 -0.757987  1.472557 0.473508 0
0  -0.804065 -2.879706 2.495605  -0.652259 0.000066 -0.757997  1.472565 0.443935 0
syringe_lod1
0  -0.890859 -3.563613 6.896723  -0.000001 -1.000000 0.000004  1.986952 0.476737 0
0  -1.100779 -3.563613 6.758235  -0.000001 -1.000000 0.000002  1.981167 0.467400 0
0  -0.885993 -3.563613 6.758235  0.000000 -1.000000 0.000004  1.981167 0.476737 0
syringe_lod1
0  0.000000 -6.262165 2.561163  -0.000001 -0.999943 -0.010714  1.946946 0.481622 0
0  -0.452028 -6.263468 2.685033  -0.003229 -0.999966 -0.007639  1.952204 0.461779 0
0  -0.457417 -6.262165 2.561163  -0.002398 -0.999963 -0.008303  1.946946 0.461779 0
syringe_lod1
0  -1.384691 -4.327661 6.640617  0.000136 -1.000000 -0.000384  1.502079 0.153721 0
0  -1.080196 -4.327661 6.686150  0.000018 -1.000000 -0.000061  1.504048 0.166888 0
0  -1.100779 -4.327661 6.758235  0.000000 -1.000000 -0.000000  1.507165 0.165998 0
syringe_lod1
0  -0.926456 -5.991315 3.219586  0.822579 -0.006508 0.568614  1.972122 0.425526 0
0  -1.257966 -6.262465 3.739447  0.904436 -0.003007 0.426599  1.960526 0.398527 0
0  -0.923790 -6.262495 3.212652  0.821790 -0.006491 0.569754  1.960393 0.425469 0
syringe_lod1
0  -0.729724 -4.317591 2.614232  -0.000001 -1.000000 -0.000001  1.327969 0.182043 0
0  -0.457417 -4.317592 2.561164  -0.000088 -1.000000 -0.000589  1.325674 0.193819 0
0  -0.688601 -4.317591 2.694637  -0.000000 -1.000000 0.000001  1.331446 0.183822 0
syringe_lod1
0  -0.457417 -4.317592 2.561164  -0.000088 -1.000000 -0.000589  1.325674 0.193819 0
0  0.000000 -4.317591 2.491286  0.000000 -0.999999 -0.001165  1.322653 0.213598 0
0  0.000000 -4.317756 2.561163  -0.000000 -0.999999 -0.001103  1.325675 0.213598 0
syringe_lod1
0  -1.306749 -6.261910 3.890474  0.987467 0.003066 0.157796  1.960559 0.391675 0
0  -1.259794 -5.991284 3.745267  0.906070 -0.002951 0.423117  1.972254 0.398585 0
0  -1.308460 -5.990729 3.895872  0.988152 0.003182 0.153447  1.972287 0.391733 0
syringe_lod1
0  -1.080196 -6.262164 6.686150  -0.000260 -0.999999 0.001137  1.946946 0.266342 0
0  -1.212166 -6.262142 6.519351  -0.000030 -1.000000 -0.000108  1.952204 0.275283 0
0  -1.074798 -6.262371 6.562262  -0.000460 -0.999999 0.001115  1.952204 0.266342 0
syringe_lod1
0  -1.077155 -5.991193 6.560873  -0.000865 -1.000000 0.000068  1.013910 0.505644 0
0  -1.214139 -5.990963 6.518094  -0.001469 -0.999999 -0.000674  1.007986 0.507493 0
0  -1.297724 -5.990762 6.401608  -0.001626 -0.999999 -0.000466  1.004372 0.512531 0
syringe_lod1
0  -1.430665 -6.262165 6.335682  0.001566 -0.999999 -0.000408  1.946946 0.285748 0
0  -1.212166 -6.262142 6.519351  -0.000030 -1.000000 -0.000108  1.952204 0.275283 0
0  -1.325609 -6.262164 6.582672  0.000127 -1.000000 -0.000113  1.946946 0.275283 0
syringe_lod1
0  -1.023970 -4.317592 3.139670  -0.000003 -1.000000 -0.000003  1.350690 0.169319 0
0  -1.359339 -4.317592 3.668086  -0.000200 -1.000000 -0.000136  1.373540 0.154817 0
0  -1.420591 -4.317592 3.622831  -0.000394 -1.000000 -0.000271  1.371583 0.152169 0
syringe_lod1
0  0.000000 -5.991210 6.560830  0.000000 -0.005131 -0.999987  1.971869 0.224289 0
0  -1.074798 -6.262371 6.562262  0.149824 -0.003764 -0.988705  1.960897 0.270992 0
0  -1.077155 -5.991193 6.560873  0.151728 -0.003730 -0.988415  1.972621 0.270803 0
syringe_lod1
0  0.000000 -6.262165 6.686150  -0.000001 -0.999998 0.001809  1.946946 0.219323 0
0  -1.074798 -6.262371 6.562262  -0.000460 -0.999999 0.001115  1.952204 0.266342 0
0  0.000000 -6.262390 6.562222  -0.000001 -0.999998 0.001819  1.952204 0.219323 0
syringe_lod1
0  -0.557312 -3.563613 2.373531  0.000000 -1.000000 0.000003  1.986952 0.249261 0
0  -0.729848 -3.563612 2.614403  0.000000 -1.000000 -0.000001  1.981167 0.261171 0
0  -0.803949 -3.563612 2.495446  -0.000001 -1.000000 -0.000001  1.986952 0.261171 0
syringe_lod1
0  0.000000 -3.715961 7.201528  0.000000 -1.000000 0.000000  1.927782 0.003906 0
0  -0.886011 -3.715961 7.062932  0.000000 -1.000000 0.000001  1.889469 0.009895 0
0  0.000000 -3.715961 7.062932  0.000000 -1.000000 0.000000  1.927782 0.009899 0
syringe_lod1
0  -1.306749 -6.261910 3.890474  0.000676 -0.999999 0.000744  1.952204 0.392396 0
0  -1.430665 -6.262165 6.335682  0.001566 -0.999999 -0.000408  1.946946 0.285748 0
0  -1.430665 -6.262165 3.887486  0.000958 -0.999999 0.000699  1.946946 0.392396 0
syringe_lod1
0  -0.729848 -3.563612 2.614403  -0.657823 0.000108 -0.753172  1.937393 0.966262 0
0  -0.485132 -4.317591 2.491286  -0.230828 0.000079 -0.972995  1.949235 0.933657 0
0  -0.729724 -4.317591 2.614232  -0.657846 0.000063 -0.753153  1.937397 0.933658 0
syringe_lod1
0  -1.640771 -3.563613 6.362751  -0.000000 -1.000000 0.000000  1.986952 0.436388 0
0  -1.384885 -3.563613 6.640788  -0.000002 -1.000000 0.000002  1.981167 0.451893 0
0  -1.482929 -3.563612 6.738827  -0.000002 -1.000000 0.000003  1.986952 0.451893 0
syringe_lod1
0  0.000000 -5.992317 2.693334  -0.000000 -0.030448 0.999536  1.971874 0.476100 0
0  -0.452028 -6.263468 2.685033  0.264340 -0.025603 0.964089  1.960242 0.456417 0
0  0.000000 -6.263497 2.685073  -0.000000 -0.030450 0.999536  1.960146 0.476043 0
syringe_lod1
0  -1.359339 -4.317592 3.668086  -0.000200 -1.000000 -0.000136  1.373540 0.154817 0
0  -1.502308 -4.317591 3.874196  -0.000806 -0.999997 -0.002365  1.382452 0.148635 0
0  -1.420591 -4.317592 3.622831  -0.000394 -1.000000 -0.000271  1.371583 0.152169 0
syringe_lod1
0  -1.482929 -3.563612 6.738827  -0.707120 0.000000 0.707093  1.668074 0.473506 0
0  -1.106824 -2.879706 6.896697  -0.197460 0.000000 0.980311  1.685712 0.443932 0
0  -1.482929 -2.879706 6.738827  -0.707119 -0.000000 0.707094  1.668074 0.443933 0
syringe_lod1
0  -1.534615 -3.563613 3.544046  0.000003 -1.000000 0.000002  1.986952 0.315374 0
0  -1.502308 -3.563613 3.874196  0.000000 -1.000000 0.000001  1.981167 0.328554 0
0  -1.640863 -3.563613 3.870869  -0.000000 -1.000000 0.000001  1.986952 0.328554 0
syringe_lod1
0  -1.100779 -4.327661 6.758235  -0.195027 -0.000118 0.980798  1.739177 0.933252 0
0  -1.384885 -3.563613 6.640788  -0.707190 -0.000214 0.707024  1.752467 0.966292 0
0  -1.384691 -4.327661 6.640617  -0.707171 -0.000206 0.707043  1.752465 0.933253 0
syringe_lod1
0  -0.885993 -4.327661 6.758235  -1.000000 -0.000000 -0.000060  1.230255 0.397425 0
0  -0.886004 -4.327661 6.940734  -1.000000 0.000000 -0.000060  1.230255 0.405317 0
0  -0.886011 -4.205462 7.062933  -1.000000 0.000000 -0.000060  1.235539 0.410601 0
syringe_lod1
0  -1.640863 -2.879706 3.870869  -0.987679 -0.000000 -0.156494  1.542683 0.443934 0
0  -1.640771 -3.563613 6.362751  -0.980322 -0.000000 0.197403  1.650437 0.473506 0
0  -1.640771 -2.879706 6.362751  -0.980322 -0.000001 0.197404  1.650437 0.443933 0
syringe_lod1
0  -1.257966 -6.262465 3.739447  -0.001554 -0.999999 -0.000173  1.952204 0.400892 0
0  -1.430665 -6.262165 3.887486  0.000958 -0.999999 0.000699  1.946946 0.392396 0
0  -1.359339 -6.262165 3.668086  -0.001460 -0.999999 -0.000150  1.946946 0.400892 0
syringe_lod1
0  -1.430665 -6.262165 6.335682  -0.979851 0.000000 0.199729  1.602213 0.742640 0
0  -1.325610 -4.327644 6.582671  -0.706054 0.000000 0.708158  1.590607 0.826293 0
0  -1.430665 -4.327497 6.335682  -0.979910 -0.000000 0.199442  1.602213 0.826299 0
syringe_lod1
0  -0.457417 -6.262165 2.561163  -0.258819 0.000000 -0.965926  1.780758 0.742640 0
0  0.000000 -4.317756 2.561163  -0.000000 0.000000 -1.000000  1.800537 0.826720 0
0  0.000000 -6.262165 2.561163  0.000000 0.000000 -1.000000  1.800537 0.742640 0
syringe_lod1
0  -0.885993 -4.327661 6.758235  -1.000000 -0.000000 -0.000060  1.230255 0.397425 0
0  -0.886011 -3.715961 7.062932  -0.999010 -0.039764 -0.019942  1.256706 0.410601 0
0  -0.885993 -3.563613 6.758235  -0.999732 -0.020694 -0.010406  1.263294 0.397425 0
syringe_lod1
0  -1.359339 -6.262165 3.668086  -0.001460 -0.999999 -0.000150  1.946946 0.400892 0
0  -0.923790 -6.262495 3.212652  -0.002167 -0.999997 -0.001498  1.952204 0.428159 0
0  -1.257966 -6.262465 3.739447  -0.001554 -0.999999 -0.000173  1.952204 0.400892 0
syringe_lod1
0  -0.890877 -2.879706 7.201420  -0.000120 -0.000000 1.000000  1.881339 0.463230 0
0  0.000000 -3.715961 7.201528  -0.000001 0.000000 1.000000  1.842816 0.427069 0
0  0.000000 -2.879706 7.201528  -0.000001 0.000000 1.000000  1.842816 0.463230 0
syringe_lod1
0  0.000000 -6.262165 6.686150  -0.000000 -0.000000 1.000000  1.532380 0.742640 0
0  -1.080196 -4.327661 6.686150  -0.198188 0.000000 0.980164  1.579090 0.826292 0
0  -1.080196 -6.262164 6.686150  -0.198193 0.000000 0.980163  1.579090 0.742640 0
syringe_lod1
0  0.000000 -3.563613 2.373531  -0.000000 -1.000000 0.000004  1.986952 0.226672 0
0  -0.484732 -3.563612 2.491286  0.000001 -1.000000 0.000003  1.981167 0.249261 0
0  -0.557312 -3.563613 2.373531  0.000000 -1.000000 0.000003  1.986952 0.249261 0
syringe_lod1
0  -0.804065 -2.879706 2.495605  -0.652259 0.000066 -0.757997  1.472565 0.443935 0
0  -1.534615 -3.563613 3.544046  -0.895410 -0.000001 -0.445242  1.527823 0.473507 0
0  -1.534615 -2.879706 3.544046  -0.895410 0.000000 -0.445242  1.527822 0.443934 0
syringe_lod1
0  -1.023970 -6.262165 3.139671  -0.822128 -0.000000 -0.569302  1.745118 0.742640 0
0  -1.359339 -4.317592 3.668086  -0.904772 -0.000000 -0.425896  1.718054 0.826727 0
0  -1.023970 -4.317592 3.139670  -0.822129 -0.000000 -0.569302  1.745118 0.826727 0
syringe_lod1
0  -1.534615 -3.563613 3.544046  -0.895410 -0.000001 -0.445242  1.527823 0.473507 0
0  -1.640863 -2.879706 3.870869  -0.987679 -0.000000 -0.156494  1.542683 0.443934 0
0  -1.534615 -2.879706 3.544046  -0.895410 0.000000 -0.445242  1.527822 0.443934 0
syringe_lod1
0  -0.890859 -3.563613 6.896723  -0.999010 -0.039764 -0.019941  1.263302 0.403417 0
0  -0.886011 -3.715961 7.062932  -0.999010 -0.039764 -0.019942  1.256706 0.410601 0
0  -0.890877 -3.715961 7.201420  -0.999732 -0.020694 -0.010406  1.256714 0.416593 0
syringe_lod1
0  0.000000 -4.327661 6.940734  -0.000000 -1.000000 -0.000581  1.515056 0.213598 0
0  -0.885993 -4.327661 6.758235  0.000099 -1.000000 -0.000286  1.507165 0.175286 0
0  0.000000 -4.327490 6.686151  -0.000000 -1.000000 -0.000654  1.504048 0.213598 0
syringe_lod1
0  -1.502308 -4.317591 3.874196  -0.987708 -0.000000 -0.156311  1.873103 0.933669 0
0  -1.420591 -3.563613 3.622831  -0.897185 -0.000000 -0.441655  1.884538 0.966270 0
0  -1.420591 -4.317592 3.622831  -0.897184 -0.000001 -0.441656  1.884532 0.933667 0
syringe_lod1
0  0.000000 -3.563613 2.373531  0.000000 0.000000 -1.000000  1.436561 0.473506 0
0  -0.556938 -2.879706 2.373531  -0.227356 0.000082 -0.973812  1.460646 0.443934 0
0  0.000000 -2.879706 2.373531  0.000000 0.000000 -1.000000  1.436563 0.443932 0
syringe_lod1
0  -1.023970 -6.262165 3.139671  -0.822128 -0.000000 -0.569302  1.745118 0.742640 0
0  -0.688601 -4.317591 2.694637  -0.662613 -0.000000 -0.748962  1.769214 0.826727 0
0  -0.688600 -6.262165 2.694637  -0.662613 0.000000 -0.748962  1.769214 0.742640 0
syringe_lod1
0  -1.106824 -2.879706 6.896697  -0.197460 0.000000 0.980311  1.685712 0.443932 0
0  -0.890859 -3.563613 6.896723  -0.000122 0.000001 1.000000  1.695051 0.473506 0
0  -0.890859 -2.879706 6.896723  -0.000116 0.000000 1.000000  1.695051 0.443932 0
syringe_lod1
0  -1.100779 -3.563613 6.758235  -0.194744 -0.000000 0.980854  1.739173 0.966291 0
0  -0.885993 -4.327661 6.758235  -0.000004 -0.000001 1.000000  1.729889 0.933251 0
0  -0.885993 -3.563613 6.758235  0.000006 0.000001 1.000000  1.729886 0.966290 0
syringe_lod1
0  0.000000 -4.205462 7.062933  0.000000 -0.707108 0.707105  1.464118 0.199864 0
0  -0.886004 -4.327661 6.940734  0.000000 -0.707108 0.707105  1.425806 0.207337 0
0  0.000000 -4.327661 6.940734  0.000000 -0.707109 0.707105  1.464118 0.207337 0
syringe_lod1
0  -0.886011 -3.715961 7.062932  0.000000 0.000002 1.000000  1.766243 0.357500 0
0  0.000000 -4.205462 7.062933  -0.000000 0.000001 1.000000  1.727930 0.336333 0
0  0.000000 -3.715961 7.062932  -0.000001 0.000002 1.000000  1.727930 0.357500 0
syringe_lod1
0  -1.306749 -6.261910 3.890474  0.987467 0.003066 0.157796  1.960559 0.391675 0
0  -1.308490 -5.990714 6.329552  0.973015 0.026845 -0.229173  1.972803 0.286382 0
0  -1.306778 -6.261894 6.330270  0.972739 0.026962 -0.230329  1.961075 0.286325 0
syringe_lod1
0  -1.502308 -4.317591 3.874196  -0.987708 -0.000000 -0.156311  1.873103 0.933669 0
0  -1.502309 -3.563613 6.356706  -0.980839 -0.000124 0.194820  1.765759 0.966290 0
0  -1.502308 -3.563613 3.874196  -0.987676 -0.000000 -0.156512  1.873108 0.966272 0
syringe_lod1
0  -0.729848 -3.563612 2.614403  -0.657823 0.000108 -0.753172  1.937393 0.966262 0
0  -1.420591 -4.317592 3.622831  -0.897184 -0.000001 -0.441656  1.884532 0.933667 0
0  -1.420591 -3.563613 3.622831  -0.897185 -0.000000 -0.441655  1.884538 0.966270 0
syringe_lod1
0  0.000000 -4.317591 2.491286  -0.000000 0.000000 -1.000000  1.970213 0.933655 0
0  -0.484732 -3.563612 2.491286  -0.230567 0.000122 -0.973056  1.949254 0.966260 0
0  0.000000 -3.563612 2.491286  -0.000000 0.000000 -1.000000  1.970215 0.966259 0
syringe_lod1
0  -0.452028 -6.263468 2.685033  -0.003229 -0.999966 -0.007639  1.952204 0.461779 0
0  -0.688600 -6.262165 2.694637  -0.003574 -0.999989 -0.002960  1.946946 0.452480 0
0  -0.457417 -6.262165 2.561163  -0.002398 -0.999963 -0.008303  1.946946 0.461779 0
syringe_lod1
0  -1.308490 -5.990714 6.329552  -0.000830 -1.000000 -0.000103  1.003906 0.515646 0
0  -1.308460 -5.990729 3.895872  -0.000698 -1.000000 0.000163  1.003907 0.620884 0
0  0.000000 -5.991210 6.560830  -0.000505 -1.000000 -0.000142  1.060488 0.505645 0
syringe_lod1
0  -0.890877 -2.879706 7.201420  -1.000000 -0.000000 -0.000059  1.292875 0.416593 0
0  -0.890859 -3.563613 6.896723  -0.999010 -0.039764 -0.019941  1.263302 0.403417 0
0  -0.890877 -3.715961 7.201420  -0.999732 -0.020694 -0.010406  1.256714 0.416593 0
syringe_lod1
0  -1.308490 -5.990714 6.329552  -0.000830 -1.000000 -0.000103  1.003906 0.515646 0
0  -1.077155 -5.991193 6.560873  -0.000865 -1.000000 0.000068  1.013910 0.505644 0
0  -1.297724 -5.990762 6.401608  -0.001626 -0.999999 -0.000466  1.004372 0.512531 0
syringe_lod1
0  -1.430665 -4.327497 6.335682  0.000250 -0.999997 -0.002426  1.488893 0.151733 0
0  -1.384691 -4.327661 6.640617  0.000136 -1.000000 -0.000384  1.502079 0.153721 0
0  -1.502308 -4.327661 6.356706  0.000393 -0.999997 -0.002244  1.489802 0.148635 0
syringe_lod1
0  -1.430665 -4.327497 6.335682  0.000250 -0.999997 -0.002426  1.488893 0.151733 0
0  -1.502308 -4.317591 3.874196  -0.000806 -0.999997 -0.002365  1.382452 0.148635 0
0  -1.430665 -4.317779 3.887485  -0.000716 -0.999997 -0.002401  1.383027 0.151733 0
syringe_lod1
0  -0.688600 -6.262165 2.694637  -0.662613 0.000000 -0.748962  1.769214 0.742640 0
0  -0.457417 -4.317592 2.561164  -0.258849 0.000000 -0.965918  1.780758 0.826727 0
0  -0.457417 -6.262165 2.561163  -0.258819 0.000000 -0.965926  1.780758 0.742640 0
syringe_lod1
0  -1.420591 -4.317592 3.622831  -0.000394 -1.000000 -0.000271  1.371583 0.152169 0
0  -0.729724 -4.317591 2.614232  -0.000001 -1.000000 -0.000001  1.327969 0.182043 0
0  -1.023970 -4.317592 3.139670  -0.000003 -1.000000 -0.000003  1.350690 0.169319 0
syringe_lod1
0  -1.023970 -4.317592 3.139670  -0.000003 -1.000000 -0.000003  1.350690 0.169319 0
0  -0.729724 -4.317591 2.614232  -0.000001 -1.000000 -0.000001  1.327969 0.182043 0
0  -0.688601 -4.317591 2.694637  -0.000000 -1.000000 0.000001  1.331446 0.183822 0
syringe_lod1
0  -0.729848 -3.563612 2.614403  0.000000 -1.000000 -0.000001  1.981167 0.261171 0
0  -1.534615 -3.563613 3.544046  0.000003 -1.000000 0.000002  1.986952 0.315374 0
0  -0.803949 -3.563612 2.495446  -0.000001 -1.000000 -0.000001  1.986952 0.261171 0
syringe_lod1
0  -0.885993 -4.327661 6.758235  0.000099 -1.000000 -0.000286  1.507165 0.175286 0
0  -1.100779 -4.327661 6.758235  0.000000 -1.000000 -0.000000  1.507165 0.165998 0
0  -1.080196 -4.327661 6.686150  0.000018 -1.000000 -0.000061  1.504048 0.166888 0
syringe_lod1
0  -1.080196 -4.327661 6.686150  0.000018 -1.000000 -0.000061  1.504048 0.166888 0
0  0.000000 -4.327490 6.686151  -0.000000 -1.000000 -0.000654  1.504048 0.213598 0
0  -0.885993 -4.327661 6.758235  0.000099 -1.000000 -0.000286  1.507165 0.175286 0
syringe_lod1
0  -0.890859 -3.563613 6.896723  -0.999010 -0.039764 -0.019941  1.263302 0.403417 0
0  -0.885993 -3.563613 6.758235  -0.999732 -0.020694 -0.010406  1.263294 0.397425 0
0  -0.886011 -3.715961 7.062932  -0.999010 -0.039764 -0.019942  1.256706 0.410601 0
syringe_lod1
0  -1.325609 -6.262164 6.582672  -0.705998 0.000000 0.708214  1.590607 0.742640 0
0  -1.080196 -4.327661 6.686150  -0.198188 0.000000 0.980164  1.579090 0.826292 0
0  -1.325610 -4.327644 6.582671  -0.706054 0.000000 0.708158  1.590607 0.826293 0
syringe_lod1
0  -1.384885 -3.563613 6.640788  -0.000002 -1.000000 0.000002  1.981167 0.451893 0
0  -1.106824 -3.563612 6.896698  -0.000002 -1.000000 0.000002  1.986952 0.467400 0
0  -1.482929 -3.563612 6.738827  -0.000002 -1.000000 0.000003  1.986952 0.451893 0
syringe_lod1
0  -1.430665 -6.262165 3.887486  -0.987676 0.000000 -0.156512  1.708078 0.742640 0
0  -1.430665 -4.327497 6.335682  -0.979910 -0.000000 0.199442  1.602213 0.826299 0
0  -1.430665 -4.317779 3.887485  -0.987638 -0.000000 -0.156751  1.708078 0.826719 0
syringe_lod1
0  0.967636 -3.132499 1.475437  0.792561 0.000039 -0.609793  0.607102 0.852252 0
0  1.047715 -3.549053 1.667631  0.991158 -0.000012 -0.132689  0.589090 0.861255 0
0  0.967033 -3.549052 1.474601  0.791969 -0.000042 -0.610561  0.589090 0.852209 0
syringe_lod1
0  0.802004 -3.132499 1.348359  0.000004 -1.000000 -0.000010  0.494589 0.048374 0
0  0.583499 -3.132499 1.238313  0.000000 -1.000000 -0.000002  0.504562 0.051867 0
0  0.833963 -3.132499 1.271205  0.000004 -1.000000 -0.000009  0.494589 0.051867 0
syringe_lod1
0  1.047835 -3.132499 1.668495  0.000005 -1.000000 0.000000  0.474683 0.048374 0
0  1.033843 -3.132499 1.424560  0.000002 -1.000000 -0.000001  0.484643 0.051867 0
0  1.130625 -3.132499 1.657538  0.000005 -1.000000 0.000000  0.474683 0.051867 0
syringe_lod1
0  0.492894 -3.132499 2.094618  0.000000 -1.000000 0.000000  0.434831 0.048374 0
0  0.711401 -3.132499 2.204664  0.000000 -1.000000 -0.000001  0.444804 0.051867 0
0  0.460935 -3.132499 2.171772  0.000000 -1.000000 0.000002  0.434831 0.051867 0
syringe_lod1
0  0.700443 -3.132499 2.121874  0.000000 -1.000000 -0.000003  0.444804 0.048374 0
0  0.944381 -3.132499 2.107876  0.000000 -1.000000 0.000000  0.454764 0.051867 0
0  0.711401 -3.132499 2.204664  0.000000 -1.000000 -0.000001  0.444804 0.051867 0
syringe_lod1
0  0.711401 -3.132499 2.204664  0.131200 -0.000003 0.991356  0.101681 0.571097 0
0  0.944377 -2.843458 2.107882  0.609188 -0.000002 0.793026  0.114180 0.560188 0
0  0.711398 -2.843458 2.204664  0.131188 0.000001 0.991358  0.114180 0.571097 0
syringe_lod1
0  0.967636 -3.132499 1.475437  0.000002 -1.000000 -0.000002  0.484643 0.048374 0
0  0.833963 -3.132499 1.271205  0.000004 -1.000000 -0.000009  0.494589 0.051867 0
0  1.033843 -3.132499 1.424560  0.000002 -1.000000 -0.000001  0.484643 0.051867 0
syringe_lod1
0  0.247064 -3.132499 1.774481  0.000005 -1.000000 -0.000001  0.414925 0.048374 0
0  0.197166 -3.132499 1.534975  0.000001 -1.000000 0.000001  0.404952 0.051867 0
0  0.274320 -3.132499 1.566933  0.000000 -1.000000 0.000000  0.404952 0.048374 0
syringe_lod1
0  0.944381 -3.132499 2.107876  0.609200 -0.000007 0.793017  0.101681 0.560188 0
0  1.097732 -2.843457 1.908003  0.923951 0.000001 0.382510  0.114180 0.549294 0
0  0.944377 -2.843458 2.107882  0.609188 -0.000002 0.793026  0.114180 0.560188 0
syringe_lod1
0  1.097733 -3.132499 1.908002  0.923952 -0.000000 0.382508  0.101681 0.549294 0
0  1.130625 -2.843457 1.657539  0.991357 0.000001 -0.131192  0.114180 0.538370 0
0  1.097732 -2.843457 1.908003  0.923951 0.000001 0.382510  0.114180 0.549294 0
syringe_lod1
0  1.033843 -3.132499 1.424560  0.793024 -0.000001 -0.609190  0.101681 0.527461 0
0  0.833964 -2.843457 1.271205  0.382510 0.000000 -0.923952  0.114180 0.516567 0
0  1.033843 -2.843457 1.424561  0.793026 0.000001 -0.609188  0.114180 0.527461 0
syringe_lod1
0  1.130625 -3.132499 1.657538  0.991357 -0.000001 -0.131194  0.101681 0.538370 0
0  1.033843 -2.843457 1.424561  0.793026 0.000001 -0.609188  0.114180 0.527461 0
0  1.130625 -2.843457 1.657539  0.991357 0.000001 -0.131192  0.114180 0.538370 0
syringe_lod1
0  0.164274 -3.132499 1.785439  -0.991357 -0.000001 0.131193  0.101681 0.603824 0
0  0.261054 -2.843458 2.018415  -0.793028 0.000000 0.609186  0.114180 0.592915 0
0  0.164274 -2.843457 1.785438  -0.991357 0.000000 0.131190  0.114180 0.603824 0
syringe_lod1
0  0.711401 -3.132499 2.204664  0.131200 -0.000003 0.991356  0.101681 0.571097 0
0  0.460935 -2.843458 2.171772  -0.382510 -0.000000 0.923951  0.114180 0.582021 0
0  0.460935 -3.132499 2.171772  -0.382507 0.000000 0.923953  0.101681 0.582021 0
syringe_lod1
0  0.833963 -3.132499 1.271205  0.382508 -0.000001 -0.923952  0.101681 0.516567 0
0  0.583500 -2.843457 1.238312  -0.131192 0.000000 -0.991357  0.114180 0.505644 0
0  0.833964 -2.843457 1.271205  0.382510 0.000000 -0.923952  0.114180 0.516567 0
syringe_lod1
0  0.350521 -3.132499 1.335095  -0.609189 -0.000000 -0.793025  0.101681 0.625642 0
0  0.197166 -2.843458 1.534974  -0.923951 0.000000 -0.382511  0.114180 0.614748 0
0  0.350522 -2.843458 1.335094  -0.609188 0.000000 -0.793026  0.114180 0.625642 0
syringe_lod1
0  0.197166 -3.132499 1.534975  -0.923952 -0.000001 -0.382509  0.101681 0.614747 0
0  0.164274 -2.843457 1.785438  -0.991357 0.000000 0.131190  0.114180 0.603824 0
0  0.197166 -2.843458 1.534974  -0.923951 0.000000 -0.382511  0.114180 0.614748 0
syringe_lod1
0  0.583499 -3.132499 1.238313  -0.131194 -0.000001 -0.991357  0.101681 0.636551 0
0  0.350522 -2.843458 1.335094  -0.609188 0.000000 -0.793026  0.114180 0.625642 0
0  0.583500 -2.843457 1.238312  -0.131192 0.000000 -0.991357  0.114180 0.636551 0
syringe_lod1
0  0.261056 -3.132499 2.018416  -0.793025 -0.000001 0.609190  0.101681 0.592915 0
0  0.460935 -2.843458 2.171772  -0.382510 -0.000000 0.923951  0.114180 0.582021 0
0  0.261054 -2.843458 2.018415  -0.793028 0.000000 0.609186  0.114180 0.592915 0
syringe_lod1
0  0.327263 -3.132499 1.967539  0.000000 -1.000000 0.000002  0.424885 0.048374 0
0  0.460935 -3.132499 2.171772  0.000000 -1.000000 0.000002  0.434831 0.051867 0
0  0.261056 -3.132499 2.018416  0.000001 -1.000000 0.000003  0.424885 0.051867 0
syringe_lod1
0  0.247064 -3.132499 1.774481  0.000005 -1.000000 -0.000001  0.414925 0.048374 0
0  0.261056 -3.132499 2.018416  0.000001 -1.000000 0.000003  0.424885 0.051867 0
0  0.164274 -3.132499 1.785439  0.000006 -1.000000 -0.000001  0.414925 0.051867 0
syringe_lod1
0  0.944381 -3.132499 2.107876  0.000000 -1.000000 0.000000  0.454764 0.051867 0
0  1.020579 -3.132499 1.876044  0.000003 -1.000000 0.000002  0.464710 0.048374 0
0  1.097733 -3.132499 1.908002  0.000003 -1.000000 0.000002  0.464710 0.051867 0
syringe_lod1
0  1.020579 -3.132499 1.876044  0.000003 -1.000000 0.000002  0.464710 0.048374 0
0  1.130625 -3.132499 1.657538  0.000005 -1.000000 0.000000  0.474683 0.051867 0
0  1.097733 -3.132499 1.908002  0.000003 -1.000000 0.000002  0.464710 0.051867 0
syringe_lod1
0  0.401398 -3.132499 1.401302  0.000003 -1.000000 0.000008  0.395006 0.048374 0
0  0.197166 -3.132499 1.534975  0.000001 -1.000000 0.000001  0.404952 0.051867 0
0  0.350521 -3.132499 1.335095  0.000003 -1.000000 0.000008  0.395006 0.051867 0
syringe_lod1
0  0.894336 -3.549052 2.041072  0.610560 -0.000039 0.791970  0.589090 0.879328 0
0  1.020579 -3.132499 1.876044  0.924304 -0.000001 0.381656  0.607103 0.870343 0
0  0.893503 -3.132499 2.041671  0.609799 0.000039 0.792556  0.607102 0.879371 0
syringe_lod1
0  0.593592 -3.549052 1.321223  -0.133054 -0.000013 -0.991109  0.589090 0.834136 0
0  0.802004 -3.132499 1.348359  0.381753 0.000005 -0.924264  0.607102 0.843224 0
0  0.801083 -3.549053 1.348013  0.380936 -0.000001 -0.924601  0.589090 0.843183 0
syringe_lod1
0  0.701306 -3.549052 2.121754  0.132678 -0.000041 0.991159  0.589090 0.888375 0
0  0.893503 -3.132499 2.041671  0.609799 0.000039 0.792556  0.607102 0.879371 0
0  0.700443 -3.132499 2.121874  0.131783 0.000068 0.991279  0.607103 0.888411 0
syringe_lod1
0  0.273975 -3.549052 1.567855  -0.924587 0.000020 -0.380972  0.589090 0.924540 0
0  0.401398 -3.132499 1.401302  -0.609825 -0.000003 -0.792536  0.607102 0.933609 0
0  0.400563 -3.549052 1.401904  -0.610474 -0.000003 -0.792036  0.589090 0.933566 0
syringe_lod1
0  0.327263 -3.132499 1.967539  -0.792473 0.000005 0.609908  0.607102 0.906490 0
0  0.247184 -3.549053 1.775345  -0.991186 -0.000013 0.132480  0.589090 0.915494 0
0  0.327866 -3.549052 1.968377  -0.791972 0.000006 0.610558  0.589090 0.906447 0
syringe_lod1
0  0.247184 -3.549053 1.775345  -0.991186 -0.000013 0.132480  0.589090 0.915494 0
0  0.274320 -3.132499 1.566933  -0.924230 -0.000061 -0.381836  0.607103 0.924582 0
0  0.273975 -3.549052 1.567855  -0.924587 0.000020 -0.380972  0.589090 0.924540 0
syringe_lod1
0  0.594456 -3.132499 1.321103  -0.000000 -1.000000 -0.000000  0.504562 0.048374 0
0  0.350521 -3.132499 1.335095  0.000003 -1.000000 0.000008  0.514522 0.051867 0
0  0.583499 -3.132499 1.238313  0.000000 -1.000000 -0.000002  0.504562 0.051867 0
syringe_lod1
0  1.020579 -3.132499 1.876044  0.924304 -0.000001 0.381656  0.607103 0.870343 0
0  1.047715 -3.549053 1.667631  0.991158 -0.000012 -0.132689  0.589090 0.861255 0
0  1.047835 -3.132499 1.668495  0.991262 -0.000012 -0.131908  0.607102 0.861292 0
syringe_lod1
0  0.401398 -3.132499 1.401302  -0.609825 -0.000003 -0.792536  0.607102 0.933609 0
0  0.593592 -3.549052 1.321223  -0.133054 -0.000013 -0.991109  0.589090 0.942613 0
0  0.400563 -3.549052 1.401904  -0.610474 -0.000003 -0.792036  0.589090 0.933566 0
syringe_lod1
0  0.493814 -3.549053 2.094963  -0.380534 0.000039 0.924767  0.589090 0.897421 0
0  0.327263 -3.132499 1.967539  -0.792473 0.000005 0.609908  0.607102 0.906490 0
0  0.327866 -3.549052 1.968377  -0.791972 0.000006 0.610558  0.589090 0.906447 0
syringe_lod1
0  0.967033 -3.549052 1.474601  0.791969 -0.000042 -0.610561  0.589090 0.852209 0
0  0.802004 -3.132499 1.348359  0.381753 0.000005 -0.924264  0.607102 0.843224 0
0  0.967636 -3.132499 1.475437  0.792561 0.000039 -0.609793  0.607102 0.852252 0
syringe_lod1
0  1.020924 -3.549053 1.875122  -0.000000 -1.000000 -0.000001  0.478482 0.395048 0
0  0.273975 -3.549052 1.567855  0.000000 -1.000000 -0.000001  0.469440 0.428783 0
0  0.967033 -3.549052 1.474601  -0.000000 -1.000000 0.000000  0.461603 0.399577 0
syringe_lod1
0  0.493814 -3.549053 2.094963  -0.380534 0.000039 0.924767  0.589090 0.897421 0
0  0.700443 -3.132499 2.121874  0.131783 0.000068 0.991279  0.607103 0.888411 0
0  0.492894 -3.132499 2.094618  -0.381787 0.000000 0.924250  0.607103 0.897463 0
syringe_lod1
0  -0.967636 -3.132499 1.475437  -0.792589 0.000063 -0.609757  1.607102 0.852252 0
0  -1.047715 -3.549052 1.667631  -0.991109 -0.000012 -0.133054  1.589090 0.861255 0
0  -1.047835 -3.132499 1.668495  -0.991276 -0.000013 -0.131802  1.607102 0.861292 0
syringe_lod1
0  -0.802004 -3.132499 1.348359  0.000002 -1.000000 0.000005  1.494589 0.048374 0
0  -0.583498 -3.132499 1.238313  0.000001 -1.000000 0.000001  1.504562 0.051867 0
0  -0.594456 -3.132499 1.321103  0.000000 -1.000000 0.000000  1.504562 0.048374 0
syringe_lod1
0  -1.047835 -3.132499 1.668495  0.000003 -1.000000 -0.000000  1.474683 0.048374 0
0  -1.033843 -3.132499 1.424560  0.000004 -1.000000 0.000005  1.484643 0.051867 0
0  -0.967636 -3.132499 1.475437  0.000004 -1.000000 0.000005  1.484643 0.048374 0
syringe_lod1
0  -0.492894 -3.132499 2.094618  0.000001 -1.000000 -0.000002  1.434831 0.048374 0
0  -0.711401 -3.132499 2.204664  0.000000 -1.000000 -0.000003  1.444804 0.051867 0
0  -0.700443 -3.132499 2.121874  -0.000000 -1.000000 -0.000002  1.444804 0.048374 0
syringe_lod1
0  -0.700443 -3.132499 2.121874  -0.000000 -1.000000 -0.000002  1.444804 0.048374 0
0  -0.944381 -3.132499 2.107876  0.000001 -1.000000 -0.000002  1.454764 0.051867 0
0  -0.893503 -3.132499 2.041671  0.000000 -1.000000 -0.000002  1.454764 0.048374 0
syringe_lod1
0  -0.711401 -3.132499 2.204664  -0.131200 -0.000003 0.991356  1.101681 0.571097 0
0  -0.944377 -2.843458 2.107882  -0.609188 -0.000003 0.793026  1.114180 0.560188 0
0  -0.944381 -3.132499 2.107876  -0.609200 -0.000008 0.793017  1.101681 0.560188 0
syringe_lod1
0  -0.967636 -3.132499 1.475437  0.000004 -1.000000 0.000005  1.484643 0.048374 0
0  -0.833963 -3.132499 1.271205  0.000002 -1.000000 0.000005  1.494589 0.051867 0
0  -0.802004 -3.132499 1.348359  0.000002 -1.000000 0.000005  1.494589 0.048374 0
syringe_lod1
0  -0.247064 -3.132499 1.774481  0.000001 -1.000000 0.000000  1.414925 0.048374 0
0  -0.197166 -3.132499 1.534975  0.000004 -1.000000 -0.000001  1.404952 0.051867 0
0  -0.164273 -3.132499 1.785439  0.000000 -1.000000 0.000000  1.414925 0.051867 0
syringe_lod1
0  -0.944381 -3.132499 2.107876  -0.609200 -0.000008 0.793017  1.101681 0.560188 0
0  -1.097732 -2.843458 1.908003  -0.923951 0.000000 0.382510  1.114180 0.549294 0
0  -1.097733 -3.132499 1.908002  -0.923952 -0.000000 0.382508  1.101681 0.549294 0
syringe_lod1
0  -1.097733 -3.132499 1.908002  -0.923952 -0.000000 0.382508  1.101681 0.549294 0
0  -1.130625 -2.843457 1.657539  -0.991357 0.000001 -0.131191  1.114180 0.538370 0
0  -1.130625 -3.132499 1.657538  -0.991357 -0.000000 -0.131194  1.101681 0.538370 0
syringe_lod1
0  -1.033843 -3.132499 1.424560  -0.793025 -0.000000 -0.609190  1.101681 0.527461 0
0  -0.833964 -2.843458 1.271205  -0.382510 0.000000 -0.923952  1.114180 0.516567 0
0  -0.833963 -3.132499 1.271205  -0.382508 -0.000001 -0.923952  1.101681 0.516567 0
syringe_lod1
0  -1.130625 -3.132499 1.657538  -0.991357 -0.000000 -0.131194  1.101681 0.538370 0
0  -1.033843 -2.843458 1.424561  -0.793026 0.000001 -0.609188  1.114180 0.527461 0
0  -1.033843 -3.132499 1.424560  -0.793025 -0.000000 -0.609190  1.101681 0.527461 0
syringe_lod1
0  -0.164273 -3.132499 1.785439  0.991357 -0.000001 0.131193  1.101681 0.603824 0
0  -0.261054 -2.843458 2.018415  0.793027 0.000000 0.609186  1.114180 0.592915 0
0  -0.261056 -3.132499 2.018417  0.793025 -0.000001 0.609190  1.101681 0.592915 0
syringe_lod1
0  -0.711401 -3.132499 2.204664  -0.131200 -0.000003 0.991356  1.101681 0.571097 0
0  -0.460934 -2.843457 2.171772  0.382509 0.000000 0.923952  1.114180 0.582021 0
0  -0.711398 -2.843458 2.204664  -0.131188 0.000001 0.991357  1.114180 0.571097 0
syringe_lod1
0  -0.833963 -3.132499 1.271205  -0.382508 -0.000001 -0.923952  1.101681 0.516567 0
0  -0.583500 -2.843457 1.238313  0.131192 0.000001 -0.991357  1.114180 0.505644 0
0  -0.583498 -3.132499 1.238313  0.131194 -0.000000 -0.991357  1.101681 0.505644 0
syringe_lod1
0  -0.350521 -3.132499 1.335095  0.609190 -0.000000 -0.793024  1.101681 0.625642 0
0  -0.197166 -2.843458 1.534974  0.923951 0.000000 -0.382511  1.114180 0.614748 0
0  -0.197166 -3.132499 1.534975  0.923952 -0.000001 -0.382508  1.101681 0.614747 0
syringe_lod1
0  -0.197166 -3.132499 1.534975  0.923952 -0.000001 -0.382508  1.101681 0.614747 0
0  -0.164273 -2.843457 1.785438  0.991357 0.000000 0.131190  1.114180 0.603824 0
0  -0.164273 -3.132499 1.785439  0.991357 -0.000001 0.131193  1.101681 0.603824 0
syringe_lod1
0  -0.583498 -3.132499 1.238313  0.131194 -0.000000 -0.991357  1.101681 0.636551 0
0  -0.350522 -2.843457 1.335094  0.609188 0.000001 -0.793026  1.114180 0.625642 0
0  -0.350521 -3.132499 1.335095  0.609190 -0.000000 -0.793024  1.101681 0.625642 0
syringe_lod1
0  -0.261056 -3.132499 2.018417  0.793025 -0.000001 0.609190  1.101681 0.592915 0
0  -0.460934 -2.843457 2.171772  0.382509 0.000000 0.923952  1.114180 0.582021 0
0  -0.460935 -3.132499 2.171772  0.382505 0.000001 0.923953  1.101681 0.582021 0
syringe_lod1
0  -0.327263 -3.132499 1.967539  0.000000 -1.000000 0.000001  1.424885 0.048374 0
0  -0.460935 -3.132499 2.171772  0.000001 -1.000000 -0.000001  1.434831 0.051867 0
0  -0.492894 -3.132499 2.094618  0.000001 -1.000000 -0.000002  1.434831 0.048374 0
syringe_lod1
0  -0.247064 -3.132499 1.774481  0.000001 -1.000000 0.000000  1.414925 0.048374 0
0  -0.261056 -3.132499 2.018417  0.000000 -1.000000 0.000001  1.424885 0.051867 0
0  -0.327263 -3.132499 1.967539  0.000000 -1.000000 0.000001  1.424885 0.048374 0
syringe_lod1
0  -0.944381 -3.132499 2.107876  0.000001 -1.000000 -0.000002  1.454764 0.051867 0
0  -1.020579 -3.132499 1.876044  0.000005 -1.000000 -0.000002  1.464710 0.048374 0
0  -0.893503 -3.132499 2.041671  0.000000 -1.000000 -0.000002  1.454764 0.048374 0
syringe_lod1
0  -1.020579 -3.132499 1.876044  0.000005 -1.000000 -0.000002  1.464710 0.048374 0
0  -1.130625 -3.132499 1.657538  0.000003 -1.000000 -0.000000  1.474683 0.051867 0
0  -1.047835 -3.132499 1.668495  0.000003 -1.000000 -0.000000  1.474683 0.048374 0
syringe_lod1
0  -0.401398 -3.132499 1.401302  0.000002 -1.000000 -0.000003  1.395006 0.048374 0
0  -0.197166 -3.132499 1.534975  0.000004 -1.000000 -0.000001  1.404952 0.051867 0
0  -0.274320 -3.132499 1.566933  0.000005 -1.000000 -0.000001  1.404952 0.048374 0
syringe_lod1
0  -0.894336 -3.549052 2.041072  -0.610561 -0.000038 0.791970  1.589090 0.879328 0
0  -1.020579 -3.132499 1.876044  -0.924304 -0.000001 0.381656  1.607103 0.870343 0
0  -1.020924 -3.549053 1.875122  -0.924581 0.000002 0.380985  1.589090 0.870302 0
syringe_lod1
0  -0.593592 -3.549052 1.321223  0.133054 -0.000013 -0.991109  1.589090 0.834136 0
0  -0.802004 -3.132499 1.348359  -0.381753 0.000005 -0.924265  1.607102 0.843224 0
0  -0.594456 -3.132499 1.321103  0.131908 -0.000014 -0.991262  1.607102 0.834172 0
syringe_lod1
0  -0.701306 -3.549052 2.121754  -0.132631 -0.000017 0.991165  1.589090 0.888375 0
0  -0.893503 -3.132499 2.041671  -0.609762 0.000064 0.792585  1.607102 0.879371 0
0  -0.894336 -3.549052 2.041072  -0.610561 -0.000038 0.791970  1.589090 0.879328 0
syringe_lod1
0  -0.273974 -3.549053 1.567855  0.924604 0.000044 -0.380929  1.589090 0.924540 0
0  -0.401398 -3.132499 1.401302  0.609742 -0.000010 -0.792600  1.607102 0.933609 0
0  -0.274320 -3.132499 1.566933  0.924230 -0.000061 -0.381836  1.607103 0.924582 0
syringe_lod1
0  -0.327263 -3.132499 1.967539  0.792537 -0.000001 0.609824  1.607102 0.906490 0
0  -0.247184 -3.549053 1.775345  0.991172 -0.000012 0.132584  1.589090 0.915494 0
0  -0.247064 -3.132499 1.774481  0.991255 -0.000014 0.131960  1.607102 0.915530 0
syringe_lod1
0  -0.247184 -3.549053 1.775345  0.991172 -0.000012 0.132584  1.589090 0.915494 0
0  -0.274320 -3.132499 1.566933  0.924230 -0.000061 -0.381836  1.607103 0.924582 0
0  -0.247064 -3.132499 1.774481  0.991255 -0.000014 0.131960  1.607102 0.915530 0
syringe_lod1
0  -0.594456 -3.132499 1.321103  0.000000 -1.000000 0.000000  1.504562 0.048374 0
0  -0.350521 -3.132499 1.335095  0.000002 -1.000000 -0.000003  1.514522 0.051867 0
0  -0.401398 -3.132499 1.401302  0.000002 -1.000000 -0.000003  1.514522 0.048374 0
syringe_lod1
0  -1.020579 -3.132499 1.876044  -0.924304 -0.000001 0.381656  1.607103 0.870343 0
0  -1.047715 -3.549052 1.667631  -0.991109 -0.000012 -0.133054  1.589090 0.861255 0
0  -1.020924 -3.549053 1.875122  -0.924581 0.000002 0.380985  1.589090 0.870302 0
syringe_lod1
0  -0.401398 -3.132499 1.401302  0.609742 -0.000010 -0.792600  1.607102 0.933609 0
0  -0.593592 -3.549052 1.321223  0.133054 -0.000013 -0.991109  1.589090 0.942613 0
0  -0.594456 -3.132499 1.321103  0.131908 -0.000014 -0.991262  1.607102 0.942649 0
syringe_lod1
0  -0.493813 -3.549053 2.094963  0.380534 0.000039 0.924767  1.589090 0.897421 0
0  -0.327263 -3.132499 1.967539  0.792537 -0.000001 0.609824  1.607102 0.906490 0
0  -0.492894 -3.132499 2.094618  0.381787 0.000000 0.924250  1.607103 0.897463 0
syringe_lod1
0  -0.967033 -3.549053 1.474601  -0.792026 0.000007 -0.610488  1.589090 0.852209 0
0  -0.802004 -3.132499 1.348359  -0.381753 0.000005 -0.924265  1.607102 0.843224 0
0  -0.801083 -3.549052 1.348013  -0.380985 0.000002 -0.924581  1.589090 0.843183 0
syringe_lod1
0  -0.273974 -3.549053 1.567855  -0.000000 -1.000000 0.000001  1.469440 0.428783 0
0  -0.327866 -3.549052 1.968377  0.000000 -1.000000 0.000002  1.486319 0.424254 0
0  -1.020924 -3.549053 1.875122  -0.000001 -1.000000 -0.000001  1.478482 0.395048 0
syringe_lod1
0  -0.493813 -3.549053 2.094963  0.380534 0.000039 0.924767  1.589090 0.897421 0
0  -0.700443 -3.132499 2.121874  -0.131876 0.000020 0.991266  1.607103 0.888411 0
0  -0.701306 -3.549052 2.121754  -0.132631 -0.000017 0.991165  1.589090 0.888375 0
syringe_lod1
0  -0.000000 3.542529 6.996529  -0.000040 0.050748 0.998712  0.484251 0.970940 0
0  -0.897169 3.677716 6.676872  -0.276543 0.833148 0.478945  0.444689 0.977654 0
0  -0.936800 3.542529 6.745515  -0.499357 0.050741 0.864909  0.444689 0.970940 0
syringe_lod1
0  1.622584 2.147592 6.059729  0.866025 -0.000000 0.500000  0.834693 0.339412 0
0  1.873600 3.542529 5.122929  0.998712 0.050742 -0.000001  0.774373 0.381350 0
0  1.622584 3.542529 6.059729  0.864911 0.050718 0.499356  0.774373 0.339412 0
syringe_lod1
0  -1.622584 3.542529 4.186129  -0.864905 0.050699 -0.499369  0.774373 0.087783 0
0  -1.873600 2.147592 5.122929  -1.000000 0.000000 0.000000  0.834693 0.129721 0
0  -1.873600 3.542529 5.122929  -0.998712 0.050741 0.000001  0.774373 0.129721 0
syringe_lod1
0  1.622584 2.147592 4.186129  0.866025 -0.000000 -0.500000  0.834693 0.423288 0
0  0.936800 3.542529 3.500344  0.499357 0.050700 -0.864911  0.774373 0.465226 0
0  1.622584 3.542529 4.186129  0.864912 0.050700 -0.499357  0.774373 0.423288 0
syringe_lod1
0  0.936800 2.147592 6.745514  0.500000 -0.000000 0.866026  0.834693 0.297473 0
0  1.622584 3.542529 6.059729  0.864911 0.050718 0.499356  0.774373 0.339412 0
0  0.936800 3.542529 6.745515  0.499356 0.050740 0.864910  0.774373 0.297473 0
syringe_lod1
0  -0.897169 3.677716 6.676872  -0.276543 0.833148 0.478945  0.444689 0.977654 0
0  -1.622584 3.542529 6.059729  -0.864911 0.050718 0.499356  0.405126 0.970940 0
0  -0.936800 3.542529 6.745515  -0.499357 0.050741 0.864909  0.444689 0.970940 0
syringe_lod1
0  -1.616243 3.707129 5.122929  -0.162948 0.986635 -0.000000  0.365564 0.985192 0
0  -1.553941 3.677716 4.225760  -0.478945 0.833158 -0.276514  0.326002 0.977654 0
0  -1.794338 3.677716 5.122929  -0.553058 0.833142 0.000000  0.365564 0.977654 0
syringe_lod1
0  1.553941 3.677716 4.225760  0.478940 0.833158 -0.276520  0.642501 0.977654 0
0  0.808122 3.707129 3.723221  0.081475 0.986634 -0.141118  0.682063 0.985192 0
0  1.399706 3.707129 4.314807  0.141119 0.986634 -0.081475  0.642501 0.985192 0
syringe_lod1
0  -1.616243 3.707129 5.122929  -0.162948 0.986635 -0.000000  0.365564 0.985192 0
0  -1.553941 3.677716 6.020098  -0.478967 0.833139 0.276531  0.405126 0.977654 0
0  -1.399707 3.707129 5.931051  -0.141117 0.986635 0.081474  0.405126 0.985192 0
syringe_lod1
0  -1.622584 3.542529 6.059729  -0.864911 0.050718 0.499356  0.405126 0.970940 0
0  -1.794338 3.677716 5.122929  -0.553058 0.833142 0.000000  0.365564 0.977654 0
0  -1.873600 3.542529 5.122929  -0.998712 0.050741 0.000001  0.365564 0.970940 0
syringe_lod1
0  1.616243 3.707129 5.122929  0.162952 0.986634 -0.000001  0.602938 0.985192 0
0  1.553941 3.677716 6.020099  0.478970 0.833139 0.276529  0.563376 0.977654 0
0  1.794338 3.677715 5.122930  0.553050 0.833148 -0.000000  0.602938 0.977654 0
syringe_lod1
0  0.000000 3.707129 6.739172  -0.000000 0.986634 0.162952  0.484251 0.985192 0
0  0.897169 3.677716 6.676872  0.276528 0.833144 0.478961  0.523813 0.977654 0
0  0.808121 3.707129 6.522637  0.081474 0.986635 0.141117  0.523813 0.985192 0
syringe_lod1
0  -1.399707 3.707129 5.931051  -0.141117 0.986635 0.081474  0.405126 0.985192 0
0  -0.897169 3.677716 6.676872  -0.276543 0.833148 0.478945  0.444689 0.977654 0
0  -0.808122 3.707129 6.522638  -0.081475 0.986634 0.141119  0.444689 0.985192 0
syringe_lod1
0  1.794338 3.677715 5.122930  0.553050 0.833148 -0.000000  0.602938 0.977654 0
0  1.622584 3.542529 6.059729  0.864911 0.050718 0.499356  0.563376 0.970940 0
0  1.873600 3.542529 5.122929  0.998712 0.050742 -0.000001  0.602938 0.970940 0
syringe_lod1
0  -0.000000 2.147592 6.996529  -0.000000 -0.000000 1.000000  0.834693 0.255535 0
0  0.936800 3.542529 6.745515  0.499356 0.050740 0.864910  0.774373 0.297473 0
0  -0.000000 3.542529 6.996529  -0.000040 0.050748 0.998712  0.774373 0.255535 0
syringe_lod1
0  -1.794338 3.677716 5.122929  -0.553058 0.833142 0.000000  0.365564 0.977654 0
0  -1.622584 3.542529 4.186129  -0.864905 0.050699 -0.499369  0.326002 0.970940 0
0  -1.873600 3.542529 5.122929  -0.998712 0.050741 0.000001  0.365564 0.970940 0
syringe_lod1
0  -1.399706 3.707129 4.314807  -0.141119 0.986634 -0.081475  0.326002 0.985192 0
0  -0.897169 3.677716 3.568987  -0.276525 0.833154 -0.478946  0.286439 0.977654 0
0  -1.553941 3.677716 4.225760  -0.478945 0.833158 -0.276514  0.326002 0.977654 0
syringe_lod1
0  -1.553941 3.677716 4.225760  -0.478945 0.833158 -0.276514  0.326002 0.977654 0
0  -0.936800 3.542529 3.500344  -0.499357 0.050700 -0.864911  0.286439 0.970940 0
0  -1.622584 3.542529 4.186129  -0.864905 0.050699 -0.499369  0.326002 0.970940 0
syringe_lod1
0  -0.000000 2.147592 6.996529  -0.000000 -0.000000 1.000000  0.834693 0.255535 0
0  -0.936800 3.542529 6.745515  -0.499357 0.050741 0.864909  0.774373 0.213597 0
0  -0.936800 2.147592 6.745515  -0.500000 0.000000 0.866025  0.834693 0.213597 0
syringe_lod1
0  -0.897169 3.677716 3.568987  -0.276525 0.833154 -0.478946  0.286439 0.977654 0
0  -0.000000 3.707129 3.506684  -0.000000 0.986634 -0.162951  0.246877 0.985192 0
0  0.000000 3.677716 3.328590  -0.000004 0.833147 -0.553052  0.246877 0.977654 0
syringe_lod1
0  -0.897169 3.677716 3.568987  -0.276525 0.833154 -0.478946  0.286439 0.977654 0
0  -0.000000 3.542529 3.249328  0.000000 0.050709 -0.998713  0.246877 0.970940 0
0  -0.936800 3.542529 3.500344  -0.499357 0.050700 -0.864911  0.286439 0.970940 0
syringe_lod1
0  -0.000000 3.677716 6.917266  -0.000004 0.833138 0.553065  0.484251 0.977654 0
0  -0.808122 3.707129 6.522638  -0.081475 0.986634 0.141119  0.444689 0.985192 0
0  -0.897169 3.677716 6.676872  -0.276543 0.833148 0.478945  0.444689 0.977654 0
syringe_lod1
0  -0.000000 3.707129 3.506684  -0.000000 0.986634 -0.162951  0.721625 0.985192 0
0  0.897169 3.677716 3.568987  0.276514 0.833159 -0.478943  0.682063 0.977654 0
0  0.000000 3.677716 3.328590  -0.000004 0.833147 -0.553052  0.721625 0.977654 0
syringe_lod1
0  1.794338 3.677715 5.122930  0.553050 0.833148 -0.000000  0.602938 0.977654 0
0  1.399706 3.707129 4.314807  0.141119 0.986634 -0.081475  0.642501 0.985192 0
0  1.616243 3.707129 5.122929  0.162952 0.986634 -0.000001  0.602938 0.985192 0
syringe_lod1
0  -0.936800 3.542529 3.500344  -0.499357 0.050700 -0.864911  0.774373 0.045844 0
0  -1.622584 2.147592 4.186129  -0.866025 0.000000 -0.500000  0.834693 0.087783 0
0  -1.622584 3.542529 4.186129  -0.864905 0.050699 -0.499369  0.774373 0.087783 0
syringe_lod1
0  0.897169 3.677716 3.568987  0.276514 0.833159 -0.478943  0.682063 0.977654 0
0  -0.000000 3.542529 3.249328  0.000000 0.050709 -0.998713  0.721625 0.970940 0
0  0.000000 3.677716 3.328590  -0.000004 0.833147 -0.553052  0.721625 0.977654 0
syringe_lod1
0  -1.622584 2.147592 6.059729  -0.866025 0.000000 0.500000  0.834693 0.171659 0
0  -1.873600 3.542529 5.122929  -0.998712 0.050741 0.000001  0.774373 0.129721 0
0  -1.873600 2.147592 5.122929  -1.000000 0.000000 0.000000  0.834693 0.129721 0
syringe_lod1
0  -0.000000 3.542529 3.249328  0.000000 0.050709 -0.998713  0.774373 0.003906 0
0  -0.936800 2.147592 3.500344  -0.500001 0.000000 -0.866025  0.834693 0.045844 0
0  -0.936800 3.542529 3.500344  -0.499357 0.050700 -0.864911  0.774373 0.045844 0
syringe_lod1
0  0.897169 3.677716 6.676872  0.276528 0.833144 0.478961  0.523813 0.977654 0
0  1.622584 3.542529 6.059729  0.864911 0.050718 0.499356  0.563376 0.970940 0
0  1.553941 3.677716 6.020099  0.478970 0.833139 0.276529  0.563376 0.977654 0
syringe_lod1
0  0.897169 3.677716 6.676872  0.276528 0.833144 0.478961  0.523813 0.977654 0
0  1.399706 3.707129 5.931051  0.141119 0.986634 0.081475  0.563376 0.985192 0
0  0.808121 3.707129 6.522637  0.081474 0.986635 0.141117  0.523813 0.985192 0
syringe_lod1
0  1.794338 3.677715 5.122930  0.553050 0.833148 -0.000000  0.602938 0.977654 0
0  1.622584 3.542529 4.186129  0.864912 0.050700 -0.499357  0.642501 0.970940 0
0  1.553941 3.677716 4.225760  0.478940 0.833158 -0.276520  0.642501 0.977654 0
syringe_lod1
0  1.553941 3.677716 4.225760  0.478940 0.833158 -0.276520  0.642501 0.977654 0
0  0.936800 3.542529 3.500344  0.499357 0.050700 -0.864911  0.682063 0.970940 0
0  0.897169 3.677716 3.568987  0.276514 0.833159 -0.478943  0.682063 0.977654 0
syringe_lod1
0  0.936800 2.147592 3.500344  0.500001 -0.000000 -0.866025  0.834693 0.465226 0
0  -0.000000 3.542529 3.249328  0.000000 0.050709 -0.998713  0.774373 0.507164 0
0  0.936800 3.542529 3.500344  0.499357 0.050700 -0.864911  0.774373 0.465226 0
syringe_lod1
0  -0.936800 2.147592 6.745515  -0.500000 0.000000 0.866025  0.834693 0.213597 0
0  -1.622584 3.542529 6.059729  -0.864911 0.050718 0.499356  0.774373 0.171659 0
0  -1.622584 2.147592 6.059729  -0.866025 0.000000 0.500000  0.834693 0.171659 0
syringe_lod1
0  1.873600 2.147592 5.122929  1.000000 -0.000000 -0.000000  0.834693 0.381350 0
0  1.622584 3.542529 4.186129  0.864912 0.050700 -0.499357  0.774373 0.423288 0
0  1.873600 3.542529 5.122929  0.998712 0.050742 -0.000001  0.774373 0.381350 0
syringe_lod1
0  0.897169 3.677716 6.676872  0.276528 0.833144 0.478961  0.523813 0.977654 0
0  -0.000000 3.542529 6.996529  -0.000040 0.050748 0.998712  0.484251 0.970940 0
0  0.936800 3.542529 6.745515  0.499356 0.050740 0.864910  0.523813 0.970940 0
syringe_lod1
0  0.587783 10.506169 4.356913  0.200701 0.939484 -0.277650  0.971967 0.079883 0
0  1.185949 10.103347 3.936978  0.524061 0.682239 -0.509814  0.944334 0.059684 0
0  0.838593 10.103347 3.670443  0.345266 0.694096 -0.631682  0.959379 0.047820 0
syringe_lod1
0  1.066927 4.330118 6.970902  0.499005 -0.063003 0.864306  0.284465 0.742960 0
0  0.539202 9.405438 7.135259  0.259291 0.072252 0.963093  0.260664 0.962433 0
0  0.552282 4.330118 7.184073  0.259432 -0.063020 0.963703  0.260664 0.742960 0
syringe_lod1
0  1.473126 9.405443 3.649801  0.705262 0.072235 -0.705257  0.451079 0.962433 0
0  1.066927 4.330118 3.274956  0.499007 -0.062987 -0.864306  0.474880 0.742960 0
0  1.041657 9.405439 3.318723  0.498701 0.072241 -0.863758  0.474880 0.962433 0
syringe_lod1
0  1.508862 4.330118 3.614065  0.705703 -0.063010 -0.705701  0.451079 0.742960 0
0  1.804204 9.405440 4.081272  0.863762 0.072243 -0.498694  0.427277 0.962433 0
0  1.847971 4.330119 4.056001  0.864295 -0.063007 -0.499024  0.427277 0.742960 0
syringe_lod1
0  2.012329 9.405438 5.662132  0.963401 0.072270 0.258140  0.355871 0.962433 0
0  1.847971 4.330118 6.189857  0.864315 -0.062995 0.498990  0.332069 0.742960 0
0  2.061145 4.330118 5.675212  0.964008 -0.062985 0.258306  0.355871 0.742960 0
syringe_lod1
0  1.192263 3.725710 3.930664  0.659771 -0.359766 -0.659751  0.766228 0.263830 0
0  1.847971 4.330119 4.056001  0.864295 -0.063007 -0.499024  0.733797 0.242272 0
0  1.460218 3.725710 4.279871  0.808547 -0.358243 -0.466813  0.766228 0.242272 0
syringe_lod1
0  2.061145 4.330118 4.570647  0.964019 -0.062977 -0.258266  0.733797 0.220714 0
0  1.686116 3.725710 5.122929  0.934129 -0.356935 -0.000003  0.766228 0.199156 0
0  1.628662 3.725710 4.686530  0.902167 -0.357296 -0.241731  0.766228 0.220714 0
syringe_lod1
0  1.066927 4.330118 3.274956  0.499007 -0.062987 -0.864306  0.733797 0.285388 0
0  1.192263 3.725710 3.930664  0.659771 -0.359766 -0.659751  0.766228 0.263830 0
0  0.843058 3.725711 3.662709  0.466146 -0.361724 -0.807381  0.766228 0.285388 0
syringe_lod1
0  1.620037 10.103347 4.688841  0.708757 0.682240 -0.179479  0.925389 0.092464 0
0  1.804204 9.405440 4.081272  0.863762 0.072243 -0.498694  0.903497 0.057869 0
0  1.452485 10.103347 4.284336  0.628070 0.682254 -0.374243  0.932458 0.074628 0
syringe_lod1
0  0.369497 10.506168 6.014973  0.143746 0.937389 0.317236  0.980854 0.148077 0
0  0.434088 10.103347 6.742965  0.190600 0.669261 0.718165  0.977129 0.182390 0
0  0.838593 10.103347 6.575416  0.374252 0.682239 0.628080  0.959598 0.174715 0
syringe_lod1
0  -0.000000 10.559080 5.061773  -0.000000 1.000000 -0.000010  0.996094 0.108845 0
0  0.957281 10.506168 5.248957  0.340800 0.939065 0.044867  0.956572 0.116561 0
0  0.892043 10.506168 4.753433  0.320897 0.937740 -0.132921  0.959343 0.096143 0
syringe_lod1
0  1.185949 10.103347 3.936978  0.524061 0.682239 -0.509814  0.944334 0.059684 0
0  1.041657 9.405439 3.318723  0.498701 0.072241 -0.863758  0.942489 0.018457 0
0  0.838593 10.103347 3.670443  0.345266 0.694096 -0.631682  0.959379 0.047820 0
syringe_lod1
0  0.539201 9.405438 3.110598  0.259219 0.072256 -0.963112  0.498682 0.962433 0
0  1.066927 4.330118 3.274956  0.499007 -0.062987 -0.864306  0.474880 0.742960 0
0  0.552281 4.330118 3.061783  0.259504 -0.063003 -0.963685  0.498682 0.742960 0
syringe_lod1
0  -0.000000 10.103867 3.445217  -0.000005 0.634642 -0.772806  0.996094 0.038303 0
0  0.539201 9.405438 3.110598  0.259219 0.072256 -0.963112  0.968444 0.008198 0
0  -0.000000 9.405789 3.038301  -0.000019 0.072332 -0.997381  0.996094 0.003906 0
syringe_lod1
0  0.869317 3.187018 3.642300  0.499223 0.057092 -0.864591  0.985441 0.880201 0
0  1.192263 3.725710 3.930664  0.659771 -0.359766 -0.659751  0.962101 0.861035 0
0  1.223403 3.187018 3.914000  0.705715 0.062626 -0.705723  0.985441 0.861035 0
syringe_lod1
0  0.587783 10.506169 4.356913  0.200701 0.939484 -0.277650  0.971967 0.079883 0
0  1.452485 10.103347 4.284336  0.628070 0.682254 -0.374243  0.932458 0.074628 0
0  1.185949 10.103347 3.936978  0.524061 0.682239 -0.509814  0.944334 0.059684 0
syringe_lod1
0  -0.000000 10.559080 5.061773  -0.000000 1.000000 -0.000010  0.996094 0.108845 0
0  0.587783 10.506169 4.356913  0.200701 0.939484 -0.277650  0.971967 0.079883 0
0  -0.000000 10.506271 4.149026  -0.000004 0.937547 -0.347858  0.996094 0.071088 0
syringe_lod1
0  0.456974 3.187018 6.774355  0.257407 0.049410 0.965039  0.985441 0.707713 0
0  0.843058 3.725710 6.583150  0.466141 -0.361717 0.807387  0.962101 0.726878 0
0  0.436399 3.725710 6.751592  0.241456 -0.363204 0.899879  0.962101 0.707713 0
syringe_lod1
0  1.665902 3.187018 4.680430  0.963578 0.069536 -0.258228  0.985441 0.822705 0
0  1.686116 3.725710 5.122929  0.934129 -0.356935 -0.000003  0.962101 0.803539 0
0  1.724158 3.187018 5.122930  0.997516 0.070444 0.000000  0.985441 0.803539 0
syringe_lod1
0  -0.000000 3.725323 3.435537  -0.000002 -0.363655 -0.931534  0.766228 0.328511 0
0  0.552281 4.330118 3.061783  0.259504 -0.063003 -0.963685  0.733797 0.306946 0
0  0.436398 3.725710 3.494265  0.241462 -0.363188 -0.899883  0.766228 0.306946 0
syringe_lod1
0  1.628662 3.725710 4.686530  0.902167 -0.357296 -0.241731  0.766228 0.220714 0
0  1.847971 4.330119 4.056001  0.864295 -0.063007 -0.499024  0.733797 0.242272 0
0  2.061145 4.330118 4.570647  0.964019 -0.062977 -0.258266  0.733797 0.220714 0
syringe_lod1
0  0.957281 10.506168 5.248957  0.340800 0.939065 0.044867  0.956572 0.116561 0
0  1.452485 10.103348 5.961523  0.638152 0.682241 0.356804  0.932668 0.148045 0
0  1.620037 10.103347 5.557017  0.703525 0.682261 0.198930  0.925193 0.130415 0
syringe_lod1
0  0.892043 10.506168 4.753433  0.320897 0.937740 -0.132921  0.959343 0.096143 0
0  0.587783 10.506169 4.356913  0.200701 0.939484 -0.277650  0.971967 0.079883 0
0  -0.000000 10.559080 5.061773  -0.000000 1.000000 -0.000010  0.996094 0.108845 0
syringe_lod1
0  1.620037 10.103347 5.557017  0.703525 0.682261 0.198930  0.925193 0.130415 0
0  2.083316 9.405437 5.122930  0.997387 0.072243 -0.000091  0.889259 0.111345 0
0  1.677186 10.103347 5.122929  0.731046 0.682254 -0.010069  0.922555 0.111354 0
syringe_lod1
0  2.061145 4.330118 4.570647  0.964019 -0.062977 -0.258266  0.403475 0.742960 0
0  2.083316 9.405437 5.122930  0.997387 0.072243 -0.000091  0.379673 0.962433 0
0  2.133854 4.330118 5.122929  0.998013 -0.063010 -0.000066  0.379673 0.742960 0
syringe_lod1
0  0.369497 10.506168 6.014973  0.143746 0.937389 0.317236  0.980854 0.148077 0
0  1.185948 10.103348 6.308880  0.509817 0.682234 0.524065  0.944398 0.163216 0
0  0.766014 10.506168 5.710713  0.270136 0.940245 0.207281  0.964434 0.135603 0
syringe_lod1
0  0.869317 3.187018 6.603558  0.499223 0.057091 0.864591  0.985441 0.726878 0
0  1.192263 3.725710 6.315193  0.659752 -0.359796 0.659752  0.962101 0.746043 0
0  0.843058 3.725710 6.583150  0.466141 -0.361717 0.807387  0.962101 0.726878 0
syringe_lod1
0  1.847971 4.330119 4.056001  0.864295 -0.063007 -0.499024  0.427277 0.742960 0
0  2.012329 9.405438 4.583726  0.963402 0.072234 -0.258143  0.403475 0.962433 0
0  2.061145 4.330118 4.570647  0.964019 -0.062977 -0.258266  0.403475 0.742960 0
syringe_lod1
0  1.665902 3.187018 5.565428  0.963552 0.069535 0.258326  0.985441 0.784374 0
0  1.686116 3.725710 5.122929  0.934129 -0.356935 -0.000003  0.962101 0.803539 0
0  1.628662 3.725710 5.559328  0.902245 -0.357255 0.241501  0.962101 0.784374 0
syringe_lod1
0  -0.000000 10.559080 5.061773  -0.000000 1.000000 -0.000010  0.996094 0.108845 0
0  0.369497 10.506168 6.014973  0.143746 0.937389 0.317236  0.980854 0.148077 0
0  0.766014 10.506168 5.710713  0.270136 0.940245 0.207281  0.964434 0.135603 0
syringe_lod1
0  -0.000000 10.559080 5.061773  -0.000000 1.000000 -0.000010  0.996094 0.108845 0
0  0.766014 10.506168 5.710713  0.270136 0.940245 0.207281  0.964434 0.135603 0
0  0.957281 10.506168 5.248957  0.340800 0.939065 0.044867  0.956572 0.116561 0
syringe_lod1
0  -0.000000 3.186478 3.412621  -0.000000 0.045105 -0.998982  0.985441 0.918847 0
0  0.436398 3.725710 3.494265  0.241462 -0.363188 -0.899883  0.962101 0.899366 0
0  0.456974 3.187018 3.471501  0.257409 0.049411 -0.965038  0.985441 0.899366 0
syringe_lod1
0  -0.000000 3.186478 6.833236  0.000000 0.045104 0.998982  0.985441 0.688232 0
0  0.436399 3.725710 6.751592  0.241456 -0.363204 0.899879  0.962101 0.707713 0
0  -0.000000 3.725323 6.810319  0.000001 -0.363654 0.931534  0.962101 0.688232 0
syringe_lod1
0  0.456974 3.187018 3.471501  0.257409 0.049411 -0.965038  0.985441 0.899366 0
0  0.843058 3.725711 3.662709  0.466146 -0.361724 -0.807381  0.962101 0.880201 0
0  0.869317 3.187018 3.642300  0.499223 0.057092 -0.864591  0.985441 0.880201 0
syringe_lod1
0  1.223403 3.187019 6.331858  0.705715 0.062627 0.705723  0.985441 0.746043 0
0  1.460218 3.725710 5.965988  0.808555 -0.358216 0.466818  0.962101 0.765209 0
0  1.192263 3.725710 6.315193  0.659752 -0.359796 0.659752  0.962101 0.746043 0
syringe_lod1
0  1.495103 3.187018 4.268087  0.864083 0.066870 -0.498889  0.985441 0.841870 0
0  1.628662 3.725710 4.686530  0.902167 -0.357296 -0.241731  0.962101 0.822705 0
0  1.665902 3.187018 4.680430  0.963578 0.069536 -0.258228  0.985441 0.822705 0
syringe_lod1
0  1.628662 3.725710 5.559328  0.902245 -0.357255 0.241501  0.766228 0.177598 0
0  1.847971 4.330118 6.189857  0.864315 -0.062995 0.498990  0.733797 0.156040 0
0  1.460218 3.725710 5.965988  0.808555 -0.358216 0.466818  0.766228 0.156040 0
syringe_lod1
0  1.686116 3.725710 5.122929  0.934129 -0.356935 -0.000003  0.766228 0.199156 0
0  2.061145 4.330118 5.675212  0.964008 -0.062985 0.258306  0.733797 0.177598 0
0  1.628662 3.725710 5.559328  0.902245 -0.357255 0.241501  0.766228 0.177598 0
syringe_lod1
0  -0.000000 3.725323 6.810319  0.000001 -0.363654 0.931534  0.766228 0.069801 0
0  0.552282 4.330118 7.184073  0.259432 -0.063020 0.963703  0.733797 0.091366 0
0  -0.000000 4.329698 7.258018  -0.000023 -0.063067 0.998009  0.733797 0.069801 0
syringe_lod1
0  0.436398 3.725710 3.494265  0.241462 -0.363188 -0.899883  0.766228 0.306946 0
0  1.066927 4.330118 3.274956  0.499007 -0.062987 -0.864306  0.733797 0.285388 0
0  0.843058 3.725711 3.662709  0.466146 -0.361724 -0.807381  0.766228 0.285388 0
syringe_lod1
0  0.843058 3.725710 6.583150  0.466141 -0.361717 0.807387  0.766228 0.112924 0
0  0.552282 4.330118 7.184073  0.259432 -0.063020 0.963703  0.733797 0.091366 0
0  0.436399 3.725710 6.751592  0.241456 -0.363204 0.899879  0.766228 0.091366 0
syringe_lod1
0  0.843058 3.725710 6.583150  0.466141 -0.361717 0.807387  0.766228 0.112924 0
0  1.508862 4.330118 6.631793  0.705688 -0.063007 0.705715  0.733797 0.134482 0
0  1.066927 4.330118 6.970902  0.499005 -0.063003 0.864306  0.733797 0.112924 0
syringe_lod1
0  1.460218 3.725710 5.965988  0.808555 -0.358216 0.466818  0.766228 0.156040 0
0  1.508862 4.330118 6.631793  0.705688 -0.063007 0.705715  0.733797 0.134482 0
0  1.192263 3.725710 6.315193  0.659752 -0.359796 0.659752  0.766228 0.134482 0
syringe_lod1
0  1.495103 3.187018 5.977771  0.864208 0.066874 0.498670  0.985441 0.765209 0
0  1.628662 3.725710 5.559328  0.902245 -0.357255 0.241501  0.962101 0.784374 0
0  1.460218 3.725710 5.965988  0.808555 -0.358216 0.466818  0.962101 0.765209 0
syringe_lod1
0  0.838593 10.103347 6.575416  0.374252 0.682239 0.628080  0.959598 0.174715 0
0  1.473126 9.405438 6.596056  0.705272 0.072269 0.705244  0.920163 0.187141 0
0  1.185948 10.103348 6.308880  0.509817 0.682234 0.524065  0.944398 0.163216 0
syringe_lod1
0  1.473126 9.405438 6.596056  0.705272 0.072269 0.705244  0.308267 0.962433 0
0  1.066927 4.330118 6.970902  0.499005 -0.063003 0.864306  0.284465 0.742960 0
0  1.508862 4.330118 6.631793  0.705688 -0.063007 0.705715  0.308267 0.742960 0
syringe_lod1
0  0.766014 10.506168 5.710713  0.270136 0.940245 0.207281  0.964434 0.135603 0
0  1.185948 10.103348 6.308880  0.509817 0.682234 0.524065  0.944398 0.163216 0
0  1.452485 10.103348 5.961523  0.638152 0.682241 0.356804  0.932668 0.148045 0
syringe_lod1
0  1.185948 10.103348 6.308880  0.509817 0.682234 0.524065  0.944398 0.163216 0
0  1.804204 9.405437 6.164587  0.863771 0.072240 0.498679  0.903225 0.164889 0
0  1.452485 10.103348 5.961523  0.638152 0.682241 0.356804  0.932668 0.148045 0
syringe_lod1
0  -0.000000 10.506271 4.149026  -0.000004 0.937547 -0.347858  0.996094 0.071088 0
0  0.434086 10.103347 3.502891  0.194177 0.693597 -0.693699  0.977006 0.040414 0
0  -0.000000 10.103867 3.445217  -0.000005 0.634642 -0.772806  0.996094 0.038303 0
syringe_lod1
0  0.838593 10.103347 3.670443  0.345266 0.694096 -0.631682  0.959379 0.047820 0
0  0.539201 9.405438 3.110598  0.259219 0.072256 -0.963112  0.968444 0.008198 0
0  0.434086 10.103347 3.502891  0.194177 0.693597 -0.693699  0.977006 0.040414 0
syringe_lod1
0  0.892043 10.506168 4.753433  0.320897 0.937740 -0.132921  0.959343 0.096143 0
0  1.677186 10.103347 5.122929  0.731046 0.682254 -0.010069  0.922555 0.111354 0
0  1.620037 10.103347 4.688841  0.708757 0.682240 -0.179479  0.925389 0.092464 0
syringe_lod1
0  1.620037 10.103347 4.688841  0.708757 0.682240 -0.179479  0.925389 0.092464 0
0  2.083316 9.405437 5.122930  0.997387 0.072243 -0.000091  0.889259 0.111345 0
0  2.012329 9.405438 4.583726  0.963402 0.072234 -0.258143  0.892205 0.083499 0
syringe_lod1
0  0.552282 4.330118 7.184073  0.259432 -0.063020 0.963703  0.260664 0.742960 0
0  -0.000000 9.405790 7.207555  -0.000001 0.072348 0.997379  0.236854 0.962433 0
0  -0.000000 4.329698 7.258018  -0.000023 -0.063067 0.998009  0.236855 0.742960 0
syringe_lod1
0  1.185949 10.103347 3.936978  0.524061 0.682239 -0.509814  0.944334 0.059684 0
0  1.804204 9.405440 4.081272  0.863762 0.072243 -0.498694  0.903497 0.057869 0
0  1.473126 9.405443 3.649801  0.705262 0.072235 -0.705257  0.920001 0.035204 0
syringe_lod1
0  -0.000000 4.329698 2.987839  0.000001 -0.063062 -0.998010  0.522491 0.742960 0
0  0.539201 9.405438 3.110598  0.259219 0.072256 -0.963112  0.498682 0.962433 0
0  0.552281 4.330118 3.061783  0.259504 -0.063003 -0.963685  0.498682 0.742960 0
syringe_lod1
0  0.957281 10.506168 5.248957  0.340800 0.939065 0.044867  0.956572 0.116561 0
0  1.620037 10.103347 5.557017  0.703525 0.682261 0.198930  0.925193 0.130415 0
0  1.677186 10.103347 5.122929  0.731046 0.682254 -0.010069  0.922555 0.111354 0
syringe_lod1
0  0.587783 10.506169 4.356913  0.200701 0.939484 -0.277650  0.971967 0.079883 0
0  0.434086 10.103347 3.502891  0.194177 0.693597 -0.693699  0.977006 0.040414 0
0  -0.000000 10.506271 4.149026  -0.000004 0.937547 -0.347858  0.996094 0.071088 0
syringe_lod1
0  0.838593 10.103347 6.575416  0.374252 0.682239 0.628080  0.959598 0.174715 0
0  0.539202 9.405438 7.135259  0.259291 0.072252 0.963093  0.968367 0.214687 0
0  1.041659 9.405439 6.927135  0.498710 0.072247 0.863752  0.942164 0.204551 0
syringe_lod1
0  0.892043 10.506168 4.753433  0.320897 0.937740 -0.132921  0.959343 0.096143 0
0  1.620037 10.103347 4.688841  0.708757 0.682240 -0.179479  0.925389 0.092464 0
0  1.452485 10.103347 4.284336  0.628070 0.682254 -0.374243  0.932458 0.074628 0
syringe_lod1
0  1.452485 10.103348 5.961523  0.638152 0.682241 0.356804  0.932668 0.148045 0
0  2.012329 9.405438 5.662132  0.963401 0.072270 0.258140  0.892593 0.139052 0
0  1.620037 10.103347 5.557017  0.703525 0.682261 0.198930  0.925193 0.130415 0
syringe_lod1
0  -0.000000 10.506270 6.096830  -0.000001 0.941942 0.335775  0.996094 0.151256 0
0  0.434088 10.103347 6.742965  0.190600 0.669261 0.718165  0.977129 0.182390 0
0  0.369497 10.506168 6.014973  0.143746 0.937389 0.317236  0.980854 0.148077 0
syringe_lod1
0  1.847971 4.330118 6.189857  0.864315 -0.062995 0.498990  0.332069 0.742960 0
0  1.473126 9.405438 6.596056  0.705272 0.072269 0.705244  0.308267 0.962433 0
0  1.508862 4.330118 6.631793  0.705688 -0.063007 0.705715  0.308267 0.742960 0
syringe_lod1
0  1.223403 3.187018 3.914000  0.705715 0.062626 -0.705723  0.985441 0.861035 0
0  1.460218 3.725710 4.279871  0.808547 -0.358243 -0.466813  0.962101 0.841870 0
0  1.495103 3.187018 4.268087  0.864083 0.066870 -0.498889  0.985441 0.841870 0
syringe_lod1
0  -0.000000 10.559080 5.061773  -0.000000 1.000000 -0.000010  0.996094 0.108845 0
0  -0.000000 10.506270 6.096830  -0.000001 0.941942 0.335775  0.996094 0.151256 0
0  0.369497 10.506168 6.014973  0.143746 0.937389 0.317236  0.980854 0.148077 0
syringe_lod1
0  -0.000000 10.103866 6.800639  -0.000000 0.697311 0.716769  0.996094 0.184626 0
0  0.539202 9.405438 7.135259  0.259291 0.072252 0.963093  0.968367 0.214687 0
0  0.434088 10.103347 6.742965  0.190600 0.669261 0.718165  0.977129 0.182390 0
syringe_lod1
0  2.133854 4.330118 5.122929  0.998013 -0.063010 -0.000066  0.379673 0.742960 0
0  2.012329 9.405438 5.662132  0.963401 0.072270 0.258140  0.355871 0.962433 0
0  2.061145 4.330118 5.675212  0.964008 -0.062985 0.258306  0.355871 0.742960 0
syringe_lod1
0  -0.587783 10.506169 4.356913  -0.200703 0.939484 -0.277649  1.971967 0.079883 0
0  -0.838593 10.103347 3.670443  -0.345269 0.694095 -0.631682  1.959379 0.047820 0
0  -1.185948 10.103347 3.936978  -0.524060 0.682239 -0.509814  1.944334 0.059684 0
syringe_lod1
0  -1.066927 4.330118 6.970902  -0.499007 -0.063003 0.864305  1.284465 0.742960 0
0  -0.539202 9.405438 7.135258  -0.259244 0.072251 0.963106  1.260664 0.962433 0
0  -1.041658 9.405439 6.927135  -0.498693 0.072246 0.863763  1.284465 0.962433 0
syringe_lod1
0  -1.473126 9.405443 3.649801  -0.705262 0.072235 -0.705257  1.451079 0.962433 0
0  -1.066928 4.330118 3.274957  -0.499024 -0.062987 -0.864296  1.474880 0.742960 0
0  -1.508862 4.330118 3.614065  -0.705702 -0.063009 -0.705702  1.451079 0.742960 0
syringe_lod1
0  -1.508862 4.330118 3.614065  -0.705702 -0.063009 -0.705702  1.451079 0.742960 0
0  -1.804204 9.405440 4.081272  -0.863759 0.072243 -0.498700  1.427277 0.962433 0
0  -1.473126 9.405443 3.649801  -0.705262 0.072235 -0.705257  1.451079 0.962433 0
syringe_lod1
0  -2.012330 9.405438 5.662131  -0.963401 0.072270 0.258140  1.355871 0.962433 0
0  -1.847971 4.330118 6.189857  -0.864305 -0.062995 0.499008  1.332069 0.742960 0
0  -1.804204 9.405437 6.164588  -0.863766 0.072241 0.498688  1.332069 0.962433 0
syringe_lod1
0  -1.192263 3.725710 3.930664  -0.659761 -0.359766 -0.659760  1.766228 0.263830 0
0  -1.847971 4.330118 4.056002  -0.864295 -0.063007 -0.499024  1.733797 0.242272 0
0  -1.508862 4.330118 3.614065  -0.705702 -0.063009 -0.705702  1.733797 0.263830 0
syringe_lod1
0  -2.061145 4.330118 4.570646  -0.964007 -0.062977 -0.258311  1.733797 0.220714 0
0  -1.686116 3.725710 5.122929  -0.934129 -0.356935 0.000007  1.766228 0.199156 0
0  -2.133854 4.330118 5.122930  -0.998013 -0.063009 -0.000020  1.733797 0.199156 0
syringe_lod1
0  -1.066928 4.330118 3.274957  -0.499024 -0.062987 -0.864296  1.733797 0.285388 0
0  -1.192263 3.725710 3.930664  -0.659761 -0.359766 -0.659760  1.766228 0.263830 0
0  -1.508862 4.330118 3.614065  -0.705702 -0.063009 -0.705702  1.733797 0.263830 0
syringe_lod1
0  -1.620037 10.103347 4.688841  -0.708756 0.682239 -0.179485  1.925389 0.092464 0
0  -1.804204 9.405440 4.081272  -0.863759 0.072243 -0.498700  1.903497 0.057869 0
0  -2.012329 9.405438 4.583726  -0.963426 0.072233 -0.258056  1.892205 0.083499 0
syringe_lod1
0  -0.369497 10.506168 6.014973  -0.143752 0.937389 0.317234  1.980854 0.148077 0
0  -0.838593 10.103347 6.575416  -0.374253 0.682240 0.628079  1.959598 0.174715 0
0  -0.434088 10.103347 6.742966  -0.190593 0.669261 0.718167  1.977129 0.182390 0
syringe_lod1
0  -0.000000 10.559080 5.061773  -0.000000 1.000000 -0.000010  1.996094 0.108845 0
0  -0.892043 10.506168 4.753433  -0.320899 0.937740 -0.132919  1.959343 0.096143 0
0  -0.957281 10.506168 5.248957  -0.340800 0.939065 0.044868  1.956572 0.116561 0
syringe_lod1
0  -1.185948 10.103347 3.936978  -0.524060 0.682239 -0.509814  1.944334 0.059684 0
0  -1.041657 9.405439 3.318723  -0.498701 0.072241 -0.863758  1.942489 0.018457 0
0  -1.473126 9.405443 3.649801  -0.705262 0.072235 -0.705257  1.920001 0.035204 0
syringe_lod1
0  -0.539201 9.405438 3.110599  -0.259255 0.072256 -0.963102  1.498682 0.962433 0
0  -1.066928 4.330118 3.274957  -0.499024 -0.062987 -0.864296  1.474880 0.742960 0
0  -1.041657 9.405439 3.318723  -0.498701 0.072241 -0.863758  1.474880 0.962433 0
syringe_lod1
0  -0.000000 10.103867 3.445217  -0.000005 0.634642 -0.772806  1.996094 0.038303 0
0  -0.539201 9.405438 3.110599  -0.259255 0.072256 -0.963102  1.968444 0.008198 0
0  -0.434086 10.103347 3.502891  -0.194177 0.693597 -0.693699  1.977006 0.040414 0
syringe_lod1
0  -0.869317 3.187018 3.642301  -0.499135 0.057089 -0.864642  1.985440 0.880201 0
0  -1.192263 3.725710 3.930664  -0.659761 -0.359766 -0.659760  1.962101 0.861035 0
0  -0.843058 3.725710 3.662709  -0.466830 -0.361710 -0.806992  1.962101 0.880201 0
syringe_lod1
0  -0.587783 10.506169 4.356913  -0.200703 0.939484 -0.277649  1.971967 0.079883 0
0  -1.452485 10.103347 4.284336  -0.628070 0.682254 -0.374242  1.932458 0.074628 0
0  -0.892043 10.506168 4.753433  -0.320899 0.937740 -0.132919  1.959343 0.096143 0
syringe_lod1
0  -0.000000 10.559080 5.061773  -0.000000 1.000000 -0.000010  1.996094 0.108845 0
0  -0.000000 10.506271 4.149026  -0.000004 0.937547 -0.347858  1.996094 0.071088 0
0  -0.587783 10.506169 4.356913  -0.200703 0.939484 -0.277649  1.971967 0.079883 0
syringe_lod1
0  -0.456974 3.187018 6.774355  -0.257463 0.049416 0.965024  1.985440 0.707713 0
0  -0.843058 3.725710 6.583150  -0.466824 -0.361742 0.806981  1.962101 0.726878 0
0  -0.869317 3.187018 6.603559  -0.499223 0.057091 0.864591  1.985440 0.726878 0
syringe_lod1
0  -1.665902 3.187018 4.680430  -0.963643 0.069538 -0.257984  1.985440 0.822705 0
0  -1.686116 3.725710 5.122929  -0.934129 -0.356935 0.000007  1.962101 0.803539 0
0  -1.628663 3.725710 4.686530  -0.902230 -0.357295 -0.241496  1.962101 0.822705 0
syringe_lod1
0  -0.000000 3.725323 3.435537  -0.000002 -0.363655 -0.931534  1.766228 0.328511 0
0  -0.552281 4.330118 3.061783  -0.259428 -0.063003 -0.963705  1.733797 0.306946 0
0  -0.000000 4.329698 2.987839  0.000001 -0.063062 -0.998010  1.733797 0.328511 0
syringe_lod1
0  -1.628663 3.725710 4.686530  -0.902230 -0.357295 -0.241496  1.766228 0.220714 0
0  -1.847971 4.330118 4.056002  -0.864295 -0.063007 -0.499024  1.733797 0.242272 0
0  -1.460218 3.725710 4.279871  -0.808541 -0.358243 -0.466823  1.766228 0.242272 0
syringe_lod1
0  -0.957281 10.506168 5.248957  -0.340800 0.939065 0.044868  1.956572 0.116561 0
0  -1.452485 10.103347 5.961522  -0.638152 0.682240 0.356807  1.932668 0.148045 0
0  -0.766014 10.506168 5.710714  -0.270135 0.940245 0.207284  1.964434 0.135603 0
syringe_lod1
0  -0.892043 10.506168 4.753433  -0.320899 0.937740 -0.132919  1.959343 0.096143 0
0  -0.000000 10.559080 5.061773  -0.000000 1.000000 -0.000010  1.996094 0.108845 0
0  -0.587783 10.506169 4.356913  -0.200703 0.939484 -0.277649  1.971967 0.079883 0
syringe_lod1
0  -1.620037 10.103347 5.557017  -0.703523 0.682261 0.198933  1.925193 0.130415 0
0  -2.083316 9.405437 5.122930  -0.997387 0.072242 0.000007  1.889259 0.111345 0
0  -2.012330 9.405438 5.662131  -0.963401 0.072270 0.258140  1.892593 0.139052 0
syringe_lod1
0  -2.061145 4.330118 4.570646  -0.964007 -0.062977 -0.258311  1.403475 0.742960 0
0  -2.083316 9.405437 5.122930  -0.997387 0.072242 0.000007  1.379673 0.962433 0
0  -2.012329 9.405438 4.583726  -0.963426 0.072233 -0.258056  1.403475 0.962433 0
syringe_lod1
0  -0.369497 10.506168 6.014973  -0.143752 0.937389 0.317234  1.980854 0.148077 0
0  -1.185949 10.103348 6.308879  -0.509814 0.682235 0.524066  1.944398 0.163216 0
0  -0.838593 10.103347 6.575416  -0.374253 0.682240 0.628079  1.959598 0.174715 0
syringe_lod1
0  -0.869317 3.187018 6.603559  -0.499223 0.057091 0.864591  1.985440 0.726878 0
0  -1.192263 3.725710 6.315193  -0.660223 -0.359787 0.659286  1.962101 0.746043 0
0  -1.223403 3.187018 6.331857  -0.705715 0.062626 0.705722  1.985440 0.746043 0
syringe_lod1
0  -1.847971 4.330118 4.056002  -0.864295 -0.063007 -0.499024  1.427277 0.742960 0
0  -2.012329 9.405438 4.583726  -0.963426 0.072233 -0.258056  1.403475 0.962433 0
0  -1.804204 9.405440 4.081272  -0.863759 0.072243 -0.498700  1.427277 0.962433 0
syringe_lod1
0  -1.665902 3.187017 5.565428  -0.963735 0.069540 0.257642  1.985440 0.784374 0
0  -1.686116 3.725710 5.122929  -0.934129 -0.356935 0.000007  1.962101 0.803539 0
0  -1.724159 3.187018 5.122929  -0.997516 0.070445 0.000000  1.985440 0.803539 0
syringe_lod1
0  -0.000000 10.559080 5.061773  -0.000000 1.000000 -0.000010  1.996094 0.108845 0
0  -0.766014 10.506168 5.710714  -0.270135 0.940245 0.207284  1.964434 0.135603 0
0  -0.369497 10.506168 6.014973  -0.143752 0.937389 0.317234  1.980854 0.148077 0
syringe_lod1
0  -0.000000 10.559080 5.061773  -0.000000 1.000000 -0.000010  1.996094 0.108845 0
0  -0.957281 10.506168 5.248957  -0.340800 0.939065 0.044868  1.956572 0.116561 0
0  -0.766014 10.506168 5.710714  -0.270135 0.940245 0.207284  1.964434 0.135603 0
syringe_lod1
0  -0.000000 3.186478 3.412621  -0.000000 0.045105 -0.998982  1.985440 0.918847 0
0  -0.436398 3.725710 3.494265  -0.241462 -0.363189 -0.899883  1.962101 0.899366 0
0  -0.000000 3.725323 3.435537  -0.000002 -0.363655 -0.931534  1.962101 0.918847 0
syringe_lod1
0  -0.000000 3.186478 6.833236  0.000000 0.045104 0.998982  1.985440 0.688232 0
0  -0.436399 3.725710 6.751593  -0.241469 -0.363204 0.899875  1.962101 0.707713 0
0  -0.456974 3.187018 6.774355  -0.257463 0.049416 0.965024  1.985440 0.707713 0
syringe_lod1
0  -0.456974 3.187018 3.471502  -0.257450 0.049440 -0.965026  1.985440 0.899366 0
0  -0.843058 3.725710 3.662709  -0.466830 -0.361710 -0.806992  1.962101 0.880201 0
0  -0.436398 3.725710 3.494265  -0.241462 -0.363189 -0.899883  1.962101 0.899366 0
syringe_lod1
0  -1.223403 3.187018 6.331857  -0.705715 0.062626 0.705722  1.985440 0.746043 0
0  -1.460218 3.725710 5.965988  -0.808793 -0.358211 0.466411  1.962101 0.765209 0
0  -1.495104 3.187018 5.977771  -0.864132 0.066871 0.498802  1.985440 0.765209 0
syringe_lod1
0  -1.495104 3.187018 4.268087  -0.864057 0.066870 -0.498933  1.985440 0.841870 0
0  -1.628663 3.725710 4.686530  -0.902230 -0.357295 -0.241496  1.962101 0.822705 0
0  -1.460218 3.725710 4.279871  -0.808541 -0.358243 -0.466823  1.962101 0.841870 0
syringe_lod1
0  -1.628662 3.725710 5.559329  -0.902167 -0.357296 0.241730  1.766228 0.177598 0
0  -1.847971 4.330118 6.189857  -0.864305 -0.062995 0.499008  1.733797 0.156040 0
0  -2.061145 4.330118 5.675211  -0.963978 -0.062985 0.258417  1.733797 0.177598 0
syringe_lod1
0  -1.686116 3.725710 5.122929  -0.934129 -0.356935 0.000007  1.766228 0.199156 0
0  -2.061145 4.330118 5.675211  -0.963978 -0.062985 0.258417  1.733797 0.177598 0
0  -2.133854 4.330118 5.122930  -0.998013 -0.063009 -0.000020  1.733797 0.199156 0
syringe_lod1
0  -0.000000 3.725323 6.810319  0.000001 -0.363654 0.931534  1.766228 0.069801 0
0  -0.552282 4.330118 7.184073  -0.259522 -0.063020 0.963679  1.733797 0.091366 0
0  -0.436399 3.725710 6.751593  -0.241469 -0.363204 0.899875  1.766228 0.091366 0
syringe_lod1
0  -0.436398 3.725710 3.494265  -0.241462 -0.363189 -0.899883  1.766228 0.306946 0
0  -1.066928 4.330118 3.274957  -0.499024 -0.062987 -0.864296  1.733797 0.285388 0
0  -0.552281 4.330118 3.061783  -0.259428 -0.063003 -0.963705  1.733797 0.306946 0
syringe_lod1
0  -0.843058 3.725710 6.583150  -0.466824 -0.361742 0.806981  1.766228 0.112924 0
0  -0.552282 4.330118 7.184073  -0.259522 -0.063020 0.963679  1.733797 0.091366 0
0  -1.066927 4.330118 6.970902  -0.499007 -0.063003 0.864305  1.733797 0.112924 0
syringe_lod1
0  -0.843058 3.725710 6.583150  -0.466824 -0.361742 0.806981  1.766228 0.112924 0
0  -1.508862 4.330118 6.631792  -0.705719 -0.063007 0.705684  1.733797 0.134482 0
0  -1.192263 3.725710 6.315193  -0.660223 -0.359787 0.659286  1.766228 0.134482 0
syringe_lod1
0  -1.460218 3.725710 5.965988  -0.808793 -0.358211 0.466411  1.766228 0.156040 0
0  -1.508862 4.330118 6.631792  -0.705719 -0.063007 0.705684  1.733797 0.134482 0
0  -1.847971 4.330118 6.189857  -0.864305 -0.062995 0.499008  1.733797 0.156040 0
syringe_lod1
0  -1.495104 3.187018 5.977771  -0.864132 0.066871 0.498802  1.985440 0.765209 0
0  -1.628662 3.725710 5.559329  -0.902167 -0.357296 0.241730  1.962101 0.784374 0
0  -1.665902 3.187017 5.565428  -0.963735 0.069540 0.257642  1.985440 0.784374 0
syringe_lod1
0  -0.838593 10.103347 6.575416  -0.374253 0.682240 0.628079  1.959598 0.174715 0
0  -1.473126 9.405438 6.596056  -0.705253 0.072270 0.705262  1.920163 0.187141 0
0  -1.041658 9.405439 6.927135  -0.498693 0.072246 0.863763  1.942164 0.204551 0
syringe_lod1
0  -1.473126 9.405438 6.596056  -0.705253 0.072270 0.705262  1.308267 0.962433 0
0  -1.066927 4.330118 6.970902  -0.499007 -0.063003 0.864305  1.284465 0.742960 0
0  -1.041658 9.405439 6.927135  -0.498693 0.072246 0.863763  1.284465 0.962433 0
syringe_lod1
0  -0.766014 10.506168 5.710714  -0.270135 0.940245 0.207284  1.964434 0.135603 0
0  -1.452485 10.103347 5.961522  -0.638152 0.682240 0.356807  1.932668 0.148045 0
0  -1.185949 10.103348 6.308879  -0.509814 0.682235 0.524066  1.944398 0.163216 0
syringe_lod1
0  -1.185949 10.103348 6.308879  -0.509814 0.682235 0.524066  1.944398 0.163216 0
0  -1.804204 9.405437 6.164588  -0.863766 0.072241 0.498688  1.903225 0.164889 0
0  -1.473126 9.405438 6.596056  -0.705253 0.072270 0.705262  1.920163 0.187141 0
syringe_lod1
0  -0.000000 10.506271 4.149026  -0.000004 0.937547 -0.347858  1.996094 0.071088 0
0  -0.000000 10.103867 3.445217  -0.000005 0.634642 -0.772806  1.996094 0.038303 0
0  -0.434086 10.103347 3.502891  -0.194177 0.693597 -0.693699  1.977006 0.040414 0
syringe_lod1
0  -0.838593 10.103347 3.670443  -0.345269 0.694095 -0.631682  1.959379 0.047820 0
0  -0.539201 9.405438 3.110599  -0.259255 0.072256 -0.963102  1.968444 0.008198 0
0  -1.041657 9.405439 3.318723  -0.498701 0.072241 -0.863758  1.942489 0.018457 0
syringe_lod1
0  -0.892043 10.506168 4.753433  -0.320899 0.937740 -0.132919  1.959343 0.096143 0
0  -1.677186 10.103347 5.122929  -0.731045 0.682255 -0.010074  1.922555 0.111354 0
0  -0.957281 10.506168 5.248957  -0.340800 0.939065 0.044868  1.956572 0.116561 0
syringe_lod1
0  -1.620037 10.103347 4.688841  -0.708756 0.682239 -0.179485  1.925389 0.092464 0
0  -2.083316 9.405437 5.122930  -0.997387 0.072242 0.000007  1.889259 0.111345 0
0  -1.677186 10.103347 5.122929  -0.731045 0.682255 -0.010074  1.922555 0.111354 0
syringe_lod1
0  -0.552282 4.330118 7.184073  -0.259522 -0.063020 0.963679  1.260664 0.742960 0
0  -0.000000 9.405790 7.207555  -0.000001 0.072348 0.997379  1.236855 0.962433 0
0  -0.539202 9.405438 7.135258  -0.259244 0.072251 0.963106  1.260664 0.962433 0
syringe_lod1
0  -1.185948 10.103347 3.936978  -0.524060 0.682239 -0.509814  1.944334 0.059684 0
0  -1.804204 9.405440 4.081272  -0.863759 0.072243 -0.498700  1.903497 0.057869 0
0  -1.452485 10.103347 4.284336  -0.628070 0.682254 -0.374242  1.932458 0.074628 0
syringe_lod1
0  -0.000000 4.329698 2.987839  0.000001 -0.063062 -0.998010  1.522491 0.742960 0
0  -0.539201 9.405438 3.110599  -0.259255 0.072256 -0.963102  1.498682 0.962433 0
0  -0.000000 9.405789 3.038301  -0.000019 0.072332 -0.997381  1.522491 0.962433 0
syringe_lod1
0  -0.957281 10.506168 5.248957  -0.340800 0.939065 0.044868  1.956572 0.116561 0
0  -1.677186 10.103347 5.122929  -0.731045 0.682255 -0.010074  1.922555 0.111354 0
0  -1.620037 10.103347 5.557017  -0.703523 0.682261 0.198933  1.925193 0.130415 0
syringe_lod1
0  -0.587783 10.506169 4.356913  -0.200703 0.939484 -0.277649  1.971967 0.079883 0
0  -0.434086 10.103347 3.502891  -0.194177 0.693597 -0.693699  1.977006 0.040414 0
0  -0.838593 10.103347 3.670443  -0.345269 0.694095 -0.631682  1.959379 0.047820 0
syringe_lod1
0  -0.838593 10.103347 6.575416  -0.374253 0.682240 0.628079  1.959598 0.174715 0
0  -0.539202 9.405438 7.135258  -0.259244 0.072251 0.963106  1.968367 0.214687 0
0  -0.434088 10.103347 6.742966  -0.190593 0.669261 0.718167  1.977129 0.182390 0
syringe_lod1
0  -0.892043 10.506168 4.753433  -0.320899 0.937740 -0.132919  1.959343 0.096143 0
0  -1.452485 10.103347 4.284336  -0.628070 0.682254 -0.374242  1.932458 0.074628 0
0  -1.620037 10.103347 4.688841  -0.708756 0.682239 -0.179485  1.925389 0.092464 0
syringe_lod1
0  -1.452485 10.103347 5.961522  -0.638152 0.682240 0.356807  1.932668 0.148045 0
0  -2.012330 9.405438 5.662131  -0.963401 0.072270 0.258140  1.892593 0.139052 0
0  -1.804204 9.405437 6.164588  -0.863766 0.072241 0.498688  1.903225 0.164889 0
syringe_lod1
0  -0.000000 10.506270 6.096830  -0.000001 0.941942 0.335775  1.996094 0.151256 0
0  -0.434088 10.103347 6.742966  -0.190593 0.669261 0.718167  1.977129 0.182390 0
0  -0.000000 10.103866 6.800639  -0.000000 0.697311 0.716769  1.996094 0.184626 0
syringe_lod1
0  -1.847971 4.330118 6.189857  -0.864305 -0.062995 0.499008  1.332069 0.742960 0
0  -1.473126 9.405438 6.596056  -0.705253 0.072270 0.705262  1.308267 0.962433 0
0  -1.804204 9.405437 6.164588  -0.863766 0.072241 0.498688  1.332069 0.962433 0
syringe_lod1
0  -1.223404 3.187018 3.914000  -0.705750 0.062627 -0.705688  1.985440 0.861035 0
0  -1.460218 3.725710 4.279871  -0.808541 -0.358243 -0.466823  1.962101 0.841870 0
0  -1.192263 3.725710 3.930664  -0.659761 -0.359766 -0.659760  1.962101 0.861035 0
syringe_lod1
0  -0.000000 10.559080 5.061773  -0.000000 1.000000 -0.000010  1.996094 0.108845 0
0  -0.369497 10.506168 6.014973  -0.143752 0.937389 0.317234  1.980854 0.148077 0
0  -0.000000 10.506270 6.096830  -0.000001 0.941942 0.335775  1.996094 0.151256 0
syringe_lod1
0  -0.000000 10.103866 6.800639  -0.000000 0.697311 0.716769  1.996094 0.184626 0
0  -0.539202 9.405438 7.135258  -0.259244 0.072251 0.963106  1.968367 0.214687 0
0  -0.000000 9.405790 7.207555  -0.000001 0.072348 0.997379  1.996094 0.219047 0
syringe_lod1
0  -2.133854 4.330118 5.122930  -0.998013 -0.063009 -0.000020  1.379673 0.742960 0
0  -2.012330 9.405438 5.662131  -0.963401 0.072270 0.258140  1.355871 0.962433 0
0  -2.083316 9.405437 5.122930  -0.997387 0.072242 0.000007  1.379673 0.962433 0
syringe_lod1
0  2.492804 -1.657576 4.669237  0.457554 -0.127732 -0.879960  0.439693 0.328965 0
0  2.319630 0.030137 4.588973  0.472207 0.188631 -0.861069  0.368337 0.337545 0
0  2.492804 -0.047531 4.669238  0.457454 0.128030 -0.879968  0.368337 0.328965 0
syringe_lod1
0  2.319630 0.212939 4.771775  0.513163 0.836571 -0.191867  0.357355 0.337545 0
0  2.492778 0.119201 5.174227  0.509458 0.844372 0.165797  0.340339 0.328965 0
0  2.492778 0.119201 4.815902  0.509327 0.844380 -0.166158  0.357355 0.328965 0
syringe_lod1
0  2.492804 -1.657576 5.320892  1.000000 -0.000008 0.000012  0.691753 0.300302 0
0  2.492778 -1.824308 4.815902  1.000000 -0.000014 -0.000024  0.713590 0.293092 0
0  2.492804 -1.657576 4.669237  1.000000 -0.000009 -0.000012  0.719932 0.300302 0
syringe_lod1
0  2.492804 -0.047530 5.320892  0.457581 0.127767 0.879941  0.329354 0.328965 0
0  2.319630 0.159561 5.347786  0.543695 0.589258 0.597638  0.334859 0.337545 0
0  2.319630 0.030137 5.401156  0.472315 0.188191 0.861105  0.329354 0.337545 0
syringe_lod1
0  2.319630 0.159397 4.642515  0.543265 0.589448 -0.597841  0.362833 0.337545 0
0  2.492804 -0.047531 4.669238  0.457454 0.128030 -0.879968  0.368337 0.328965 0
0  2.319630 0.030137 4.588973  0.472207 0.188631 -0.861069  0.368337 0.337545 0
syringe_lod1
0  2.492985 -1.771410 5.281231  0.541454 -0.557375 0.629413  0.252492 0.328965 0
0  2.319630 -1.735243 5.401156  0.472330 -0.188191 0.861098  0.257998 0.337545 0
0  2.319630 -1.864668 5.347786  0.543704 -0.589240 0.597647  0.252492 0.337545 0
syringe_lod1
0  2.492778 -1.824308 5.174228  0.509442 -0.844381 0.165797  0.247012 0.328965 0
0  2.319630 -1.864668 5.347786  0.543704 -0.589240 0.597647  0.252492 0.337545 0
0  2.319630 -1.918045 5.218354  0.513332 -0.836553 0.191495  0.247012 0.337545 0
syringe_lod1
0  2.492985 0.066303 5.281231  0.541446 0.557373 0.629422  0.334859 0.328965 0
0  2.319630 0.212939 5.218355  0.513354 0.836555 0.191425  0.340339 0.337545 0
0  2.319630 0.159561 5.347786  0.543695 0.589258 0.597638  0.334859 0.337545 0
syringe_lod1
0  2.492985 -1.771410 4.708899  0.541454 -0.557385 -0.629404  0.224517 0.328965 0
0  2.319630 -1.735243 4.588973  0.472323 -0.188231 -0.861092  0.219011 0.337545 0
0  2.492804 -1.657576 4.669237  0.457554 -0.127732 -0.879960  0.219011 0.328965 0
syringe_lod1
0  2.319630 0.212939 4.771775  0.513163 0.836571 -0.191867  0.357355 0.337545 0
0  2.492985 0.066303 4.708899  0.541021 0.557612 -0.629575  0.362833 0.328965 0
0  2.319630 0.159397 4.642515  0.543265 0.589448 -0.597841  0.362833 0.337545 0
syringe_lod1
0  2.319630 -1.918045 5.218354  0.513332 -0.836553 0.191495  0.247012 0.337545 0
0  2.492778 -1.824308 4.815902  0.509442 -0.844372 -0.165847  0.229997 0.328965 0
0  2.492778 -1.824308 5.174228  0.509442 -0.844381 0.165797  0.247012 0.328965 0
syringe_lod1
0  2.492804 -0.047530 5.320892  0.457581 0.127767 0.879941  0.329354 0.328965 0
0  2.319630 -1.735243 5.401156  0.472330 -0.188191 0.861098  0.257998 0.337545 0
0  2.492804 -1.657576 5.320892  0.457546 -0.127743 0.879962  0.257998 0.328965 0
syringe_lod1
0  2.319630 -1.918046 4.771775  0.513319 -0.836555 -0.191520  0.229997 0.337545 0
0  2.492985 -1.771410 4.708899  0.541454 -0.557385 -0.629404  0.224517 0.328965 0
0  2.492778 -1.824308 4.815902  0.509442 -0.844372 -0.165847  0.229997 0.328965 0
syringe_lod1
0  2.190255 -7.584068 3.075698  0.024468 0.058970 -0.997960  0.743795 0.369520 0
0  2.229836 -7.487576 3.087277  0.024326 0.059021 -0.997960  0.745517 0.365323 0
0  2.398240 -7.654410 3.087277  0.082823 0.034624 -0.995963  0.752807 0.372548 0
syringe_lod1
0  1.823712 -7.891281 3.087277  -0.082928 -0.034550 -0.995956  0.727930 0.382802 0
0  1.824057 -7.654410 3.087277  -0.058576 0.024494 -0.997982  0.727945 0.372545 0
0  1.920169 -7.694896 3.075698  -0.058709 0.024204 -0.997982  0.732126 0.374306 0
syringe_lod1
0  1.920169 -7.694896 3.075698  -0.058709 0.024204 -0.997982  0.732126 0.374306 0
0  1.992461 -7.487576 3.087277  -0.034161 0.083152 -0.995951  0.735239 0.365323 0
0  2.190255 -7.584068 3.075698  0.024468 0.058970 -0.997960  0.743795 0.369520 0
syringe_lod1
0  2.031992 -7.964139 5.930033  -0.383289 -0.923628 -0.000576  0.530913 0.959821 0
0  1.920169 -7.694301 6.445347  -0.902269 0.408016 -0.139407  0.543551 0.937475 0
0  1.920392 -7.694225 5.930033  -0.923623 0.383302 -0.000515  0.543551 0.959821 0
syringe_lod1
0  2.190255 -7.582428 6.445347  0.429568 0.900645 0.065645  0.556006 0.937475 0
0  2.301906 -7.852539 5.930033  0.923679 -0.383166 -0.000379  0.568644 0.959821 0
0  2.190306 -7.582624 5.930033  0.383077 0.923716 -0.000316  0.556006 0.959821 0
syringe_lod1
0  0.747863 -3.407455 1.893120  0.448475 0.003337 0.893789  0.901702 0.478928 0
0  0.456470 -5.769392 1.800595  -0.920006 -0.017656 0.391507  0.889259 0.376907 0
0  0.726555 -5.769392 1.912468  0.406034 0.048721 0.912558  0.901702 0.376907 0
syringe_lod1
0  2.230173 -8.058798 3.087277  0.034222 -0.083183 -0.995947  0.745528 0.390057 0
0  1.992124 -8.058798 3.087277  -0.024449 -0.058968 -0.997960  0.735221 0.390057 0
0  2.032043 -7.962444 3.075698  -0.024386 -0.059010 -0.997959  0.736958 0.385866 0
syringe_lod1
0  1.920392 -7.694225 5.930033  -0.081535 0.033884 0.996094  0.399071 0.354372 0
0  1.992124 -7.486407 5.918422  -0.031037 0.083156 0.996053  0.395983 0.345367 0
0  1.823713 -7.654761 5.918422  -0.102160 0.042142 0.993875  0.403277 0.352655 0
syringe_lod1
0  3.049030 -7.892756 5.353649  0.558830 0.016262 0.829123  0.190684 0.124218 0
0  2.398569 -7.654744 5.787391  0.558844 0.016322 0.829112  0.180390 0.090411 0
0  2.398256 -7.892757 5.793283  0.558836 0.016289 0.829118  0.190684 0.090258 0
syringe_lod1
0  0.819081 -3.407455 1.621074  0.893798 0.002857 -0.448461  0.914192 0.478928 0
0  0.568342 -5.769392 1.530508  -0.419056 -0.049704 -0.906599  0.926633 0.376907 0
0  0.547035 -3.407455 1.549857  -0.448478 0.002617 -0.893790  0.926633 0.478928 0
syringe_lod1
0  0.678175 -6.428683 1.881569  -0.669220 -0.598191 0.440808  0.889259 0.351827 0
0  0.741924 -5.998173 1.929766  0.291608 0.184963 0.938485  0.901702 0.364855 0
0  0.481041 -6.083982 1.829571  -0.898798 -0.225065 0.376176  0.889259 0.364855 0
syringe_lod1
0  1.749858 -7.694302 6.718107  -0.426890 0.431144 -0.794909  0.543551 0.914469 0
0  2.105458 -7.582429 6.739588  0.406399 0.880536 0.243919  0.556006 0.925972 0
0  1.871556 -7.694301 6.604545  -0.767170 0.431131 -0.474948  0.543551 0.925972 0
syringe_lod1
0  0.819081 -3.407455 1.621074  0.893798 0.002857 -0.448461  0.914192 0.478928 0
0  0.726555 -5.769392 1.912468  0.406034 0.048721 0.912558  0.901702 0.376907 0
0  0.838429 -5.769392 1.642382  0.902468 0.010617 -0.430627  0.914192 0.376907 0
syringe_lod1
0  2.398569 -7.891356 3.218827  0.000278 -1.000000 -0.000741  0.944290 0.833707 0
0  3.049030 -7.892756 5.353649  -0.000240 -1.000000 -0.000583  0.916152 0.741396 0
0  2.398256 -7.892757 5.793283  -0.000366 -1.000000 -0.000545  0.944290 0.722382 0
syringe_lod1
0  2.032042 -7.967423 2.516782  -0.355743 -0.920045 -0.164209  0.926633 0.237436 0
0  1.920169 -7.694896 3.075698  -0.922698 0.385516 -0.002574  0.939123 0.214217 0
0  1.920169 -7.699031 2.546989  -0.952078 0.301672 0.050404  0.939123 0.237436 0
syringe_lod1
0  1.093100 -6.355086 1.983607  0.086451 0.416578 0.904980  0.901702 0.338799 0
0  0.948261 -6.185217 1.684839  0.648280 0.556260 -0.519911  0.914192 0.351827 0
0  0.869154 -6.223152 1.963704  0.196765 0.331778 0.922609  0.901702 0.351827 0
syringe_lod1
0  2.161289 -6.951735 2.073612  0.441132 0.298539 0.846332  0.901702 0.285020 0
0  2.302129 -7.392706 1.895002  0.891048 -0.172767 -0.419744  0.914192 0.269028 0
0  2.269352 -6.963391 1.802228  0.892238 0.206528 -0.401568  0.914192 0.285020 0
syringe_lod1
0  0.869154 -6.223152 1.963704  0.196765 0.331778 0.922609  0.901702 0.351827 0
0  0.849986 -6.009829 1.658382  0.857623 0.202254 -0.472838  0.914192 0.364855 0
0  0.741924 -5.998173 1.929766  0.291608 0.184963 0.938485  0.901702 0.364855 0
syringe_lod1
0  1.621403 -6.332359 1.707036  0.276088 0.831588 -0.481909  0.914192 0.317147 0
0  1.052152 -6.563173 1.628715  -0.144161 -0.566019 -0.811690  0.926633 0.338799 0
0  1.122055 -6.288521 1.700423  0.283386 0.787536 -0.547247  0.914192 0.338799 0
syringe_lod1
0  1.940838 -7.852515 7.048894  0.455724 -0.346815 0.819777  0.568644 0.914469 0
0  1.587684 -7.964388 6.867479  -0.032761 -0.942123 -0.333662  0.581099 0.902966 0
0  1.805796 -7.964387 6.814991  -0.129099 -0.961776 -0.241494  0.581099 0.914469 0
syringe_lod1
0  0.678175 -6.428683 1.881569  -0.669220 -0.598191 0.440808  0.889259 0.351827 0
0  1.093100 -6.355086 1.983607  0.086451 0.416578 0.904980  0.901702 0.338799 0
0  0.869154 -6.223152 1.963704  0.196765 0.331778 0.922609  0.901702 0.351827 0
syringe_lod1
0  1.522545 -6.673577 1.918512  -0.271207 -0.793425 0.544906  0.939123 0.317147 0
0  1.052152 -6.563173 1.628715  -0.144161 -0.566019 -0.811690  0.926633 0.338799 0
0  1.551499 -6.607011 1.635328  -0.084619 -0.422789 -0.902269  0.926633 0.317147 0
syringe_lod1
0  2.269352 -6.963391 1.802228  0.892238 0.206528 -0.401568  0.914192 0.285020 0
0  2.032043 -7.437456 1.792469  -0.336198 -0.414431 -0.845706  0.926633 0.269028 0
0  2.008468 -7.049201 1.702033  -0.263191 -0.256462 -0.930031  0.926633 0.285020 0
syringe_lod1
0  1.122055 -6.288521 1.700423  0.283386 0.787536 -0.547247  0.914192 0.338799 0
0  0.757281 -6.390748 1.602705  -0.338712 -0.459418 -0.821103  0.926633 0.351827 0
0  0.948261 -6.185217 1.684839  0.648280 0.556260 -0.519911  0.914192 0.351827 0
syringe_lod1
0  2.032042 -7.799479 2.083623  -0.346935 -0.756864 -0.553889  0.926633 0.253232 0
0  2.302129 -7.392706 1.895002  0.891048 -0.172767 -0.419744  0.914192 0.269028 0
0  2.302129 -7.709458 2.150045  0.880608 -0.382636 -0.279496  0.914192 0.253232 0
syringe_lod1
0  2.030876 -6.562037 1.741683  0.658049 0.609109 -0.442671  0.914192 0.301083 0
0  1.592448 -6.398924 1.990220  0.139052 0.564730 0.813477  0.901702 0.317147 0
0  1.951769 -6.599972 2.020548  0.332287 0.465938 0.820053  0.901702 0.301083 0
syringe_lod1
0  2.190255 -7.284669 2.142540  0.438273 0.409060 0.800366  0.901702 0.269028 0
0  1.900406 -7.037545 1.973417  -0.872010 -0.195987 0.448539  0.889259 0.285020 0
0  1.920169 -7.329421 2.040007  -0.956942 0.089756 0.276054  0.889259 0.269028 0
syringe_lod1
0  2.202343 -7.852514 6.795525  0.804636 -0.346858 0.481923  0.568644 0.925972 0
0  1.805796 -7.964387 6.814991  -0.129099 -0.961776 -0.241494  0.581099 0.914469 0
0  1.968442 -7.964388 6.660481  -0.232550 -0.961773 -0.144616  0.581099 0.925972 0
syringe_lod1
0  2.190255 -7.284669 2.142540  0.438273 0.409060 0.800366  0.901702 0.269028 0
0  2.302129 -7.709458 2.150045  0.880608 -0.382636 -0.279496  0.914192 0.253232 0
0  2.302129 -7.392706 1.895002  0.891048 -0.172767 -0.419744  0.914192 0.269028 0
syringe_lod1
0  1.940838 -7.852515 7.048894  0.455724 -0.346815 0.819777  0.568644 0.914469 0
0  2.105458 -7.582429 6.739588  0.406399 0.880536 0.243919  0.556006 0.925972 0
0  1.884901 -7.582428 6.952009  0.229960 0.880539 0.414451  0.556006 0.914469 0
syringe_lod1
0  2.302129 -7.852515 6.445348  0.923714 -0.362431 0.124082  0.568644 0.937475 0
0  1.968442 -7.964388 6.660481  -0.232550 -0.961773 -0.144616  0.581099 0.925972 0
0  2.032043 -7.964387 6.445347  -0.321565 -0.945960 -0.041895  0.581099 0.937475 0
syringe_lod1
0  1.592448 -6.398924 1.990220  0.139052 0.564730 0.813477  0.901702 0.317147 0
0  1.122055 -6.288521 1.700423  0.283386 0.787536 -0.547247  0.914192 0.338799 0
0  1.093100 -6.355086 1.983607  0.086451 0.416578 0.904980  0.901702 0.338799 0
syringe_lod1
0  1.023197 -6.629738 1.911899  -0.283608 -0.829687 0.480818  0.889259 0.338799 0
0  1.592448 -6.398924 1.990220  0.139052 0.564730 0.813477  0.901702 0.317147 0
0  1.093100 -6.355086 1.983607  0.086451 0.416578 0.904980  0.901702 0.338799 0
syringe_lod1
0  1.749858 -7.694302 6.718107  -0.426890 0.431144 -0.794909  0.543551 0.914469 0
0  1.968442 -7.964388 6.660481  -0.232550 -0.961773 -0.144616  0.530913 0.925972 0
0  1.805796 -7.964387 6.814991  -0.129099 -0.961776 -0.241494  0.530913 0.914469 0
syringe_lod1
0  0.849986 -6.009829 1.658382  0.857623 0.202254 -0.472838  0.914192 0.364855 0
0  0.757281 -6.390748 1.602705  -0.338712 -0.459418 -0.821103  0.926633 0.351827 0
0  0.589103 -6.095638 1.558187  -0.440617 -0.239170 -0.865248  0.926633 0.364855 0
syringe_lod1
0  1.587684 -7.964388 6.867479  -0.032761 -0.942123 -0.333662  0.530913 0.902966 0
0  0.000000 -7.694301 6.755606  0.000000 0.382685 -0.923879  0.543551 0.834121 0
0  1.587683 -7.694302 6.755605  -0.111468 0.401890 -0.908878  0.543551 0.902966 0
syringe_lod1
0  1.749858 -7.694302 6.718107  -0.426890 0.431144 -0.794909  0.543551 0.914469 0
0  1.587684 -7.582428 7.025691  0.057642 0.903901 0.423840  0.556006 0.902966 0
0  1.884901 -7.582428 6.952009  0.229960 0.880539 0.414451  0.556006 0.914469 0
syringe_lod1
0  1.551499 -6.607011 1.635328  -0.084619 -0.422789 -0.902269  0.926633 0.317147 0
0  1.760790 -6.805502 1.938413  -0.629730 -0.574890 0.522438  0.939123 0.301083 0
0  1.522545 -6.673577 1.918512  -0.271207 -0.793425 0.544906  0.939123 0.317147 0
syringe_lod1
0  1.587683 -7.852516 7.137565  0.109060 -0.364618 0.924749  0.568644 0.902966 0
0  0.000000 -7.964387 6.867479  -0.000000 -0.923879 -0.382685  0.581099 0.834121 0
0  1.587684 -7.964388 6.867479  -0.032761 -0.942123 -0.333662  0.581099 0.902966 0
syringe_lod1
0  1.760790 -6.805502 1.938413  -0.629730 -0.574890 0.522438  0.889259 0.301083 0
0  2.161289 -6.951735 2.073612  0.441132 0.298539 0.846332  0.901702 0.285020 0
0  1.951769 -6.599972 2.020548  0.332287 0.465938 0.820053  0.901702 0.301083 0
syringe_lod1
0  1.951769 -6.599972 2.020548  0.332287 0.465938 0.820053  0.901702 0.301083 0
0  2.269352 -6.963391 1.802228  0.892238 0.206528 -0.401568  0.914192 0.285020 0
0  2.030876 -6.562037 1.741683  0.658049 0.609109 -0.442671  0.914192 0.301083 0
syringe_lod1
0  1.587684 -7.582428 7.025691  0.057642 0.903901 0.423840  0.556006 0.902966 0
0  0.000000 -7.852515 7.137565  0.000000 -0.382684 0.923879  0.568644 0.834121 0
0  1.587683 -7.852516 7.137565  0.109060 -0.364618 0.924749  0.568644 0.902966 0
syringe_lod1
0  1.621403 -6.332359 1.707036  0.276088 0.831588 -0.481909  0.914192 0.317147 0
0  1.839896 -6.767568 1.659549  -0.191402 -0.337090 -0.921811  0.926633 0.301083 0
0  1.551499 -6.607011 1.635328  -0.084619 -0.422789 -0.902269  0.926633 0.317147 0
syringe_lod1
0  2.032042 -7.967423 2.516782  -0.355743 -0.920045 -0.164209  0.926633 0.237436 0
0  2.302129 -7.709458 2.150045  0.880608 -0.382636 -0.279496  0.914192 0.253232 0
0  2.302129 -7.856251 2.529294  0.892753 -0.442481 -0.084868  0.914192 0.237436 0
syringe_lod1
0  1.522545 -6.673577 1.918512  -0.271207 -0.793425 0.544906  0.889259 0.317147 0
0  1.951769 -6.599972 2.020548  0.332287 0.465938 0.820053  0.901702 0.301083 0
0  1.592448 -6.398924 1.990220  0.139052 0.564730 0.813477  0.901702 0.317147 0
syringe_lod1
0  2.269352 -6.963391 1.802228  0.892238 0.206528 -0.401568  0.914192 0.285020 0
0  1.839896 -6.767568 1.659549  -0.191402 -0.337090 -0.921811  0.926633 0.301083 0
0  2.030876 -6.562037 1.741683  0.658049 0.609109 -0.442671  0.914192 0.301083 0
syringe_lod1
0  2.008468 -7.049201 1.702033  -0.263191 -0.256462 -0.930031  0.926633 0.285020 0
0  1.760790 -6.805502 1.938413  -0.629730 -0.574890 0.522438  0.939123 0.301083 0
0  1.839896 -6.767568 1.659549  -0.191402 -0.337090 -0.921811  0.926633 0.301083 0
syringe_lod1
0  2.008468 -7.049201 1.702033  -0.263191 -0.256462 -0.930031  0.926633 0.285020 0
0  1.920169 -7.329421 2.040007  -0.956942 0.089756 0.276054  0.939123 0.269028 0
0  1.900406 -7.037545 1.973417  -0.872010 -0.195987 0.448539  0.939123 0.285020 0
syringe_lod1
0  1.587683 -7.694302 6.755605  -0.111468 0.401890 -0.908878  0.543551 0.902966 0
0  0.000000 -7.582428 7.025692  0.000001 0.923879 0.382685  0.556006 0.834121 0
0  1.587684 -7.582428 7.025691  0.057642 0.903901 0.423840  0.556006 0.902966 0
syringe_lod1
0  1.920169 -7.329421 2.040007  -0.956942 0.089756 0.276054  0.889259 0.269028 0
0  2.190255 -7.492127 2.310401  0.431416 0.729763 0.530402  0.901702 0.253232 0
0  2.190255 -7.284669 2.142540  0.438273 0.409060 0.800366  0.901702 0.269028 0
syringe_lod1
0  2.032042 -7.967423 2.516782  -0.355743 -0.920045 -0.164209  0.926633 0.237436 0
0  2.302129 -7.851624 3.075698  0.925222 -0.379412 0.003249  0.914192 0.214217 0
0  2.032043 -7.962444 3.075698  -0.384082 -0.923262 0.008225  0.926633 0.214217 0
syringe_lod1
0  2.190255 -7.587859 2.559501  0.415843 0.893935 0.167195  0.901702 0.237436 0
0  2.302129 -7.851624 3.075698  0.925222 -0.379412 0.003249  0.914192 0.214217 0
0  2.302129 -7.856251 2.529294  0.892753 -0.442481 -0.084868  0.914192 0.237436 0
syringe_lod1
0  0.757281 -6.390748 1.602705  -0.338712 -0.459418 -0.821103  0.926633 0.351827 0
0  1.023197 -6.629738 1.911899  -0.283608 -0.829687 0.480818  0.939123 0.338799 0
0  0.678175 -6.428683 1.881569  -0.669220 -0.598191 0.440808  0.939123 0.351827 0
syringe_lod1
0  2.032042 -7.799479 2.083623  -0.346935 -0.756864 -0.553889  0.926633 0.253232 0
0  1.920169 -7.699031 2.546989  -0.952078 0.301672 0.050404  0.939123 0.237436 0
0  1.920169 -7.582149 2.243979  -0.961847 0.220982 0.161302  0.939123 0.253232 0
syringe_lod1
0  2.190255 -7.587859 2.559501  0.415843 0.893935 0.167195  0.901702 0.237436 0
0  1.920169 -7.582149 2.243979  -0.961847 0.220982 0.161302  0.889259 0.253232 0
0  1.920169 -7.699031 2.546989  -0.952078 0.301672 0.050404  0.889259 0.237436 0
syringe_lod1
0  2.190255 -7.584068 3.075698  0.381381 0.924391 -0.007000  0.901702 0.214217 0
0  1.920169 -7.699031 2.546989  -0.952078 0.301672 0.050404  0.889259 0.237436 0
0  1.920169 -7.694896 3.075698  -0.922698 0.385516 -0.002574  0.889259 0.214217 0
syringe_lod1
0  1.920169 -7.694301 6.445347  -0.902269 0.408016 -0.139407  0.543551 0.937475 0
0  1.968442 -7.964388 6.660481  -0.232550 -0.961773 -0.144616  0.530913 0.925972 0
0  1.871556 -7.694301 6.604545  -0.767170 0.431131 -0.474948  0.543551 0.925972 0
syringe_lod1
0  2.190255 -7.492127 2.310401  0.431416 0.729763 0.530402  0.901702 0.253232 0
0  2.302129 -7.856251 2.529294  0.892753 -0.442481 -0.084868  0.914192 0.237436 0
0  2.302129 -7.709458 2.150045  0.880608 -0.382636 -0.279496  0.914192 0.253232 0
syringe_lod1
0  1.805796 -7.964387 6.814991  -0.129099 -0.961776 -0.241494  0.530913 0.914469 0
0  1.587683 -7.694302 6.755605  -0.111468 0.401890 -0.908878  0.543551 0.902966 0
0  1.749858 -7.694302 6.718107  -0.426890 0.431144 -0.794909  0.543551 0.914469 0
syringe_lod1
0  2.032043 -7.437456 1.792469  -0.336198 -0.414431 -0.845706  0.926633 0.269028 0
0  1.920169 -7.582149 2.243979  -0.961847 0.220982 0.161302  0.939123 0.253232 0
0  1.920169 -7.329421 2.040007  -0.956942 0.089756 0.276054  0.939123 0.269028 0
syringe_lod1
0  1.920392 -7.694225 5.930033  -0.923623 0.383302 -0.000515  0.543551 0.959821 0
0  2.190255 -7.582428 6.445347  0.429568 0.900645 0.065645  0.556006 0.937475 0
0  2.190306 -7.582624 5.930033  0.383077 0.923716 -0.000316  0.556006 0.959821 0
syringe_lod1
0  0.568342 -5.769392 1.530508  -0.419056 -0.049704 -0.906599  0.926633 0.376907 0
0  0.481041 -6.083982 1.829571  -0.898798 -0.225065 0.376176  0.939123 0.364855 0
0  0.456470 -5.769392 1.800595  -0.920006 -0.017656 0.391507  0.939123 0.376907 0
syringe_lod1
0  2.398584 -7.654758 5.918422  0.924118 0.382107 -0.000026  0.056231 0.370896 0
0  2.398256 -7.892757 5.793283  0.863331 -0.504638 -0.000215  0.061652 0.360609 0
0  2.398569 -7.654744 5.787391  0.861027 0.508559 -0.000094  0.061897 0.370901 0
syringe_lod1
0  1.884901 -7.582428 6.952009  0.229960 0.880539 0.414451  0.556006 0.914469 0
0  1.587683 -7.852516 7.137565  0.109060 -0.364618 0.924749  0.568644 0.902966 0
0  1.940838 -7.852515 7.048894  0.455724 -0.346815 0.819777  0.568644 0.914469 0
syringe_lod1
0  0.678175 -6.428683 1.881569  -0.669220 -0.598191 0.440808  0.939123 0.351827 0
0  0.589103 -6.095638 1.558187  -0.440617 -0.239170 -0.865248  0.926633 0.364855 0
0  0.757281 -6.390748 1.602705  -0.338712 -0.459418 -0.821103  0.926633 0.351827 0
syringe_lod1
0  1.920169 -7.694301 6.445347  -0.902269 0.408016 -0.139407  0.543551 0.937475 0
0  2.105458 -7.582429 6.739588  0.406399 0.880536 0.243919  0.556006 0.925972 0
0  2.190255 -7.582428 6.445347  0.429568 0.900645 0.065645  0.556006 0.937475 0
syringe_lod1
0  3.049030 -7.654425 3.652539  0.558838 -0.016480 -0.829113  0.725956 0.251017 0
0  2.398569 -7.891356 3.218827  0.558843 -0.016508 -0.829109  0.715708 0.217211 0
0  2.398256 -7.654426 3.212890  0.558848 -0.016530 -0.829105  0.725956 0.217056 0
syringe_lod1
0  2.301906 -7.852539 5.930033  0.074023 -0.027514 0.996877  0.382590 0.361214 0
0  2.230173 -7.486407 5.918422  0.026607 0.064232 0.997580  0.385675 0.345367 0
0  2.190306 -7.582624 5.930033  0.026626 0.064262 0.997578  0.387410 0.349553 0
syringe_lod1
0  1.824057 -7.654410 3.087277  -0.923375 0.383899 -0.000102  0.178640 0.401784 0
0  1.992124 -7.486407 5.918422  -0.381536 0.924354 -0.000326  0.056218 0.391487 0
0  1.992461 -7.487576 3.087277  -0.381527 0.924357 -0.000329  0.178642 0.391533 0
syringe_lod1
0  3.049343 -7.654744 5.349765  1.000000 0.000058 -0.000008  0.704036 0.243287 0
0  3.049344 -7.891355 3.656452  1.000000 -0.000001 0.000001  0.630822 0.253579 0
0  3.049030 -7.654425 3.652539  1.000000 -0.000007 0.000002  0.630644 0.243334 0
syringe_lod1
0  2.398569 -7.654744 5.787391  0.861027 0.508559 -0.000094  0.061897 0.370901 0
0  2.229836 -7.487576 3.087277  0.381198 0.924493 -0.000290  0.178647 0.381269 0
0  2.230173 -7.486407 5.918422  0.382070 0.924133 -0.000316  0.056223 0.381193 0
syringe_lod1
0  2.230173 -8.058798 3.087277  0.381537 -0.924353 -0.000489  0.178674 0.350504 0
0  2.398585 -7.891283 3.087277  0.923681 -0.383162 -0.000136  0.178665 0.360775 0
0  2.398569 -7.891356 3.218827  0.860615 -0.509256 -0.000172  0.172976 0.360767 0
syringe_lod1
0  1.992461 -7.487576 3.087277  -0.381527 0.924357 -0.000329  0.178642 0.391533 0
0  2.230173 -7.486407 5.918422  0.382070 0.924133 -0.000316  0.056223 0.381193 0
0  2.229836 -7.487576 3.087277  0.381198 0.924493 -0.000290  0.178647 0.381269 0
syringe_lod1
0  2.229836 -7.487576 3.087277  0.381198 0.924493 -0.000290  0.178647 0.381269 0
0  2.398256 -7.654426 3.212890  0.862964 0.505265 -0.000087  0.173224 0.371013 0
0  2.398240 -7.654410 3.087277  0.922685 0.385554 -0.000065  0.178656 0.371018 0
syringe_lod1
0  2.398256 -7.654426 3.212890  0.862964 0.505265 -0.000087  0.173224 0.371013 0
0  2.398585 -7.891283 3.087277  0.923681 -0.383162 -0.000136  0.178665 0.360775 0
0  2.398240 -7.654410 3.087277  0.922685 0.385554 -0.000065  0.178656 0.371018 0
syringe_lod1
0  2.302129 -7.852515 6.445348  0.923714 -0.362431 0.124082  0.568644 0.937475 0
0  2.105458 -7.582429 6.739588  0.406399 0.880536 0.243919  0.556006 0.925972 0
0  2.202343 -7.852514 6.795525  0.804636 -0.346858 0.481923  0.568644 0.925972 0
syringe_lod1
0  2.229832 -8.060501 5.918422  0.381592 -0.924331 -0.000504  0.056250 0.350325 0
0  1.992124 -8.058798 3.087277  -0.381541 -0.924352 -0.000489  0.178688 0.340210 0
0  2.230173 -8.058798 3.087277  0.381537 -0.924353 -0.000489  0.178674 0.350504 0
syringe_lod1
0  1.992465 -8.060501 5.918422  -0.035627 -0.082832 0.995927  0.395971 0.370226 0
0  2.229832 -8.060501 5.918422  0.036713 -0.080737 0.996059  0.385693 0.370226 0
0  2.031992 -7.964139 5.930033  -0.027536 -0.073997 0.996878  0.394251 0.366034 0
syringe_lod1
0  2.398239 -7.892828 5.918422  0.082610 -0.035901 0.995935  0.378399 0.362967 0
0  2.398584 -7.654758 5.918422  0.080720 0.036738 0.996060  0.378385 0.352658 0
0  2.301906 -7.852539 5.930033  0.074023 -0.027514 0.996877  0.382590 0.361214 0
syringe_lod1
0  2.031992 -7.964139 5.930033  -0.027536 -0.073997 0.996878  0.394251 0.366034 0
0  2.398239 -7.892828 5.918422  0.082610 -0.035901 0.995935  0.378399 0.362967 0
0  2.301906 -7.852539 5.930033  0.074023 -0.027514 0.996877  0.382590 0.361214 0
syringe_lod1
0  0.849986 -6.009829 1.658382  0.857623 0.202254 -0.472838  0.914192 0.364855 0
0  0.568342 -5.769392 1.530508  -0.419056 -0.049704 -0.906599  0.926633 0.376907 0
0  0.838429 -5.769392 1.642382  0.902468 0.010617 -0.430627  0.914192 0.376907 0
syringe_lod1
0  1.920392 -7.694225 5.930033  -0.081535 0.033884 0.996094  0.399071 0.354372 0
0  2.230173 -7.486407 5.918422  0.026607 0.064232 0.997580  0.385675 0.345367 0
0  1.992124 -7.486407 5.918422  -0.031037 0.083156 0.996053  0.395983 0.345367 0
syringe_lod1
0  1.824058 -7.892827 5.918422  -0.080593 -0.036833 0.996066  0.403262 0.362963 0
0  2.031992 -7.964139 5.930033  -0.027536 -0.073997 0.996878  0.394251 0.366034 0
0  1.920392 -7.694225 5.930033  -0.081535 0.033884 0.996094  0.399071 0.354372 0
syringe_lod1
0  2.398239 -7.892828 5.918422  0.923128 -0.384493 -0.000095  0.056240 0.360601 0
0  2.229832 -8.060501 5.918422  0.381592 -0.924331 -0.000504  0.056250 0.350325 0
0  2.398256 -7.892757 5.793283  0.863331 -0.504638 -0.000215  0.061652 0.360609 0
syringe_lod1
0  3.049030 -7.654425 3.652539  -0.000056 1.000000 0.000132  0.398377 0.192037 0
0  2.398569 -7.654744 5.787391  0.000062 1.000000 0.000169  0.490689 0.163899 0
0  3.049343 -7.654744 5.349765  0.000126 1.000000 0.000188  0.471768 0.192042 0
syringe_lod1
0  1.823713 -7.654761 5.918422  -0.102160 0.042142 0.993875  0.403277 0.352655 0
0  1.824058 -7.892827 5.918422  -0.080593 -0.036833 0.996066  0.403262 0.362963 0
0  1.920392 -7.694225 5.930033  -0.081535 0.033884 0.996094  0.399071 0.354372 0
syringe_lod1
0  0.481041 -6.083982 1.829571  -0.898798 -0.225065 0.376176  0.889259 0.364855 0
0  0.726555 -5.769392 1.912468  0.406034 0.048721 0.912558  0.901702 0.376907 0
0  0.456470 -5.769392 1.800595  -0.920006 -0.017656 0.391507  0.889259 0.376907 0
syringe_lod1
0  1.824058 -7.892827 5.918422  -0.923379 -0.383889 -0.000169  0.056282 0.329784 0
0  1.992124 -8.058798 3.087277  -0.381541 -0.924352 -0.000489  0.178688 0.340210 0
0  1.992465 -8.060501 5.918422  -0.381598 -0.924328 -0.000510  0.056264 0.340061 0
syringe_lod1
0  2.230173 -7.486407 5.918422  0.382070 0.924133 -0.000316  0.056223 0.381193 0
0  2.398584 -7.654758 5.918422  0.924118 0.382107 -0.000026  0.056231 0.370896 0
0  2.398569 -7.654744 5.787391  0.861027 0.508559 -0.000094  0.061897 0.370901 0
syringe_lod1
0  1.824058 -7.892827 5.918422  -0.923379 -0.383889 -0.000169  0.056282 0.329784 0
0  1.824057 -7.654410 3.087277  -0.923375 0.383899 -0.000102  0.178724 0.319695 0
0  1.823712 -7.891281 3.087277  -0.923466 -0.383681 -0.000174  0.178706 0.329938 0
syringe_lod1
0  2.398256 -7.892757 5.793283  0.863331 -0.504638 -0.000215  0.061652 0.360609 0
0  2.230173 -8.058798 3.087277  0.381537 -0.924353 -0.000489  0.178674 0.350504 0
0  2.398569 -7.891356 3.218827  0.860615 -0.509256 -0.000172  0.172976 0.360767 0
syringe_lod1
0  0.475818 -3.407455 1.821902  -0.893789 0.003337 0.448475  0.939123 0.478928 0
0  0.568342 -5.769392 1.530508  -0.419056 -0.049704 -0.906599  0.926633 0.376907 0
0  0.456470 -5.769392 1.800595  -0.920006 -0.017656 0.391507  0.939123 0.376907 0
syringe_lod1
0  2.032043 -7.964387 6.445347  -0.321565 -0.945960 -0.041895  0.581099 0.937475 0
0  2.301906 -7.852539 5.930033  0.923679 -0.383166 -0.000379  0.568644 0.959821 0
0  2.302129 -7.852515 6.445348  0.923714 -0.362431 0.124082  0.568644 0.937475 0
syringe_lod1
0  0.726555 -5.769392 1.912468  0.406034 0.048721 0.912558  0.901702 0.376907 0
0  0.849986 -6.009829 1.658382  0.857623 0.202254 -0.472838  0.914192 0.364855 0
0  0.838429 -5.769392 1.642382  0.902468 0.010617 -0.430627  0.914192 0.376907 0
syringe_lod1
0  -2.398240 -7.654410 3.087277  -0.082821 0.034624 -0.995963  1.752807 0.372548 0
0  -2.190254 -7.584068 3.075698  -0.024465 0.058970 -0.997960  1.743795 0.369520 0
0  -2.302129 -7.851625 3.075698  -0.058645 -0.024421 -0.997980  1.748626 0.381079 0
syringe_lod1
0  -1.920169 -7.694897 3.075698  0.058711 0.024205 -0.997982  1.732126 0.374306 0
0  -1.824057 -7.654412 3.087277  0.058580 0.024492 -0.997982  1.727945 0.372545 0
0  -1.823712 -7.891283 3.087277  0.082885 -0.034530 -0.995961  1.727930 0.382802 0
syringe_lod1
0  -2.190254 -7.584068 3.075698  -0.024465 0.058970 -0.997960  1.743795 0.369520 0
0  -1.992460 -7.487576 3.087277  0.034145 0.083107 -0.995955  1.735239 0.365323 0
0  -1.920169 -7.694897 3.075698  0.058711 0.024205 -0.997982  1.732126 0.374306 0
syringe_lod1
0  -2.031992 -7.964139 5.930033  0.383290 -0.923628 -0.000579  1.530913 0.959821 0
0  -1.920169 -7.694301 6.445347  0.902268 0.408017 -0.139408  1.543551 0.937475 0
0  -2.032042 -7.964388 6.445347  0.321566 -0.945960 -0.041892  1.530913 0.937475 0
syringe_lod1
0  -2.190254 -7.582429 6.445348  -0.429604 0.900641 0.065464  1.556006 0.937475 0
0  -2.301905 -7.852539 5.930033  -0.923869 -0.382707 -0.000382  1.568644 0.959821 0
0  -2.302129 -7.852515 6.445348  -0.923715 -0.362429 0.124082  1.568644 0.937475 0
syringe_lod1
0  -0.747863 -3.407455 1.893120  -0.448475 0.003337 0.893789  1.901702 0.478928 0
0  -0.456469 -5.769392 1.800595  0.920006 -0.017656 0.391507  1.889259 0.376907 0
0  -0.475817 -3.407455 1.821902  0.893790 0.003337 0.448474  1.889259 0.478928 0
syringe_lod1
0  -2.032042 -7.962445 3.075698  0.024385 -0.059011 -0.997959  1.736958 0.385866 0
0  -1.992123 -8.058798 3.087277  0.024452 -0.058967 -0.997960  1.735221 0.390057 0
0  -2.230173 -8.058798 3.087277  -0.034223 -0.083184 -0.995946  1.745528 0.390057 0
syringe_lod1
0  -1.920392 -7.694225 5.930033  0.081477 0.033961 0.996096  1.399071 0.354372 0
0  -1.823713 -7.654761 5.918422  0.102167 0.042144 0.993874  1.403277 0.352655 0
0  -1.992124 -7.486406 5.918422  0.031065 0.083198 0.996049  1.395983 0.345367 0
syringe_lod1
0  -3.049030 -7.892757 5.353649  -0.558818 0.016218 0.829131  1.190684 0.124218 0
0  -2.398568 -7.654744 5.787391  -0.558855 0.016367 0.829104  1.180390 0.090411 0
0  -3.049343 -7.654744 5.349765  -0.558837 0.016293 0.829118  1.180391 0.124323 0
syringe_lod1
0  -0.819081 -3.407455 1.621074  -0.893795 0.003337 -0.448463  1.914192 0.478928 0
0  -0.568342 -5.769392 1.530508  0.419056 -0.049701 -0.906599  1.926633 0.376907 0
0  -0.838429 -5.769392 1.642382  -0.902468 0.010617 -0.430627  1.914192 0.376907 0
syringe_lod1
0  -0.678174 -6.428683 1.881569  0.669219 -0.598191 0.440809  1.889259 0.351827 0
0  -0.741924 -5.998173 1.929766  -0.291655 0.184991 0.938465  1.901702 0.364855 0
0  -0.869154 -6.223152 1.963704  -0.196807 0.331731 0.922617  1.901702 0.351827 0
syringe_lod1
0  -1.749858 -7.694302 6.718107  0.426945 0.431121 -0.794891  1.543551 0.914469 0
0  -2.105458 -7.582428 6.739588  -0.406397 0.880537 0.243918  1.556006 0.925972 0
0  -1.884902 -7.582428 6.952008  -0.230018 0.880534 0.414430  1.556006 0.914469 0
syringe_lod1
0  -0.819081 -3.407455 1.621074  -0.893795 0.003337 -0.448463  1.914192 0.478928 0
0  -0.726555 -5.769392 1.912468  -0.406034 0.048721 0.912558  1.901702 0.376907 0
0  -0.747863 -3.407455 1.893120  -0.448475 0.003337 0.893789  1.901702 0.478928 0
syringe_lod1
0  -2.398569 -7.891356 3.218827  -0.000277 -1.000000 -0.000742  1.944290 0.833707 0
0  -3.049030 -7.892757 5.353649  0.000242 -1.000000 -0.000583  1.916152 0.741396 0
0  -3.049343 -7.891355 3.656452  -0.000236 -1.000000 -0.000729  1.916147 0.814786 0
syringe_lod1
0  -2.032043 -7.967423 2.516782  0.355743 -0.920044 -0.164210  1.926633 0.237436 0
0  -1.920169 -7.694897 3.075698  0.922586 0.385781 -0.002811  1.939123 0.214217 0
0  -2.032042 -7.962445 3.075698  0.384084 -0.923261 0.008224  1.926633 0.214217 0
syringe_lod1
0  -1.093100 -6.355086 1.983606  -0.086451 0.416577 0.904980  1.901702 0.338799 0
0  -0.948261 -6.185217 1.684839  -0.648280 0.556260 -0.519911  1.914192 0.351827 0
0  -1.122055 -6.288521 1.700423  -0.283345 0.787567 -0.547223  1.914192 0.338799 0
syringe_lod1
0  -2.161289 -6.951735 2.073612  -0.441133 0.298538 0.846331  1.901702 0.285020 0
0  -2.302129 -7.392706 1.895002  -0.891047 -0.172767 -0.419746  1.914192 0.269028 0
0  -2.190254 -7.284671 2.142540  -0.438302 0.409099 0.800331  1.901702 0.269028 0
syringe_lod1
0  -0.869154 -6.223152 1.963704  -0.196807 0.331731 0.922617  1.901702 0.351827 0
0  -0.849986 -6.009829 1.658382  -0.857734 0.202096 -0.472704  1.914192 0.364855 0
0  -0.948261 -6.185217 1.684839  -0.648280 0.556260 -0.519911  1.914192 0.351827 0
syringe_lod1
0  -1.621402 -6.332359 1.707036  -0.276088 0.831588 -0.481909  1.914192 0.317147 0
0  -1.052152 -6.563173 1.628715  0.144046 -0.566061 -0.811680  1.926633 0.338799 0
0  -1.551499 -6.607011 1.635328  0.084278 -0.422702 -0.902342  1.926633 0.317147 0
syringe_lod1
0  -1.940838 -7.852515 7.048893  -0.455725 -0.346814 0.819777  1.568644 0.914469 0
0  -1.587684 -7.964388 6.867479  0.032714 -0.942112 -0.333698  1.581099 0.902966 0
0  -1.587684 -7.852514 7.137565  -0.109320 -0.364844 0.924628  1.568644 0.902966 0
syringe_lod1
0  -0.678174 -6.428683 1.881569  0.669219 -0.598191 0.440809  1.889259 0.351827 0
0  -1.093100 -6.355086 1.983606  -0.086451 0.416577 0.904980  1.901702 0.338799 0
0  -1.023197 -6.629738 1.911899  0.283608 -0.829687 0.480818  1.889259 0.338799 0
syringe_lod1
0  -1.522545 -6.673577 1.918512  0.270973 -0.793612 0.544751  1.939123 0.317147 0
0  -1.052152 -6.563173 1.628715  0.144046 -0.566061 -0.811680  1.926633 0.338799 0
0  -1.023197 -6.629738 1.911899  0.283608 -0.829687 0.480818  1.939123 0.338799 0
syringe_lod1
0  -2.269351 -6.963391 1.802228  -0.892238 0.206527 -0.401569  1.914192 0.285020 0
0  -2.032042 -7.437456 1.792469  0.336199 -0.414431 -0.845705  1.926633 0.269028 0
0  -2.302129 -7.392706 1.895002  -0.891047 -0.172767 -0.419746  1.914192 0.269028 0
syringe_lod1
0  -1.122055 -6.288521 1.700423  -0.283345 0.787567 -0.547223  1.914192 0.338799 0
0  -0.757281 -6.390748 1.602705  0.338712 -0.459419 -0.821102  1.926633 0.351827 0
0  -1.052152 -6.563173 1.628715  0.144046 -0.566061 -0.811680  1.926633 0.338799 0
syringe_lod1
0  -2.032042 -7.799479 2.083623  0.346665 -0.757033 -0.553827  1.926633 0.253232 0
0  -2.302129 -7.392706 1.895002  -0.891047 -0.172767 -0.419746  1.914192 0.269028 0
0  -2.032042 -7.437456 1.792469  0.336199 -0.414431 -0.845705  1.926633 0.269028 0
syringe_lod1
0  -2.030876 -6.562037 1.741683  -0.658435 0.608845 -0.442460  1.914192 0.301083 0
0  -1.592447 -6.398924 1.990219  -0.139053 0.564731 0.813476  1.901702 0.317147 0
0  -1.621402 -6.332359 1.707036  -0.276088 0.831588 -0.481909  1.914192 0.317147 0
syringe_lod1
0  -2.190254 -7.284671 2.142540  -0.438302 0.409099 0.800331  1.901702 0.269028 0
0  -1.900407 -7.037545 1.973417  0.872004 -0.196041 0.448528  1.889259 0.285020 0
0  -2.161289 -6.951735 2.073612  -0.441133 0.298538 0.846331  1.901702 0.285020 0
syringe_lod1
0  -2.202343 -7.852514 6.795525  -0.804611 -0.346838 0.481980  1.568644 0.925972 0
0  -1.805795 -7.964387 6.814991  0.129066 -0.961768 -0.241545  1.581099 0.914469 0
0  -1.940838 -7.852515 7.048893  -0.455725 -0.346814 0.819777  1.568644 0.914469 0
syringe_lod1
0  -2.190254 -7.284671 2.142540  -0.438302 0.409099 0.800331  1.901702 0.269028 0
0  -2.302129 -7.709458 2.150045  -0.880608 -0.382636 -0.279497  1.914192 0.253232 0
0  -2.190255 -7.492127 2.310401  -0.431160 0.729614 0.530815  1.901702 0.253232 0
syringe_lod1
0  -1.940838 -7.852515 7.048893  -0.455725 -0.346814 0.819777  1.568644 0.914469 0
0  -2.105458 -7.582428 6.739588  -0.406397 0.880537 0.243918  1.556006 0.925972 0
0  -2.202343 -7.852514 6.795525  -0.804611 -0.346838 0.481980  1.568644 0.925972 0
syringe_lod1
0  -2.302129 -7.852515 6.445348  -0.923715 -0.362429 0.124082  1.568644 0.937475 0
0  -1.968442 -7.964388 6.660481  0.232550 -0.961773 -0.144615  1.581099 0.925972 0
0  -2.202343 -7.852514 6.795525  -0.804611 -0.346838 0.481980  1.568644 0.925972 0
syringe_lod1
0  -1.592447 -6.398924 1.990219  -0.139053 0.564731 0.813476  1.901702 0.317147 0
0  -1.122055 -6.288521 1.700423  -0.283345 0.787567 -0.547223  1.914192 0.338799 0
0  -1.621402 -6.332359 1.707036  -0.276088 0.831588 -0.481909  1.914192 0.317147 0
syringe_lod1
0  -1.023197 -6.629738 1.911899  0.283608 -0.829687 0.480818  1.889259 0.338799 0
0  -1.592447 -6.398924 1.990219  -0.139053 0.564731 0.813476  1.901702 0.317147 0
0  -1.522545 -6.673577 1.918512  0.270973 -0.793612 0.544751  1.889259 0.317147 0
syringe_lod1
0  -1.749858 -7.694302 6.718107  0.426945 0.431121 -0.794891  1.543551 0.914469 0
0  -1.968442 -7.964388 6.660481  0.232550 -0.961773 -0.144615  1.530913 0.925972 0
0  -1.871556 -7.694301 6.604545  0.767171 0.431131 -0.474948  1.543551 0.925972 0
syringe_lod1
0  -0.849986 -6.009829 1.658382  -0.857734 0.202096 -0.472704  1.914192 0.364855 0
0  -0.757281 -6.390748 1.602705  0.338712 -0.459419 -0.821102  1.926633 0.351827 0
0  -0.948261 -6.185217 1.684839  -0.648280 0.556260 -0.519911  1.914192 0.351827 0
syringe_lod1
0  -1.587684 -7.964388 6.867479  0.032714 -0.942112 -0.333698  1.530913 0.902966 0
0  0.000000 -7.694301 6.755606  0.000000 0.382685 -0.923879  1.543551 0.834121 0
0  0.000000 -7.964387 6.867479  -0.000000 -0.923879 -0.382685  1.530913 0.834121 0
syringe_lod1
0  -1.749858 -7.694302 6.718107  0.426945 0.431121 -0.794891  1.543551 0.914469 0
0  -1.587684 -7.582428 7.025692  -0.057484 0.903945 0.423768  1.556006 0.902966 0
0  -1.587683 -7.694300 6.755606  0.111517 0.401872 -0.908880  1.543551 0.902966 0
syringe_lod1
0  -1.551499 -6.607011 1.635328  0.084278 -0.422702 -0.902342  1.926633 0.317147 0
0  -1.760790 -6.805502 1.938413  0.629729 -0.574891 0.522439  1.939123 0.301083 0
0  -1.839896 -6.767568 1.659549  0.191320 -0.337172 -0.921798  1.926633 0.301083 0
syringe_lod1
0  -1.587684 -7.852514 7.137565  -0.109320 -0.364844 0.924628  1.568644 0.902966 0
0  0.000000 -7.964387 6.867479  -0.000000 -0.923879 -0.382685  1.581099 0.834121 0
0  0.000000 -7.852515 7.137565  0.000000 -0.382684 0.923879  1.568644 0.834121 0
syringe_lod1
0  -1.760790 -6.805502 1.938413  0.629729 -0.574891 0.522439  1.889259 0.301083 0
0  -2.161289 -6.951735 2.073612  -0.441133 0.298538 0.846331  1.901702 0.285020 0
0  -1.900407 -7.037545 1.973417  0.872004 -0.196041 0.448528  1.889259 0.285020 0
syringe_lod1
0  -1.951769 -6.599972 2.020548  -0.332288 0.465940 0.820052  1.901702 0.301083 0
0  -2.269351 -6.963391 1.802228  -0.892238 0.206527 -0.401569  1.914192 0.285020 0
0  -2.161289 -6.951735 2.073612  -0.441133 0.298538 0.846331  1.901702 0.285020 0
syringe_lod1
0  -1.587684 -7.582428 7.025692  -0.057484 0.903945 0.423768  1.556006 0.902966 0
0  0.000000 -7.852515 7.137565  0.000000 -0.382684 0.923879  1.568644 0.834121 0
0  0.000000 -7.582428 7.025692  0.000001 0.923879 0.382685  1.556006 0.834121 0
syringe_lod1
0  -1.621402 -6.332359 1.707036  -0.276088 0.831588 -0.481909  1.914192 0.317147 0
0  -1.839896 -6.767568 1.659549  0.191320 -0.337172 -0.921798  1.926633 0.301083 0
0  -2.030876 -6.562037 1.741683  -0.658435 0.608845 -0.442460  1.914192 0.301083 0
syringe_lod1
0  -2.032043 -7.967423 2.516782  0.355743 -0.920044 -0.164210  1.926633 0.237436 0
0  -2.302129 -7.709458 2.150045  -0.880608 -0.382636 -0.279497  1.914192 0.253232 0
0  -2.032042 -7.799479 2.083623  0.346665 -0.757033 -0.553827  1.926633 0.253232 0
syringe_lod1
0  -1.522545 -6.673577 1.918512  0.270973 -0.793612 0.544751  1.889259 0.317147 0
0  -1.951769 -6.599972 2.020548  -0.332288 0.465940 0.820052  1.901702 0.301083 0
0  -1.760790 -6.805502 1.938413  0.629729 -0.574891 0.522439  1.889259 0.301083 0
syringe_lod1
0  -2.269351 -6.963391 1.802228  -0.892238 0.206527 -0.401569  1.914192 0.285020 0
0  -1.839896 -6.767568 1.659549  0.191320 -0.337172 -0.921798  1.926633 0.301083 0
0  -2.008468 -7.049201 1.702033  0.263142 -0.256499 -0.930035  1.926633 0.285020 0
syringe_lod1
0  -2.008468 -7.049201 1.702033  0.263142 -0.256499 -0.930035  1.926633 0.285020 0
0  -1.760790 -6.805502 1.938413  0.629729 -0.574891 0.522439  1.939123 0.301083 0
0  -1.900407 -7.037545 1.973417  0.872004 -0.196041 0.448528  1.939123 0.285020 0
syringe_lod1
0  -2.008468 -7.049201 1.702033  0.263142 -0.256499 -0.930035  1.926633 0.285020 0
0  -1.920169 -7.329421 2.040007  0.956942 0.089757 0.276055  1.939123 0.269028 0
0  -2.032042 -7.437456 1.792469  0.336199 -0.414431 -0.845705  1.926633 0.269028 0
syringe_lod1
0  -1.587683 -7.694300 6.755606  0.111517 0.401872 -0.908880  1.543551 0.902966 0
0  0.000000 -7.582428 7.025692  0.000001 0.923879 0.382685  1.556006 0.834121 0
0  0.000000 -7.694301 6.755606  0.000000 0.382685 -0.923879  1.543551 0.834121 0
syringe_lod1
0  -1.920169 -7.329421 2.040007  0.956942 0.089757 0.276055  1.889259 0.269028 0
0  -2.190255 -7.492127 2.310401  -0.431160 0.729614 0.530815  1.901702 0.253232 0
0  -1.920169 -7.582149 2.243980  0.961769 0.221426 0.161153  1.889259 0.253232 0
syringe_lod1
0  -2.032043 -7.967423 2.516782  0.355743 -0.920044 -0.164210  1.926633 0.237436 0
0  -2.302129 -7.851625 3.075698  -0.925221 -0.379411 0.003620  1.914192 0.214217 0
0  -2.302129 -7.856251 2.529294  -0.892754 -0.442479 -0.084869  1.914192 0.237436 0
syringe_lod1
0  -2.190255 -7.587861 2.559501  -0.415845 0.893935 0.167195  1.901702 0.237436 0
0  -2.302129 -7.851625 3.075698  -0.925221 -0.379411 0.003620  1.914192 0.214217 0
0  -2.190254 -7.584068 3.075698  -0.381380 0.924392 -0.007000  1.901702 0.214217 0
syringe_lod1
0  -0.757281 -6.390748 1.602705  0.338712 -0.459419 -0.821102  1.926633 0.351827 0
0  -1.023197 -6.629738 1.911899  0.283608 -0.829687 0.480818  1.939123 0.338799 0
0  -1.052152 -6.563173 1.628715  0.144046 -0.566061 -0.811680  1.926633 0.338799 0
syringe_lod1
0  -2.032042 -7.799479 2.083623  0.346665 -0.757033 -0.553827  1.926633 0.253232 0
0  -1.920169 -7.699031 2.546989  0.952078 0.301674 0.050403  1.939123 0.237436 0
0  -2.032043 -7.967423 2.516782  0.355743 -0.920044 -0.164210  1.926633 0.237436 0
syringe_lod1
0  -2.190255 -7.587861 2.559501  -0.415845 0.893935 0.167195  1.901702 0.237436 0
0  -1.920169 -7.582149 2.243980  0.961769 0.221426 0.161153  1.889259 0.253232 0
0  -2.190255 -7.492127 2.310401  -0.431160 0.729614 0.530815  1.901702 0.253232 0
syringe_lod1
0  -2.190254 -7.584068 3.075698  -0.381380 0.924392 -0.007000  1.901702 0.214217 0
0  -1.920169 -7.699031 2.546989  0.952078 0.301674 0.050403  1.889259 0.237436 0
0  -2.190255 -7.587861 2.559501  -0.415845 0.893935 0.167195  1.901702 0.237436 0
syringe_lod1
0  -1.920169 -7.694301 6.445347  0.902268 0.408017 -0.139408  1.543551 0.937475 0
0  -1.968442 -7.964388 6.660481  0.232550 -0.961773 -0.144615  1.530913 0.925972 0
0  -2.032042 -7.964388 6.445347  0.321566 -0.945960 -0.041892  1.530913 0.937475 0
syringe_lod1
0  -2.190255 -7.492127 2.310401  -0.431160 0.729614 0.530815  1.901702 0.253232 0
0  -2.302129 -7.856251 2.529294  -0.892754 -0.442479 -0.084869  1.914192 0.237436 0
0  -2.190255 -7.587861 2.559501  -0.415845 0.893935 0.167195  1.901702 0.237436 0
syringe_lod1
0  -1.805795 -7.964387 6.814991  0.129066 -0.961768 -0.241545  1.530913 0.914469 0
0  -1.587683 -7.694300 6.755606  0.111517 0.401872 -0.908880  1.543551 0.902966 0
0  -1.587684 -7.964388 6.867479  0.032714 -0.942112 -0.333698  1.530913 0.902966 0
syringe_lod1
0  -2.032042 -7.437456 1.792469  0.336199 -0.414431 -0.845705  1.926633 0.269028 0
0  -1.920169 -7.582149 2.243980  0.961769 0.221426 0.161153  1.939123 0.253232 0
0  -2.032042 -7.799479 2.083623  0.346665 -0.757033 -0.553827  1.926633 0.253232 0
syringe_lod1
0  -1.920392 -7.694225 5.930033  0.923622 0.383304 -0.000514  1.543551 0.959821 0
0  -2.190254 -7.582429 6.445348  -0.429604 0.900641 0.065464  1.556006 0.937475 0
0  -1.920169 -7.694301 6.445347  0.902268 0.408017 -0.139408  1.543551 0.937475 0
syringe_lod1
0  -0.568342 -5.769392 1.530508  0.419056 -0.049701 -0.906599  1.926633 0.376907 0
0  -0.481041 -6.083982 1.829571  0.898798 -0.225064 0.376175  1.939123 0.364855 0
0  -0.589103 -6.095638 1.558187  0.440617 -0.239170 -0.865248  1.926633 0.364855 0
syringe_lod1
0  -2.398583 -7.654758 5.918422  -0.924120 0.382102 -0.000020  1.056231 0.370896 0
0  -2.398255 -7.892757 5.793283  -0.863331 -0.504637 -0.000217  1.061652 0.360609 0
0  -2.398239 -7.892828 5.918422  -0.923128 -0.384492 -0.000101  1.056240 0.360601 0
syringe_lod1
0  -1.884902 -7.582428 6.952008  -0.230018 0.880534 0.414430  1.556006 0.914469 0
0  -1.587684 -7.852514 7.137565  -0.109320 -0.364844 0.924628  1.568644 0.902966 0
0  -1.587684 -7.582428 7.025692  -0.057484 0.903945 0.423768  1.556006 0.902966 0
syringe_lod1
0  -0.678174 -6.428683 1.881569  0.669219 -0.598191 0.440809  1.939123 0.351827 0
0  -0.589103 -6.095638 1.558187  0.440617 -0.239170 -0.865248  1.926633 0.364855 0
0  -0.481041 -6.083982 1.829571  0.898798 -0.225064 0.376175  1.939123 0.364855 0
syringe_lod1
0  -1.920169 -7.694301 6.445347  0.902268 0.408017 -0.139408  1.543551 0.937475 0
0  -2.105458 -7.582428 6.739588  -0.406397 0.880537 0.243918  1.556006 0.925972 0
0  -1.871556 -7.694301 6.604545  0.767171 0.431131 -0.474948  1.543551 0.925972 0
syringe_lod1
0  -3.049030 -7.654425 3.652539  -0.558838 -0.016479 -0.829113  1.725956 0.251017 0
0  -2.398569 -7.891356 3.218827  -0.558853 -0.016553 -0.829101  1.715708 0.217211 0
0  -3.049343 -7.891355 3.656452  -0.558832 -0.016453 -0.829118  1.715709 0.251123 0
syringe_lod1
0  -2.301905 -7.852539 5.930033  -0.074017 -0.027510 0.996877  1.382590 0.361214 0
0  -2.230173 -7.486406 5.918422  -0.026623 0.064278 0.997577  1.385675 0.345367 0
0  -2.398583 -7.654758 5.918422  -0.080718 0.036738 0.996060  1.378384 0.352658 0
syringe_lod1
0  -1.824057 -7.654412 3.087277  0.923397 0.383847 -0.000101  1.178640 0.401784 0
0  -1.992124 -7.486406 5.918422  0.381538 0.924353 -0.000327  1.056218 0.391487 0
0  -1.823713 -7.654761 5.918422  0.923433 0.383760 -0.000101  1.056216 0.401784 0
syringe_lod1
0  -3.049343 -7.654744 5.349765  -1.000000 -0.000135 0.000019  1.704036 0.243287 0
0  -3.049343 -7.891355 3.656452  -1.000000 -0.000005 0.000001  1.630822 0.253579 0
0  -3.049030 -7.892757 5.353649  -1.000000 0.000014 -0.000002  1.704212 0.253579 0
syringe_lod1
0  -2.398568 -7.654744 5.787391  -0.861030 0.508555 -0.000091  1.061897 0.370901 0
0  -2.229836 -7.487576 3.087277  -0.381198 0.924493 -0.000291  1.178647 0.381269 0
0  -2.398255 -7.654426 3.212891  -0.863020 0.505170 -0.000095  1.173224 0.371013 0
syringe_lod1
0  -2.230173 -8.058798 3.087277  -0.381538 -0.924353 -0.000490  1.178674 0.350504 0
0  -2.398569 -7.891356 3.218827  -0.860617 -0.509253 -0.000175  1.172976 0.360767 0
0  -2.398584 -7.891283 3.087277  -0.923682 -0.383159 -0.000141  1.178665 0.360775 0
syringe_lod1
0  -1.992460 -7.487576 3.087277  0.381481 0.924377 -0.000335  1.178642 0.391533 0
0  -2.230173 -7.486406 5.918422  -0.381972 0.924174 -0.000304  1.056223 0.381193 0
0  -1.992124 -7.486406 5.918422  0.381538 0.924353 -0.000327  1.056218 0.391487 0
syringe_lod1
0  -2.229836 -7.487576 3.087277  -0.381198 0.924493 -0.000291  1.178647 0.381269 0
0  -2.398240 -7.654410 3.087277  -0.922685 0.385554 -0.000062  1.178656 0.371018 0
0  -2.398255 -7.654426 3.212891  -0.863020 0.505170 -0.000095  1.173224 0.371013 0
syringe_lod1
0  -2.398255 -7.654426 3.212891  -0.863020 0.505170 -0.000095  1.173224 0.371013 0
0  -2.398584 -7.891283 3.087277  -0.923682 -0.383159 -0.000141  1.178665 0.360775 0
0  -2.398569 -7.891356 3.218827  -0.860617 -0.509253 -0.000175  1.172976 0.360767 0
syringe_lod1
0  -2.302129 -7.852515 6.445348  -0.923715 -0.362429 0.124082  1.568644 0.937475 0
0  -2.105458 -7.582428 6.739588  -0.406397 0.880537 0.243918  1.556006 0.925972 0
0  -2.190254 -7.582429 6.445348  -0.429604 0.900641 0.065464  1.556006 0.937475 0
syringe_lod1
0  -2.229832 -8.060501 5.918422  -0.381592 -0.924331 -0.000505  1.056250 0.350325 0
0  -1.992123 -8.058798 3.087277  0.381539 -0.924353 -0.000489  1.178688 0.340210 0
0  -1.992465 -8.060501 5.918422  0.381136 -0.924519 -0.000465  1.056264 0.340061 0
syringe_lod1
0  -1.992465 -8.060501 5.918422  0.035627 -0.082828 0.995927  1.395971 0.370226 0
0  -2.031992 -7.964139 5.930033  0.027557 -0.074040 0.996875  1.394251 0.366034 0
0  -2.229832 -8.060501 5.918422  -0.036713 -0.080736 0.996059  1.385693 0.370226 0
syringe_lod1
0  -2.398239 -7.892828 5.918422  -0.082603 -0.035899 0.995936  1.378399 0.362967 0
0  -2.301905 -7.852539 5.930033  -0.074017 -0.027510 0.996877  1.382590 0.361214 0
0  -2.398583 -7.654758 5.918422  -0.080718 0.036738 0.996060  1.378384 0.352658 0
syringe_lod1
0  -2.031992 -7.964139 5.930033  0.027557 -0.074040 0.996875  1.394251 0.366034 0
0  -2.398239 -7.892828 5.918422  -0.082603 -0.035899 0.995936  1.378399 0.362967 0
0  -2.229832 -8.060501 5.918422  -0.036713 -0.080736 0.996059  1.385693 0.370226 0
syringe_lod1
0  -0.849986 -6.009829 1.658382  -0.857734 0.202096 -0.472704  1.914192 0.364855 0
0  -0.568342 -5.769392 1.530508  0.419056 -0.049701 -0.906599  1.926633 0.376907 0
0  -0.589103 -6.095638 1.558187  0.440617 -0.239170 -0.865248  1.926633 0.364855 0
syringe_lod1
0  -1.920392 -7.694225 5.930033  0.081477 0.033961 0.996096  1.399071 0.354372 0
0  -2.230173 -7.486406 5.918422  -0.026623 0.064278 0.997577  1.385675 0.345367 0
0  -2.190305 -7.582626 5.930033  -0.026619 0.064265 0.997578  1.387410 0.349553 0
syringe_lod1
0  -1.824058 -7.892826 5.918422  0.080598 -0.036833 0.996066  1.403262 0.362963 0
0  -2.031992 -7.964139 5.930033  0.027557 -0.074040 0.996875  1.394251 0.366034 0
0  -1.992465 -8.060501 5.918422  0.035627 -0.082828 0.995927  1.395971 0.370226 0
syringe_lod1
0  -2.398239 -7.892828 5.918422  -0.923128 -0.384492 -0.000101  1.056240 0.360601 0
0  -2.398255 -7.892757 5.793283  -0.863331 -0.504637 -0.000217  1.061652 0.360609 0
0  -2.229832 -8.060501 5.918422  -0.381592 -0.924331 -0.000505  1.056250 0.350325 0
syringe_lod1
0  -3.049030 -7.654425 3.652539  0.000056 1.000000 0.000133  1.398377 0.192037 0
0  -2.398568 -7.654744 5.787391  -0.000062 1.000000 0.000169  1.490689 0.163899 0
0  -2.398255 -7.654426 3.212891  0.000085 1.000000 0.000124  1.379362 0.163899 0
syringe_lod1
0  -1.823713 -7.654761 5.918422  0.102167 0.042144 0.993874  1.403277 0.352655 0
0  -1.920392 -7.694225 5.930033  0.081477 0.033961 0.996096  1.399071 0.354372 0
0  -1.824058 -7.892826 5.918422  0.080598 -0.036833 0.996066  1.403262 0.362963 0
syringe_lod1
0  -0.481041 -6.083982 1.829571  0.898798 -0.225064 0.376175  1.889259 0.364855 0
0  -0.726555 -5.769392 1.912468  -0.406034 0.048721 0.912558  1.901702 0.376907 0
0  -0.741924 -5.998173 1.929766  -0.291655 0.184991 0.938465  1.901702 0.364855 0
syringe_lod1
0  -1.824058 -7.892826 5.918422  0.923278 -0.384131 -0.000202  1.056282 0.329784 0
0  -1.992123 -8.058798 3.087277  0.381539 -0.924353 -0.000489  1.178688 0.340210 0
0  -1.823712 -7.891283 3.087277  0.923465 -0.383683 -0.000174  1.178706 0.329938 0
syringe_lod1
0  -2.230173 -7.486406 5.918422  -0.381972 0.924174 -0.000304  1.056223 0.381193 0
0  -2.398568 -7.654744 5.787391  -0.861030 0.508555 -0.000091  1.061897 0.370901 0
0  -2.398583 -7.654758 5.918422  -0.924120 0.382102 -0.000020  1.056231 0.370896 0
syringe_lod1
0  -1.824058 -7.892826 5.918422  0.923278 -0.384131 -0.000202  1.056282 0.329784 0
0  -1.824057 -7.654412 3.087277  0.923397 0.383847 -0.000101  1.178724 0.319695 0
0  -1.823713 -7.654761 5.918422  0.923433 0.383760 -0.000101  1.056300 0.319490 0
syringe_lod1
0  -2.398255 -7.892757 5.793283  -0.863331 -0.504637 -0.000217  1.061652 0.360609 0
0  -2.230173 -8.058798 3.087277  -0.381538 -0.924353 -0.000490  1.178674 0.350504 0
0  -2.229832 -8.060501 5.918422  -0.381592 -0.924331 -0.000505  1.056250 0.350325 0
syringe_lod1
0  -0.475817 -3.407455 1.821902  0.893790 0.003337 0.448474  1.939123 0.478928 0
0  -0.568342 -5.769392 1.530508  0.419056 -0.049701 -0.906599  1.926633 0.376907 0
0  -0.547035 -3.407455 1.549857  0.448483 0.003338 -0.893785  1.926633 0.478928 0
syringe_lod1
0  -2.032042 -7.964388 6.445347  0.321566 -0.945960 -0.041892  1.581099 0.937475 0
0  -2.301905 -7.852539 5.930033  -0.923869 -0.382707 -0.000382  1.568644 0.959821 0
0  -2.031992 -7.964139 5.930033  0.383290 -0.923628 -0.000579  1.581099 0.959821 0
syringe_lod1
0  -0.726555 -5.769392 1.912468  -0.406034 0.048721 0.912558  1.901702 0.376907 0
0  -0.849986 -6.009829 1.658382  -0.857734 0.202096 -0.472704  1.914192 0.364855 0
0  -0.741924 -5.998173 1.929766  -0.291655 0.184991 0.938465  1.901702 0.364855 0
syringe_lod1
0  -1.999600 -3.251639 6.812611  -0.071779 -0.971490 -0.225954  0.975383 0.491658 0
0  -1.870295 -3.167258 6.752031  0.291606 -0.637081 -0.713508  0.980789 0.496857 0
0  -1.896608 -3.251556 6.816546  0.090412 -0.971369 -0.219699  0.976211 0.495919 0
syringe_lod1
0  -2.054697 -3.251683 7.067704  -0.158550 -0.971567 0.175841  0.964403 0.491846 0
0  -1.961921 -3.167332 7.176252  -0.028819 -0.637193 0.770166  0.959168 0.497198 0
0  -2.101488 -3.167444 7.119330  -0.517158 -0.637353 0.571252  0.960245 0.489700 0
syringe_lod1
0  -1.806231 -3.251482 6.987874  0.232630 -0.971274 0.050105  0.970052 0.501309 0
0  -1.959261 -3.251606 7.106627  -0.008281 -0.971444 0.237123  0.963711 0.496121 0
0  -2.102784 -3.251722 6.976543  -0.234312 -0.971626 0.032269  0.967704 0.489097 0
syringe_lod1
0  -2.102784 -3.251722 6.976543  -0.234312 -0.971626 0.032269  0.967704 0.489097 0
0  -2.139991 -3.167475 6.838683  -0.651941 -0.637393 -0.410736  0.973665 0.484559 0
0  -2.081025 -3.251705 6.875799  -0.200100 -0.971585 -0.126422  0.972011 0.488935 0
syringe_lod1
0  -2.054697 -3.251683 7.067704  -0.158550 -0.971567 0.175841  0.964403 0.491846 0
0  -2.171813 -3.167501 6.986014  -0.763345 -0.637432 0.104807  0.965963 0.484559 0
0  -2.102784 -3.251722 6.976543  -0.234312 -0.971626 0.032269  0.967704 0.489097 0
syringe_lod1
0  -1.999600 -3.251639 6.812611  -0.071779 -0.971490 -0.225954  0.975383 0.491658 0
0  -2.139991 -3.167475 6.838683  -0.651941 -0.637393 -0.410736  0.973665 0.484559 0
0  -2.020913 -3.167379 6.746276  -0.235195 -0.637259 -0.733883  0.979489 0.489436 0
syringe_lod1
0  -1.820240 -3.251494 6.885763  0.210646 -0.971277 -0.110673  0.974117 0.499716 0
0  -1.870295 -3.167258 6.752031  0.291606 -0.637081 -0.713508  0.980789 0.496857 0
0  -1.758614 -3.167167 6.853254  0.681977 -0.636958 -0.359433  0.977046 0.503330 0
syringe_lod1
0  -1.820240 -3.251494 6.885763  0.210646 -0.971277 -0.110673  0.974117 0.499716 0
0  -1.738126 -3.167150 7.002583  0.753570 -0.636933 0.162630  0.970129 0.505846 0
0  -1.806231 -3.251482 6.987874  0.232630 -0.971274 0.050105  0.970052 0.501309 0
syringe_lod1
0  -1.806231 -3.251482 6.987874  0.232630 -0.971274 0.050105  0.970052 0.501309 0
0  -1.818419 -3.167216 7.130145  0.472960 -0.637026 0.608693  0.963127 0.503557 0
0  -1.861134 -3.251527 7.075099  0.146247 -0.971326 0.187453  0.965933 0.499849 0
syringe_lod1
0  -1.961921 -3.167332 7.176252  -0.028819 -0.637193 0.770166  0.959168 0.497198 0
0  -1.861134 -3.251527 7.075099  0.146247 -0.971326 0.187453  0.965933 0.499849 0
0  -1.818419 -3.167216 7.130145  0.472960 -0.637026 0.608693  0.963127 0.503557 0
syringe_lod1
0  1.999511 -3.251639 6.812611  0.071830 -0.971492 -0.225929  1.975383 0.491658 0
0  1.870206 -3.167258 6.752030  -0.291602 -0.637090 -0.713502  1.980789 0.496857 0
0  2.020824 -3.167379 6.746275  0.235198 -0.637263 -0.733879  1.979489 0.489436 0
syringe_lod1
0  2.054607 -3.251683 7.067703  0.158571 -0.971573 0.175788  1.964403 0.491846 0
0  1.961832 -3.167331 7.176252  0.028827 -0.637188 0.770169  1.959168 0.497198 0
0  1.959172 -3.251606 7.106627  0.008272 -0.971442 0.237132  1.963711 0.496121 0
syringe_lod1
0  2.054607 -3.251683 7.067703  0.158571 -0.971573 0.175788  1.964403 0.491846 0
0  1.861045 -3.251527 7.075100  -0.146252 -0.971325 0.187453  1.965933 0.499849 0
0  1.820151 -3.251494 6.885763  -0.210646 -0.971277 -0.110678  1.974117 0.499716 0
syringe_lod1
0  2.102695 -3.251722 6.976544  0.234348 -0.971618 0.032249  1.967704 0.489097 0
0  2.139902 -3.167475 6.838683  0.651941 -0.637394 -0.410733  1.973665 0.484559 0
0  2.171724 -3.167501 6.986014  0.763343 -0.637434 0.104808  1.965963 0.484559 0
syringe_lod1
0  2.054607 -3.251683 7.067703  0.158571 -0.971573 0.175788  1.964403 0.491846 0
0  2.171724 -3.167501 6.986014  0.763343 -0.637434 0.104808  1.965963 0.484559 0
0  2.101399 -3.167444 7.119330  0.517158 -0.637353 0.571252  1.960245 0.489700 0
syringe_lod1
0  1.999511 -3.251639 6.812611  0.071830 -0.971492 -0.225929  1.975383 0.491658 0
0  2.139902 -3.167475 6.838683  0.651941 -0.637394 -0.410733  1.973665 0.484559 0
0  2.080936 -3.251705 6.875800  0.200090 -0.971588 -0.126416  1.972011 0.488935 0
syringe_lod1
0  1.820151 -3.251494 6.885763  -0.210646 -0.971277 -0.110678  1.974117 0.499716 0
0  1.870206 -3.167258 6.752030  -0.291602 -0.637090 -0.713502  1.980789 0.496857 0
0  1.896519 -3.251555 6.816546  -0.090379 -0.971371 -0.219706  1.976211 0.495919 0
syringe_lod1
0  1.820151 -3.251494 6.885763  -0.210646 -0.971277 -0.110678  1.974117 0.499716 0
0  1.738037 -3.167151 7.002583  -0.753569 -0.636934 0.162632  1.970129 0.505846 0
0  1.758525 -3.167167 6.853255  -0.681982 -0.636954 -0.359431  1.977046 0.503330 0
syringe_lod1
0  1.806142 -3.251483 6.987874  -0.232674 -0.971264 0.050088  1.970052 0.501309 0
0  1.818329 -3.167216 7.130145  -0.472961 -0.637021 0.608697  1.963127 0.503557 0
0  1.738037 -3.167151 7.002583  -0.753569 -0.636934 0.162632  1.970129 0.505846 0
syringe_lod1
0  1.961832 -3.167331 7.176252  0.028827 -0.637188 0.770169  1.959168 0.497198 0
0  1.861045 -3.251527 7.075100  -0.146252 -0.971325 0.187453  1.965933 0.499849 0
0  1.959172 -3.251606 7.106627  0.008272 -0.971442 0.237132  1.963711 0.496121 0
syringe_lod1
0  -1.999600 -3.251639 3.433034  -0.071832 -0.971491 0.225931  2.975383 0.491658 0
0  -1.870295 -3.167258 3.493615  0.291602 -0.637088 0.713504  2.980789 0.496857 0
0  -2.020913 -3.167379 3.499370  -0.235197 -0.637262 0.733880  2.979489 0.489436 0
syringe_lod1
0  -2.054696 -3.251683 3.177940  -0.158575 -0.971571 -0.175797  2.964403 0.491846 0
0  -1.961921 -3.167331 3.069393  -0.028824 -0.637187 -0.770170  2.959168 0.497198 0
0  -1.959261 -3.251606 3.139018  -0.008269 -0.971438 -0.237148  2.963711 0.496121 0
syringe_lod1
0  -2.081024 -3.251705 3.369845  -0.200103 -0.971585 0.126414  2.972011 0.488935 0
0  -1.861135 -3.251527 3.170545  0.146255 -0.971323 -0.187457  2.965933 0.499849 0
0  -1.820240 -3.251494 3.359883  0.210601 -0.971286 0.110681  2.974117 0.499716 0
syringe_lod1
0  -2.102784 -3.251722 3.269102  -0.234330 -0.971621 -0.032296  2.967704 0.489097 0
0  -2.139991 -3.167475 3.406962  -0.651938 -0.637397 0.410733  2.973665 0.484559 0
0  -2.171813 -3.167501 3.259631  -0.763344 -0.637432 -0.104812  2.965963 0.484559 0
syringe_lod1
0  -2.054696 -3.251683 3.177940  -0.158575 -0.971571 -0.175797  2.964403 0.491846 0
0  -2.171813 -3.167501 3.259631  -0.763344 -0.637432 -0.104812  2.965963 0.484559 0
0  -2.101488 -3.167444 3.126316  -0.517164 -0.637348 -0.571252  2.960245 0.489700 0
syringe_lod1
0  -1.999600 -3.251639 3.433034  -0.071832 -0.971491 0.225931  2.975383 0.491658 0
0  -2.139991 -3.167475 3.406962  -0.651938 -0.637397 0.410733  2.973665 0.484559 0
0  -2.081024 -3.251705 3.369845  -0.200103 -0.971585 0.126414  2.972011 0.488935 0
syringe_lod1
0  -1.820240 -3.251494 3.359883  0.210601 -0.971286 0.110681  2.974117 0.499716 0
0  -1.870295 -3.167258 3.493615  0.291602 -0.637088 0.713504  2.980789 0.496857 0
0  -1.896608 -3.251556 3.429099  0.090381 -0.971370 0.219708  2.976211 0.495919 0
syringe_lod1
0  -1.820240 -3.251494 3.359883  0.210601 -0.971286 0.110681  2.974117 0.499716 0
0  -1.738126 -3.167150 3.243062  0.753573 -0.636930 -0.162630  2.970129 0.505846 0
0  -1.758614 -3.167167 3.392391  0.681982 -0.636954 0.359431  2.977046 0.503330 0
syringe_lod1
0  -1.806231 -3.251482 3.257771  0.232676 -0.971264 -0.050087  2.970052 0.501309 0
0  -1.818419 -3.167216 3.115500  0.472957 -0.637025 -0.608696  2.963127 0.503557 0
0  -1.738126 -3.167150 3.243062  0.753573 -0.636930 -0.162630  2.970129 0.505846 0
syringe_lod1
0  -1.961921 -3.167331 3.069393  -0.028824 -0.637187 -0.770170  2.959168 0.497198 0
0  -1.861135 -3.251527 3.170545  0.146255 -0.971323 -0.187457  2.965933 0.499849 0
0  -1.959261 -3.251606 3.139018  -0.008269 -0.971438 -0.237148  2.963711 0.496121 0
syringe_lod1
0  1.999511 -3.251639 3.433034  0.071781 -0.971491 0.225949  3.975383 0.491658 0
0  1.870206 -3.167258 3.493615  -0.291603 -0.637086 0.713505  3.980789 0.496857 0
0  1.896519 -3.251556 3.429099  -0.090399 -0.971375 0.219678  3.976211 0.495919 0
syringe_lod1
0  2.054607 -3.251683 3.177940  0.158546 -0.971568 -0.175838  3.964403 0.491846 0
0  1.961832 -3.167331 3.069394  0.028826 -0.637187 -0.770170  3.959168 0.497198 0
0  2.101399 -3.167444 3.126316  0.517164 -0.637347 -0.571253  3.960245 0.489700 0
syringe_lod1
0  2.080936 -3.251705 3.369845  0.200058 -0.971595 0.126415  3.972011 0.488935 0
0  1.896519 -3.251556 3.429099  -0.090399 -0.971375 0.219678  3.976211 0.495919 0
0  1.959172 -3.251606 3.139018  0.008290 -0.971448 -0.237109  3.963711 0.496121 0
syringe_lod1
0  2.102695 -3.251722 3.269102  0.234327 -0.971621 -0.032295  3.967704 0.489097 0
0  2.139902 -3.167475 3.406962  0.651940 -0.637393 0.410736  3.973665 0.484559 0
0  2.080936 -3.251705 3.369845  0.200058 -0.971595 0.126415  3.972011 0.488935 0
syringe_lod1
0  2.054607 -3.251683 3.177940  0.158546 -0.971568 -0.175838  3.964403 0.491846 0
0  2.171724 -3.167501 3.259631  0.763346 -0.637431 -0.104811  3.965963 0.484559 0
0  2.102695 -3.251722 3.269102  0.234327 -0.971621 -0.032295  3.967704 0.489097 0
syringe_lod1
0  1.999511 -3.251639 3.433034  0.071781 -0.971491 0.225949  3.975383 0.491658 0
0  2.139902 -3.167475 3.406962  0.651940 -0.637393 0.410736  3.973665 0.484559 0
0  2.020824 -3.167379 3.499369  0.235197 -0.637257 0.733884  3.979489 0.489436 0
syringe_lod1
0  1.820151 -3.251494 3.359883  -0.210641 -0.971278 0.110674  3.974117 0.499716 0
0  1.870206 -3.167258 3.493615  -0.291603 -0.637086 0.713505  3.980789 0.496857 0
0  1.758525 -3.167167 3.392390  -0.681981 -0.636955 0.359431  3.977046 0.503330 0
syringe_lod1
0  1.820151 -3.251494 3.359883  -0.210641 -0.971278 0.110674  3.974117 0.499716 0
0  1.738037 -3.167151 3.243062  -0.753570 -0.636934 -0.162629  3.970129 0.505846 0
0  1.806142 -3.251483 3.257771  -0.232667 -0.971265 -0.050095  3.970052 0.501309 0
syringe_lod1
0  1.806142 -3.251483 3.257771  -0.232667 -0.971265 -0.050095  3.970052 0.501309 0
0  1.818329 -3.167216 3.115500  -0.472957 -0.637025 -0.608696  3.963127 0.503557 0
0  1.861045 -3.251527 3.170545  -0.146240 -0.971327 -0.187452  3.965933 0.499849 0
syringe_lod1
0  1.961832 -3.167331 3.069394  0.028826 -0.637187 -0.770170  3.959168 0.497198 0
0  1.861045 -3.251527 3.170545  -0.146240 -0.971327 -0.187452  3.965933 0.499849 0
0  1.818329 -3.167216 3.115500  -0.472957 -0.637025 -0.608696  3.963127 0.503557 0
syringe_lod1
0  0.546087 -5.959689 6.108459  0.707106 0.000000 0.707107  0.377798 0.221420 0
0  0.199882 -6.059780 6.308340  0.258820 -0.000007 0.965926  0.395084 0.225748 0
0  0.546087 -6.059780 6.108459  0.707107 0.000001 0.707107  0.377798 0.225748 0
syringe_lod1
0  -0.546087 -6.059780 5.016285  -0.707106 0.000000 -0.707107  0.481517 0.225748 0
0  -0.199882 -5.959688 4.816403  -0.258817 0.000004 -0.965926  0.498804 0.221420 0
0  -0.199882 -6.059780 4.816403  -0.258816 0.000005 -0.965927  0.498804 0.225748 0
syringe_lod1
0  0.745969 -5.959688 5.362490  0.965926 0.000001 -0.258818  0.343225 0.221420 0
0  0.745969 -6.059780 5.762253  0.965926 -0.000001 0.258819  0.360511 0.225748 0
0  0.745969 -6.059780 5.362490  0.965926 0.000001 -0.258819  0.343225 0.225748 0
syringe_lod1
0  0.546087 -6.059780 5.016285  0.707104 0.000001 -0.707109  0.325938 0.225748 0
0  0.745969 -5.959688 5.362490  0.965926 0.000001 -0.258818  0.343225 0.221420 0
0  0.745969 -6.059780 5.362490  0.965926 0.000001 -0.258819  0.343225 0.225748 0
syringe_lod1
0  0.386142 -6.059780 3.001460  0.500000 -0.000000 -0.866026  0.525223 0.285270 0
0  0.668817 -5.959688 3.284135  0.866026 0.000001 -0.499999  0.542510 0.280942 0
0  0.668817 -6.059780 3.284135  0.866026 0.000001 -0.499999  0.542510 0.285270 0
syringe_lod1
0  -0.000000 -6.059780 4.442561  0.000000 -0.000000 1.000000  0.611656 0.285270 0
0  -0.386142 -5.959687 4.339095  -0.499996 0.000000 0.866028  0.628942 0.280942 0
0  -0.386142 -6.059780 4.339095  -0.499996 0.000000 0.866028  0.628942 0.285270 0
syringe_lod1
0  0.668817 -5.959688 3.284135  0.866026 0.000001 -0.499999  0.542510 0.280942 0
0  0.772284 -6.059780 3.670277  1.000000 0.000000 0.000001  0.559796 0.285270 0
0  0.668817 -6.059780 3.284135  0.866026 0.000001 -0.499999  0.542510 0.285270 0
syringe_lod1
0  -0.386142 -6.059780 4.339095  -0.499996 0.000000 0.866028  0.628942 0.285270 0
0  -0.668817 -5.959688 4.056419  -0.866025 0.000000 0.500001  0.646229 0.280942 0
0  -0.668817 -6.059780 4.056419  -0.866025 0.000000 0.500000  0.646229 0.285270 0
syringe_lod1
0  0.772284 -6.059780 3.670277  1.000000 0.000000 0.000001  0.559796 0.285270 0
0  0.668817 -5.959688 4.056419  0.866025 0.000001 0.500001  0.577083 0.280942 0
0  0.668817 -6.059780 4.056419  0.866025 0.000001 0.500000  0.577083 0.285270 0
syringe_lod1
0  0.745969 -6.059780 5.762253  0.965926 -0.000001 0.258819  0.360511 0.225748 0
0  0.546087 -5.959689 6.108459  0.707106 0.000000 0.707107  0.377798 0.221420 0
0  0.546087 -6.059780 6.108459  0.707107 0.000001 0.707107  0.377798 0.225748 0
syringe_lod1
0  -0.546087 -6.059780 6.108459  -0.707104 0.000000 0.707109  0.429657 0.225748 0
0  -0.745969 -5.959687 5.762254  -0.965925 0.000000 0.258821  0.446944 0.221420 0
0  -0.745969 -6.059780 5.762254  -0.965925 0.000000 0.258821  0.446944 0.225748 0
syringe_lod1
0  -0.745969 -5.959688 5.362490  -0.965926 0.000000 -0.258818  0.464231 0.221420 0
0  -0.546087 -6.059780 5.016285  -0.707106 0.000000 -0.707107  0.481517 0.225748 0
0  -0.745969 -6.059780 5.362490  -0.965926 0.000000 -0.258817  0.464231 0.225748 0
syringe_lod1
0  -0.296822 -6.166188 4.184387  -0.475620 -0.308461 0.823795  0.384824 0.133249 0
0  -0.486019 -6.266215 3.950881  -0.823795 -0.308461 0.475619  0.371901 0.128715 0
0  -0.280603 -6.266215 4.156296  -0.475619 -0.308462 0.823795  0.384824 0.128715 0
syringe_lod1
0  0.199882 -6.059780 4.816403  0.258819 0.000000 -0.965926  0.308651 0.225748 0
0  -0.199882 -5.959688 4.816403  -0.258817 0.000004 -0.965926  0.291365 0.221420 0
0  0.199882 -5.959688 4.816403  0.258820 0.000000 -0.965926  0.308651 0.221420 0
syringe_lod1
0  -0.000000 -6.059780 2.897994  -0.000000 -0.859136 -0.511748  0.085060 0.688895 0
0  0.296822 -6.166188 3.156167  0.255874 -0.859135 -0.443187  0.093835 0.673624 0
0  0.000000 -6.166188 3.076634  0.000001 -0.859135 -0.511749  0.093835 0.688895 0
syringe_lod1
0  -0.668817 -6.059780 4.056419  -0.866025 0.000000 0.500000  0.646229 0.285270 0
0  -0.772284 -5.959687 3.670277  -1.000000 0.000000 0.000000  0.663516 0.280942 0
0  -0.772284 -6.059780 3.670277  -1.000000 0.000000 0.000000  0.663516 0.285270 0
syringe_lod1
0  -0.573415 -6.166188 5.408726  -0.494310 -0.859136 -0.132450  0.068438 0.643082 0
0  -0.546087 -6.059780 5.016285  -0.361861 -0.859135 -0.361861  0.077213 0.658353 0
0  -0.419769 -6.166188 5.142603  -0.361861 -0.859134 -0.361862  0.068438 0.658353 0
syringe_lod1
0  -0.546087 -6.059780 6.108459  -0.361861 -0.859135 0.361860  0.077213 0.612540 0
0  -0.573415 -6.166188 5.716018  -0.494310 -0.859136 0.132450  0.068438 0.627811 0
0  -0.419769 -6.166188 5.982141  -0.361861 -0.859135 0.361863  0.068438 0.612540 0
syringe_lod1
0  -0.386142 -6.059780 3.001460  -0.255874 -0.859135 -0.443187  0.085060 0.520915 0
0  0.000000 -6.166188 3.076634  0.000001 -0.859135 -0.511749  0.093835 0.505644 0
0  -0.296821 -6.166188 3.156167  -0.255873 -0.859134 -0.443189  0.093835 0.520915 0
syringe_lod1
0  -0.668817 -6.059780 3.284135  -0.443187 -0.859136 -0.255874  0.085060 0.536186 0
0  -0.593643 -6.166188 3.670277  -0.511748 -0.859136 0.000000  0.093835 0.551456 0
0  -0.772284 -6.059780 3.670277  -0.511748 -0.859136 0.000000  0.085060 0.551456 0
syringe_lod1
0  0.546087 -6.059780 5.016285  0.361861 -0.859135 -0.361861  0.077213 0.520915 0
0  0.573415 -6.166188 5.408726  0.494310 -0.859136 -0.132450  0.068438 0.536186 0
0  0.419769 -6.166188 5.142603  0.361861 -0.859134 -0.361862  0.068438 0.520915 0
syringe_lod1
0  0.745969 -6.059780 5.762253  0.494309 -0.859137 0.132450  0.077213 0.551456 0
0  0.419769 -6.166188 5.982141  0.361860 -0.859135 0.361862  0.068438 0.566727 0
0  0.573415 -6.166188 5.716018  0.494309 -0.859137 0.132450  0.068438 0.551456 0
syringe_lod1
0  -0.000000 -6.059780 4.442561  -0.000000 -0.859136 0.511748  0.085060 0.597269 0
0  0.296822 -6.166188 4.184387  0.255873 -0.859136 0.443186  0.093835 0.612540 0
0  0.386142 -6.059780 4.339095  0.255872 -0.859137 0.443186  0.085060 0.612540 0
syringe_lod1
0  -0.668817 -6.059780 4.056419  -0.443187 -0.859136 0.255873  0.085060 0.566727 0
0  -0.593643 -6.166188 3.670277  -0.511748 -0.859136 0.000000  0.093835 0.551456 0
0  -0.514110 -6.166188 3.967098  -0.443187 -0.859136 0.255873  0.093835 0.566727 0
syringe_lod1
0  -0.199882 -6.059780 4.816403  -0.132452 -0.859134 -0.494312  0.077213 0.673624 0
0  0.153646 -6.166188 4.988956  0.132452 -0.859135 -0.494312  0.068438 0.688895 0
0  -0.153646 -6.166188 4.988956  -0.132451 -0.859134 -0.494312  0.068438 0.673624 0
syringe_lod1
0  0.772284 -6.059780 3.670277  0.511748 -0.859136 0.000001  0.085060 0.643082 0
0  0.514110 -6.166188 3.967098  0.443185 -0.859136 0.255873  0.093835 0.627811 0
0  0.593643 -6.166188 3.670277  0.511748 -0.859135 0.000001  0.093835 0.643082 0
syringe_lod1
0  -0.153646 -6.166188 6.135787  -0.132451 -0.859137 0.494308  0.068438 0.597269 0
0  0.199882 -6.059780 6.308340  0.132451 -0.859135 0.494312  0.077213 0.581998 0
0  -0.199882 -6.059780 6.308341  -0.132451 -0.859138 0.494306  0.077213 0.597269 0
syringe_lod1
0  -0.000000 -6.059780 4.442561  -0.000000 -0.859136 0.511748  0.085060 0.597269 0
0  -0.296822 -6.166188 4.184387  -0.255873 -0.859137 0.443185  0.093835 0.581998 0
0  0.000000 -6.166188 4.263920  -0.000000 -0.859134 0.511751  0.093835 0.597269 0
syringe_lod1
0  0.772284 -6.059780 3.670277  0.511748 -0.859136 0.000001  0.085060 0.643082 0
0  0.514110 -6.166188 3.373456  0.443186 -0.859135 -0.255876  0.093835 0.658353 0
0  0.668817 -6.059780 3.284135  0.443187 -0.859135 -0.255875  0.085060 0.658353 0
syringe_lod1
0  -0.546087 -6.059780 5.016285  -0.361861 -0.859135 -0.361861  0.077213 0.658353 0
0  -0.153646 -6.166188 4.988956  -0.132451 -0.859134 -0.494312  0.068438 0.673624 0
0  -0.419769 -6.166188 5.142603  -0.361861 -0.859134 -0.361862  0.068438 0.658353 0
syringe_lod1
0  -0.546087 -6.059780 6.108459  -0.361861 -0.859135 0.361860  0.077213 0.612540 0
0  -0.153646 -6.166188 6.135787  -0.132451 -0.859137 0.494308  0.068438 0.597269 0
0  -0.199882 -6.059780 6.308341  -0.132451 -0.859138 0.494306  0.077213 0.597269 0
syringe_lod1
0  0.546087 -6.059780 6.108459  0.361861 -0.859135 0.361862  0.077213 0.566727 0
0  0.153646 -6.166188 6.135787  0.132451 -0.859134 0.494313  0.068438 0.581998 0
0  0.419769 -6.166188 5.982141  0.361860 -0.859135 0.361862  0.068438 0.566727 0
syringe_lod1
0  -0.153646 -6.166188 6.135787  -0.246199 -0.308460 0.918824  0.172213 0.166836 0
0  0.145251 -6.266214 6.104456  0.246203 -0.308463 0.918822  0.167679 0.153913 0
0  0.153646 -6.166188 6.135787  0.246201 -0.308463 0.918823  0.172213 0.153913 0
syringe_lod1
0  0.745969 -6.059780 5.362490  0.494309 -0.859136 -0.132449  0.077213 0.536186 0
0  0.573415 -6.166188 5.716018  0.494309 -0.859137 0.132450  0.068438 0.551456 0
0  0.573415 -6.166188 5.408726  0.494310 -0.859136 -0.132450  0.068438 0.536186 0
syringe_lod1
0  0.419769 -6.166188 5.982141  0.672624 -0.308463 0.672627  0.172213 0.140990 0
0  0.542084 -6.266215 5.707623  0.918824 -0.308464 0.246196  0.167679 0.128067 0
0  0.573415 -6.166188 5.716018  0.918824 -0.308464 0.246197  0.172213 0.128067 0
syringe_lod1
0  -0.419769 -6.166188 5.982141  -0.672626 -0.308462 0.672626  0.172213 0.179760 0
0  -0.145251 -6.266215 6.104456  -0.246198 -0.308461 0.918825  0.167679 0.166836 0
0  -0.153646 -6.166188 6.135787  -0.246199 -0.308460 0.918824  0.172213 0.166836 0
syringe_lod1
0  0.145251 -6.266215 5.020288  0.246198 -0.308463 -0.918824  0.167679 0.089297 0
0  0.419769 -6.166188 5.142603  0.672626 -0.308462 -0.672626  0.172213 0.102220 0
0  0.396833 -6.266215 5.165539  0.672626 -0.308463 -0.672626  0.167679 0.102220 0
syringe_lod1
0  -0.593643 -6.166188 3.670277  -0.951237 -0.308462 -0.000002  0.358978 0.133249 0
0  -0.486019 -6.266214 3.389674  -0.823795 -0.308466 -0.475616  0.346055 0.128715 0
0  -0.561207 -6.266215 3.670277  -0.951237 -0.308461 -0.000001  0.358978 0.128715 0
syringe_lod1
0  0.542084 -6.266214 5.417121  0.918824 -0.308466 -0.246196  0.167679 0.115144 0
0  0.573415 -6.166188 5.716018  0.918824 -0.308464 0.246197  0.172213 0.128067 0
0  0.542084 -6.266215 5.707623  0.918824 -0.308464 0.246196  0.167679 0.128067 0
syringe_lod1
0  0.296822 -6.166188 4.184387  0.475620 -0.308461 0.823795  0.410671 0.133249 0
0  0.000000 -6.266215 4.231484  0.000000 -0.308461 0.951237  0.397748 0.128715 0
0  0.280603 -6.266215 4.156296  0.475619 -0.308461 0.823795  0.410671 0.128715 0
syringe_lod1
0  -0.514110 -6.166188 3.373456  -0.823795 -0.308466 -0.475616  0.346055 0.133249 0
0  -0.280603 -6.266215 3.184258  -0.475619 -0.308464 -0.823794  0.333132 0.128715 0
0  -0.486019 -6.266214 3.389674  -0.823795 -0.308466 -0.475616  0.346055 0.128715 0
syringe_lod1
0  -0.396833 -6.266215 5.959205  -0.018546 -0.999656 0.018543  0.131562 0.606113 0
0  -0.326296 -6.272075 5.649803  -0.025331 -0.999656 0.006785  0.122214 0.616159 0
0  -0.238865 -6.272077 5.801237  -0.018550 -0.999656 0.018546  0.122214 0.606113 0
syringe_lod1
0  -0.419769 -6.166188 5.982141  -0.672626 -0.308462 0.672626  0.172213 0.179760 0
0  -0.542084 -6.266215 5.707623  -0.918825 -0.308461 0.246196  0.167679 0.192683 0
0  -0.396833 -6.266215 5.959205  -0.672625 -0.308463 0.672627  0.167679 0.179760 0
syringe_lod1
0  0.514110 -6.166188 3.967098  0.823795 -0.308462 0.475619  0.423594 0.133249 0
0  0.561207 -6.266215 3.670277  0.951236 -0.308463 -0.000001  0.436517 0.128715 0
0  0.593643 -6.166188 3.670277  0.951236 -0.308463 -0.000001  0.436517 0.133249 0
syringe_lod1
0  -0.396833 -6.266215 5.165539  -0.672627 -0.308461 -0.672626  0.167679 0.218529 0
0  -0.153646 -6.166188 4.988956  -0.246198 -0.308462 -0.918824  0.172213 0.231452 0
0  -0.145251 -6.266215 5.020288  -0.246198 -0.308463 -0.918824  0.167679 0.231452 0
syringe_lod1
0  -0.145251 -6.266215 5.020288  -0.246198 -0.308463 -0.918824  0.167679 0.076374 0
0  0.153646 -6.166188 4.988956  0.246198 -0.308463 -0.918824  0.172213 0.089297 0
0  0.145251 -6.266215 5.020288  0.246198 -0.308463 -0.918824  0.167679 0.089297 0
syringe_lod1
0  0.593643 -6.166188 3.670277  0.951236 -0.308463 -0.000001  0.436517 0.133249 0
0  0.486019 -6.266214 3.389674  0.823794 -0.308465 -0.475618  0.449440 0.128715 0
0  0.514110 -6.166188 3.373456  0.823794 -0.308465 -0.475618  0.449440 0.133249 0
syringe_lod1
0  0.396833 -6.266215 5.165539  0.672626 -0.308463 -0.672626  0.167679 0.102220 0
0  0.573415 -6.166188 5.408726  0.918824 -0.308465 -0.246196  0.172213 0.115144 0
0  0.542084 -6.266214 5.417121  0.918824 -0.308466 -0.246196  0.167679 0.115144 0
syringe_lod1
0  0.396833 -6.266215 5.959205  0.672626 -0.308463 0.672626  0.167679 0.140990 0
0  0.153646 -6.166188 6.135787  0.246201 -0.308463 0.918823  0.172213 0.153913 0
0  0.145251 -6.266214 6.104456  0.246203 -0.308463 0.918822  0.167679 0.153913 0
syringe_lod1
0  -0.573415 -6.166188 5.716018  -0.918824 -0.308461 0.246198  0.172213 0.192683 0
0  -0.542084 -6.266215 5.417121  -0.918825 -0.308461 -0.246197  0.167679 0.205606 0
0  -0.542084 -6.266215 5.707623  -0.918825 -0.308461 0.246196  0.167679 0.192683 0
syringe_lod1
0  -0.087431 -6.272075 5.236076  -0.006788 -0.999656 -0.025330  0.122214 0.525737 0
0  0.145251 -6.266215 5.020288  0.006786 -0.999656 -0.025331  0.131562 0.535784 0
0  0.087431 -6.272077 5.236076  0.006784 -0.999656 -0.025331  0.122214 0.535784 0
syringe_lod1
0  0.140195 -6.424437 3.427453  0.467879 -0.352640 -0.810391  0.665183 0.228468 0
0  0.292549 -6.272076 3.501374  0.810392 -0.352639 -0.467879  0.658265 0.235480 0
0  0.242825 -6.424436 3.530082  0.810390 -0.352639 -0.467882  0.658265 0.228468 0
syringe_lod1
0  -0.280603 -6.266215 4.156296  -0.013114 -0.999656 0.022714  0.907896 0.890099 0
0  0.000000 -6.272076 4.008084  0.000003 -0.999656 0.026227  0.898548 0.880052 0
0  0.000000 -6.266215 4.231484  0.000001 -0.999656 0.026227  0.907896 0.880052 0
syringe_lod1
0  -0.486019 -6.266214 3.389674  -0.022716 -0.999656 -0.013115  0.907896 0.799677 0
0  -0.168903 -6.272076 3.377728  -0.013115 -0.999656 -0.022715  0.898548 0.809724 0
0  -0.292549 -6.272076 3.501374  -0.022718 -0.999656 -0.013116  0.898548 0.799677 0
syringe_lod1
0  0.238865 -6.272077 5.323506  0.661681 -0.352642 -0.661682  0.404050 0.206873 0
0  0.270836 -6.424435 5.489801  0.903874 -0.352641 -0.242192  0.397133 0.199861 0
0  0.198265 -6.424437 5.364107  0.661682 -0.352642 -0.661680  0.404050 0.199861 0
syringe_lod1
0  0.396833 -6.266215 5.959205  0.018546 -0.999656 0.018548  0.131562 0.575972 0
0  0.087431 -6.272076 5.888668  0.006789 -0.999656 0.025338  0.122214 0.586019 0
0  0.238865 -6.272077 5.801237  0.018547 -0.999656 0.018545  0.122214 0.575972 0
syringe_lod1
0  -0.145251 -6.266215 6.104456  -0.006787 -0.999656 0.025331  0.131562 0.596066 0
0  0.087431 -6.272076 5.888668  0.006789 -0.999656 0.025338  0.122214 0.586019 0
0  0.145251 -6.266214 6.104456  0.006790 -0.999656 0.025342  0.131562 0.586019 0
syringe_lod1
0  -0.000000 -6.266214 3.109070  0.000002 -0.999656 -0.026231  0.907896 0.819771 0
0  0.168903 -6.272076 3.377728  0.013117 -0.999656 -0.022718  0.898548 0.829818 0
0  -0.000000 -6.272077 3.332471  -0.000000 -0.999656 -0.026232  0.898548 0.819771 0
syringe_lod1
0  -0.087431 -6.272076 5.888668  -0.006788 -0.999656 0.025331  0.122214 0.596066 0
0  -0.396833 -6.266215 5.959205  -0.018546 -0.999656 0.018543  0.131562 0.606113 0
0  -0.238865 -6.272077 5.801237  -0.018550 -0.999656 0.018546  0.122214 0.606113 0
syringe_lod1
0  0.561207 -6.266215 3.670277  0.026228 -0.999656 -0.000001  0.907896 0.849912 0
0  0.292549 -6.272076 3.839181  0.022712 -0.999656 0.013112  0.898548 0.859959 0
0  0.337807 -6.272076 3.670277  0.026228 -0.999656 -0.000002  0.898548 0.849912 0
syringe_lod1
0  0.486019 -6.266214 3.389674  0.022716 -0.999656 -0.013116  0.907896 0.839865 0
0  0.337807 -6.272076 3.670277  0.026228 -0.999656 -0.000002  0.898548 0.849912 0
0  0.292549 -6.272076 3.501374  0.022718 -0.999656 -0.013114  0.898548 0.839865 0
syringe_lod1
0  0.396833 -6.266215 5.959205  0.018546 -0.999656 0.018548  0.131562 0.575972 0
0  0.326296 -6.272076 5.649803  0.025337 -0.999656 0.006788  0.122214 0.565925 0
0  0.542084 -6.266215 5.707623  0.025334 -0.999656 0.006788  0.131562 0.565925 0
syringe_lod1
0  0.542084 -6.266214 5.417121  0.025339 -0.999656 -0.006789  0.131562 0.555878 0
0  0.326296 -6.272076 5.649803  0.025337 -0.999656 0.006788  0.122214 0.565925 0
0  0.326296 -6.272077 5.474941  0.025340 -0.999656 -0.006789  0.122214 0.555878 0
syringe_lod1
0  0.292549 -6.272076 3.839181  0.022712 -0.999656 0.013112  0.898548 0.859959 0
0  0.280603 -6.266215 4.156296  0.013112 -0.999656 0.022711  0.907896 0.870005 0
0  0.168903 -6.272075 3.962826  0.013111 -0.999656 0.022712  0.898548 0.870005 0
syringe_lod1
0  0.396833 -6.266215 5.165539  0.018548 -0.999656 -0.018546  0.131562 0.545831 0
0  0.087431 -6.272077 5.236076  0.006784 -0.999656 -0.025331  0.122214 0.535784 0
0  0.145251 -6.266215 5.020288  0.006786 -0.999656 -0.025331  0.131562 0.535784 0
syringe_lod1
0  -0.542084 -6.266215 5.707623  -0.025328 -0.999656 0.006787  0.131562 0.616159 0
0  -0.326296 -6.272075 5.474941  -0.025328 -0.999656 -0.006787  0.122214 0.626206 0
0  -0.326296 -6.272075 5.649803  -0.025331 -0.999656 0.006785  0.122214 0.616159 0
syringe_lod1
0  -0.396833 -6.266215 5.165539  -0.018541 -0.999656 -0.018542  0.131562 0.515691 0
0  -0.326296 -6.272075 5.474941  -0.025328 -0.999656 -0.006787  0.122214 0.505644 0
0  -0.542084 -6.266215 5.417121  -0.025328 -0.999656 -0.006787  0.131562 0.505644 0
syringe_lod1
0  -0.087431 -6.272076 5.888668  -0.242192 -0.352641 0.903874  0.369462 0.206873 0
0  0.072570 -6.424437 5.833208  0.242192 -0.352639 0.903874  0.376380 0.199861 0
0  0.087431 -6.272076 5.888668  0.242192 -0.352641 0.903874  0.376380 0.206873 0
syringe_lod1
0  -0.238865 -6.272075 5.323506  -0.661682 -0.352637 -0.661683  0.341792 0.206873 0
0  -0.072570 -6.424436 5.291536  -0.242193 -0.352636 -0.903875  0.334875 0.199861 0
0  -0.198266 -6.424437 5.364106  -0.661685 -0.352636 -0.661680  0.341792 0.199861 0
syringe_lod1
0  -0.072570 -6.424436 5.291536  -0.242193 -0.352636 -0.903875  0.417885 0.199861 0
0  0.087431 -6.272077 5.236076  0.242190 -0.352638 -0.903875  0.410968 0.206873 0
0  0.072570 -6.424436 5.291536  0.242191 -0.352639 -0.903875  0.410968 0.199861 0
syringe_lod1
0  -0.242825 -6.424437 3.810472  -0.810390 -0.352639 0.467881  0.616760 0.228468 0
0  -0.337807 -6.272076 3.670277  -0.935759 -0.352639 -0.000001  0.609842 0.235480 0
0  -0.280390 -6.424437 3.670277  -0.935760 -0.352638 0.000000  0.609842 0.228468 0
syringe_lod1
0  0.000000 -6.272076 4.008084  0.000001 -0.352638 0.935760  0.630595 0.235480 0
0  -0.140195 -6.424436 3.913102  -0.467880 -0.352639 0.810391  0.623677 0.228468 0
0  -0.000000 -6.424437 3.950667  -0.000002 -0.352638 0.935760  0.630595 0.228468 0
syringe_lod1
0  0.072570 -6.424436 5.291536  0.242191 -0.352639 -0.903875  0.410968 0.199861 0
0  0.238865 -6.272077 5.323506  0.661681 -0.352642 -0.661682  0.404050 0.206873 0
0  0.198265 -6.424437 5.364107  0.661682 -0.352642 -0.661680  0.404050 0.199861 0
syringe_lod1
0  -0.238865 -6.272077 5.801237  -0.661684 -0.352642 0.661679  0.362545 0.206873 0
0  -0.072570 -6.424437 5.833208  -0.242193 -0.352640 0.903874  0.369462 0.199861 0
0  -0.087431 -6.272076 5.888668  -0.242192 -0.352641 0.903874  0.369462 0.206873 0
syringe_lod1
0  0.270836 -6.424435 5.489801  0.903874 -0.352641 -0.242192  0.397133 0.199861 0
0  0.326296 -6.272076 5.649803  0.903874 -0.352640 0.242191  0.390215 0.206873 0
0  0.270836 -6.424436 5.634942  0.903874 -0.352641 0.242191  0.390215 0.199861 0
syringe_lod1
0  0.238865 -6.272077 5.801237  0.661682 -0.352639 0.661682  0.383298 0.206873 0
0  0.072570 -6.424437 5.833208  0.242192 -0.352639 0.903874  0.376380 0.199861 0
0  0.198266 -6.424436 5.760638  0.661680 -0.352637 0.661684  0.383298 0.199861 0
syringe_lod1
0  -0.270836 -6.424436 5.634942  -0.903875 -0.352637 0.242192  0.355627 0.199861 0
0  -0.326296 -6.272075 5.474941  -0.903875 -0.352637 -0.242192  0.348710 0.206873 0
0  -0.270836 -6.424437 5.489801  -0.903875 -0.352639 -0.242192  0.348710 0.199861 0
syringe_lod1
0  0.168903 -6.272076 3.377728  0.467882 -0.352641 -0.810389  0.665183 0.235480 0
0  -0.000000 -6.424436 3.389888  0.000002 -0.352641 -0.935759  0.672100 0.228468 0
0  -0.000000 -6.272077 3.332471  0.000001 -0.352640 -0.935759  0.672100 0.235480 0
syringe_lod1
0  0.168903 -6.272075 3.962826  0.467880 -0.352637 0.810392  0.637513 0.235480 0
0  -0.000000 -6.424437 3.950667  -0.000002 -0.352638 0.935760  0.630595 0.228468 0
0  0.140195 -6.424436 3.913102  0.467879 -0.352637 0.810393  0.637513 0.228468 0
syringe_lod1
0  -0.337807 -6.272076 3.670277  -0.935759 -0.352639 -0.000001  0.609842 0.235480 0
0  -0.242825 -6.424436 3.530082  -0.810391 -0.352639 -0.467880  0.602925 0.228468 0
0  -0.280390 -6.424437 3.670277  -0.935760 -0.352638 0.000000  0.609842 0.228468 0
syringe_lod1
0  -0.198266 -6.424436 5.760637  -0.661684 -0.352640 0.661679  0.362545 0.199861 0
0  -0.326296 -6.272075 5.649803  -0.903875 -0.352638 0.242191  0.355627 0.206873 0
0  -0.270836 -6.424436 5.634942  -0.903875 -0.352637 0.242192  0.355627 0.199861 0
syringe_lod1
0  0.270836 -6.424436 5.634942  0.903874 -0.352641 0.242191  0.390215 0.199861 0
0  0.238865 -6.272077 5.801237  0.661682 -0.352639 0.661682  0.383298 0.206873 0
0  0.198266 -6.424436 5.760638  0.661680 -0.352637 0.661684  0.383298 0.199861 0
syringe_lod1
0  -0.270836 -6.424437 5.489801  -0.903875 -0.352639 -0.242192  0.348710 0.199861 0
0  -0.238865 -6.272075 5.323506  -0.661682 -0.352637 -0.661683  0.341792 0.206873 0
0  -0.198266 -6.424437 5.364106  -0.661685 -0.352636 -0.661680  0.341792 0.199861 0
syringe_lod1
0  0.270836 -6.424436 5.634942  0.000003 -1.000000 0.000001  0.863101 0.491337 0
0  0.198266 -6.424436 5.760638  0.000000 -1.000000 -0.000003  0.857665 0.494475 0
0  -0.198266 -6.424436 5.760637  -0.000000 -1.000000 -0.000002  0.842816 0.485902 0
syringe_lod1
0  0.072570 -6.424437 5.833208  0.000000 -1.000000 -0.000016  0.851389 0.494475 0
0  -0.072570 -6.424437 5.833208  0.000000 -1.000000 -0.000011  0.845954 0.491337 0
0  -0.198266 -6.424436 5.760637  -0.000000 -1.000000 -0.000002  0.842816 0.485902 0
syringe_lod1
0  0.198266 -6.424436 5.760638  0.000000 -1.000000 -0.000003  0.857665 0.494475 0
0  0.072570 -6.424437 5.833208  0.000000 -1.000000 -0.000016  0.851389 0.494475 0
0  -0.198266 -6.424436 5.760637  -0.000000 -1.000000 -0.000002  0.842816 0.485902 0
syringe_lod1
0  -0.000000 -6.424436 3.389888  0.000000 -1.000000 0.000002  0.745975 0.476093 0
0  0.242825 -6.424436 3.530082  -0.000001 -1.000000 0.000001  0.737402 0.484666 0
0  -0.000000 -6.424437 3.950667  -0.000000 -1.000000 0.000001  0.722552 0.469817 0
syringe_lod1
0  -0.199882 -6.059780 6.308341  -0.258815 0.000009 0.965927  0.412371 0.225748 0
0  -0.546087 -5.959688 6.108459  -0.707105 0.000001 0.707109  0.429657 0.221420 0
0  -0.546087 -6.059780 6.108459  -0.707104 0.000000 0.707109  0.429657 0.225748 0
syringe_lod1
0  -0.772284 -5.959687 3.670277  -1.000000 0.000000 0.000000  0.663516 0.280942 0
0  -0.668817 -6.059780 3.284135  -0.866025 0.000000 -0.500000  0.680802 0.285270 0
0  -0.772284 -6.059780 3.670277  -1.000000 0.000000 0.000000  0.663516 0.285270 0
syringe_lod1
0  0.668817 -6.059780 4.056419  0.866025 0.000001 0.500000  0.577083 0.285270 0
0  0.386142 -5.959687 4.339095  0.500000 -0.000000 0.866025  0.594369 0.280942 0
0  0.386142 -6.059780 4.339095  0.500001 -0.000000 0.866025  0.594369 0.285270 0
syringe_lod1
0  -0.199882 -5.959688 6.308340  -0.258817 0.000008 0.965926  0.412371 0.221420 0
0  0.199882 -6.059780 6.308340  0.258820 -0.000007 0.965926  0.395084 0.225748 0
0  0.199882 -5.959688 6.308341  0.258819 -0.000009 0.965926  0.395084 0.221420 0
syringe_lod1
0  0.546087 -6.059780 5.016285  0.361861 -0.859135 -0.361861  0.077213 0.520915 0
0  0.153646 -6.166188 4.988956  0.132452 -0.859135 -0.494312  0.068438 0.505644 0
0  0.199882 -6.059780 4.816403  0.132452 -0.859135 -0.494312  0.077213 0.505644 0
syringe_lod1
0  -0.000000 -6.059780 4.442561  0.000000 -0.000000 1.000000  0.611656 0.285270 0
0  0.386142 -5.959687 4.339095  0.500000 -0.000000 0.866025  0.594369 0.280942 0
0  -0.000000 -5.959688 4.442561  0.000000 -0.000000 1.000000  0.611656 0.280942 0
syringe_lod1
0  -0.386142 -5.959687 3.001460  -0.500000 0.000000 -0.866025  0.698089 0.280942 0
0  -0.000000 -6.059780 2.897994  -0.000002 0.000000 -1.000000  0.715375 0.285270 0
0  -0.386142 -6.059780 3.001460  -0.500000 0.000000 -0.866026  0.698089 0.285270 0
syringe_lod1
0  -0.668817 -5.959687 3.284135  -0.866026 0.000000 -0.500000  0.680802 0.280942 0
0  -0.386142 -6.059780 3.001460  -0.500000 0.000000 -0.866026  0.698089 0.285270 0
0  -0.668817 -6.059780 3.284135  -0.866025 0.000000 -0.500000  0.680802 0.285270 0
syringe_lod1
0  -0.745969 -6.059780 5.762254  -0.965925 0.000000 0.258821  0.446944 0.225748 0
0  -0.745969 -5.959688 5.362490  -0.965926 0.000000 -0.258818  0.464231 0.221420 0
0  -0.745969 -6.059780 5.362490  -0.965926 0.000000 -0.258817  0.464231 0.225748 0
syringe_lod1
0  0.296822 -6.166188 3.156167  0.255874 -0.859135 -0.443187  0.093835 0.673624 0
0  0.668817 -6.059780 3.284135  0.443187 -0.859135 -0.255875  0.085060 0.658353 0
0  0.514110 -6.166188 3.373456  0.443186 -0.859135 -0.255876  0.093835 0.658353 0
syringe_lod1
0  -0.386142 -6.059780 4.339095  -0.255873 -0.859138 0.443184  0.085060 0.581998 0
0  -0.514110 -6.166188 3.967098  -0.443187 -0.859136 0.255873  0.093835 0.566727 0
0  -0.296822 -6.166188 4.184387  -0.255873 -0.859137 0.443185  0.093835 0.581998 0
syringe_lod1
0  -0.296822 -6.166188 4.184387  -0.475620 -0.308461 0.823795  0.384824 0.133249 0
0  0.000000 -6.266215 4.231484  0.000000 -0.308461 0.951237  0.397748 0.128715 0
0  0.000000 -6.166188 4.263920  0.000000 -0.308460 0.951237  0.397748 0.133249 0
syringe_lod1
0  -0.745969 -6.059780 5.762254  -0.494310 -0.859136 0.132449  0.077213 0.627811 0
0  -0.573415 -6.166188 5.408726  -0.494310 -0.859136 -0.132450  0.068438 0.643082 0
0  -0.573415 -6.166188 5.716018  -0.494310 -0.859136 0.132450  0.068438 0.627811 0
syringe_lod1
0  0.000000 -6.266215 4.231484  0.000001 -0.999656 0.026227  0.907896 0.880052 0
0  0.168903 -6.272075 3.962826  0.013111 -0.999656 0.022712  0.898548 0.870005 0
0  0.280603 -6.266215 4.156296  0.013112 -0.999656 0.022711  0.907896 0.870005 0
syringe_lod1
0  0.668817 -6.059780 4.056419  0.443185 -0.859137 0.255873  0.085060 0.627811 0
0  0.296822 -6.166188 4.184387  0.255873 -0.859136 0.443186  0.093835 0.612540 0
0  0.514110 -6.166188 3.967098  0.443185 -0.859136 0.255873  0.093835 0.627811 0
syringe_lod1
0  -0.668817 -6.059780 3.284135  -0.443187 -0.859136 -0.255874  0.085060 0.536186 0
0  -0.296821 -6.166188 3.156167  -0.255873 -0.859134 -0.443189  0.093835 0.520915 0
0  -0.514110 -6.166188 3.373456  -0.443187 -0.859135 -0.255874  0.093835 0.536186 0
syringe_lod1
0  -0.140195 -6.424436 3.913102  -0.467880 -0.352639 0.810391  0.623677 0.228468 0
0  -0.292549 -6.272076 3.839181  -0.810391 -0.352640 0.467879  0.616760 0.235480 0
0  -0.242825 -6.424437 3.810472  -0.810390 -0.352639 0.467881  0.616760 0.228468 0
syringe_lod1
0  -0.486019 -6.266215 3.950881  -0.022715 -0.999656 0.013114  0.907896 0.900146 0
0  -0.337807 -6.272076 3.670277  -0.026228 -0.999656 -0.000002  0.898548 0.910193 0
0  -0.292549 -6.272076 3.839181  -0.022714 -0.999656 0.013114  0.898548 0.900146 0
syringe_lod1
0  0.486019 -6.266215 3.950881  0.823795 -0.308462 0.475619  0.423594 0.128715 0
0  0.296822 -6.166188 4.184387  0.475620 -0.308461 0.823795  0.410671 0.133249 0
0  0.280603 -6.266215 4.156296  0.475619 -0.308461 0.823795  0.410671 0.128715 0
syringe_lod1
0  -0.000000 -6.266214 3.109070  0.000000 -0.308464 -0.951236  0.475287 0.128715 0
0  0.296822 -6.166188 3.156167  0.475619 -0.308464 -0.823794  0.462364 0.133249 0
0  0.280603 -6.266214 3.184258  0.475618 -0.308464 -0.823794  0.462364 0.128715 0
syringe_lod1
0  -0.296821 -6.166188 3.156167  -0.475618 -0.308464 -0.823795  0.333132 0.133249 0
0  -0.000000 -6.266214 3.109070  0.000000 -0.308464 -0.951236  0.320208 0.128715 0
0  -0.280603 -6.266215 3.184258  -0.475619 -0.308464 -0.823794  0.333132 0.128715 0
syringe_lod1
0  0.514110 -6.166188 3.373456  0.823794 -0.308465 -0.475618  0.449440 0.133249 0
0  0.280603 -6.266214 3.184258  0.475618 -0.308464 -0.823794  0.462364 0.128715 0
0  0.296822 -6.166188 3.156167  0.475619 -0.308464 -0.823794  0.462364 0.133249 0
syringe_lod1
0  -0.542084 -6.266215 5.417121  -0.918825 -0.308461 -0.246197  0.167679 0.205606 0
0  -0.419769 -6.166188 5.142603  -0.672626 -0.308460 -0.672626  0.172213 0.218529 0
0  -0.396833 -6.266215 5.165539  -0.672627 -0.308461 -0.672626  0.167679 0.218529 0
syringe_lod1
0  -0.514110 -6.166188 3.967098  -0.823795 -0.308461 0.475619  0.371901 0.133249 0
0  -0.561207 -6.266215 3.670277  -0.951237 -0.308461 -0.000001  0.358978 0.128715 0
0  -0.486019 -6.266215 3.950881  -0.823795 -0.308461 0.475619  0.371901 0.128715 0
syringe_lod1
0  0.280603 -6.266214 3.184258  0.013116 -0.999656 -0.022718  0.907896 0.829818 0
0  0.292549 -6.272076 3.501374  0.022718 -0.999656 -0.013114  0.898548 0.839865 0
0  0.168903 -6.272076 3.377728  0.013117 -0.999656 -0.022718  0.898548 0.829818 0
syringe_lod1
0  -0.168903 -6.272077 3.962826  -0.013114 -0.999656 0.022713  0.898548 0.890099 0
0  -0.486019 -6.266215 3.950881  -0.022715 -0.999656 0.013114  0.907896 0.900146 0
0  -0.292549 -6.272076 3.839181  -0.022714 -0.999656 0.013114  0.898548 0.900146 0
syringe_lod1
0  0.242825 -6.424436 3.530082  -0.000001 -1.000000 0.000001  0.737402 0.484666 0
0  0.280390 -6.424437 3.670277  -0.000006 -1.000000 0.000000  0.731126 0.484666 0
0  0.242825 -6.424437 3.810472  -0.000006 -1.000000 -0.000004  0.725691 0.481528 0
syringe_lod1
0  -0.396833 -6.266215 5.165539  -0.018541 -0.999656 -0.018542  0.131562 0.515691 0
0  -0.087431 -6.272075 5.236076  -0.006788 -0.999656 -0.025330  0.122214 0.525737 0
0  -0.238865 -6.272075 5.323506  -0.018541 -0.999656 -0.018545  0.122214 0.515691 0
syringe_lod1
0  -0.168903 -6.272076 3.377728  -0.013115 -0.999656 -0.022715  0.898548 0.809724 0
0  -0.000000 -6.266214 3.109070  0.000002 -0.999656 -0.026231  0.907896 0.819771 0
0  -0.000000 -6.272077 3.332471  -0.000000 -0.999656 -0.026232  0.898548 0.819771 0
syringe_lod1
0  0.396833 -6.266215 5.165539  0.018548 -0.999656 -0.018546  0.131562 0.545831 0
0  0.326296 -6.272077 5.474941  0.025340 -0.999656 -0.006789  0.122214 0.555878 0
0  0.238865 -6.272077 5.323506  0.018546 -0.999656 -0.018548  0.122214 0.545831 0
syringe_lod1
0  -0.486019 -6.266214 3.389674  -0.022716 -0.999656 -0.013115  0.907896 0.799677 0
0  -0.337807 -6.272076 3.670277  -0.026228 -0.999656 -0.000002  0.898548 0.789630 0
0  -0.561207 -6.266215 3.670277  -0.026228 -0.999656 -0.000004  0.907896 0.789630 0
syringe_lod1
0  0.337807 -6.272076 3.670277  0.935759 -0.352639 -0.000001  0.651348 0.235480 0
0  0.242825 -6.424436 3.530082  0.810390 -0.352639 -0.467882  0.658265 0.228468 0
0  0.292549 -6.272076 3.501374  0.810392 -0.352639 -0.467879  0.658265 0.235480 0
syringe_lod1
0  0.280390 -6.424437 3.670277  0.935759 -0.352639 -0.000001  0.651348 0.228468 0
0  0.292549 -6.272076 3.839181  0.810391 -0.352640 0.467880  0.644430 0.235480 0
0  0.242825 -6.424437 3.810472  0.810391 -0.352639 0.467880  0.644430 0.228468 0
syringe_lod1
0  0.242825 -6.424437 3.810472  0.810391 -0.352639 0.467880  0.644430 0.228468 0
0  0.168903 -6.272075 3.962826  0.467880 -0.352637 0.810392  0.637513 0.235480 0
0  0.140195 -6.424436 3.913102  0.467879 -0.352637 0.810393  0.637513 0.228468 0
syringe_lod1
0  -0.292549 -6.272076 3.501374  -0.810391 -0.352639 -0.467880  0.602925 0.235480 0
0  -0.140195 -6.424437 3.427452  -0.467880 -0.352639 -0.810391  0.596007 0.228468 0
0  -0.242825 -6.424436 3.530082  -0.810391 -0.352639 -0.467880  0.602925 0.228468 0
syringe_lod1
0  -0.000000 -6.272077 3.332471  0.000001 -0.352640 -0.935759  0.589090 0.235480 0
0  -0.140195 -6.424437 3.427452  -0.467880 -0.352639 -0.810391  0.596007 0.228468 0
0  -0.168903 -6.272076 3.377728  -0.467882 -0.352638 -0.810390  0.596007 0.235480 0
syringe_lod1
0  -0.242825 -6.424436 3.530082  0.000001 -1.000000 0.000000  0.742837 0.464381 0
0  -0.000000 -6.424436 3.389888  0.000000 -1.000000 0.000002  0.745975 0.476093 0
0  -0.000000 -6.424437 3.950667  -0.000000 -1.000000 0.000001  0.722552 0.469817 0
syringe_lod1
0  0.242825 -6.424437 3.810472  -0.000006 -1.000000 -0.000004  0.725691 0.481528 0
0  0.140195 -6.424436 3.913102  0.000002 -1.000000 -0.000001  0.722552 0.476093 0
0  0.242825 -6.424436 3.530082  -0.000001 -1.000000 0.000001  0.737402 0.484666 0
syringe_lod1
0  -0.198266 -6.424436 5.760637  -0.000000 -1.000000 -0.000002  0.842816 0.485902 0
0  -0.270836 -6.424436 5.634942  -0.000006 -1.000000 0.000008  0.842816 0.479626 0
0  -0.270836 -6.424437 5.489801  0.000001 -1.000000 0.000001  0.845954 0.474190 0
syringe_lod1
0  -0.000000 -6.424437 3.950667  -0.000000 -1.000000 0.000001  0.722552 0.469817 0
0  -0.140195 -6.424436 3.913102  -0.000002 -1.000000 0.000003  0.725691 0.464381 0
0  -0.242825 -6.424436 3.530082  0.000001 -1.000000 0.000000  0.742837 0.464381 0
syringe_lod1
0  -0.242825 -6.424437 3.810472  0.000006 -1.000000 -0.000004  0.731126 0.461243 0
0  -0.280390 -6.424437 3.670277  0.000006 -1.000000 0.000000  0.737402 0.461243 0
0  -0.242825 -6.424436 3.530082  0.000001 -1.000000 0.000000  0.742837 0.464381 0
syringe_lod1
0  -0.000000 -6.424436 3.389888  0.000000 -1.000000 0.000002  0.745975 0.476093 0
0  0.140195 -6.424437 3.427453  -0.000006 -1.000000 0.000023  0.742837 0.481528 0
0  0.242825 -6.424436 3.530082  -0.000001 -1.000000 0.000001  0.737402 0.484666 0
syringe_lod1
0  -0.072570 -6.424436 5.291536  0.000000 -1.000000 -0.000001  0.857665 0.471052 0
0  0.198265 -6.424437 5.364107  0.000003 -1.000000 -0.000001  0.866239 0.479626 0
0  -0.198266 -6.424436 5.760637  -0.000000 -1.000000 -0.000002  0.842816 0.485902 0
syringe_lod1
0  -0.270836 -6.424437 5.489801  0.000001 -1.000000 0.000001  0.845954 0.474190 0
0  -0.198266 -6.424437 5.364106  0.000004 -1.000000 0.000002  0.851389 0.471052 0
0  -0.198266 -6.424436 5.760637  -0.000000 -1.000000 -0.000002  0.842816 0.485902 0
syringe_lod1
0  -0.072570 -6.424436 5.291536  0.000000 -1.000000 -0.000001  0.857665 0.471052 0
0  0.072570 -6.424436 5.291536  0.000000 -1.000000 0.000000  0.863101 0.474190 0
0  0.198265 -6.424437 5.364107  0.000003 -1.000000 -0.000001  0.866239 0.479626 0
syringe_lod1
0  -0.198266 -6.424437 5.364106  0.000004 -1.000000 0.000002  0.851389 0.471052 0
0  -0.072570 -6.424436 5.291536  0.000000 -1.000000 -0.000001  0.857665 0.471052 0
0  -0.198266 -6.424436 5.760637  -0.000000 -1.000000 -0.000002  0.842816 0.485902 0
syringe_lod1
0  0.198265 -6.424437 5.364107  0.000003 -1.000000 -0.000001  0.866239 0.479626 0
0  0.270836 -6.424436 5.634942  0.000003 -1.000000 0.000001  0.863101 0.491337 0
0  -0.198266 -6.424436 5.760637  -0.000000 -1.000000 -0.000002  0.842816 0.485902 0
syringe_lod1
0  0.198265 -6.424437 5.364107  0.000003 -1.000000 -0.000001  0.866239 0.479626 0
0  0.270836 -6.424435 5.489801  0.000031 -1.000000 -0.000014  0.866239 0.485902 0
0  0.270836 -6.424436 5.634942  0.000003 -1.000000 0.000001  0.863101 0.491337 0
syringe_lod1
0  -0.242825 -6.424436 3.530082  0.000001 -1.000000 0.000000  0.742837 0.464381 0
0  -0.140195 -6.424437 3.427452  0.000006 -1.000000 0.000011  0.745975 0.469817 0
0  -0.000000 -6.424436 3.389888  0.000000 -1.000000 0.000002  0.745975 0.476093 0
syringe_lod1
0  -0.140195 -6.424436 3.913102  -0.000002 -1.000000 0.000003  0.725691 0.464381 0
0  -0.242825 -6.424437 3.810472  0.000006 -1.000000 -0.000004  0.731126 0.461243 0
0  -0.242825 -6.424436 3.530082  0.000001 -1.000000 0.000000  0.742837 0.464381 0
syringe_lod1
0  0.140195 -6.424436 3.913102  0.000002 -1.000000 -0.000001  0.722552 0.476093 0
0  -0.000000 -6.424437 3.950667  -0.000000 -1.000000 0.000001  0.722552 0.469817 0
0  0.242825 -6.424436 3.530082  -0.000001 -1.000000 0.000001  0.737402 0.484666 0
syringe_lod1
0  0.199882 -6.059780 4.816403  0.258819 0.000000 -0.965926  0.308651 0.225748 0
0  0.546087 -5.959688 5.016285  0.707104 0.000001 -0.707109  0.325938 0.221420 0
0  0.546087 -6.059780 5.016285  0.707104 0.000001 -0.707109  0.325938 0.225748 0
syringe_lod1
0  -0.000000 -6.059780 2.897994  -0.000002 0.000000 -1.000000  0.507936 0.285270 0
0  0.386142 -5.959687 3.001460  0.499999 -0.000000 -0.866026  0.525223 0.280942 0
0  0.386142 -6.059780 3.001460  0.500000 -0.000000 -0.866026  0.525223 0.285270 0
syringe_lod1
0  -0.445083 3.059540 -2.695393  0.000017 -0.075229 -0.997166  0.881316 0.419247 0
0  0.445257 3.059535 -2.695377  0.000017 -0.075229 -0.997166  0.842816 0.419230 0
0  0.445245 1.387441 -2.569229  0.000016 -0.206449 -0.978457  0.842848 0.346720 0
syringe_lod1
0  0.445245 1.387441 -2.569229  0.000016 -0.206449 -0.978457  0.842848 0.346720 0
0  0.445242 1.164550 -2.490237  0.000012 -0.552238 -0.833687  0.842853 0.336494 0
0  -0.445098 1.164555 -2.490253  0.000012 -0.552238 -0.833687  0.881353 0.336511 0
syringe_lod1
0  -0.445187 0.698909 2.316025  -0.000019 -0.254035 0.967195  0.881326 0.105986 0
0  0.445152 0.698904 2.316041  -0.000019 -0.254035 0.967195  0.842826 0.105969 0
0  0.445166 3.059160 2.315895  -0.000018 0.000062 1.000000  0.842872 0.003906 0
syringe_lod1
0  0.445162 0.246717 1.657846  -0.000008 -0.968237 -0.250035  0.842866 0.144086 0
0  0.445158 0.229636 1.832485  -0.000011 -0.993444 0.114322  0.842869 0.136498 0
0  -0.445181 0.229641 1.832469  -0.000008 -0.993444 0.114322  0.881370 0.136516 0
syringe_lod1
0  -0.445181 0.229641 1.832469  -0.000008 -0.993444 0.114322  0.881370 0.136516 0
0  -0.445178 0.246722 1.657830  -0.000001 -0.968234 -0.250045  0.881439 0.144103 0
0  0.445162 0.246717 1.657846  -0.000008 -0.968237 -0.250035  0.842866 0.144086 0
syringe_lod1
0  -0.445178 0.246722 1.657830  -0.000001 -0.968234 -0.250045  0.881439 0.144103 0
0  -0.445173 0.329188 1.446996  -0.000033 -0.914168 -0.405335  0.881434 0.153893 0
0  0.445162 0.246717 1.657846  -0.000008 -0.968237 -0.250035  0.842866 0.144086 0
syringe_lod1
0  -0.445105 0.988285 -2.107058  -0.000006 -0.999676 0.025455  0.881361 0.317394 0
0  0.445234 0.988279 -2.107042  -0.000006 -0.999676 0.025455  0.842861 0.317377 0
0  0.445223 1.108168 -1.461879  -0.000008 -0.994456 0.105152  0.842874 0.289001 0
syringe_lod1
0  0.445215 1.120352 -1.010113  1.000000 -0.000006 0.000018  0.707649 0.147737 0
0  0.445223 1.108168 -1.461879  1.000000 -0.000006 0.000018  0.708177 0.167273 0
0  0.445230 3.059422 -1.191329  1.000000 -0.000006 0.000018  0.623800 0.155580 0
syringe_lod1
0  -0.445173 0.329188 1.446996  -0.000033 -0.914168 -0.405335  0.881434 0.153893 0
0  -0.445167 0.538511 1.128843  0.000007 -0.773485 -0.633815  0.881427 0.170361 0
0  0.445173 0.538505 1.128859  0.000007 -0.773485 -0.633815  0.842927 0.170344 0
syringe_lod1
0  -0.445184 0.288682 1.997711  -0.000014 -0.886147 0.463405  0.881373 0.128928 0
0  -0.445181 0.229641 1.832469  -0.000008 -0.993444 0.114322  0.881370 0.136516 0
0  0.445158 0.229636 1.832485  -0.000011 -0.993444 0.114322  0.842869 0.136498 0
syringe_lod1
0  0.445158 0.229636 1.832485  -0.000011 -0.993444 0.114322  0.842869 0.136498 0
0  0.445156 0.288677 1.997727  -0.000014 -0.886139 0.463419  0.842816 0.128911 0
0  -0.445184 0.288682 1.997711  -0.000014 -0.886147 0.463405  0.881373 0.128928 0
syringe_lod1
0  0.445156 0.288677 1.997727  -0.000014 -0.886139 0.463419  0.842816 0.128911 0
0  0.445154 0.391929 2.142813  -0.000017 -0.718300 0.695734  0.842819 0.121210 0
0  -0.445184 0.288682 1.997711  -0.000014 -0.886147 0.463405  0.881373 0.128928 0
syringe_lod1
0  -0.445167 0.538511 1.128843  0.000007 -0.773485 -0.633815  0.881427 0.170361 0
0  -0.445161 0.793605 0.876600  0.000006 -0.811068 -0.584952  0.881420 0.185874 0
0  0.445179 0.793600 0.876616  0.000006 -0.811068 -0.584952  0.842920 0.185857 0
syringe_lod1
0  -0.445110 3.059427 -1.191345  -1.000000 0.000006 -0.000018  0.733814 0.925429 0
0  -0.445116 1.108173 -1.461896  -1.000000 0.000006 -0.000018  0.722122 0.841052 0
0  -0.445125 1.120357 -1.010129  -1.000000 0.000006 -0.000018  0.741657 0.841580 0
syringe_lod1
0  0.445186 0.956522 0.546637  -0.000001 -0.960574 -0.278025  0.842913 0.201770 0
0  0.445179 0.793600 0.876616  0.000006 -0.811068 -0.584952  0.842920 0.185857 0
0  -0.445161 0.793605 0.876600  0.000006 -0.811068 -0.584952  0.881420 0.185874 0
syringe_lod1
0  0.445230 3.059422 -1.191329  1.000000 -0.000006 0.000018  0.623800 0.155580 0
0  0.445223 1.108168 -1.461879  1.000000 -0.000006 0.000018  0.708177 0.167273 0
0  0.445245 1.387441 -2.569229  1.000000 -0.000006 0.000018  0.696104 0.215158 0
syringe_lod1
0  0.445238 1.018103 -2.330267  0.000002 -0.906002 -0.423273  0.842857 0.327116 0
0  0.445234 0.988279 -2.107042  -0.000006 -0.999676 0.025455  0.842861 0.317377 0
0  -0.445105 0.988285 -2.107058  -0.000006 -0.999676 0.025455  0.881361 0.317394 0
syringe_lod1
0  -0.445116 1.108173 -1.461896  -0.000008 -0.994456 0.105152  0.881374 0.289019 0
0  0.445223 1.108168 -1.461879  -0.000008 -0.994456 0.105152  0.842874 0.289001 0
0  0.445215 1.120352 -1.010113  -0.000005 -0.999242 -0.038935  0.842883 0.269459 0
syringe_lod1
0  0.445215 1.120352 -1.010113  1.000000 -0.000006 0.000018  0.707649 0.147737 0
0  0.445226 3.059408 -1.009968  1.000000 -0.000006 0.000018  0.623800 0.147737 0
0  0.445223 3.059395 -0.827543  1.000000 -0.000006 0.000018  0.623800 0.139849 0
syringe_lod1
0  0.445242 1.164550 -2.490237  0.000012 -0.552238 -0.833687  0.842853 0.336494 0
0  0.445238 1.018103 -2.330267  0.000002 -0.906002 -0.423273  0.842857 0.327116 0
0  -0.445101 1.018108 -2.330283  0.000003 -0.906002 -0.423272  0.881357 0.327133 0
syringe_lod1
0  -0.445125 1.120357 -1.010129  -1.000000 0.000006 -0.000018  0.741657 0.841580 0
0  -0.445154 0.956527 0.546621  -1.000000 0.000006 -0.000018  0.808974 0.834501 0
0  -0.445116 3.059400 -0.827560  -1.000000 0.000006 -0.000018  0.749545 0.925429 0
syringe_lod1
0  0.445215 1.120352 -1.010113  -0.000005 -0.999242 -0.038935  0.842883 0.269459 0
0  0.445186 0.956522 0.546637  -0.000001 -0.960574 -0.278025  0.842913 0.201770 0
0  -0.445154 0.956527 0.546621  -0.000001 -0.960574 -0.278025  0.881413 0.201787 0
syringe_lod1
0  -0.445083 3.059540 -2.695393  -1.000000 0.000006 -0.000018  0.668776 0.925429 0
0  -0.445095 1.387446 -2.569245  -1.000000 0.000006 -0.000018  0.674237 0.853124 0
0  -0.445116 1.108173 -1.461896  -1.000000 0.000006 -0.000018  0.722122 0.841052 0
syringe_lod1
0  -0.445186 0.391934 2.142797  -0.000017 -0.718311 0.695723  0.881319 0.121228 0
0  0.445154 0.391929 2.142813  -0.000017 -0.718300 0.695734  0.842819 0.121210 0
0  0.445152 0.698904 2.316041  -0.000019 -0.254035 0.967195  0.842826 0.105969 0
syringe_lod1
0  1.022987 0.972893 1.653769  0.331659 -0.078637 -0.940116  0.048155 0.319281 0
0  1.022987 -0.224347 1.653769  0.336081 0.134561 -0.932171  0.048142 0.371052 0
0  0.000000 -0.224347 1.653769  -0.000016 0.146419 -0.989223  0.003906 0.371041 0
syringe_lod1
0  1.484061 3.556364 -1.418143  0.957950 0.282942 0.047710  0.376769 0.058255 0
0  1.050772 4.523576 -1.013336  0.965417 0.256101 0.048818  0.363806 0.105587 0
0  1.056896 4.353465 0.039721  0.957455 0.276464 -0.082751  0.317714 0.103222 0
syringe_lod1
0  -0.000000 2.833434 -2.221789  -0.002794 -0.995544 0.094261  0.003966 0.122987 0
0  1.012515 2.827971 -2.242488  0.108992 -0.989487 0.095061  0.047751 0.122138 0
0  1.022987 2.766613 -1.696742  0.286483 -0.931659 -0.223470  0.048198 0.145886 0
syringe_lod1
0  1.022987 0.972893 1.653769  0.331659 -0.078637 -0.940116  0.048155 0.319281 0
0  0.000000 0.972893 1.653769  -0.000000 -0.089399 -0.995996  0.003919 0.319270 0
0  0.000000 1.466371 1.501988  0.000000 -0.534661 -0.845067  0.003925 0.296944 0
syringe_lod1
0  1.022987 -0.224347 1.653769  0.336081 0.134561 -0.932171  0.644348 0.373960 0
0  1.022987 0.972893 1.653769  0.331659 -0.078637 -0.940116  0.598981 0.348578 0
0  1.514152 0.999582 2.116759  0.768674 -0.030436 -0.638916  0.612229 0.322385 0
syringe_lod1
0  1.016016 5.225276 -0.974901  0.983967 0.165437 0.066637  0.118268 0.128581 0
0  0.845453 5.691479 -0.900935  0.691761 0.671936 0.264517  0.096954 0.132073 0
0  0.792932 5.071896 0.464780  0.745044 0.656923 -0.115597  0.101035 0.067678 0
syringe_lod1
0  1.148073 5.357154 -6.932144  0.407214 0.353904 -0.841979  0.134255 0.445516 0
0  1.312647 5.294686 -6.664736  0.989006 0.121773 -0.083892  0.132849 0.431730 0
0  1.363551 4.648986 -6.839737  0.980499 0.071699 -0.182979  0.166957 0.432286 0
syringe_lod1
0  1.022987 2.272861 0.065833  0.313543 -0.899011 -0.305728  0.509000 0.362568 0
0  1.514152 2.766638 0.121645  0.898974 -0.414923 -0.140305  0.492213 0.337239 0
0  1.514152 2.309082 1.366291  0.952631 -0.269806 -0.140356  0.545132 0.314070 0
syringe_lod1
0  1.022987 2.272861 0.065833  0.313543 -0.899011 -0.305728  0.048178 0.225037 0
0  -0.000000 2.272861 0.065833  -0.000000 -0.945637 -0.325225  0.003942 0.225026 0
0  -0.000000 2.766613 -1.696742  -0.000881 -0.971739 -0.236055  0.003962 0.145875 0
syringe_lod1
0  1.514152 -2.732637 2.111974  0.960897 -0.130387 -0.244287  0.463350 0.040552 0
0  2.011866 -2.732637 2.768127  0.794673 -0.069845 -0.603006  0.462811 0.003906 0
0  1.837219 -3.002538 2.768127  0.699791 -0.470054 -0.537905  0.476190 0.003906 0
syringe_lod1
0  1.370718 4.863269 -4.550895  0.984183 0.152948 0.089385  0.518556 0.098633 0
0  1.424004 4.083651 -5.520284  0.999942 -0.001325 -0.010647  0.555320 0.058951 0
0  1.312647 5.294686 -6.664736  0.989006 0.121773 -0.083892  0.612205 0.103733 0
syringe_lod1
0  2.011866 2.240164 2.768127  0.977936 0.208903 0.001094  0.666982 0.482287 0
0  1.563122 3.237669 2.741371  0.969023 0.114555 -0.218794  0.714285 0.481329 0
0  1.563812 3.234733 2.888029  0.984141 0.177378 -0.001796  0.714130 0.487670 0
syringe_lod1
0  2.011866 -2.732637 2.768127  0.997527 -0.070290 0.000000  0.451950 0.481387 0
0  2.011866 -0.524587 2.768127  1.000000 0.000000 0.000000  0.547430 0.481787 0
0  2.011866 -0.524587 2.888029  1.000000 0.000000 0.000000  0.547408 0.486971 0
syringe_lod1
0  1.022987 -0.526441 1.431813  0.372466 0.767666 -0.521495  0.244999 0.345367 0
0  0.000000 -0.526441 1.431813  0.000000 0.843093 -0.537767  0.244999 0.389603 0
0  0.000000 -0.224347 1.653769  -0.000016 0.146419 -0.989223  0.228789 0.389603 0
syringe_lod1
0  0.984576 7.050434 -6.216067  0.422450 0.408237 -0.809245  0.052995 0.453684 0
0  1.109736 6.964766 -5.958848  0.971066 0.212937 -0.108118  0.050346 0.441030 0
0  1.312647 5.294686 -6.664736  0.989006 0.121773 -0.083892  0.132849 0.431730 0
syringe_lod1
0  1.022987 -0.913695 0.845175  0.310459 0.092658 -0.946060  0.277749 0.345367 0
0  -0.000000 -0.913695 0.845175  -0.000010 0.098595 -0.995127  0.277749 0.389603 0
0  0.000000 -0.605678 1.055915  -0.000000 0.834568 -0.550905  0.261611 0.389603 0
syringe_lod1
0  -0.000000 2.822337 -4.690058  -0.000006 -0.994378 -0.105888  0.318776 0.497822 0
0  0.000000 2.960060 -5.239404  -0.000012 -0.955673 -0.294429  0.294196 0.497822 0
0  1.288071 3.758652 -5.553248  0.539035 -0.836591 -0.097759  0.267206 0.437157 0
syringe_lod1
0  -0.000000 6.951993 -3.343090  -0.000000 0.957885 0.287151  0.056216 0.249426 0
0  0.828968 6.514223 -3.352112  0.698552 0.685910 0.203845  0.096353 0.243411 0
0  0.860601 6.782375 -4.604121  0.729420 0.610250 0.309097  0.101745 0.298366 0
syringe_lod1
0  0.792932 5.071896 0.464780  0.745044 0.656923 -0.115597  0.306152 0.139261 0
0  1.491356 5.312599 1.790792  0.924433 0.218865 -0.312286  0.241387 0.147465 0
0  1.491184 4.284505 1.676758  0.968568 0.139287 -0.206094  0.244591 0.102689 0
syringe_lod1
0  1.109736 6.964766 -5.958848  0.971066 0.212937 -0.108118  0.592530 0.180394 0
0  1.168092 6.818786 -5.341529  0.970386 0.218466 0.103067  0.565543 0.176760 0
0  1.308306 5.577902 -4.920351  0.986908 0.140665 0.078901  0.539043 0.126849 0
syringe_lod1
0  0.000000 3.725906 -7.261336  -0.000002 -0.619527 -0.784975  0.201307 0.497822 0
0  -0.000000 4.615582 -7.478561  -0.000002 -0.003501 -0.999994  0.166193 0.497822 0
0  1.193940 4.627232 -7.132776  0.414469 0.006117 -0.910043  0.168372 0.446044 0
syringe_lod1
0  1.312647 5.294686 -6.664736  0.989006 0.121773 -0.083892  0.612205 0.103733 0
0  1.424004 4.083651 -5.520284  0.999942 -0.001325 -0.010647  0.555320 0.058951 0
0  1.363551 4.648986 -6.839737  0.980499 0.071699 -0.182979  0.615556 0.074943 0
syringe_lod1
0  1.424004 4.083651 -5.520284  0.999942 -0.001325 -0.010647  0.555320 0.058951 0
0  1.428281 3.939248 -6.218332  0.995608 -0.089998 -0.025806  0.584382 0.048372 0
0  1.363551 4.648986 -6.839737  0.980499 0.071699 -0.182979  0.615556 0.074943 0
syringe_lod1
0  1.168092 6.818786 -5.341529  0.970386 0.218466 0.103067  0.565543 0.176760 0
0  0.860601 6.782375 -4.604121  0.729420 0.610250 0.309097  0.531781 0.184389 0
0  1.039912 6.008224 -4.328459  0.952064 0.222382 0.210048  0.515626 0.151364 0
syringe_lod1
0  1.240456 3.932007 -6.894217  0.421709 -0.556854 -0.715594  0.202001 0.442008 0
0  1.193940 4.627232 -7.132776  0.414469 0.006117 -0.910043  0.168372 0.446044 0
0  1.363551 4.648986 -6.839737  0.980499 0.071699 -0.182979  0.166957 0.432286 0
syringe_lod1
0  1.022987 2.272861 0.065833  0.313543 -0.899011 -0.305728  0.509000 0.362568 0
0  1.022987 2.766613 -1.696742  0.286483 -0.931659 -0.223470  0.438478 0.398925 0
0  1.469567 3.195471 -1.570826  0.906821 -0.406414 -0.111815  0.425960 0.374579 0
syringe_lod1
0  -0.000000 2.554605 -3.624085  -0.000002 -0.648420 -0.761283  0.370447 0.497822 0
0  -0.000000 2.794534 -4.004842  0.000006 -0.897780 -0.440445  0.350043 0.497822 0
0  0.618978 2.865908 -3.959686  0.585899 -0.735406 -0.340442  0.350716 0.468690 0
syringe_lod1
0  1.022987 -0.526441 1.431813  0.372466 0.767666 -0.521495  0.653527 0.387383 0
0  1.514152 -0.897134 1.871507  0.903094 0.341164 -0.260822  0.681585 0.370285 0
0  1.514152 -1.071387 1.493112  0.819308 0.445650 -0.360736  0.685610 0.387950 0
syringe_lod1
0  1.514152 1.824041 1.966471  0.892623 -0.047305 -0.448316  0.263734 0.040552 0
0  2.011866 2.240164 2.768127  0.877050 0.078372 -0.473963  0.248504 0.003906 0
0  2.011866 1.013617 2.768127  0.810916 -0.016370 -0.584933  0.300716 0.003906 0
syringe_lod1
0  2.011866 -2.732637 2.768127  0.997527 -0.070290 0.000000  0.451950 0.481387 0
0  2.011866 -2.732637 2.888029  0.997525 -0.070310 0.000000  0.451928 0.486571 0
0  1.837219 -3.002538 2.888029  0.839562 -0.543263 0.000000  0.438027 0.486513 0
syringe_lod1
0  1.022987 -2.732637 0.845175  0.284179 -0.084604 -0.955031  0.356404 0.345367 0
0  -0.000000 -2.732637 0.845175  -0.000010 -0.082243 -0.996612  0.356404 0.389603 0
0  -0.000000 -0.913695 0.845175  -0.000010 0.098595 -0.995127  0.277749 0.389603 0
syringe_lod1
0  1.514152 -0.524587 2.109405  0.777650 0.040272 -0.627406  0.367286 0.040552 0
0  1.514152 0.999582 2.116759  0.768674 -0.030436 -0.638916  0.300982 0.040552 0
0  2.011866 1.013617 2.768127  0.810916 -0.016370 -0.584933  0.300716 0.003906 0
syringe_lod1
0  0.865127 7.475257 -5.748987  0.637560 0.764923 0.091706  0.585669 0.206198 0
0  -0.000000 7.828766 -5.613819  -0.000001 0.984085 0.177701  0.573610 0.245921 0
0  0.000000 7.715066 -5.191348  -0.000006 0.855117 0.518435  0.554963 0.241211 0
syringe_lod1
0  1.480133 3.314119 2.044683  0.993349 0.046515 -0.105331  0.199409 0.041837 0
0  1.563122 3.237669 2.741371  0.969023 0.114555 -0.218794  0.202103 0.013183 0
0  2.011866 2.240164 2.768127  0.877050 0.078372 -0.473963  0.248504 0.003906 0
syringe_lod1
0  1.424004 4.083651 -5.520284  0.999942 -0.001325 -0.010647  0.196683 0.372347 0
0  1.288071 3.758652 -5.553248  0.539035 -0.836591 -0.097759  0.212022 0.371627 0
0  1.271913 3.624864 -6.301474  0.416431 -0.894366 -0.163387  0.222364 0.402879 0
syringe_lod1
0  0.000000 -0.605678 1.055915  -0.000000 0.834568 -0.550905  0.261611 0.389603 0
0  0.000000 -0.526441 1.431813  0.000000 0.843093 -0.537767  0.244999 0.389603 0
0  1.022987 -0.526441 1.431813  0.372466 0.767666 -0.521495  0.244999 0.345367 0
syringe_lod1
0  0.000000 1.792713 1.135121  -0.000000 -0.871937 -0.489618  0.003930 0.275712 0
0  -0.000000 2.272861 0.065833  -0.000000 -0.945637 -0.325225  0.003942 0.225026 0
0  1.022987 2.272861 0.065833  0.313543 -0.899011 -0.305728  0.048178 0.225037 0
syringe_lod1
0  0.485435 1.690650 -3.018381  0.472672 -0.878881 -0.064417  0.419656 0.478309 0
0  -0.000000 1.642316 -3.018381  -0.000007 -0.992801 -0.119774  0.421406 0.497822 0
0  0.000000 1.758795 -3.274486  0.000006 -0.631726 -0.775191  0.408544 0.497822 0
syringe_lod1
0  2.011866 1.013617 2.768127  1.000000 0.000000 0.000000  0.613945 0.482065 0
0  2.011866 2.240164 2.768127  0.977936 0.208903 0.001094  0.666982 0.482287 0
0  2.011866 1.778510 2.888029  1.000000 0.000000 0.000000  0.646998 0.487389 0
syringe_lod1
0  1.837219 -3.002538 2.768127  0.000000 -1.000000 -0.000000  0.906684 0.722394 0
0  1.837219 -3.002538 2.888029  0.000000 -1.000000 0.000000  0.911561 0.724155 0
0  -0.000000 -3.002538 2.888029  0.000000 -1.000000 -0.000000  0.884577 0.798877 0
syringe_lod1
0  1.484061 3.556364 -1.418143  0.957950 0.282942 0.047710  0.198901 0.192547 0
0  1.517242 3.147652 0.194916  0.974083 0.225661 0.015459  0.210912 0.121240 0
0  1.514152 2.766638 0.121645  0.898974 -0.414923 -0.140305  0.227624 0.123207 0
syringe_lod1
0  1.022987 1.466371 1.501988  0.394314 -0.483431 -0.781544  0.577623 0.341925 0
0  1.022987 1.792713 1.135121  0.360509 -0.816781 -0.450447  0.556516 0.344528 0
0  1.514152 2.309082 1.366291  0.952631 -0.269806 -0.140356  0.545132 0.314070 0
syringe_lod1
0  0.000000 7.172117 -6.439604  -0.000001 0.418916 -0.908025  0.052896 0.497822 0
0  0.000000 7.553051 -6.263558  -0.000006 0.556985 -0.830522  0.035616 0.497822 0
0  0.807233 7.504354 -6.040373  0.429740 0.709724 -0.558225  0.032257 0.462691 0
syringe_lod1
0  1.514152 6.221346 2.888029  0.000001 0.000000 1.000000  0.616893 0.255668 0
0  1.110547 6.615771 2.888029  0.000002 0.000000 1.000000  0.633949 0.273120 0
0  1.110547 3.513870 2.888029  -0.000000 0.000000 1.000000  0.499816 0.273120 0
syringe_lod1
0  1.039912 6.008224 -4.328459  0.952064 0.222382 0.210048  0.131222 0.276771 0
0  0.860601 6.782375 -4.604121  0.729420 0.610250 0.309097  0.101745 0.298366 0
0  0.828968 6.514223 -3.352112  0.698552 0.685910 0.203845  0.096353 0.243411 0
syringe_lod1
0  -0.000000 6.105237 -0.800425  -0.000002 0.932215 0.361904  0.056216 0.132865 0
0  0.000000 5.395619 0.595046  -0.000000 0.999961 0.008863  0.063436 0.064996 0
0  0.792932 5.071896 0.464780  0.745044 0.656923 -0.115597  0.101035 0.067678 0
syringe_lod1
0  1.029988 2.181418 -2.947191  0.853654 -0.517278 0.060803  0.409951 0.450703 0
0  0.956888 2.259059 -3.313687  0.737891 -0.457621 -0.496085  0.395493 0.458218 0
0  1.112873 2.648437 -3.346772  0.845218 -0.243050 -0.475955  0.383798 0.446832 0
syringe_lod1
0  0.432192 1.752879 -2.823428  0.336714 -0.724693 0.601202  0.428287 0.476767 0
0  0.485435 1.690650 -3.018381  0.472672 -0.878881 -0.064417  0.419656 0.478309 0
0  1.029988 2.181418 -2.947191  0.853654 -0.517278 0.060803  0.409951 0.450703 0
syringe_lod1
0  0.000000 5.891511 1.515698  -0.000002 0.687910 -0.725796  0.291034 0.202787 0
0  1.031630 5.680978 1.553434  0.289856 0.610024 -0.737465  0.258820 0.169003 0
0  0.792932 5.071896 0.464780  0.745044 0.656923 -0.115597  0.306152 0.139261 0
syringe_lod1
0  1.491356 5.312599 1.790792  0.924433 0.218865 -0.312286  0.113646 0.057175 0
0  1.468442 6.190498 2.138504  0.978087 0.199474 -0.059638  0.074908 0.042159 0
0  1.480133 3.314119 2.044683  0.993349 0.046515 -0.105331  0.199409 0.041837 0
syringe_lod1
0  0.000000 3.725906 -7.261336  -0.000002 -0.619527 -0.784975  0.201307 0.497822 0
0  1.240456 3.932007 -6.894217  0.421709 -0.556854 -0.715594  0.202001 0.442008 0
0  1.271913 3.624864 -6.301474  0.416431 -0.894366 -0.163387  0.233707 0.441500 0
syringe_lod1
0  1.029988 2.181418 -2.947191  0.853654 -0.517278 0.060803  0.409951 0.450703 0
0  1.141140 2.833907 -2.684417  0.933419 -0.348095 0.086937  0.401929 0.422267 0
0  0.982807 2.677694 -2.510661  0.208353 -0.563261 0.799579  0.414139 0.424195 0
syringe_lod1
0  1.514152 6.221346 2.888029  0.987823 0.129341 -0.086467  0.073271 0.007337 0
0  1.468442 6.190498 2.138504  0.978087 0.199474 -0.059638  0.074908 0.042159 0
0  1.038936 6.594186 2.138504  0.314178 0.937293 -0.150910  0.049429 0.041509 0
syringe_lod1
0  0.987241 6.488971 1.797385  0.176633 0.599886 -0.780345  0.048980 0.057175 0
0  -0.000000 6.510557 1.798094  0.000001 0.595443 -0.803397  0.005050 0.057175 0
0  0.000000 6.615771 2.138504  -0.000001 0.987264 -0.159090  0.004395 0.042041 0
syringe_lod1
0  0.000000 5.432243 -7.243714  0.000000 0.372578 -0.928001  0.133100 0.497822 0
0  1.148073 5.357154 -6.932144  0.407214 0.353904 -0.841979  0.134255 0.445516 0
0  1.193940 4.627232 -7.132776  0.414469 0.006117 -0.910043  0.168372 0.446044 0
syringe_lod1
0  0.828968 6.514223 -3.352112  0.698552 0.685910 0.203845  0.096353 0.243411 0
0  0.845453 5.691479 -0.900935  0.691761 0.671936 0.264517  0.096954 0.132073 0
0  1.016016 5.225276 -0.974901  0.983967 0.165437 0.066637  0.118268 0.128581 0
syringe_lod1
0  1.514152 2.309082 1.366291  0.952631 -0.269806 -0.140356  0.244314 0.068218 0
0  1.514152 2.766638 0.121645  0.898974 -0.414923 -0.140305  0.227624 0.123207 0
0  1.517242 3.147652 0.194916  0.974083 0.225661 0.015459  0.210912 0.121240 0
syringe_lod1
0  1.514152 -0.897134 1.871507  0.903094 0.341164 -0.260822  0.681585 0.370285 0
0  1.022987 -0.526441 1.431813  0.372466 0.767666 -0.521495  0.653527 0.387383 0
0  1.022987 -0.224347 1.653769  0.336081 0.134561 -0.932171  0.644348 0.373960 0
syringe_lod1
0  1.022987 1.466371 1.501988  0.394314 -0.483431 -0.781544  0.048161 0.296955 0
0  0.000000 1.466371 1.501988  0.000000 -0.534661 -0.845067  0.003925 0.296944 0
0  0.000000 1.792713 1.135121  -0.000000 -0.871937 -0.489618  0.003930 0.275712 0
syringe_lod1
0  0.000000 5.432243 -7.243714  0.000000 0.372578 -0.928001  0.133100 0.497822 0
0  0.000000 7.172117 -6.439604  -0.000001 0.418916 -0.908025  0.052896 0.497822 0
0  0.984576 7.050434 -6.216067  0.422450 0.408237 -0.809245  0.052995 0.453684 0
syringe_lod1
0  1.322894 3.628284 -4.338072  0.642238 -0.751303 -0.151902  0.319846 0.430578 0
0  1.410129 3.767157 -3.827094  0.770738 -0.588757 -0.243574  0.336282 0.416642 0
0  0.618978 2.865908 -3.959686  0.585899 -0.735406 -0.340442  0.350716 0.468690 0
syringe_lod1
0  0.618978 2.865908 -3.959686  0.585899 -0.735406 -0.340442  0.350716 0.468690 0
0  -0.000000 2.794534 -4.004842  0.000006 -0.897780 -0.440445  0.350043 0.497822 0
0  0.000000 2.892903 -4.410400  0.000008 -0.964709 -0.263319  0.330999 0.497822 0
syringe_lod1
0  1.240456 3.932007 -6.894217  0.421709 -0.556854 -0.715594  0.215324 0.430984 0
0  1.412859 4.071863 -6.642946  0.990800 -0.026096 -0.132797  0.204831 0.420908 0
0  1.428281 3.939248 -6.218332  0.995608 -0.089998 -0.025806  0.206755 0.401673 0
syringe_lod1
0  0.884636 7.319439 -5.311028  0.574390 0.712411 0.403170  0.566430 0.200880 0
0  0.000000 7.715066 -5.191348  -0.000006 0.855117 0.518435  0.554963 0.241211 0
0  0.000000 7.297467 -4.736646  -0.000037 0.920742 0.390173  0.531127 0.228695 0
syringe_lod1
0  -0.000000 2.699334 -2.487246  0.051403 -0.544636 0.837096  0.003983 0.110127 0
0  0.000000 1.711271 -2.823428  0.000000 -0.425594 0.904914  0.003906 0.064996 0
0  0.912372 2.185632 -2.760654  0.250864 -0.427584 0.868469  0.043742 0.084940 0
syringe_lod1
0  0.618978 2.625980 -3.578930  0.533925 -0.539063 -0.651410  0.370678 0.468385 0
0  1.112873 2.648437 -3.346772  0.845218 -0.243050 -0.475955  0.383798 0.446832 0
0  0.956888 2.259059 -3.313687  0.737891 -0.457621 -0.496085  0.395493 0.458218 0
syringe_lod1
0  1.109736 6.964766 -5.958848  0.971066 0.212937 -0.108118  0.050346 0.441030 0
0  0.984576 7.050434 -6.216067  0.422450 0.408237 -0.809245  0.052995 0.453684 0
0  0.807233 7.504354 -6.040373  0.429740 0.709724 -0.558225  0.032257 0.462691 0
syringe_lod1
0  -0.000000 7.821269 -5.914310  -0.000001 0.963531 -0.267598  0.017244 0.497822 0
0  -0.000000 7.828766 -5.613819  -0.000001 0.984085 0.177701  0.003906 0.497822 0
0  0.865127 7.475257 -5.748987  0.637560 0.764923 0.091706  0.022513 0.454630 0
syringe_lod1
0  0.884636 7.319439 -5.311028  0.574390 0.712411 0.403170  0.566430 0.200880 0
0  1.168092 6.818786 -5.341529  0.970386 0.218466 0.103067  0.565543 0.176760 0
0  1.109736 6.964766 -5.958848  0.971066 0.212937 -0.108118  0.592530 0.180394 0
syringe_lod1
0  0.000000 2.127789 -3.436179  0.000000 -0.382810 -0.923827  0.390775 0.497822 0
0  0.550211 2.187544 -3.414012  0.178570 -0.364478 -0.913930  0.390787 0.474913 0
0  0.490776 1.808612 -3.271477  0.335569 -0.667328 -0.664881  0.407859 0.479210 0
syringe_lod1
0  1.212120 2.981876 -2.409526  0.815428 -0.575506 -0.062204  0.406600 0.408922 0
0  1.012515 2.827971 -2.242488  0.108992 -0.989487 0.095061  0.419326 0.412693 0
0  0.982807 2.677694 -2.510661  0.208353 -0.563261 0.799579  0.414139 0.424195 0
syringe_lod1
0  1.039746 5.822938 -3.430834  0.987381 0.152328 0.043305  0.127218 0.237394 0
0  1.016016 5.225276 -0.974901  0.983967 0.165437 0.066637  0.118268 0.128581 0
0  1.050772 4.523576 -1.013336  0.965417 0.256101 0.048818  0.147420 0.120145 0
syringe_lod1
0  2.011866 1.778510 2.888029  0.000000 0.000000 1.000000  0.424776 0.234145 0
0  -0.000000 3.508027 2.888029  -0.000000 0.000000 1.000000  0.499564 0.321143 0
0  -0.000000 -3.002538 2.888029  0.000000 0.000000 1.000000  0.218034 0.321143 0
syringe_lod1
0  0.828968 6.514223 -3.352112  0.698552 0.685910 0.203845  0.096353 0.243411 0
0  -0.000000 6.951993 -3.343090  -0.000000 0.957885 0.287151  0.056216 0.249426 0
0  -0.000000 6.105237 -0.800425  -0.000002 0.932215 0.361904  0.056216 0.132865 0
syringe_lod1
0  1.032283 5.418792 -4.050724  0.954935 0.210632 0.209126  0.499054 0.128542 0
0  1.028819 5.064904 -3.537079  0.967122 0.243876 0.072103  0.474906 0.116684 0
0  1.436016 4.148170 -3.753822  0.975551 0.191764 0.107367  0.480039 0.072606 0
syringe_lod1
0  1.271913 3.624864 -6.301474  0.416431 -0.894366 -0.163387  0.233707 0.441500 0
0  1.288071 3.758652 -5.553248  0.539035 -0.836591 -0.097759  0.267206 0.437157 0
0  -0.000000 3.351034 -5.673006  0.000020 -0.995749 -0.092113  0.269475 0.497822 0
syringe_lod1
0  0.000000 5.891511 1.515698  -0.000002 0.687910 -0.725796  0.291034 0.202787 0
0  -0.000000 6.510557 1.798094  0.000001 0.595443 -0.803397  0.274699 0.226324 0
0  0.987241 6.488971 1.797385  0.176633 0.599886 -0.780345  0.240783 0.201940 0
syringe_lod1
0  0.991838 -3.002538 1.019822  0.242313 -0.552974 -0.797185  0.749008 0.453904 0
0  1.022987 -2.732637 0.845175  0.284179 -0.084604 -0.955031  0.735108 0.451985 0
0  1.514152 -2.732637 1.342508  0.918850 -0.096524 -0.382619  0.748569 0.424757 0
syringe_lod1
0  1.514152 -2.732637 2.111974  0.960897 -0.130387 -0.244287  0.579949 0.004546 0
0  1.339505 -3.002538 2.129297  0.800740 -0.527268 -0.284258  0.593856 0.003906 0
0  1.339505 -3.002537 1.389886  0.788617 -0.548269 -0.278361  0.593604 0.035879 0
syringe_lod1
0  -0.000000 -3.002538 1.019822  0.000000 -1.000000 0.000000  0.808595 0.771438 0
0  0.991838 -3.002538 1.019822  0.000000 -1.000000 0.000000  0.823162 0.731098 0
0  1.339505 -3.002538 2.129297  0.000000 -1.000000 -0.000000  0.873392 0.733254 0
syringe_lod1
0  1.514152 -1.412964 1.342508  0.925626 0.035899 -0.376734  0.697163 0.399352 0
0  1.514152 -2.732637 1.342508  0.918850 -0.096524 -0.382619  0.748569 0.424757 0
0  1.022987 -2.732637 0.845175  0.284179 -0.084604 -0.955031  0.735108 0.451985 0
syringe_lod1
0  0.991838 -3.002538 1.019822  0.242313 -0.552974 -0.797185  0.370305 0.346714 0
0  -0.000000 -3.002538 1.019822  0.000000 -0.543263 -0.839563  0.370305 0.389603 0
0  -0.000000 -2.732637 0.845175  -0.000010 -0.082243 -0.996612  0.356404 0.389603 0
syringe_lod1
0  0.000000 6.615771 2.518836  0.000000 0.000000 1.000000  0.498648 0.379851 0
0  -0.000000 3.508027 2.518836  0.000000 0.000000 1.000000  0.633033 0.379851 0
0  0.578233 3.510824 2.617093  -0.315291 0.000001 0.948995  0.632912 0.405213 0
syringe_lod1
0  -0.000000 2.554605 -3.624085  -0.000002 -0.648420 -0.761283  0.370447 0.497822 0
0  0.618978 2.625980 -3.578930  0.533925 -0.539063 -0.651410  0.370678 0.468385 0
0  0.550211 2.187544 -3.414012  0.178570 -0.364478 -0.913930  0.390787 0.474913 0
syringe_lod1
0  0.000000 6.615771 2.518836  -0.000000 0.999849 -0.017389  0.003906 0.025685 0
0  0.578233 6.615771 2.617092  0.014774 0.999646 -0.022150  0.028559 0.021228 0
0  1.038936 6.594186 2.138504  0.314178 0.937293 -0.150910  0.049429 0.041509 0
syringe_lod1
0  1.308306 5.577902 -4.920351  0.986908 0.140665 0.078901  0.539043 0.126849 0
0  1.039912 6.008224 -4.328459  0.952064 0.222382 0.210048  0.515626 0.151364 0
0  1.032283 5.418792 -4.050724  0.954935 0.210632 0.209126  0.499054 0.128542 0
syringe_lod1
0  1.514152 -1.412964 1.342508  0.925626 0.035899 -0.376734  0.522624 0.037370 0
0  1.514152 -1.393440 2.110303  0.929522 -0.000212 -0.368767  0.522041 0.004163 0
0  1.514152 -2.732637 2.111974  0.960897 -0.130387 -0.244287  0.579949 0.004546 0
syringe_lod1
0  -0.000000 1.642316 -3.018381  -0.000007 -0.992801 -0.119774  0.421406 0.497822 0
0  0.485435 1.690650 -3.018381  0.472672 -0.878881 -0.064417  0.419656 0.478309 0
0  0.432192 1.752879 -2.823428  0.336714 -0.724693 0.601202  0.428287 0.476767 0
syringe_lod1
0  0.618978 2.865908 -3.959686  0.585899 -0.735406 -0.340442  0.350716 0.468690 0
0  1.410129 3.767157 -3.827094  0.770738 -0.588757 -0.243574  0.336282 0.416642 0
0  1.428442 3.591020 -3.131937  0.930202 -0.313764 -0.190464  0.364644 0.408303 0
syringe_lod1
0  -0.000000 2.833434 -2.221789  -0.002794 -0.995544 0.094261  0.003966 0.122987 0
0  -0.000000 2.699334 -2.487246  0.051403 -0.544636 0.837096  0.003983 0.110127 0
0  0.982807 2.677694 -2.510661  0.208353 -0.563261 0.799579  0.046484 0.108843 0
syringe_lod1
0  1.514152 -1.071387 1.493112  0.819308 0.445650 -0.360736  0.685610 0.387950 0
0  1.514152 -1.412964 1.342508  0.925626 0.035899 -0.376734  0.697163 0.399352 0
0  1.022987 -0.913695 0.845175  0.310459 0.092658 -0.946060  0.664266 0.416979 0
syringe_lod1
0  0.485435 1.690650 -3.018381  0.472672 -0.878881 -0.064417  0.419656 0.478309 0
0  0.490776 1.808612 -3.271477  0.335569 -0.667328 -0.664881  0.407859 0.479210 0
0  0.956888 2.259059 -3.313687  0.737891 -0.457621 -0.496085  0.395493 0.458218 0
syringe_lod1
0  1.288071 3.758652 -5.553248  0.539035 -0.836591 -0.097759  0.212022 0.371627 0
0  1.424004 4.083651 -5.520284  0.999942 -0.001325 -0.010647  0.196683 0.372347 0
0  1.444677 3.978923 -4.397437  0.995403 -0.092393 -0.025233  0.193865 0.323439 0
syringe_lod1
0  1.410129 3.767157 -3.827094  0.770738 -0.588757 -0.243574  0.200344 0.297394 0
0  1.322894 3.628284 -4.338072  0.642238 -0.751303 -0.151902  0.209455 0.318744 0
0  1.444677 3.978923 -4.397437  0.995403 -0.092393 -0.025233  0.193865 0.323439 0
syringe_lod1
0  0.578233 6.615771 2.617092  -0.315270 0.000000 0.949002  0.498648 0.405213 0
0  0.578233 3.510824 2.617093  -0.315291 0.000001 0.948995  0.632912 0.405213 0
0  1.110547 3.513870 2.888029  -0.453604 0.000000 0.891204  0.632780 0.431041 0
syringe_lod1
0  1.038936 6.594186 2.138504  0.314178 0.937293 -0.150910  0.049429 0.041509 0
0  1.468442 6.190498 2.138504  0.978087 0.199474 -0.059638  0.074908 0.042159 0
0  1.445935 6.070788 1.793651  0.655600 0.354137 -0.666915  0.079013 0.057175 0
syringe_lod1
0  1.022987 0.972893 1.653769  0.331659 -0.078637 -0.940116  0.598981 0.348578 0
0  1.022987 1.466371 1.501988  0.394314 -0.483431 -0.781544  0.577623 0.341925 0
0  1.514152 1.824041 1.966471  0.892623 -0.047305 -0.448316  0.578352 0.308711 0
syringe_lod1
0  1.028819 5.064904 -3.537079  0.967122 0.243876 0.072103  0.474906 0.116684 0
0  1.050772 4.523576 -1.013336  0.965417 0.256101 0.048818  0.363806 0.105587 0
0  1.484061 3.556364 -1.418143  0.957950 0.282942 0.047710  0.376769 0.058255 0
syringe_lod1
0  1.446292 4.021586 -3.254229  0.958450 0.280996 0.049138  0.186447 0.273993 0
0  1.484061 3.556364 -1.418143  0.957950 0.282942 0.047710  0.198901 0.192547 0
0  1.469567 3.195471 -1.570826  0.906821 -0.406414 -0.111815  0.215092 0.197772 0
syringe_lod1
0  1.436016 4.148170 -3.753822  0.975551 0.191764 0.107367  0.183520 0.296338 0
0  1.446292 4.021586 -3.254229  0.958450 0.280996 0.049138  0.186447 0.273993 0
0  1.428442 3.591020 -3.131937  0.930202 -0.313764 -0.190464  0.204535 0.266828 0
syringe_lod1
0  -1.022987 0.972893 1.653769  -0.331650 -0.078649 -0.940118  1.048155 0.319281 0
0  0.000000 0.972893 1.653769  0.000031 -0.089399 -0.995996  1.003919 0.319270 0
0  0.000000 -0.224347 1.653769  -0.000016 0.146419 -0.989223  1.003906 0.371041 0
syringe_lod1
0  -1.484061 3.556364 -1.418144  -0.957950 0.282937 0.047730  1.376769 0.058255 0
0  -1.517242 3.147652 0.194916  -0.974083 0.225661 0.015456  1.305481 0.048372 0
0  -1.056896 4.353465 0.039721  -0.957454 0.276467 -0.082753  1.317714 0.103222 0
syringe_lod1
0  -0.000000 2.833434 -2.221789  0.003194 -0.995543 0.094253  1.003966 0.122987 0
0  -0.000000 2.766613 -1.696742  0.000881 -0.971739 -0.236055  1.003962 0.145875 0
0  -1.022987 2.766613 -1.696742  -0.286474 -0.931666 -0.223452  1.048198 0.145886 0
syringe_lod1
0  -1.022987 0.972893 1.653769  -0.331650 -0.078649 -0.940118  1.048155 0.319281 0
0  -1.022987 1.466371 1.501988  -0.394312 -0.483437 -0.781541  1.048161 0.296955 0
0  0.000000 1.466371 1.501988  0.000000 -0.534661 -0.845067  1.003925 0.296944 0
syringe_lod1
0  -1.022987 -0.224347 1.653769  -0.336077 0.134564 -0.932172  1.644348 0.373960 0
0  -1.514152 -0.524587 2.109405  -0.777643 0.040283 -0.627414  1.669977 0.354943 0
0  -1.514152 0.999582 2.116759  -0.768652 -0.030471 -0.638941  1.612229 0.322385 0
syringe_lod1
0  -1.016016 5.225276 -0.974902  -0.983967 0.165433 0.066643  1.118268 0.128581 0
0  -1.056896 4.353465 0.039721  -0.957454 0.276467 -0.082753  1.138542 0.074537 0
0  -0.792932 5.071896 0.464780  -0.745072 0.656895 -0.115573  1.101035 0.067678 0
syringe_lod1
0  -1.148073 5.357154 -6.932144  -0.407214 0.353904 -0.841979  1.134255 0.445516 0
0  -1.193940 4.627232 -7.132776  -0.414468 0.006139 -0.910043  1.168372 0.446044 0
0  -1.363551 4.648986 -6.839737  -0.980496 0.071733 -0.182982  1.166957 0.432286 0
syringe_lod1
0  -1.022987 2.272861 0.065833  -0.313545 -0.899016 -0.305712  1.509000 0.362568 0
0  -1.022987 1.792713 1.135121  -0.360511 -0.816781 -0.450445  1.556516 0.344528 0
0  -1.514151 2.309082 1.366291  -0.952631 -0.269805 -0.140356  1.545132 0.314070 0
syringe_lod1
0  -1.022987 2.272861 0.065833  -0.313545 -0.899016 -0.305712  1.048178 0.225037 0
0  -1.022987 2.766613 -1.696742  -0.286474 -0.931666 -0.223452  1.048198 0.145886 0
0  -0.000000 2.766613 -1.696742  0.000881 -0.971739 -0.236055  1.003962 0.145875 0
syringe_lod1
0  -1.514151 -2.732637 2.111974  -0.960903 -0.130404 -0.244256  1.463350 0.040552 0
0  -1.339505 -3.002538 2.129297  -0.800741 -0.527268 -0.284258  1.476190 0.040552 0
0  -1.837219 -3.002538 2.768127  -0.699791 -0.470053 -0.537905  1.476190 0.003906 0
syringe_lod1
0  -1.370718 4.863269 -4.550895  -0.984184 0.152948 0.089385  1.518556 0.098633 0
0  -1.308306 5.577902 -4.920351  -0.986909 0.140663 0.078901  1.539043 0.126849 0
0  -1.312647 5.294686 -6.664735  -0.989007 0.121767 -0.083894  1.612205 0.103733 0
syringe_lod1
0  -2.011866 2.240164 2.768127  -0.977935 0.208907 0.001107  1.666982 0.482287 0
0  -2.011866 2.240164 2.888029  -0.937085 0.349102 0.000000  1.666961 0.487472 0
0  -1.563812 3.234733 2.888029  -0.984141 0.177379 -0.001810  1.714130 0.487670 0
syringe_lod1
0  -2.011866 -2.732637 2.768127  -0.997527 -0.070290 -0.000008  1.451950 0.481387 0
0  -2.011866 -2.732637 2.888029  -0.997525 -0.070310 0.000000  1.451928 0.486571 0
0  -2.011866 -0.524587 2.888029  -1.000000 0.000000 0.000000  1.547408 0.486971 0
syringe_lod1
0  -1.022987 -0.526441 1.431813  -0.372466 0.767667 -0.521495  1.244999 0.345367 0
0  -1.022987 -0.224347 1.653769  -0.336077 0.134564 -0.932172  1.228789 0.345367 0
0  0.000000 -0.224347 1.653769  -0.000016 0.146419 -0.989223  1.228789 0.389603 0
syringe_lod1
0  -0.984576 7.050434 -6.216067  -0.422403 0.408231 -0.809273  1.052995 0.453684 0
0  -1.148073 5.357154 -6.932144  -0.407214 0.353904 -0.841979  1.134255 0.445516 0
0  -1.312647 5.294686 -6.664735  -0.989007 0.121767 -0.083894  1.132849 0.431730 0
syringe_lod1
0  -1.022987 -0.913695 0.845175  -0.310495 0.092637 -0.946050  1.277749 0.345367 0
0  -1.022987 -0.605678 1.055915  -0.389151 0.752191 -0.531761  1.261611 0.345367 0
0  0.000000 -0.605678 1.055915  -0.000000 0.834568 -0.550905  1.261611 0.389603 0
syringe_lod1
0  -0.000000 2.822337 -4.690058  -0.000006 -0.994378 -0.105888  1.318776 0.497822 0
0  -1.322894 3.628284 -4.338072  -0.642233 -0.751315 -0.151861  1.319846 0.430578 0
0  -1.288071 3.758652 -5.553247  -0.539032 -0.836595 -0.097740  1.267206 0.437157 0
syringe_lod1
0  -0.000000 6.951993 -3.343090  -0.000000 0.957885 0.287151  1.056216 0.249426 0
0  0.000000 7.297467 -4.736646  -0.000037 0.920742 0.390173  1.059886 0.311672 0
0  -0.860601 6.782375 -4.604121  -0.729419 0.610251 0.309098  1.101745 0.298366 0
syringe_lod1
0  -0.792932 5.071896 0.464780  -0.745072 0.656895 -0.115573  1.306152 0.139261 0
0  -1.056896 4.353465 0.039721  -0.957454 0.276467 -0.082753  1.317714 0.103222 0
0  -1.491184 4.284505 1.676758  -0.968568 0.139284 -0.206098  1.244591 0.102689 0
syringe_lod1
0  -1.109736 6.964766 -5.958848  -0.971066 0.212934 -0.108124  1.592530 0.180394 0
0  -1.312647 5.294686 -6.664735  -0.989007 0.121767 -0.083894  1.612205 0.103733 0
0  -1.308306 5.577902 -4.920351  -0.986909 0.140663 0.078901  1.539043 0.126849 0
syringe_lod1
0  0.000000 3.725906 -7.261336  -0.000002 -0.619527 -0.784975  1.201306 0.497822 0
0  -1.240456 3.932007 -6.894217  -0.421706 -0.556876 -0.715579  1.202001 0.442008 0
0  -1.193940 4.627232 -7.132776  -0.414468 0.006139 -0.910043  1.168372 0.446044 0
syringe_lod1
0  -1.428282 3.939248 -6.218332  -0.995607 -0.089995 -0.025850  1.584382 0.048372 0
0  -1.424004 4.083651 -5.520285  -0.999942 -0.001326 -0.010647  1.555320 0.058951 0
0  -1.363551 4.648986 -6.839737  -0.980496 0.071733 -0.182982  1.615556 0.074943 0
syringe_lod1
0  -1.424004 4.083651 -5.520285  -0.999942 -0.001326 -0.010647  1.555320 0.058951 0
0  -1.312647 5.294686 -6.664735  -0.989007 0.121767 -0.083894  1.612205 0.103733 0
0  -1.363551 4.648986 -6.839737  -0.980496 0.071733 -0.182982  1.615556 0.074943 0
syringe_lod1
0  -1.168092 6.818786 -5.341530  -0.970386 0.218460 0.103081  1.565543 0.176760 0
0  -1.308306 5.577902 -4.920351  -0.986909 0.140663 0.078901  1.539043 0.126849 0
0  -1.039912 6.008224 -4.328459  -0.952064 0.222386 0.210043  1.515626 0.151364 0
syringe_lod1
0  -1.240456 3.932007 -6.894217  -0.421706 -0.556876 -0.715579  1.202001 0.442008 0
0  -1.412859 4.071863 -6.642947  -0.990798 -0.026088 -0.132812  1.196369 0.427489 0
0  -1.363551 4.648986 -6.839737  -0.980496 0.071733 -0.182982  1.166957 0.432286 0
syringe_lod1
0  -1.022987 2.272861 0.065833  -0.313545 -0.899016 -0.305712  1.509000 0.362568 0
0  -1.514151 2.766638 0.121645  -0.898974 -0.414919 -0.140317  1.492213 0.337239 0
0  -1.469567 3.195471 -1.570826  -0.906821 -0.406415 -0.111813  1.425960 0.374579 0
syringe_lod1
0  -0.000000 2.554605 -3.624085  -0.000002 -0.648420 -0.761283  1.370447 0.497822 0
0  -0.618978 2.625980 -3.578930  -0.533934 -0.539047 -0.651415  1.370678 0.468385 0
0  -0.618978 2.865908 -3.959686  -0.585889 -0.735420 -0.340429  1.350716 0.468690 0
syringe_lod1
0  -1.022987 -0.526441 1.431813  -0.372466 0.767667 -0.521495  1.653527 0.387383 0
0  -1.022987 -0.605678 1.055915  -0.389151 0.752191 -0.531761  1.654522 0.404034 0
0  -1.514152 -1.071387 1.493112  -0.819307 0.445639 -0.360752  1.685611 0.387950 0
syringe_lod1
0  -1.514152 1.824041 1.966471  -0.892631 -0.047314 -0.448299  1.263734 0.040552 0
0  -1.514152 0.999582 2.116759  -0.768652 -0.030471 -0.638941  1.300982 0.040552 0
0  -2.011865 1.013617 2.768127  -0.810916 -0.016322 -0.584935  1.300716 0.003906 0
syringe_lod1
0  -2.011866 -2.732637 2.768127  -0.997527 -0.070290 -0.000008  1.451950 0.481387 0
0  -1.837219 -3.002538 2.768127  -0.839562 -0.543264 0.000000  1.438049 0.481329 0
0  -1.837219 -3.002538 2.888029  -0.839562 -0.543263 0.000000  1.438027 0.486513 0
syringe_lod1
0  -1.022987 -2.732637 0.845175  -0.284179 -0.084604 -0.955031  1.356404 0.345367 0
0  -1.022987 -0.913695 0.845175  -0.310495 0.092637 -0.946050  1.277749 0.345367 0
0  -0.000000 -0.913695 0.845175  -0.000010 0.098595 -0.995127  1.277749 0.389603 0
syringe_lod1
0  -1.514152 -0.524587 2.109405  -0.777643 0.040283 -0.627414  1.367286 0.040552 0
0  -2.011866 -0.524587 2.768127  -0.796974 0.000542 -0.604014  1.367272 0.003906 0
0  -2.011865 1.013617 2.768127  -0.810916 -0.016322 -0.584935  1.300716 0.003906 0
syringe_lod1
0  -0.865127 7.475257 -5.748987  -0.637560 0.764923 0.091706  1.585669 0.206198 0
0  -0.884636 7.319439 -5.311028  -0.574389 0.712415 0.403166  1.566430 0.200880 0
0  0.000000 7.715066 -5.191348  -0.000006 0.855117 0.518435  1.554963 0.241211 0
syringe_lod1
0  -1.480133 3.314119 2.044683  -0.993349 0.046515 -0.105332  1.199409 0.041837 0
0  -1.514152 1.824041 1.966471  -0.892631 -0.047314 -0.448299  1.263734 0.040552 0
0  -2.011866 2.240164 2.768127  -0.877050 0.078372 -0.473963  1.248504 0.003906 0
syringe_lod1
0  -1.424004 4.083651 -5.520285  -0.999942 -0.001326 -0.010647  1.196683 0.372347 0
0  -1.428282 3.939248 -6.218332  -0.995607 -0.089995 -0.025850  1.206755 0.401673 0
0  -1.271913 3.624864 -6.301474  -0.416432 -0.894359 -0.163420  1.222364 0.402879 0
syringe_lod1
0  0.000000 -0.605678 1.055915  -0.000000 0.834568 -0.550905  1.261611 0.389603 0
0  -1.022987 -0.605678 1.055915  -0.389151 0.752191 -0.531761  1.261611 0.345367 0
0  -1.022987 -0.526441 1.431813  -0.372466 0.767667 -0.521495  1.244999 0.345367 0
syringe_lod1
0  0.000000 1.792713 1.135121  0.000000 -0.871937 -0.489618  1.003930 0.275712 0
0  -1.022987 1.792713 1.135121  -0.360511 -0.816781 -0.450445  1.048166 0.275723 0
0  -1.022987 2.272861 0.065833  -0.313545 -0.899016 -0.305712  1.048178 0.225037 0
syringe_lod1
0  -0.485435 1.690650 -3.018381  -0.472663 -0.878884 -0.064434  1.419656 0.478309 0
0  -0.490776 1.808612 -3.271477  -0.335569 -0.667328 -0.664881  1.407859 0.479210 0
0  0.000000 1.758795 -3.274486  0.000006 -0.631726 -0.775191  1.408544 0.497822 0
syringe_lod1
0  -2.011865 1.013617 2.768127  -1.000000 -0.000000 -0.000000  1.613945 0.482065 0
0  -2.011865 1.013617 2.888029  -1.000000 -0.000000 -0.000000  1.613923 0.487250 0
0  -2.011866 1.778510 2.888029  -1.000000 -0.000000 -0.000001  1.646998 0.487389 0
syringe_lod1
0  -1.837219 -3.002538 2.768127  0.000000 -1.000000 -0.000000  1.906684 0.722394 0
0  0.000000 -3.002538 2.768127  0.000000 -1.000000 -0.000000  1.879700 0.797116 0
0  -0.000000 -3.002538 2.888029  0.000000 -1.000000 -0.000000  1.884577 0.798877 0
syringe_lod1
0  -1.484061 3.556364 -1.418144  -0.957950 0.282937 0.047730  1.198901 0.192547 0
0  -1.469567 3.195471 -1.570826  -0.906821 -0.406415 -0.111813  1.215092 0.197772 0
0  -1.514151 2.766638 0.121645  -0.898974 -0.414919 -0.140317  1.227624 0.123207 0
syringe_lod1
0  -1.022987 1.466371 1.501988  -0.394312 -0.483437 -0.781541  1.577623 0.341925 0
0  -1.514152 1.824041 1.966471  -0.892631 -0.047314 -0.448299  1.578352 0.308711 0
0  -1.514151 2.309082 1.366291  -0.952631 -0.269805 -0.140356  1.545132 0.314070 0
syringe_lod1
0  0.000000 7.172117 -6.439604  -0.000001 0.418916 -0.908025  1.052896 0.497822 0
0  -0.984576 7.050434 -6.216067  -0.422403 0.408231 -0.809273  1.052995 0.453684 0
0  -0.807233 7.504354 -6.040373  -0.429733 0.709734 -0.558218  1.032257 0.462691 0
syringe_lod1
0  -1.514152 6.221346 2.888029  -0.000001 0.000000 1.000000  1.616893 0.255668 0
0  -1.563812 3.234733 2.888029  0.000000 0.000000 1.000000  1.487746 0.253520 0
0  -1.110547 3.513870 2.888029  0.000000 0.000000 1.000000  1.499816 0.273120 0
syringe_lod1
0  -1.039912 6.008224 -4.328459  -0.952064 0.222386 0.210043  1.131222 0.276771 0
0  -1.039746 5.822938 -3.430834  -0.987381 0.152330 0.043304  1.127218 0.237394 0
0  -0.828968 6.514223 -3.352112  -0.698550 0.685917 0.203829  1.096354 0.243411 0
syringe_lod1
0  -0.000000 6.105237 -0.800425  -0.000002 0.932215 0.361904  1.056216 0.132865 0
0  -0.845453 5.691479 -0.900935  -0.691760 0.671933 0.264527  1.096954 0.132073 0
0  -0.792932 5.071896 0.464780  -0.745072 0.656895 -0.115573  1.101035 0.067678 0
syringe_lod1
0  -1.029988 2.181418 -2.947191  -0.853663 -0.517271 0.060743  1.409951 0.450703 0
0  -1.141140 2.833907 -2.684417  -0.933420 -0.348094 0.086938  1.401929 0.422267 0
0  -1.112873 2.648437 -3.346772  -0.845228 -0.243029 -0.475948  1.383798 0.446832 0
syringe_lod1
0  -0.432192 1.752879 -2.823428  -0.336716 -0.724691 0.601203  1.428287 0.476767 0
0  -0.912372 2.185632 -2.760654  -0.250840 -0.427623 0.868457  1.418923 0.448289 0
0  -1.029988 2.181418 -2.947191  -0.853663 -0.517271 0.060743  1.409951 0.450703 0
syringe_lod1
0  0.000000 5.891511 1.515698  -0.000002 0.687910 -0.725796  1.291034 0.202787 0
0  0.000000 5.395619 0.595046  -0.000000 0.999961 0.008863  1.322021 0.171912 0
0  -0.792932 5.071896 0.464780  -0.745072 0.656895 -0.115573  1.306152 0.139261 0
syringe_lod1
0  -1.491356 5.312599 1.790792  -0.924435 0.218866 -0.312277  1.113646 0.057175 0
0  -1.491184 4.284505 1.676758  -0.968568 0.139284 -0.206098  1.157929 0.057175 0
0  -1.480133 3.314119 2.044683  -0.993349 0.046515 -0.105332  1.199409 0.041837 0
syringe_lod1
0  0.000000 3.725906 -7.261336  -0.000002 -0.619527 -0.784975  1.201306 0.497822 0
0  0.000000 3.267892 -6.451303  -0.000003 -0.982698 -0.185216  1.237285 0.497822 0
0  -1.271913 3.624864 -6.301474  -0.416432 -0.894359 -0.163420  1.233707 0.441500 0
syringe_lod1
0  -1.029988 2.181418 -2.947191  -0.853663 -0.517271 0.060743  1.409951 0.450703 0
0  -0.912372 2.185632 -2.760654  -0.250840 -0.427623 0.868457  1.418923 0.448289 0
0  -0.982807 2.677694 -2.510660  -0.208391 -0.563210 0.799605  1.414139 0.424195 0
syringe_lod1
0  -1.514152 6.221346 2.888029  -0.988073 0.129360 -0.083538  1.073271 0.007337 0
0  -1.110547 6.615771 2.888029  -0.514324 0.854876 -0.068241  1.050108 0.008709 0
0  -1.038936 6.594186 2.138504  -0.314182 0.937293 -0.150904  1.049429 0.041509 0
syringe_lod1
0  -0.987241 6.488971 1.797385  -0.176603 0.599905 -0.780337  1.048980 0.057175 0
0  -1.038936 6.594186 2.138504  -0.314182 0.937293 -0.150904  1.049429 0.041509 0
0  0.000000 6.615771 2.138504  -0.000001 0.987264 -0.159090  1.004395 0.042041 0
syringe_lod1
0  0.000000 5.432243 -7.243714  0.000000 0.372578 -0.928001  1.133100 0.497822 0
0  -0.000000 4.615582 -7.478561  -0.000002 -0.003501 -0.999994  1.166193 0.497822 0
0  -1.193940 4.627232 -7.132776  -0.414468 0.006139 -0.910043  1.168372 0.446044 0
syringe_lod1
0  -0.828968 6.514223 -3.352112  -0.698550 0.685917 0.203829  1.096354 0.243411 0
0  -1.039746 5.822938 -3.430834  -0.987381 0.152330 0.043304  1.127218 0.237394 0
0  -1.016016 5.225276 -0.974902  -0.983967 0.165433 0.066643  1.118268 0.128581 0
syringe_lod1
0  -1.514151 2.309082 1.366291  -0.952631 -0.269805 -0.140356  1.244314 0.068218 0
0  -1.493351 3.393397 1.225901  -0.990796 0.116370 -0.069150  1.197320 0.077141 0
0  -1.517242 3.147652 0.194916  -0.974083 0.225661 0.015456  1.210912 0.121240 0
syringe_lod1
0  -1.514152 -0.897134 1.871507  -0.903095 0.341175 -0.260804  1.681585 0.370285 0
0  -1.514152 -0.524587 2.109405  -0.777643 0.040283 -0.627414  1.669977 0.354943 0
0  -1.022987 -0.224347 1.653769  -0.336077 0.134564 -0.932172  1.644348 0.373960 0
syringe_lod1
0  -1.022987 1.466371 1.501988  -0.394312 -0.483437 -0.781541  1.048161 0.296955 0
0  -1.022987 1.792713 1.135121  -0.360511 -0.816781 -0.450445  1.048166 0.275723 0
0  0.000000 1.792713 1.135121  0.000000 -0.871937 -0.489618  1.003930 0.275712 0
syringe_lod1
0  0.000000 5.432243 -7.243714  0.000000 0.372578 -0.928001  1.133100 0.497822 0
0  -1.148073 5.357154 -6.932144  -0.407214 0.353904 -0.841979  1.134255 0.445516 0
0  -0.984576 7.050434 -6.216067  -0.422403 0.408231 -0.809273  1.052995 0.453684 0
syringe_lod1
0  -0.618978 2.865908 -3.959686  -0.585889 -0.735420 -0.340429  1.350716 0.468690 0
0  -1.410130 3.767157 -3.827094  -0.770747 -0.588729 -0.243614  1.336282 0.416642 0
0  -1.322894 3.628284 -4.338072  -0.642233 -0.751315 -0.151861  1.319846 0.430578 0
syringe_lod1
0  -1.322894 3.628284 -4.338072  -0.642233 -0.751315 -0.151861  1.319846 0.430578 0
0  0.000000 2.892903 -4.410400  0.000008 -0.964709 -0.263319  1.330999 0.497822 0
0  -0.618978 2.865908 -3.959686  -0.585889 -0.735420 -0.340429  1.350716 0.468690 0
syringe_lod1
0  -1.240456 3.932007 -6.894217  -0.421706 -0.556876 -0.715579  1.215324 0.430984 0
0  -1.271913 3.624864 -6.301474  -0.416432 -0.894359 -0.163420  1.222364 0.402879 0
0  -1.428282 3.939248 -6.218332  -0.995607 -0.089995 -0.025850  1.206755 0.401673 0
syringe_lod1
0  -0.884636 7.319439 -5.311028  -0.574389 0.712415 0.403166  1.566430 0.200880 0
0  -0.860601 6.782375 -4.604121  -0.729419 0.610251 0.309098  1.531781 0.184389 0
0  0.000000 7.297467 -4.736646  -0.000037 0.920742 0.390173  1.531127 0.228695 0
syringe_lod1
0  -0.000000 2.699334 -2.487246  -0.051403 -0.544636 0.837096  1.003983 0.110127 0
0  -0.982807 2.677694 -2.510660  -0.208391 -0.563210 0.799605  1.046484 0.108843 0
0  -0.912372 2.185632 -2.760654  -0.250840 -0.427623 0.868457  1.043742 0.084940 0
syringe_lod1
0  -0.618978 2.625980 -3.578930  -0.533934 -0.539047 -0.651415  1.370678 0.468385 0
0  -0.550210 2.187544 -3.414012  -0.178570 -0.364478 -0.913930  1.390787 0.474913 0
0  -0.956888 2.259059 -3.313687  -0.737888 -0.457630 -0.496081  1.395493 0.458218 0
syringe_lod1
0  -1.109736 6.964766 -5.958848  -0.971066 0.212934 -0.108124  1.050346 0.441030 0
0  -0.865127 7.475257 -5.748987  -0.637560 0.764923 0.091706  1.022513 0.454630 0
0  -0.807233 7.504354 -6.040373  -0.429733 0.709734 -0.558218  1.032257 0.462691 0
syringe_lod1
0  -0.000000 7.821269 -5.914310  -0.000001 0.963531 -0.267598  1.017244 0.497822 0
0  -0.807233 7.504354 -6.040373  -0.429733 0.709734 -0.558218  1.032257 0.462691 0
0  -0.865127 7.475257 -5.748987  -0.637560 0.764923 0.091706  1.022513 0.454630 0
syringe_lod1
0  -0.884636 7.319439 -5.311028  -0.574389 0.712415 0.403166  1.566430 0.200880 0
0  -0.865127 7.475257 -5.748987  -0.637560 0.764923 0.091706  1.585669 0.206198 0
0  -1.109736 6.964766 -5.958848  -0.971066 0.212934 -0.108124  1.592530 0.180394 0
syringe_lod1
0  0.000000 2.127789 -3.436179  0.000000 -0.382810 -0.923827  1.390775 0.497822 0
0  0.000000 1.758795 -3.274486  0.000006 -0.631726 -0.775191  1.408544 0.497822 0
0  -0.490776 1.808612 -3.271477  -0.335569 -0.667328 -0.664881  1.407859 0.479210 0
syringe_lod1
0  -1.212120 2.981876 -2.409526  -0.815426 -0.575509 -0.062204  1.406600 0.408922 0
0  -1.141140 2.833907 -2.684417  -0.933420 -0.348094 0.086938  1.401929 0.422267 0
0  -0.982807 2.677694 -2.510660  -0.208391 -0.563210 0.799605  1.414139 0.424195 0
syringe_lod1
0  -1.039746 5.822938 -3.430834  -0.987381 0.152330 0.043304  1.127218 0.237394 0
0  -1.028819 5.064904 -3.537079  -0.967123 0.243874 0.072099  1.159833 0.231513 0
0  -1.050771 4.523576 -1.013336  -0.965417 0.256099 0.048822  1.147420 0.120145 0
syringe_lod1
0  -2.011866 1.778510 2.888029  -0.000000 0.000000 1.000000  1.424776 0.234145 0
0  -2.011865 1.013617 2.888029  0.000000 0.000000 1.000000  1.391700 0.234145 0
0  -0.000000 -3.002538 2.888029  0.000000 0.000000 1.000000  1.218034 0.321143 0
syringe_lod1
0  -0.828968 6.514223 -3.352112  -0.698550 0.685917 0.203829  1.096354 0.243411 0
0  -0.845453 5.691479 -0.900935  -0.691760 0.671933 0.264527  1.096954 0.132073 0
0  -0.000000 6.105237 -0.800425  -0.000002 0.932215 0.361904  1.056216 0.132865 0
syringe_lod1
0  -1.032283 5.418792 -4.050724  -0.954935 0.210634 0.209123  1.499054 0.128542 0
0  -1.370718 4.863269 -4.550895  -0.984184 0.152948 0.089385  1.518556 0.098633 0
0  -1.436016 4.148170 -3.753822  -0.975550 0.191771 0.107361  1.480039 0.072606 0
syringe_lod1
0  -1.271913 3.624864 -6.301474  -0.416432 -0.894359 -0.163420  1.233707 0.441500 0
0  0.000000 3.267892 -6.451303  -0.000003 -0.982698 -0.185216  1.237285 0.497822 0
0  -0.000000 3.351034 -5.673006  0.000020 -0.995749 -0.092113  1.269475 0.497822 0
syringe_lod1
0  0.000000 5.891511 1.515698  -0.000002 0.687910 -0.725796  1.291034 0.202787 0
0  -1.031630 5.680978 1.553434  -0.289858 0.610025 -0.737463  1.258820 0.169003 0
0  -0.987241 6.488971 1.797385  -0.176603 0.599905 -0.780337  1.240783 0.201940 0
syringe_lod1
0  -0.991838 -3.002538 1.019822  -0.242313 -0.552974 -0.797185  1.749008 0.453904 0
0  -1.339505 -3.002538 1.389886  -0.788617 -0.548269 -0.278362  1.759027 0.434246 0
0  -1.514152 -2.732637 1.342508  -0.918854 -0.096523 -0.382610  1.748569 0.424757 0
syringe_lod1
0  -1.514151 -2.732637 2.111974  -0.960903 -0.130404 -0.244256  1.579949 0.004546 0
0  -1.514152 -2.732637 1.342508  -0.918854 -0.096523 -0.382610  1.579687 0.037818 0
0  -1.339505 -3.002538 1.389886  -0.788617 -0.548269 -0.278362  1.593604 0.035879 0
syringe_lod1
0  -0.000000 -3.002538 1.019822  0.000000 -1.000000 0.000000  1.808594 0.771438 0
0  0.000000 -3.002538 2.768127  0.000000 -1.000000 -0.000000  1.879700 0.797116 0
0  -1.339505 -3.002538 2.129297  0.000000 -1.000000 -0.000000  1.873392 0.733254 0
syringe_lod1
0  -1.514152 -1.412964 1.342508  -0.925625 0.035897 -0.376737  1.697163 0.399352 0
0  -1.022987 -0.913695 0.845175  -0.310495 0.092637 -0.946050  1.664266 0.416979 0
0  -1.022987 -2.732637 0.845175  -0.284179 -0.084604 -0.955031  1.735108 0.451985 0
syringe_lod1
0  -0.991838 -3.002538 1.019822  -0.242313 -0.552974 -0.797185  1.370305 0.346714 0
0  -1.022987 -2.732637 0.845175  -0.284179 -0.084604 -0.955031  1.356404 0.345367 0
0  -0.000000 -2.732637 0.845175  -0.000010 -0.082243 -0.996612  1.356404 0.389603 0
syringe_lod1
0  0.000000 6.615771 2.518836  0.000000 0.000000 1.000000  1.498648 0.379851 0
0  -0.578233 6.615771 2.617092  0.315356 0.000001 0.948973  1.498648 0.405213 0
0  -0.578234 3.510824 2.617093  0.315377 -0.000009 0.948967  1.632912 0.405213 0
syringe_lod1
0  -0.000000 2.554605 -3.624085  -0.000002 -0.648420 -0.761283  1.370447 0.497822 0
0  0.000000 2.127789 -3.436179  0.000000 -0.382810 -0.923827  1.390775 0.497822 0
0  -0.550210 2.187544 -3.414012  -0.178570 -0.364478 -0.913930  1.390787 0.474913 0
syringe_lod1
0  0.000000 6.615771 2.518836  -0.000000 0.999849 -0.017389  1.003906 0.025685 0
0  0.000000 6.615771 2.138504  -0.000001 0.987264 -0.159090  1.004395 0.042041 0
0  -1.038936 6.594186 2.138504  -0.314182 0.937293 -0.150904  1.049429 0.041509 0
syringe_lod1
0  -1.308306 5.577902 -4.920351  -0.986909 0.140663 0.078901  1.539043 0.126849 0
0  -1.370718 4.863269 -4.550895  -0.984184 0.152948 0.089385  1.518556 0.098633 0
0  -1.032283 5.418792 -4.050724  -0.954935 0.210634 0.209123  1.499054 0.128542 0
syringe_lod1
0  -1.514152 -1.412964 1.342508  -0.925625 0.035897 -0.376737  1.522624 0.037370 0
0  -1.514152 -2.732637 1.342508  -0.918854 -0.096523 -0.382610  1.579687 0.037818 0
0  -1.514151 -2.732637 2.111974  -0.960903 -0.130404 -0.244256  1.579949 0.004546 0
syringe_lod1
0  -0.000000 1.642316 -3.018381  -0.000007 -0.992801 -0.119774  1.421406 0.497822 0
0  0.000000 1.711271 -2.823428  0.000000 -0.425594 0.904914  1.430076 0.497822 0
0  -0.432192 1.752879 -2.823428  -0.336716 -0.724691 0.601203  1.428287 0.476767 0
syringe_lod1
0  -0.618978 2.865908 -3.959686  -0.585889 -0.735420 -0.340429  1.350716 0.468690 0
0  -0.618978 2.625980 -3.578930  -0.533934 -0.539047 -0.651415  1.370678 0.468385 0
0  -1.428442 3.591020 -3.131937  -0.930200 -0.313778 -0.190450  1.364644 0.408303 0
syringe_lod1
0  -0.000000 2.833434 -2.221789  0.003194 -0.995543 0.094253  1.003966 0.122987 0
0  -1.012515 2.827971 -2.242488  -0.108992 -0.989487 0.095061  1.047751 0.122138 0
0  -0.982807 2.677694 -2.510660  -0.208391 -0.563210 0.799605  1.046484 0.108843 0
syringe_lod1
0  -1.514152 -1.071387 1.493112  -0.819307 0.445639 -0.360752  1.685611 0.387950 0
0  -1.022987 -0.605678 1.055915  -0.389151 0.752191 -0.531761  1.654522 0.404034 0
0  -1.022987 -0.913695 0.845175  -0.310495 0.092637 -0.946050  1.664266 0.416979 0
syringe_lod1
0  -0.485435 1.690650 -3.018381  -0.472663 -0.878884 -0.064434  1.419656 0.478309 0
0  -1.029988 2.181418 -2.947191  -0.853663 -0.517271 0.060743  1.409951 0.450703 0
0  -0.956888 2.259059 -3.313687  -0.737888 -0.457630 -0.496081  1.395493 0.458218 0
syringe_lod1
0  -1.288071 3.758652 -5.553247  -0.539032 -0.836595 -0.097740  1.212022 0.371627 0
0  -1.322894 3.628284 -4.338072  -0.642233 -0.751315 -0.151861  1.209455 0.318744 0
0  -1.444677 3.978923 -4.397437  -0.995403 -0.092393 -0.025229  1.193865 0.323439 0
syringe_lod1
0  -1.410130 3.767157 -3.827094  -0.770747 -0.588729 -0.243614  1.200344 0.297394 0
0  -1.436016 4.148170 -3.753822  -0.975550 0.191771 0.107361  1.183520 0.296338 0
0  -1.444677 3.978923 -4.397437  -0.995403 -0.092393 -0.025229  1.193865 0.323439 0
syringe_lod1
0  -0.578233 6.615771 2.617092  0.315356 0.000001 0.948973  1.498648 0.405213 0
0  -1.110547 6.615771 2.888029  0.453604 -0.000000 0.891204  1.498648 0.431041 0
0  -1.110547 3.513870 2.888029  0.453604 -0.000000 0.891204  1.632780 0.431041 0
syringe_lod1
0  -1.038936 6.594186 2.138504  -0.314182 0.937293 -0.150904  1.049429 0.041509 0
0  -0.987241 6.488971 1.797385  -0.176603 0.599905 -0.780337  1.048980 0.057175 0
0  -1.445935 6.070788 1.793651  -0.655602 0.354120 -0.666922  1.079013 0.057175 0
syringe_lod1
0  -1.022987 0.972893 1.653769  -0.331650 -0.078649 -0.940118  1.598981 0.348578 0
0  -1.514152 0.999582 2.116759  -0.768652 -0.030471 -0.638941  1.612229 0.322385 0
0  -1.514152 1.824041 1.966471  -0.892631 -0.047314 -0.448299  1.578352 0.308711 0
syringe_lod1
0  -1.028819 5.064904 -3.537079  -0.967123 0.243874 0.072099  1.474906 0.116684 0
0  -1.446292 4.021586 -3.254229  -0.958451 0.280990 0.049161  1.457942 0.069528 0
0  -1.484061 3.556364 -1.418144  -0.957950 0.282937 0.047730  1.376769 0.058255 0
syringe_lod1
0  -1.446292 4.021586 -3.254229  -0.958451 0.280990 0.049161  1.186447 0.273993 0
0  -1.428442 3.591020 -3.131937  -0.930200 -0.313778 -0.190450  1.204535 0.266828 0
0  -1.469567 3.195471 -1.570826  -0.906821 -0.406415 -0.111813  1.215092 0.197772 0
syringe_lod1
0  -1.436016 4.148170 -3.753822  -0.975550 0.191771 0.107361  1.183520 0.296338 0
0  -1.410130 3.767157 -3.827094  -0.770747 -0.588729 -0.243614  1.200344 0.297394 0
0  -1.428442 3.591020 -3.131937  -0.930200 -0.313778 -0.190450  1.204535 0.266828 0
syringe_lod1
0  -2.331759 2.058039 3.186076  -0.906647 0.016648 -0.421561  0.736239 0.505644 0
0  -2.329558 -3.065289 3.179788  -0.906502 -0.003807 -0.422183  0.736439 0.727208 0
0  -2.388815 -3.066936 3.532288  -0.999836 -0.007913 -0.016288  0.720971 0.727335 0
syringe_lod1
0  -1.627233 -3.222247 3.445368  -0.878620 -0.404004 -0.254573  0.641870 0.950222 0
0  -1.696628 -3.175905 3.434549  -0.395410 -0.909688 -0.126962  0.640470 0.947122 0
0  -1.688339 -3.175905 3.354390  -0.101054 -0.994879 0.001904  0.643361 0.945466 0
syringe_lod1
0  2.246470 2.296571 7.016356  0.693148 0.650836 0.309770  0.018051 0.931457 0
0  2.331721 2.058039 7.059679  0.898395 0.015502 0.438916  0.008734 0.936930 0
0  2.388815 2.058039 6.713387  0.999698 0.017338 0.017448  0.003906 0.919655 0
syringe_lod1
0  -1.764939 2.296571 2.916525  -0.017113 0.691510 -0.722164  0.191804 0.753643 0
0  -1.774222 2.058039 2.822282  -0.197949 0.136527 -0.970658  0.193460 0.742554 0
0  -2.109907 2.058039 2.926188  -0.545476 0.017261 -0.837949  0.209947 0.749504 0
syringe_lod1
0  2.049366 2.390814 3.357508  0.264476 0.958117 -0.109838  0.026714 0.773367 0
0  2.067049 2.390814 3.556059  0.020938 0.999781 -0.000191  0.025743 0.781782 0
0  2.294572 2.296571 3.539317  0.723270 0.690501 -0.009447  0.015037 0.780708 0
syringe_lod1
0  1.774221 2.058039 2.822282  0.198992 0.136450 -0.970455  0.036706 0.742554 0
0  1.764939 2.296571 2.916525  0.017114 0.691519 -0.722156  0.038351 0.753513 0
0  2.058517 2.296571 3.006829  0.411375 0.664843 -0.623502  0.026062 0.758031 0
syringe_lod1
0  2.058517 2.296571 3.006829  0.411375 0.664843 -0.623502  0.026062 0.758031 0
0  2.249482 2.296571 3.236011  0.686005 0.660921 -0.304272  0.017960 0.767815 0
0  2.331759 2.058039 3.186076  0.906375 0.016564 -0.422150  0.008752 0.762103 0
syringe_lod1
0  1.764939 2.296571 2.916525  0.017114 0.691519 -0.722156  0.038351 0.753513 0
0  1.742530 2.390813 3.144046  0.002796 0.989867 -0.141969  0.039601 0.764123 0
0  1.934705 2.390813 3.201481  0.158146 0.959084 -0.234837  0.031601 0.766718 0
syringe_lod1
0  -2.249481 2.296571 3.236011  -0.686011 0.660912 -0.304275  0.212212 0.767986 0
0  -2.294572 2.296571 3.539316  -0.723563 0.690193 -0.009475  0.215146 0.780915 0
0  -2.067049 2.390814 3.556059  -0.020845 0.999783 -0.000193  0.204439 0.781995 0
syringe_lod1
0  -2.249481 2.296571 3.236011  -0.686011 0.660912 -0.304275  0.212212 0.767986 0
0  -2.331759 2.058039 3.186076  -0.906647 0.016648 -0.421561  0.221419 0.762271 0
0  -2.388815 2.058039 3.532419  -0.999714 0.017395 -0.016412  0.226175 0.779580 0
syringe_lod1
0  1.627233 -3.234492 2.863303  -0.001306 -0.212725 -0.977111  0.948119 0.514986 0
0  1.620201 -3.308584 2.904925  0.000024 -0.760412 -0.649441  0.947815 0.518661 0
0  -1.620201 -3.308584 2.904925  -0.000000 -0.760424 -0.649427  0.807694 0.518661 0
syringe_lod1
0  -1.620511 -3.337566 6.892818  0.000000 -1.000000 0.000002  0.807680 0.691317 0
0  -1.666517 -3.337567 6.687933  -0.000001 -1.000000 0.000001  0.805691 0.682457 0
0  1.620511 -3.337566 6.892817  0.000000 -1.000000 -0.000001  0.947829 0.691317 0
syringe_lod1
0  -1.666517 -3.337567 6.687933  -0.000001 -1.000000 0.000001  0.805691 0.682457 0
0  1.666517 -3.337566 6.687934  -0.000000 -1.000000 -0.000001  0.949818 0.682457 0
0  1.620511 -3.337566 6.892817  0.000000 -1.000000 -0.000001  0.947829 0.691317 0
syringe_lod1
0  1.620511 -3.337566 6.892817  0.000000 -1.000000 -0.000001  0.947829 0.691317 0
0  1.620511 -3.337566 7.178333  -0.000000 -0.999999 0.001720  0.947829 0.703663 0
0  -1.620511 -3.337566 7.178333  0.000000 -0.999999 0.001720  0.807680 0.703663 0
syringe_lod1
0  2.109907 2.058039 2.926188  0.544621 0.017155 -0.838507  0.172383 0.505644 0
0  2.331759 2.058039 3.186076  0.906375 0.016564 -0.422150  0.187147 0.505644 0
0  2.329392 -3.065292 3.179181  0.906219 -0.003804 -0.422792  0.186982 0.727146 0
syringe_lod1
0  -2.204321 -3.337716 3.612289  -0.043339 -0.999060 -0.000005  0.782435 0.549460 0
0  -1.785734 -3.337567 3.612264  0.000159 -1.000000 0.000000  0.800536 0.549459 0
0  -1.785734 -3.337566 6.633411  0.000155 -1.000000 -0.000000  0.800536 0.680099 0
syringe_lod1
0  1.620684 -3.336587 7.262735  0.000000 -0.984454 0.175642  0.947836 0.707313 0
0  -1.620684 -3.336587 7.262735  0.000003 -0.984442 0.175709  0.807673 0.707313 0
0  -1.620511 -3.337566 7.178333  0.000000 -0.999999 0.001720  0.807680 0.703663 0
syringe_lod1
0  2.246470 2.296571 7.016356  0.693148 0.650836 0.309770  0.018051 0.931457 0
0  2.294572 2.296571 6.717115  0.722086 0.691726 0.010280  0.015058 0.918722 0
0  2.067050 2.390814 6.703206  0.021008 0.999779 0.000251  0.025723 0.917754 0
syringe_lod1
0  1.774221 2.058039 2.822282  0.198992 0.136450 -0.970455  0.157211 0.505644 0
0  2.109907 2.058039 2.926188  0.544621 0.017155 -0.838507  0.172383 0.505644 0
0  2.098991 -3.055002 2.919472  0.542744 -0.003731 -0.839890  0.171968 0.726729 0
syringe_lod1
0  1.676010 -3.222247 6.696812  0.745162 -0.431319 0.508623  0.647635 0.323512 0
0  1.612341 -3.226089 6.887325  0.904689 -0.420909 0.066133  0.655487 0.321298 0
0  1.620511 -3.337566 6.892817  0.986807 0.024249 0.160073  0.657472 0.325656 0
syringe_lod1
0  1.620511 -3.337566 3.352857  -0.000000 -0.999999 -0.001716  0.947829 0.538241 0
0  1.666517 -3.337566 3.557740  0.000001 -1.000000 0.000000  0.949818 0.547101 0
0  -1.666517 -3.337566 3.557740  0.000001 -1.000000 -0.000000  0.805691 0.547101 0
syringe_lod1
0  2.331759 2.058039 3.186076  0.906375 0.016564 -0.422150  0.187147 0.505644 0
0  2.388815 2.058039 3.532419  0.999714 0.017387 -0.016398  0.202316 0.505644 0
0  2.388815 -3.066936 3.532288  0.999836 -0.007916 -0.016290  0.202467 0.727288 0
syringe_lod1
0  -1.620201 -3.308584 2.904925  -0.000000 -0.760424 -0.649427  0.807694 0.518661 0
0  1.620201 -3.308584 2.904925  0.000024 -0.760412 -0.649441  0.947815 0.518661 0
0  1.620684 -3.336587 2.982940  -0.000054 -0.998289 -0.058466  0.947836 0.522245 0
syringe_lod1
0  2.343824 -3.234829 3.605126  0.933013 -0.359841 0.000829  0.981136 0.549150 0
0  2.343823 -3.234829 6.640548  0.933015 -0.359836 -0.000826  0.981136 0.680408 0
0  2.292126 -3.315585 6.631340  0.593930 -0.804517 0.000000  0.976990 0.680010 0
syringe_lod1
0  -1.774221 -2.935610 2.822282  -0.186207 -0.052101 -0.981128  0.766163 0.721684 0
0  -1.772317 -3.175905 2.841612  -0.229230 -0.108811 -0.967271  0.766163 0.732090 0
0  -2.098818 -3.175906 2.942338  -0.474317 -0.136628 -0.869688  0.750967 0.732090 0
syringe_lod1
0  1.737368 -3.175906 6.754131  0.365615 -0.897405 0.246961  0.647932 0.319644 0
0  1.676010 -3.222247 6.696812  0.745162 -0.431319 0.508623  0.647635 0.323512 0
0  1.787407 -3.222246 6.646123  0.069904 -0.496630 0.865143  0.643183 0.321661 0
syringe_lod1
0  2.343824 -3.234829 3.605126  0.933013 -0.359841 0.000829  0.205549 0.734774 0
0  2.388815 -3.066936 3.532288  0.999836 -0.007916 -0.016290  0.202467 0.727288 0
0  2.388815 -3.066936 6.713387  0.999819 -0.007889 0.017331  0.339996 0.727229 0
syringe_lod1
0  1.742530 2.390814 7.101628  0.003075 0.989937 0.141478  0.039566 0.934875 0
0  1.764939 2.296571 7.329150  0.017303 0.692509 0.721202  0.038262 0.945492 0
0  2.055376 2.296571 7.241017  0.410186 0.653638 0.636007  0.026172 0.941063 0
syringe_lod1
0  2.098818 -3.175905 2.942338  0.000000 -1.000000 0.000000  0.034805 0.433169 0
0  2.314159 -3.175905 3.195238  -0.000000 -1.000000 -0.000001  0.019538 0.433169 0
0  1.798226 -3.175905 3.532288  0.005933 -0.993975 -0.109444  0.023927 0.407285 0
syringe_lod1
0  -1.620511 -3.337566 3.447041  -0.962272 -0.044179 -0.268480  0.643055 0.955051 0
0  -1.627233 -3.222247 3.445368  -0.878620 -0.404004 -0.254573  0.641870 0.950222 0
0  -1.612341 -3.226089 3.358350  -0.911791 -0.410648 0.002345  0.645214 0.948937 0
syringe_lod1
0  1.688339 -3.175905 3.354390  0.109611 -0.993957 -0.005891  0.032457 0.408629 0
0  1.612341 -3.226090 3.358350  0.910329 -0.408927 -0.063871  0.034416 0.405236 0
0  1.627233 -3.234492 2.863303  0.913416 -0.406691 0.016547  0.051294 0.417436 0
syringe_lod1
0  -1.785734 -3.337567 3.612264  0.000159 -1.000000 0.000000  0.800536 0.549459 0
0  -1.666517 -3.337566 3.557740  0.000001 -1.000000 -0.000000  0.805691 0.547101 0
0  -1.666517 -3.337567 6.687933  -0.000001 -1.000000 0.000001  0.805691 0.682457 0
syringe_lod1
0  -1.676010 -3.222246 6.696813  -0.745167 -0.431319 0.508615  0.637368 0.838815 0
0  -1.666517 -3.337567 6.687933  -0.823945 -0.050963 0.564374  0.637104 0.834291 0
0  -1.620511 -3.337566 6.892818  -0.986807 0.024249 0.160072  0.647205 0.836671 0
syringe_lod1
0  2.067049 2.390814 3.556059  0.020938 0.999781 -0.000191  0.025743 0.781782 0
0  2.067050 2.390814 6.703206  0.021008 0.999779 0.000251  0.025723 0.917754 0
0  2.294572 2.296571 6.717115  0.722086 0.691726 0.010280  0.015058 0.918722 0
syringe_lod1
0  1.785734 -3.337566 3.612264  0.159030 -0.110064 -0.981119  0.019828 0.399966 0
0  1.666517 -3.337566 3.557740  0.823937 -0.050964 -0.564385  0.026480 0.398162 0
0  1.676010 -3.222247 3.548862  0.750444 -0.423232 -0.507650  0.026601 0.402691 0
syringe_lod1
0  1.612341 -3.226090 3.358350  0.910329 -0.408927 -0.063871  0.034416 0.405236 0
0  1.676010 -3.222247 3.548862  0.750444 -0.423232 -0.507650  0.026601 0.402691 0
0  1.666517 -3.337566 3.557740  0.823937 -0.050964 -0.564385  0.026480 0.398162 0
syringe_lod1
0  2.055376 2.296571 7.241017  0.410186 0.653638 0.636007  0.026172 0.941063 0
0  2.109869 2.058039 7.319514  0.509586 0.015176 0.860286  0.020192 0.949623 0
0  2.331721 2.058039 7.059679  0.898395 0.015502 0.438916  0.008734 0.936930 0
syringe_lod1
0  -1.764939 2.296571 2.916525  -0.017113 0.691510 -0.722164  0.191804 0.753643 0
0  1.764939 2.296571 2.916525  0.017114 0.691519 -0.722156  0.038351 0.753513 0
0  1.774221 2.058039 2.822282  0.198992 0.136450 -0.970455  0.036706 0.742554 0
syringe_lod1
0  -2.294572 2.296571 6.706358  -0.721605 0.692182 0.013039  0.214932 0.918622 0
0  -2.294572 2.296571 3.539316  -0.723563 0.690193 -0.009475  0.215146 0.780915 0
0  -2.388815 2.058039 3.532419  -0.999714 0.017395 -0.016412  0.226175 0.779580 0
syringe_lod1
0  1.742530 2.390814 7.101628  0.003075 0.989937 0.141478  0.039566 0.934875 0
0  -1.742530 2.390814 7.101628  -0.003921 0.989599 0.143801  0.190213 0.935153 0
0  -1.764939 2.296571 7.329150  -0.021059 0.693481 0.720167  0.191411 0.945741 0
syringe_lod1
0  -2.294572 2.296571 6.706358  -0.721605 0.692182 0.013039  0.214932 0.918622 0
0  -2.388814 2.058039 6.713255  -0.999691 0.017535 0.017589  0.226043 0.920083 0
0  -2.331759 2.058039 7.059598  -0.898017 0.019324 0.439537  0.220875 0.937273 0
syringe_lod1
0  1.960934 2.390813 7.026209  0.151933 0.957926 0.243503  0.030444 0.931461 0
0  2.055376 2.296571 7.241017  0.410186 0.653638 0.636007  0.026172 0.941063 0
0  2.246470 2.296571 7.016356  0.693148 0.650836 0.309770  0.018051 0.931457 0
syringe_lod1
0  1.798226 -3.175905 3.532288  0.005933 -0.993975 -0.109444  0.023927 0.407285 0
0  2.367985 -3.175905 3.532287  -0.002126 -0.976743 -0.214403  0.006793 0.423946 0
0  2.343824 -3.234829 3.605126  0.001750 -0.562497 -0.826797  0.004685 0.420066 0
syringe_lod1
0  -1.676010 -3.222246 3.548862  -0.623415 -0.438462 -0.647383  0.637376 0.951061 0
0  -1.666517 -3.337566 3.557740  -0.696944 -0.100537 -0.710043  0.636892 0.955554 0
0  -1.785734 -3.337567 3.612264  -0.159028 -0.110060 -0.981120  0.630442 0.953452 0
syringe_lod1
0  -1.666517 -3.337566 3.557740  0.000001 -1.000000 -0.000000  0.805691 0.547101 0
0  1.666517 -3.337566 3.557740  0.000001 -1.000000 0.000000  0.949818 0.547101 0
0  1.666517 -3.337566 6.687934  -0.000000 -1.000000 -0.000001  0.949818 0.682457 0
syringe_lod1
0  -1.627233 -3.234492 7.382372  0.000486 -0.321923 0.946766  0.807390 0.714572 0
0  -1.620201 -3.308584 7.340749  -0.000024 -0.760402 0.649453  0.807694 0.710897 0
0  1.620202 -3.308584 7.340749  -0.000000 -0.760405 0.649450  0.947815 0.710897 0
syringe_lod1
0  2.321561 -3.066936 7.084601  0.898049 -0.003852 0.439878  0.356311 0.727134 0
0  2.388815 -3.066936 6.713387  0.999819 -0.007889 0.017331  0.339996 0.727229 0
0  2.388815 2.058039 6.713387  0.999698 0.017338 0.017448  0.339892 0.505644 0
syringe_lod1
0  2.055376 2.296571 7.241017  0.410186 0.653638 0.636007  0.026172 0.941063 0
0  1.764939 2.296571 7.329150  0.017303 0.692509 0.721202  0.038262 0.945492 0
0  1.774222 2.058039 7.423393  0.024138 0.017618 0.999553  0.036599 0.956448 0
syringe_lod1
0  -2.388814 2.058039 6.713255  -0.999691 0.017535 0.017589  0.583556 0.505644 0
0  -2.388815 2.058039 3.532419  -0.999714 0.017395 -0.016412  0.721080 0.505644 0
0  -2.388815 -3.066936 3.532288  -0.999836 -0.007913 -0.016288  0.720971 0.727335 0
syringe_lod1
0  2.062377 -3.066936 7.343118  0.508109 -0.003769 0.861285  0.372136 0.727155 0
0  2.321561 -3.066936 7.084601  0.898049 -0.003852 0.439878  0.356311 0.727134 0
0  2.331721 2.058039 7.059679  0.898395 0.015502 0.438916  0.355058 0.505644 0
syringe_lod1
0  -2.098816 -3.175906 7.303337  -0.503217 -0.131752 0.854057  0.553472 0.732005 0
0  -1.772317 -3.175905 7.404062  -0.220348 -0.130262 0.966684  0.538439 0.732005 0
0  -1.688339 -3.066936 7.423393  -0.023896 -0.007144 0.999689  0.534700 0.727271 0
syringe_lod1
0  -1.934705 2.390814 3.201481  -0.158139 0.959087 -0.234827  0.198566 0.766878 0
0  -2.058517 2.296571 3.006829  -0.411362 0.664872 -0.623479  0.204099 0.758168 0
0  -2.249481 2.296571 3.236011  -0.686011 0.660912 -0.304275  0.212212 0.767986 0
syringe_lod1
0  -2.314141 -3.175905 7.050427  -0.888568 -0.148246 0.434132  0.568235 0.732005 0
0  -2.321649 -3.066936 7.084607  -0.897997 -0.003821 0.439986  0.567085 0.727180 0
0  -2.388815 -3.066936 6.713387  -0.999819 -0.007901 0.017327  0.583399 0.727271 0
syringe_lod1
0  -1.696628 -3.175905 3.434549  -0.395410 -0.909688 -0.126962  0.640470 0.947122 0
0  -1.627233 -3.222247 3.445368  -0.878620 -0.404004 -0.254573  0.641870 0.950222 0
0  -1.676010 -3.222246 3.548862  -0.623415 -0.438462 -0.647383  0.637376 0.951061 0
syringe_lod1
0  -1.676010 -3.222246 3.548862  -0.623415 -0.438462 -0.647383  0.637376 0.951061 0
0  -1.627233 -3.222247 3.445368  -0.878620 -0.404004 -0.254573  0.641870 0.950222 0
0  -1.620511 -3.337566 3.447041  -0.962272 -0.044179 -0.268480  0.643055 0.955051 0
syringe_lod1
0  -2.329558 -3.065289 3.179788  -0.906502 -0.003807 -0.422183  0.736439 0.727208 0
0  -2.100216 -3.054956 2.919965  -0.543613 -0.003748 -0.839328  0.751436 0.726787 0
0  -2.098818 -3.175906 2.942338  -0.474317 -0.136628 -0.869688  0.750967 0.732090 0
syringe_lod1
0  -1.774221 2.058039 7.423393  -0.024410 0.018000 0.999540  0.538444 0.505644 0
0  -2.109907 2.058039 7.319487  -0.510531 0.019389 0.859640  0.553620 0.505644 0
0  -2.062231 -3.066936 7.342872  -0.508131 -0.003723 0.861272  0.551255 0.727199 0
syringe_lod1
0  1.774222 2.058039 7.423393  0.024138 0.017618 0.999553  0.385007 0.505644 0
0  -1.774221 2.058039 7.423393  -0.024410 0.018000 0.999540  0.538444 0.505644 0
0  -1.688339 -3.066936 7.423393  -0.023896 -0.007144 0.999689  0.534700 0.727271 0
syringe_lod1
0  -1.737368 -3.175905 3.491544  -0.315422 -0.882685 -0.348391  0.637640 0.947212 0
0  -1.676010 -3.222246 3.548862  -0.623415 -0.438462 -0.647383  0.637376 0.951061 0
0  -1.787408 -3.222247 3.599551  -0.069893 -0.496647 -0.865134  0.632885 0.949176 0
syringe_lod1
0  2.062377 -3.066936 7.343118  0.508109 -0.003769 0.861285  0.372136 0.727155 0
0  2.109869 2.058039 7.319514  0.509586 0.015176 0.860286  0.369827 0.505644 0
0  1.774222 2.058039 7.423393  0.024138 0.017618 0.999553  0.385007 0.505644 0
syringe_lod1
0  1.737368 -3.175906 6.754131  0.365615 -0.897405 0.246961  0.647932 0.319644 0
0  1.688339 -3.175905 6.891285  0.111104 -0.993791 0.005950  0.653611 0.317885 0
0  1.612341 -3.226089 6.887325  0.904689 -0.420909 0.066133  0.655487 0.321298 0
syringe_lod1
0  -1.798226 -3.175905 6.728298  -0.005900 -0.993976 0.109439  0.635272 0.843947 0
0  -2.367985 -3.175905 6.713387  -0.000365 -0.977991 0.208645  0.618072 0.860482 0
0  -2.343824 -3.234829 6.640548  -0.006155 -0.599927 0.800031  0.615884 0.856690 0
syringe_lod1
0  -2.331759 2.058039 7.059598  -0.898017 0.019324 0.439537  0.568386 0.505644 0
0  -2.388814 2.058039 6.713255  -0.999691 0.017535 0.017589  0.583556 0.505644 0
0  -2.388815 -3.066936 6.713387  -0.999819 -0.007901 0.017327  0.583399 0.727271 0
syringe_lod1
0  1.676010 -3.222247 6.696812  0.745162 -0.431319 0.508623  0.647635 0.323512 0
0  1.666517 -3.337566 6.687934  0.823948 -0.050958 0.564369  0.647371 0.328036 0
0  1.785734 -3.337566 6.633410  0.159029 -0.110060 0.981120  0.640795 0.325972 0
syringe_lod1
0  1.934705 2.390813 3.201481  0.158146 0.959084 -0.234837  0.031601 0.766718 0
0  2.049366 2.390814 3.357508  0.264476 0.958117 -0.109838  0.026714 0.773367 0
0  2.249482 2.296571 3.236011  0.686005 0.660921 -0.304272  0.017960 0.767815 0
syringe_lod1
0  2.321561 -3.066936 7.084601  0.898049 -0.003852 0.439878  0.356311 0.727134 0
0  2.062377 -3.066936 7.343118  0.508109 -0.003769 0.861285  0.372136 0.727155 0
0  2.098818 -3.175905 7.303336  0.503199 -0.132878 0.853893  0.369920 0.731962 0
syringe_lod1
0  -1.688339 -3.175905 6.891285  -0.111101 -0.993791 0.005981  0.643344 0.844442 0
0  -1.612341 -3.226089 6.887325  -0.904683 -0.420918 0.066151  0.645220 0.841029 0
0  -1.627233 -3.234492 7.382372  -0.864334 -0.502531 -0.019740  0.662364 0.852994 0
syringe_lod1
0  1.772317 -3.175905 2.841612  0.228615 -0.108298 -0.967474  0.157420 0.732053 0
0  1.772300 -2.935610 2.822171  0.185711 -0.052124 -0.981221  0.157211 0.721695 0
0  2.098991 -3.055002 2.919472  0.542744 -0.003731 -0.839890  0.171968 0.726729 0
syringe_lod1
0  -1.774221 -2.935610 2.822282  -0.186207 -0.052101 -0.981128  0.766163 0.721684 0
0  -2.100216 -3.054956 2.919965  -0.543613 -0.003748 -0.839328  0.751436 0.726787 0
0  -2.109907 2.058039 2.926188  -0.545476 0.017261 -0.837949  0.750992 0.505644 0
syringe_lod1
0  -1.742530 2.390813 3.144046  -0.002794 0.989870 -0.141951  0.190560 0.764270 0
0  1.742530 2.390813 3.144046  0.002796 0.989867 -0.141969  0.039601 0.764123 0
0  1.764939 2.296571 2.916525  0.017114 0.691519 -0.722156  0.038351 0.753513 0
syringe_lod1
0  -1.764939 2.296571 7.329150  -0.021059 0.693481 0.720167  0.191411 0.945741 0
0  -1.774221 2.058039 7.423393  -0.024410 0.018000 0.999540  0.192927 0.956769 0
0  1.774222 2.058039 7.423393  0.024138 0.017618 0.999553  0.036599 0.956448 0
syringe_lod1
0  -1.742530 2.390813 3.144046  -0.002794 0.989870 -0.141951  0.190560 0.764270 0
0  -1.764939 2.296571 2.916525  -0.017113 0.691510 -0.722164  0.191804 0.753643 0
0  -2.058517 2.296571 3.006829  -0.411362 0.664872 -0.623479  0.204099 0.758168 0
syringe_lod1
0  2.294572 2.296571 3.539317  0.723270 0.690501 -0.009447  0.015037 0.780708 0
0  2.388815 2.058039 3.532419  0.999714 0.017387 -0.016398  0.004006 0.779372 0
0  2.331759 2.058039 3.186076  0.906375 0.016564 -0.422150  0.008752 0.762103 0
syringe_lod1
0  -2.109907 2.058039 2.926188  -0.545476 0.017261 -0.837949  0.750992 0.505644 0
0  -2.100216 -3.054956 2.919965  -0.543613 -0.003748 -0.839328  0.751436 0.726787 0
0  -2.329558 -3.065289 3.179788  -0.906502 -0.003807 -0.422183  0.736439 0.727208 0
syringe_lod1
0  -2.067049 2.390814 3.556059  -0.020845 0.999783 -0.000193  0.204439 0.781995 0
0  -2.294572 2.296571 3.539316  -0.723563 0.690193 -0.009475  0.215146 0.780915 0
0  -2.294572 2.296571 6.706358  -0.721605 0.692182 0.013039  0.214932 0.918622 0
syringe_lod1
0  1.798226 -3.175905 3.532288  0.005933 -0.993975 -0.109444  0.023927 0.407285 0
0  1.787407 -3.222246 3.599551  0.071286 -0.465289 -0.882283  0.022082 0.404330 0
0  1.676010 -3.222247 3.548862  0.750444 -0.423232 -0.507650  0.026601 0.402691 0
syringe_lod1
0  -1.620684 -3.336587 2.982939  -0.999849 0.010194 0.014056  0.660750 0.943507 0
0  -1.620511 -3.337566 3.352857  -0.999885 0.015157 -0.000800  0.647475 0.953069 0
0  -1.612341 -3.226089 3.358350  -0.911791 -0.410648 0.002345  0.645214 0.948937 0
syringe_lod1
0  -2.292126 -3.315585 6.631340  -0.593961 -0.804494 -0.000000  0.778520 0.680010 0
0  -2.292126 -3.315585 3.614335  -0.593961 -0.804494 -0.000000  0.778520 0.549548 0
0  -2.204321 -3.337716 3.612289  -0.043339 -0.999060 -0.000005  0.782435 0.549460 0
syringe_lod1
0  2.098818 -3.175905 7.303336  0.503199 -0.132878 0.853893  0.369920 0.731962 0
0  2.062377 -3.066936 7.343118  0.508109 -0.003769 0.861285  0.372136 0.727155 0
0  1.688339 -3.066936 7.423393  0.023856 -0.007179 0.999690  0.388690 0.727232 0
syringe_lod1
0  1.688339 -3.175905 6.891285  0.111104 -0.993791 0.005950  0.653611 0.317885 0
0  1.688339 -3.175905 7.401611  0.440542 -0.897663 -0.011148  0.671207 0.305666 0
0  1.627233 -3.234492 7.382372  0.864336 -0.502528 -0.019741  0.672630 0.309332 0
syringe_lod1
0  -1.785734 -3.337566 6.633411  -0.159028 -0.110059 0.981120  0.630528 0.836355 0
0  -1.666517 -3.337567 6.687933  -0.823945 -0.050963 0.564374  0.637104 0.834291 0
0  -1.676010 -3.222246 6.696813  -0.745167 -0.431319 0.508615  0.637368 0.838815 0
syringe_lod1
0  -2.058517 2.296571 3.006829  -0.411362 0.664872 -0.623479  0.204099 0.758168 0
0  -2.109907 2.058039 2.926188  -0.545476 0.017261 -0.837949  0.209947 0.749504 0
0  -2.331759 2.058039 3.186076  -0.906647 0.016648 -0.421561  0.221419 0.762271 0
syringe_lod1
0  2.388815 2.058039 3.532419  0.999714 0.017387 -0.016398  0.004006 0.779372 0
0  2.294572 2.296571 3.539317  0.723270 0.690501 -0.009447  0.015037 0.780708 0
0  2.294572 2.296571 6.717115  0.722086 0.691726 0.010280  0.015058 0.918722 0
syringe_lod1
0  -2.388815 -3.066936 3.532288  -0.999836 -0.007913 -0.016288  0.720971 0.727335 0
0  -2.329558 -3.065289 3.179788  -0.906502 -0.003807 -0.422183  0.736439 0.727208 0
0  -2.314159 -3.175905 3.195237  -0.889916 -0.172082 -0.422419  0.736147 0.732090 0
syringe_lod1
0  -2.292126 -3.315585 6.631340  -0.593961 -0.804494 -0.000000  0.778520 0.680010 0
0  -2.343824 -3.234829 6.640548  -0.933013 -0.359840 -0.000874  0.774373 0.680408 0
0  -2.343823 -3.234829 3.605126  -0.933014 -0.359840 0.000829  0.774373 0.549150 0
syringe_lod1
0  -2.067049 2.390814 3.556059  -0.020845 0.999783 -0.000193  0.204439 0.781995 0
0  -2.067049 2.390813 6.689616  -0.020943 0.999781 0.000336  0.204306 0.917514 0
0  2.067050 2.390814 6.703206  0.021008 0.999779 0.000251  0.025723 0.917754 0
syringe_lod1
0  -1.787408 -3.222247 6.646123  -0.069902 -0.496623 0.865147  0.632916 0.840666 0
0  -1.676010 -3.222246 6.696813  -0.745167 -0.431319 0.508615  0.637368 0.838815 0
0  -1.737368 -3.175905 6.754131  -0.365607 -0.897408 0.246962  0.637665 0.842683 0
syringe_lod1
0  -2.331759 2.058039 7.059598  -0.898017 0.019324 0.439537  0.568386 0.505644 0
0  -2.321649 -3.066936 7.084607  -0.897997 -0.003821 0.439986  0.567085 0.727180 0
0  -2.062231 -3.066936 7.342872  -0.508131 -0.003723 0.861272  0.551255 0.727199 0
syringe_lod1
0  -2.098816 -3.175906 7.303337  -0.503217 -0.131752 0.854057  0.553472 0.732005 0
0  -2.062231 -3.066936 7.342872  -0.508131 -0.003723 0.861272  0.551255 0.727199 0
0  -2.321649 -3.066936 7.084607  -0.897997 -0.003821 0.439986  0.567085 0.727180 0
syringe_lod1
0  -1.620201 -3.308584 7.340749  -0.000024 -0.760402 0.649453  0.807694 0.710897 0
0  -1.620684 -3.336587 7.262735  0.000003 -0.984442 0.175709  0.807673 0.707313 0
0  1.620684 -3.336587 7.262735  0.000000 -0.984454 0.175642  0.947836 0.707313 0
syringe_lod1
0  2.098818 -3.175905 2.942338  0.473768 -0.135686 -0.870134  0.172506 0.732053 0
0  2.098991 -3.055002 2.919472  0.542744 -0.003731 -0.839890  0.171968 0.726729 0
0  2.329392 -3.065292 3.179181  0.906219 -0.003804 -0.422792  0.186982 0.727146 0
syringe_lod1
0  1.688339 -3.066936 7.423393  0.023856 -0.007179 0.999690  0.388690 0.727232 0
0  -1.688339 -3.066936 7.423393  -0.023896 -0.007144 0.999689  0.534700 0.727271 0
0  -1.627233 -3.234492 7.382372  0.000486 -0.321923 0.946766  0.532114 0.734707 0
syringe_lod1
0  -1.620511 -3.337566 3.352857  -0.000000 -0.999998 -0.002187  0.807680 0.538241 0
0  -1.620684 -3.336587 2.982939  -0.000002 -0.998291 -0.058435  0.807673 0.522245 0
0  1.620684 -3.336587 2.982940  -0.000054 -0.998289 -0.058466  0.947836 0.522245 0
syringe_lod1
0  1.620684 -3.336587 2.982940  -0.000054 -0.998289 -0.058466  0.947836 0.522245 0
0  1.620511 -3.337566 3.352857  -0.000000 -0.999999 -0.001716  0.947829 0.538241 0
0  -1.620511 -3.337566 3.352857  -0.000000 -0.999998 -0.002187  0.807680 0.538241 0
syringe_lod1
0  1.676010 -3.222247 3.548862  0.750444 -0.423232 -0.507650  0.026601 0.402691 0
0  1.612341 -3.226090 3.358350  0.910329 -0.408927 -0.063871  0.034416 0.405236 0
0  1.688339 -3.175905 3.354390  0.109611 -0.993957 -0.005891  0.032457 0.408629 0
syringe_lod1
0  -1.688339 -3.175905 3.354390  -0.101054 -0.994879 0.001904  0.643361 0.945466 0
0  -1.688339 -3.175905 2.844064  -0.440540 -0.897664 0.011148  0.660889 0.933050 0
0  -1.627233 -3.234492 2.863303  -0.913413 -0.406697 0.016543  0.662345 0.936687 0
syringe_lod1
0  2.388815 2.058039 6.713387  0.999698 0.017338 0.017448  0.339892 0.505644 0
0  2.388815 -3.066936 6.713387  0.999819 -0.007889 0.017331  0.339996 0.727229 0
0  2.388815 -3.066936 3.532288  0.999836 -0.007916 -0.016290  0.202467 0.727288 0
syringe_lod1
0  -2.314141 -3.175905 7.050427  -0.000000 -1.000000 -0.000002  0.630989 0.869234 0
0  -1.798226 -3.175905 6.728298  -0.005900 -0.993976 0.109439  0.635272 0.843947 0
0  -1.688339 -3.175905 6.891285  -0.111101 -0.993791 0.005981  0.643344 0.844442 0
syringe_lod1
0  2.204320 -3.337716 3.612289  0.043332 -0.999061 0.000003  0.973074 0.549460 0
0  2.204320 -3.337716 6.633385  0.043343 -0.999060 0.000005  0.973074 0.680098 0
0  1.785734 -3.337566 6.633410  -0.000494 -1.000000 -0.000000  0.954973 0.680099 0
syringe_lod1
0  2.292126 -3.315585 3.614335  0.593923 -0.804522 -0.000000  0.976990 0.549548 0
0  2.292126 -3.315585 6.631340  0.593930 -0.804517 0.000000  0.976990 0.680010 0
0  2.204320 -3.337716 6.633385  0.043343 -0.999060 0.000005  0.973074 0.680098 0
syringe_lod1
0  1.666517 -3.337566 3.557740  0.000001 -1.000000 0.000000  0.949818 0.547101 0
0  1.785734 -3.337566 3.612264  -0.000492 -1.000000 -0.000000  0.954973 0.549459 0
0  1.785734 -3.337566 6.633410  -0.000494 -1.000000 -0.000000  0.954973 0.680099 0
syringe_lod1
0  -2.343823 -3.234829 3.605126  -0.933014 -0.359840 0.000829  0.717885 0.734818 0
0  -2.343824 -3.234829 6.640548  -0.933013 -0.359840 -0.000874  0.586462 0.734818 0
0  -2.388815 -3.066936 6.713387  -0.999819 -0.007901 0.017327  0.583399 0.727271 0
syringe_lod1
0  2.321561 -3.066936 7.084601  0.898049 -0.003852 0.439878  0.356311 0.727134 0
0  2.314159 -3.175905 7.050437  0.888653 -0.148335 0.433927  0.355158 0.731962 0
0  2.367985 -3.175906 6.713387  0.978397 -0.156128 0.135512  0.340120 0.731962 0
syringe_lod1
0  -1.627233 -3.234492 2.863303  0.001290 -0.212728 -0.977111  0.010264 0.734732 0
0  -1.774221 -2.935610 2.822282  -0.186207 -0.052101 -0.981128  0.003909 0.721695 0
0  1.772300 -2.935610 2.822171  0.185711 -0.052124 -0.981221  0.157211 0.721695 0
syringe_lod1
0  -1.798226 -3.175905 3.517376  -0.005883 -0.994028 -0.108967  0.635274 0.945927 0
0  -1.787408 -3.222247 3.599551  -0.069893 -0.496647 -0.865134  0.632885 0.949176 0
0  -2.343823 -3.234829 3.605126  -0.006152 -0.599928 -0.800031  0.615898 0.933094 0
syringe_lod1
0  1.798226 -3.175906 6.728298  0.005911 -0.993977 0.109432  0.645539 0.318380 0
0  1.787407 -3.222246 6.646123  0.069904 -0.496630 0.865143  0.643183 0.321661 0
0  2.343823 -3.234829 6.640548  0.006153 -0.599930 0.800029  0.626150 0.305638 0
syringe_lod1
0  -2.314159 -3.175905 3.195237  -0.000000 -1.000000 0.000001  0.630983 0.920629 0
0  -2.098818 -3.175906 2.942338  0.000000 -1.000000 0.000001  0.646190 0.920629 0
0  -1.688339 -3.175905 3.354390  -0.101054 -0.994879 0.001904  0.643361 0.945466 0
syringe_lod1
0  -2.049303 2.296571 7.202359  -0.425761 0.662612 0.616176  0.203588 0.940033 0
0  -2.109907 2.058039 7.319487  -0.510531 0.019389 0.859640  0.209403 0.950051 0
0  -1.774221 2.058039 7.423393  -0.024410 0.018000 0.999540  0.192927 0.956769 0
syringe_lod1
0  2.314159 -3.175905 7.050437  -0.000000 -1.000000 0.000001  0.641255 0.293092 0
0  2.098818 -3.175905 7.303336  0.000000 -1.000000 0.000000  0.656523 0.293092 0
0  1.688339 -3.175905 6.891285  0.111104 -0.993791 0.005950  0.653611 0.317885 0
syringe_lod1
0  -1.964961 2.390814 7.022663  -0.014409 0.999676 0.020970  0.199710 0.931771 0
0  -2.049303 2.296571 7.202359  -0.425761 0.662612 0.616176  0.203588 0.940033 0
0  -1.764939 2.296571 7.329150  -0.021059 0.693481 0.720167  0.191411 0.945741 0
syringe_lod1
0  -1.964961 2.390814 7.022663  -0.014409 0.999676 0.020970  0.199710 0.931771 0
0  -2.035689 2.390813 6.925909  -0.023287 0.999681 0.009756  0.202766 0.927631 0
0  -2.218914 2.296571 6.992481  -0.682341 0.659375 0.315649  0.211127 0.931004 0
syringe_lod1
0  1.742530 2.390814 7.101628  0.003075 0.989937 0.141478  0.039566 0.934875 0
0  1.960934 2.390813 7.026209  0.151933 0.957926 0.243503  0.030444 0.931461 0
0  2.032246 2.390814 6.933227  0.268263 0.957117 0.109375  0.027430 0.927496 0
syringe_lod1
0  2.314159 -3.175905 3.195238  0.889757 -0.171336 -0.423055  0.187300 0.732053 0
0  2.329392 -3.065292 3.179181  0.906219 -0.003804 -0.422792  0.186982 0.727146 0
0  2.388815 -3.066936 3.532288  0.999836 -0.007916 -0.016290  0.202467 0.727288 0
syringe_lod1
0  -2.067049 2.390813 6.689616  -0.020943 0.999781 0.000336  0.204306 0.917514 0
0  -2.294572 2.296571 6.706358  -0.721605 0.692182 0.013039  0.214932 0.918622 0
0  -2.218914 2.296571 6.992481  -0.682341 0.659375 0.315649  0.211127 0.931004 0
syringe_lod1
0  1.742530 2.390813 3.144046  0.002796 0.989867 -0.141969  0.039601 0.764123 0
0  2.067049 2.390814 3.556059  0.020938 0.999781 -0.000191  0.025743 0.781782 0
0  2.049366 2.390814 3.357508  0.264476 0.958117 -0.109838  0.026714 0.773367 0
syringe_lod1
0  -2.049366 2.390814 3.357508  -0.264451 0.958125 -0.109827  0.203461 0.773552 0
0  -2.067049 2.390814 3.556059  -0.020845 0.999783 -0.000193  0.204439 0.781995 0
0  -1.742530 2.390813 3.144046  -0.002794 0.989870 -0.141951  0.190560 0.764270 0
syringe_lod1
0  -2.067049 2.390813 6.689616  -0.020943 0.999781 0.000336  0.204306 0.917514 0
0  -2.035689 2.390813 6.925909  -0.023287 0.999681 0.009756  0.202766 0.927631 0
0  -1.742530 2.390814 7.101628  -0.003921 0.989599 0.143801  0.190213 0.935153 0
syringe_lod1
0  -2.035689 2.390813 6.925909  -0.023287 0.999681 0.009756  0.202766 0.927631 0
0  -1.964961 2.390814 7.022663  -0.014409 0.999676 0.020970  0.199710 0.931771 0
0  -1.742530 2.390814 7.101628  -0.003921 0.989599 0.143801  0.190213 0.935153 0
syringe_lod1
0  -1.742530 2.390814 7.101628  -0.003921 0.989599 0.143801  0.190213 0.935153 0
0  1.742530 2.390814 7.101628  0.003075 0.989937 0.141478  0.039566 0.934875 0
0  -2.067049 2.390813 6.689616  -0.020943 0.999781 0.000336  0.204306 0.917514 0
syringe_lod1
0  1.742530 2.390813 3.144046  0.002796 0.989867 -0.141969  0.039601 0.764123 0
0  -1.742530 2.390813 3.144046  -0.002794 0.989870 -0.141951  0.190560 0.764270 0
0  -2.067049 2.390814 3.556059  -0.020845 0.999783 -0.000193  0.204439 0.781995 0
syringe_lod1
0  1.627233 -3.234492 2.863303  0.913416 -0.406691 0.016547  0.051294 0.417436 0
0  1.612341 -3.226090 3.358350  0.910329 -0.408927 -0.063871  0.034416 0.405236 0
0  1.620511 -3.337566 3.352857  0.996886 0.008062 -0.078437  0.036557 0.400931 0
syringe_lod1
0  -2.049303 2.296571 7.202359  -0.425761 0.662612 0.616176  0.203588 0.940033 0
0  -2.218914 2.296571 6.992481  -0.682341 0.659375 0.315649  0.211127 0.931004 0
0  -2.331759 2.058039 7.059598  -0.898017 0.019324 0.439537  0.220875 0.937273 0
syringe_lod1
0  -1.676010 -3.222246 6.696813  -0.745167 -0.431319 0.508615  0.637368 0.838815 0
0  -1.612341 -3.226089 6.887325  -0.904683 -0.420918 0.066151  0.645220 0.841029 0
0  -1.688339 -3.175905 6.891285  -0.111101 -0.993791 0.005981  0.643344 0.844442 0
syringe_lod1
0  1.502308 -3.563613 6.356707  0.980839 -0.000123 0.194821  0.765759 0.966290 0
0  1.384885 -3.563613 6.640788  0.707189 -0.000213 0.707024  0.752467 0.966292 0
0  1.384692 -4.327661 6.640617  0.707172 -0.000207 0.707041  0.752465 0.933253 0
syringe_lod1
0  1.502308 -3.563613 6.356707  0.000003 -1.000000 0.000002  0.981167 0.436388 0
0  1.502308 -3.563613 3.874196  0.000004 -1.000000 0.000000  0.981167 0.328554 0
0  1.640863 -3.563612 3.870869  0.000003 -1.000000 0.000000  0.986952 0.328554 0
syringe_lod1
0  0.591821 -5.991291 2.775518  -0.673047 -0.013245 0.739481  0.972004 0.449596 0
0  0.588322 -6.262470 2.767477  -0.667211 -0.013474 0.744747  0.960276 0.449539 0
0  0.923790 -6.262495 3.212652  -0.821790 -0.006492 0.569753  0.960393 0.425469 0
syringe_lod1
0  1.214139 -5.990963 6.518093  -0.649540 0.023932 -0.759951  0.972721 0.277015 0
0  1.297724 -5.990762 6.401609  -0.893355 0.046044 -0.446986  0.972910 0.283253 0
0  1.212166 -6.262144 6.519350  -0.645638 0.023625 -0.763278  0.960998 0.277205 0
syringe_lod1
0  1.297724 -5.990762 6.401609  -0.893355 0.046044 -0.446986  0.972910 0.283253 0
0  1.308490 -5.990714 6.329551  -0.973016 0.026850 -0.229169  0.972803 0.286382 0
0  1.306778 -6.261893 6.330269  -0.972739 0.026963 -0.230329  0.961075 0.286325 0
syringe_lod1
0  1.482929 -2.879706 6.738826  0.707121 0.000001 0.707093  0.668074 0.443933 0
0  1.482929 -3.563613 6.738827  0.707120 0.000000 0.707093  0.668074 0.473506 0
0  1.640771 -3.563613 6.362751  0.980322 0.000000 0.197403  0.650437 0.473506 0
syringe_lod1
0  0.452028 -6.263469 2.685033  -0.264340 -0.025603 0.964090  0.960242 0.456417 0
0  0.588322 -6.262470 2.767477  -0.667211 -0.013474 0.744747  0.960276 0.449539 0
0  0.591821 -5.991291 2.775518  -0.673047 -0.013245 0.739481  0.972004 0.449596 0
syringe_lod1
0  1.077155 -5.991193 6.560873  -0.151733 -0.003729 -0.988414  0.972621 0.270803 0
0  1.214139 -5.990963 6.518093  -0.649540 0.023932 -0.759951  0.972721 0.277015 0
0  1.212166 -6.262144 6.519350  -0.645638 0.023625 -0.763278  0.960998 0.277205 0
syringe_lod1
0  0.688601 -6.262164 2.694637  0.003589 -0.999989 -0.003066  0.946946 0.452480 0
0  1.023970 -6.262165 3.139670  0.002188 -0.999996 -0.001515  0.946946 0.428159 0
0  0.923790 -6.262495 3.212652  0.002167 -0.999997 -0.001498  0.952204 0.428159 0
syringe_lod1
0  1.359339 -4.317592 3.668086  0.904772 0.000000 -0.425896  0.718054 0.826727 0
0  1.430665 -4.317779 3.887486  0.987638 0.000000 -0.156750  0.708078 0.826719 0
0  1.430665 -6.262165 3.887486  0.987676 0.000000 -0.156512  0.708078 0.742640 0
syringe_lod1
0  0.556938 -2.879706 2.373531  0.227356 0.000082 -0.973812  0.460646 0.443934 0
0  0.804065 -2.879706 2.495605  0.652258 0.000065 -0.757997  0.472565 0.443935 0
0  0.803949 -3.563613 2.495446  0.652270 0.000107 -0.757987  0.472557 0.473508 0
syringe_lod1
0  0.890859 -3.563613 6.896724  -0.000001 -1.000000 -0.000003  0.986952 0.476737 0
0  0.885993 -3.563612 6.758235  -0.000002 -1.000000 -0.000004  0.981167 0.476737 0
0  1.100779 -3.563613 6.758235  -0.000000 -1.000000 -0.000000  0.981167 0.467400 0
syringe_lod1
0  0.000000 -6.262165 2.561163  -0.000001 -0.999943 -0.010714  0.946946 0.481622 0
0  0.457418 -6.262165 2.561163  0.002404 -0.999962 -0.008363  0.946946 0.461779 0
0  0.452028 -6.263469 2.685033  0.003230 -0.999967 -0.007505  0.952204 0.461779 0
syringe_lod1
0  1.384692 -4.327661 6.640617  -0.000471 -1.000000 -0.000398  0.502079 0.153721 0
0  1.100779 -4.327661 6.758235  0.000000 -1.000000 0.000003  0.507165 0.165998 0
0  1.080196 -4.327661 6.686151  -0.000018 -1.000000 -0.000057  0.504048 0.166888 0
syringe_lod1
0  0.926456 -5.991315 3.219586  -0.822579 -0.006509 0.568613  0.972122 0.425526 0
0  0.923790 -6.262495 3.212652  -0.821790 -0.006492 0.569753  0.960393 0.425469 0
0  1.257967 -6.262465 3.739447  -0.904436 -0.003006 0.426600  0.960525 0.398527 0
syringe_lod1
0  0.729725 -4.317592 2.614232  -0.000004 -1.000000 0.000005  0.327969 0.182043 0
0  0.688601 -4.317591 2.694637  -0.000004 -1.000000 0.000006  0.331446 0.183822 0
0  0.457418 -4.317591 2.561163  0.000085 -1.000000 -0.000564  0.325674 0.193819 0
syringe_lod1
0  0.457418 -4.317591 2.561163  0.000085 -1.000000 -0.000564  0.325674 0.193819 0
0  0.000000 -4.317756 2.561163  -0.000000 -0.999999 -0.001103  0.325675 0.213598 0
0  0.000000 -4.317591 2.491286  0.000000 -0.999999 -0.001165  0.322653 0.213598 0
syringe_lod1
0  1.306749 -6.261910 3.890474  -0.987467 0.003066 0.157796  0.960559 0.391675 0
0  1.308460 -5.990729 3.895872  -0.988152 0.003181 0.153447  0.972287 0.391733 0
0  1.259794 -5.991284 3.745267  -0.906070 -0.002951 0.423118  0.972254 0.398585 0
syringe_lod1
0  1.080196 -6.262164 6.686151  0.000262 -0.999999 0.001142  0.946946 0.266342 0
0  1.074799 -6.262372 6.562262  0.000539 -0.999999 0.001178  0.952204 0.266342 0
0  1.212166 -6.262144 6.519350  0.000028 -1.000000 -0.000105  0.952204 0.275283 0
syringe_lod1
0  1.430665 -6.262165 6.335682  -0.001813 -0.999998 -0.000652  0.946946 0.285748 0
0  1.325610 -6.262165 6.582671  -0.000126 -1.000000 -0.000113  0.946946 0.275283 0
0  1.212166 -6.262144 6.519350  0.000028 -1.000000 -0.000105  0.952204 0.275283 0
syringe_lod1
0  0.000000 -5.991210 6.560830  0.000000 -0.005131 -0.999987  0.971869 0.224289 0
0  1.077155 -5.991193 6.560873  -0.151733 -0.003729 -0.988414  0.972621 0.270803 0
0  1.074799 -6.262372 6.562262  -0.149824 -0.003763 -0.988706  0.960897 0.270992 0
syringe_lod1
0  0.000000 -6.262165 6.686150  -0.000001 -0.999998 0.001809  0.946946 0.219323 0
0  0.000000 -6.262390 6.562222  -0.000001 -0.999998 0.001819  0.952204 0.219323 0
0  1.074799 -6.262372 6.562262  0.000539 -0.999999 0.001178  0.952204 0.266342 0
syringe_lod1
0  0.557312 -3.563613 2.373531  0.000000 -1.000000 0.000000  0.986952 0.249261 0
0  0.803949 -3.563613 2.495446  0.000000 -1.000000 -0.000001  0.986952 0.261171 0
0  0.729848 -3.563613 2.614403  0.000000 -1.000000 -0.000000  0.981167 0.261171 0
syringe_lod1
0  0.000000 -3.715961 7.201528  0.000000 -1.000000 0.000000  0.927782 0.003906 0
0  0.000000 -3.715961 7.062932  0.000000 -1.000000 0.000000  0.927782 0.009899 0
0  0.886011 -3.715961 7.062933  0.000000 -1.000000 0.000001  0.889469 0.009895 0
syringe_lod1
0  1.306749 -6.261910 3.890474  -0.000677 -0.999999 0.000736  0.952204 0.392396 0
0  1.430665 -6.262165 3.887486  -0.000959 -0.999999 0.000696  0.946946 0.392396 0
0  1.430665 -6.262165 6.335682  -0.001813 -0.999998 -0.000652  0.946946 0.285748 0
syringe_lod1
0  0.729848 -3.563613 2.614403  0.657823 0.000108 -0.753172  0.937393 0.966262 0
0  0.729725 -4.317592 2.614232  0.657846 0.000063 -0.753153  0.937397 0.933658 0
0  0.485133 -4.317592 2.491286  0.230828 0.000079 -0.972995  0.949235 0.933657 0
syringe_lod1
0  1.640771 -3.563613 6.362751  0.000003 -1.000000 0.000001  0.986952 0.436388 0
0  1.482929 -3.563613 6.738827  0.000000 -1.000000 0.000001  0.986952 0.451893 0
0  1.384885 -3.563613 6.640788  0.000000 -1.000000 0.000001  0.981167 0.451893 0
syringe_lod1
0  0.000000 -5.992317 2.693334  -0.000000 -0.030448 0.999536  0.971874 0.476100 0
0  0.000000 -6.263497 2.685073  -0.000000 -0.030450 0.999536  0.960146 0.476043 0
0  0.452028 -6.263469 2.685033  -0.264340 -0.025603 0.964090  0.960242 0.456417 0
syringe_lod1
0  1.359339 -4.317592 3.668086  0.000475 -1.000000 -0.000329  0.373540 0.154817 0
0  1.420592 -4.317592 3.622831  0.000393 -1.000000 -0.000273  0.371583 0.152169 0
0  1.502309 -4.317592 3.874196  0.000753 -0.999997 -0.002353  0.382452 0.148635 0
syringe_lod1
0  1.482929 -3.563613 6.738827  0.707120 0.000000 0.707093  0.668074 0.473506 0
0  1.482929 -2.879706 6.738826  0.707121 0.000001 0.707093  0.668074 0.443933 0
0  1.106824 -2.879706 6.896698  0.197466 0.000001 0.980310  0.685712 0.443932 0
syringe_lod1
0  1.534615 -3.563613 3.544046  0.000003 -1.000000 -0.000001  0.986952 0.315374 0
0  1.640863 -3.563612 3.870869  0.000003 -1.000000 0.000000  0.986952 0.328554 0
0  1.502308 -3.563613 3.874196  0.000004 -1.000000 0.000000  0.981167 0.328554 0
syringe_lod1
0  1.100779 -4.327661 6.758235  0.195026 -0.000116 0.980798  0.739177 0.933252 0
0  1.384692 -4.327661 6.640617  0.707172 -0.000207 0.707041  0.752465 0.933253 0
0  1.384885 -3.563613 6.640788  0.707189 -0.000213 0.707024  0.752467 0.966292 0
syringe_lod1
0  1.640863 -2.879706 3.870869  0.987679 0.000000 -0.156494  0.542683 0.443934 0
0  1.640771 -2.879706 6.362752  0.980322 0.000000 0.197404  0.650437 0.443933 0
0  1.640771 -3.563613 6.362751  0.980322 0.000000 0.197403  0.650437 0.473506 0
syringe_lod1
0  1.257967 -6.262465 3.739447  0.001554 -0.999999 -0.000176  0.952204 0.400892 0
0  1.359340 -6.262165 3.668086  0.001460 -0.999999 -0.000150  0.946946 0.400892 0
0  1.430665 -6.262165 3.887486  -0.000959 -0.999999 0.000696  0.946946 0.392396 0
syringe_lod1
0  1.430665 -6.262165 6.335682  0.979851 -0.000000 0.199728  0.602213 0.742640 0
0  1.430665 -4.327497 6.335682  0.979910 0.000000 0.199442  0.602213 0.826299 0
0  1.325610 -4.327644 6.582671  0.706055 -0.000000 0.708157  0.590607 0.826293 0
syringe_lod1
0  0.457418 -6.262165 2.561163  0.258819 0.000000 -0.965926  0.780758 0.742640 0
0  0.000000 -6.262165 2.561163  0.000000 0.000000 -1.000000  0.800537 0.742640 0
0  0.000000 -4.317756 2.561163  -0.000000 0.000000 -1.000000  0.800537 0.826720 0
syringe_lod1
0  0.885993 -4.327661 6.758235  1.000000 -0.000000 -0.000059  0.230255 0.397425 0
0  0.885993 -3.563612 6.758235  0.999732 -0.020694 -0.010407  0.263294 0.397425 0
0  0.886011 -3.715961 7.062933  0.999010 -0.039763 -0.019941  0.256707 0.410601 0
syringe_lod1
0  1.359340 -6.262165 3.668086  0.001460 -0.999999 -0.000150  0.946946 0.400892 0
0  1.257967 -6.262465 3.739447  0.001554 -0.999999 -0.000176  0.952204 0.400892 0
0  0.923790 -6.262495 3.212652  0.002167 -0.999997 -0.001498  0.952204 0.428159 0
syringe_lod1
0  0.890877 -2.879706 7.201422  0.000118 0.000000 1.000000  0.881339 0.463230 0
0  0.000000 -2.879706 7.201528  -0.000001 0.000000 1.000000  0.842816 0.463230 0
0  0.000000 -3.715961 7.201528  -0.000001 0.000000 1.000000  0.842816 0.427069 0
syringe_lod1
0  0.000000 -6.262165 6.686150  -0.000000 -0.000000 1.000000  0.532380 0.742640 0
0  1.080196 -6.262164 6.686151  0.198196 0.000000 0.980162  0.579090 0.742640 0
0  1.080196 -4.327661 6.686151  0.198189 -0.000000 0.980164  0.579090 0.826292 0
syringe_lod1
0  0.000000 -3.563613 2.373531  -0.000000 -1.000000 0.000004  0.986952 0.226672 0
0  0.557312 -3.563613 2.373531  0.000000 -1.000000 0.000000  0.986952 0.249261 0
0  0.484732 -3.563613 2.491286  -0.000000 -1.000000 0.000001  0.981167 0.249261 0
syringe_lod1
0  0.804065 -2.879706 2.495605  0.652258 0.000065 -0.757997  0.472565 0.443935 0
0  1.534615 -2.879706 3.544046  0.895410 -0.000000 -0.445242  0.527822 0.443934 0
0  1.534615 -3.563613 3.544046  0.895410 -0.000001 -0.445243  0.527823 0.473507 0
syringe_lod1
0  1.023970 -6.262165 3.139670  0.822129 -0.000000 -0.569302  0.745118 0.742640 0
0  1.023970 -4.317591 3.139671  0.822129 0.000000 -0.569302  0.745118 0.826727 0
0  1.359339 -4.317592 3.668086  0.904772 0.000000 -0.425896  0.718054 0.826727 0
syringe_lod1
0  1.534615 -3.563613 3.544046  0.895410 -0.000001 -0.445243  0.527823 0.473507 0
0  1.534615 -2.879706 3.544046  0.895410 -0.000000 -0.445242  0.527822 0.443934 0
0  1.640863 -2.879706 3.870869  0.987679 0.000000 -0.156494  0.542683 0.443934 0
syringe_lod1
0  0.000000 -4.327661 6.940734  -0.000000 -1.000000 -0.000581  0.515056 0.213598 0
0  0.000000 -4.327490 6.686151  -0.000000 -1.000000 -0.000654  0.504048 0.213598 0
0  0.885993 -4.327661 6.758235  -0.000099 -1.000000 -0.000279  0.507165 0.175286 0
syringe_lod1
0  1.502309 -4.317592 3.874196  0.987708 0.000000 -0.156310  0.873103 0.933669 0
0  1.420592 -4.317592 3.622831  0.897185 -0.000001 -0.441656  0.884532 0.933667 0
0  1.420591 -3.563613 3.622831  0.897185 -0.000000 -0.441655  0.884538 0.966270 0
syringe_lod1
0  0.000000 -3.563613 2.373531  0.000000 0.000000 -1.000000  0.436561 0.473506 0
0  0.000000 -2.879706 2.373531  0.000000 0.000000 -1.000000  0.436563 0.443932 0
0  0.556938 -2.879706 2.373531  0.227356 0.000082 -0.973812  0.460646 0.443934 0
syringe_lod1
0  1.023970 -6.262165 3.139670  0.822129 -0.000000 -0.569302  0.745118 0.742640 0
0  0.688601 -6.262164 2.694637  0.662613 -0.000000 -0.748962  0.769214 0.742640 0
0  0.688601 -4.317591 2.694637  0.662613 0.000000 -0.748962  0.769214 0.826727 0
syringe_lod1
0  1.106824 -2.879706 6.896698  0.197466 0.000001 0.980310  0.685712 0.443932 0
0  0.890859 -2.879706 6.896723  0.000129 0.000001 1.000000  0.695051 0.443932 0
0  0.890859 -3.563613 6.896724  0.000119 0.000000 1.000000  0.695051 0.473506 0
syringe_lod1
0  1.100779 -3.563613 6.758235  0.194746 0.000000 0.980854  0.739173 0.966291 0
0  0.885993 -3.563612 6.758235  0.000000 -0.000001 1.000000  0.729886 0.966290 0
0  0.885993 -4.327661 6.758235  0.000000 0.000001 1.000000  0.729889 0.933251 0
syringe_lod1
0  0.000000 -4.205462 7.062933  0.000000 -0.707108 0.707105  0.464118 0.199864 0
0  0.000000 -4.327661 6.940734  0.000000 -0.707109 0.707105  0.464118 0.207337 0
0  0.886004 -4.327661 6.940735  0.000000 -0.707104 0.707110  0.425806 0.207337 0
syringe_lod1
0  0.886011 -3.715961 7.062933  0.000000 -0.000001 1.000000  0.766243 0.357500 0
0  0.000000 -3.715961 7.062932  -0.000001 0.000002 1.000000  0.727930 0.357500 0
0  0.000000 -4.205462 7.062933  -0.000000 0.000001 1.000000  0.727930 0.336333 0
syringe_lod1
0  1.306749 -6.261910 3.890474  -0.987467 0.003066 0.157796  0.960559 0.391675 0
0  1.306778 -6.261893 6.330269  -0.972739 0.026963 -0.230329  0.961075 0.286325 0
0  1.308490 -5.990714 6.329551  -0.973016 0.026850 -0.229169  0.972803 0.286382 0
syringe_lod1
0  1.502309 -4.317592 3.874196  0.987708 0.000000 -0.156310  0.873103 0.933669 0
0  1.502308 -3.563613 3.874196  0.987676 0.000000 -0.156512  0.873108 0.966272 0
0  1.502308 -3.563613 6.356707  0.980839 -0.000123 0.194821  0.765759 0.966290 0
syringe_lod1
0  0.729848 -3.563613 2.614403  0.657823 0.000108 -0.753172  0.937393 0.966262 0
0  1.420591 -3.563613 3.622831  0.897185 -0.000000 -0.441655  0.884538 0.966270 0
0  1.420592 -4.317592 3.622831  0.897185 -0.000001 -0.441656  0.884532 0.933667 0
syringe_lod1
0  0.000000 -4.317591 2.491286  -0.000000 0.000000 -1.000000  0.970213 0.933655 0
0  0.000000 -3.563612 2.491286  -0.000000 0.000000 -1.000000  0.970215 0.966259 0
0  0.484732 -3.563613 2.491286  0.230566 0.000122 -0.973057  0.949254 0.966260 0
syringe_lod1
0  0.452028 -6.263469 2.685033  0.003230 -0.999967 -0.007505  0.952204 0.461779 0
0  0.457418 -6.262165 2.561163  0.002404 -0.999962 -0.008363  0.946946 0.461779 0
0  0.688601 -6.262164 2.694637  0.003589 -0.999989 -0.003066  0.946946 0.452480 0
syringe_lod1
0  0.926456 -5.991315 3.219586  0.000803 -1.000000 0.000241  0.020426 0.650128 0
0  1.259794 -5.991284 3.745267  0.000725 -1.000000 0.000142  0.006012 0.627396 0
0  1.308460 -5.990729 3.895872  0.000698 -1.000000 0.000163  0.003907 0.620884 0
syringe_lod1
0  1.308460 -5.990729 3.895872  0.000698 -1.000000 0.000163  0.003907 0.620884 0
0  1.308490 -5.990714 6.329551  0.000575 -1.000000 -0.000505  0.003906 0.515646 0
0  0.000000 -5.991210 6.560830  0.000505 -1.000000 -0.000142  0.060488 0.505645 0
syringe_lod1
0  1.308490 -5.990714 6.329551  0.000575 -1.000000 -0.000505  0.003906 0.515646 0
0  1.077155 -5.991193 6.560873  0.000837 -1.000000 -0.000021  0.013910 0.505644 0
0  0.000000 -5.991210 6.560830  0.000505 -1.000000 -0.000142  0.060488 0.505645 0
syringe_lod1
0  0.000000 -5.991210 6.560830  0.000505 -1.000000 -0.000142  0.060488 0.505645 0
0  0.000000 -5.992317 2.693334  0.000702 -1.000000 0.000130  0.060488 0.672884 0
0  1.308460 -5.990729 3.895872  0.000698 -1.000000 0.000163  0.003907 0.620884 0
syringe_lod1
0  0.000000 -5.992317 2.693334  0.000702 -1.000000 0.000130  0.060488 0.672884 0
0  0.455885 -5.992289 2.693293  0.000713 -1.000000 0.000154  0.040775 0.672886 0
0  0.591821 -5.991291 2.775518  0.000806 -1.000000 0.000180  0.034896 0.669330 0
syringe_lod1
0  0.591821 -5.991291 2.775518  0.000806 -1.000000 0.000180  0.034896 0.669330 0
0  0.926456 -5.991315 3.219586  0.000803 -1.000000 0.000241  0.020426 0.650128 0
0  0.000000 -5.992317 2.693334  0.000702 -1.000000 0.000130  0.060488 0.672884 0
syringe_lod1
0  0.890877 -2.879706 7.201422  1.000000 -0.000000 -0.000059  0.292875 0.416593 0
0  0.890877 -3.715961 7.201422  0.999732 -0.020693 -0.010406  0.256714 0.416593 0
0  0.890859 -3.563613 6.896724  0.999010 -0.039764 -0.019942  0.263302 0.403417 0
syringe_lod1
0  1.430665 -4.327497 6.335682  -0.000250 -0.999997 -0.002425  0.488893 0.151733 0
0  1.502309 -4.327661 6.356706  -0.000393 -0.999997 -0.002244  0.489802 0.148635 0
0  1.384692 -4.327661 6.640617  -0.000471 -1.000000 -0.000398  0.502079 0.153721 0
syringe_lod1
0  1.430665 -4.327497 6.335682  -0.000250 -0.999997 -0.002425  0.488893 0.151733 0
0  1.430665 -4.317779 3.887486  0.000709 -0.999997 -0.002400  0.383027 0.151733 0
0  1.502309 -4.317592 3.874196  0.000753 -0.999997 -0.002353  0.382452 0.148635 0
syringe_lod1
0  0.688601 -6.262164 2.694637  0.662613 -0.000000 -0.748962  0.769214 0.742640 0
0  0.457418 -6.262165 2.561163  0.258819 0.000000 -0.965926  0.780758 0.742640 0
0  0.457418 -4.317591 2.561163  0.258849 0.000000 -0.965918  0.780758 0.826727 0
syringe_lod1
0  0.729848 -3.563613 2.614403  0.000000 -1.000000 -0.000000  0.981167 0.261171 0
0  0.803949 -3.563613 2.495446  0.000000 -1.000000 -0.000001  0.986952 0.261171 0
0  1.534615 -3.563613 3.544046  0.000003 -1.000000 -0.000001  0.986952 0.315374 0
syringe_lod1
0  1.325610 -6.262165 6.582671  0.706001 -0.000000 0.708211  0.590607 0.742640 0
0  1.325610 -4.327644 6.582671  0.706055 -0.000000 0.708157  0.590607 0.826293 0
0  1.080196 -4.327661 6.686151  0.198189 -0.000000 0.980164  0.579090 0.826292 0
syringe_lod1
0  1.384885 -3.563613 6.640788  0.000000 -1.000000 0.000001  0.981167 0.451893 0
0  1.482929 -3.563613 6.738827  0.000000 -1.000000 0.000001  0.986952 0.451893 0
0  1.106824 -3.563613 6.896698  0.000000 -1.000000 -0.000001  0.986952 0.467400 0
syringe_lod1
0  1.430665 -6.262165 3.887486  0.987676 0.000000 -0.156512  0.708078 0.742640 0
0  1.430665 -4.317779 3.887486  0.987638 0.000000 -0.156750  0.708078 0.826719 0
0  1.430665 -4.327497 6.335682  0.979910 0.000000 0.199442  0.602213 0.826299 0
syringe_lod1
0  -1.502309 -3.563613 6.356706  -0.980839 -0.000124 0.194820  1.765759 0.966290 0
0  -1.502308 -4.327661 6.356706  -0.980730 -0.000000 0.195367  1.765754 0.933251 0
0  -1.384691 -4.327661 6.640617  -0.707171 -0.000206 0.707043  1.752465 0.933253 0
syringe_lod1
0  -1.502309 -3.563613 6.356706  0.000000 -1.000000 0.000000  1.981167 0.436388 0
0  -1.640771 -3.563613 6.362751  -0.000000 -1.000000 0.000000  1.986952 0.436388 0
0  -1.640863 -3.563613 3.870869  -0.000000 -1.000000 0.000001  1.986952 0.328554 0
syringe_lod1
0  -0.591821 -5.991291 2.775518  0.673048 -0.013245 0.739481  1.972004 0.449596 0
0  -0.926456 -5.991315 3.219586  0.822579 -0.006508 0.568614  1.972122 0.425526 0
0  -0.923790 -6.262495 3.212652  0.821790 -0.006491 0.569754  1.960393 0.425469 0
syringe_lod1
0  -1.308490 -5.990714 6.329552  0.973015 0.026845 -0.229173  1.972803 0.286382 0
0  -1.297724 -5.990762 6.401608  0.893355 0.046044 -0.446985  1.972910 0.283253 0
0  -1.306778 -6.261894 6.330270  0.972739 0.026962 -0.230329  1.961075 0.286325 0
syringe_lod1
0  -1.297724 -5.990762 6.401608  0.893355 0.046044 -0.446985  1.972910 0.283253 0
0  -1.214139 -5.990963 6.518094  0.649533 0.023949 -0.759956  1.972721 0.277015 0
0  -1.212166 -6.262142 6.519351  0.645638 0.023624 -0.763278  1.960998 0.277205 0
syringe_lod1
0  -1.482929 -2.879706 6.738827  -0.707119 -0.000000 0.707094  1.668074 0.443933 0
0  -1.640771 -2.879706 6.362751  -0.980322 -0.000001 0.197404  1.650437 0.443933 0
0  -1.640771 -3.563613 6.362751  -0.980322 -0.000000 0.197403  1.650437 0.473506 0
syringe_lod1
0  -0.452028 -6.263468 2.685033  0.264340 -0.025603 0.964089  1.960242 0.456417 0
0  -0.455884 -5.992289 2.693293  0.272625 -0.025416 0.961785  1.971970 0.456474 0
0  -0.591821 -5.991291 2.775518  0.673048 -0.013245 0.739481  1.972004 0.449596 0
syringe_lod1
0  -1.077155 -5.991193 6.560873  0.151728 -0.003730 -0.988415  1.972621 0.270803 0
0  -1.074798 -6.262371 6.562262  0.149824 -0.003764 -0.988705  1.960897 0.270992 0
0  -1.212166 -6.262142 6.519351  0.645638 0.023624 -0.763278  1.960998 0.277205 0
syringe_lod1
0  -0.688600 -6.262165 2.694637  -0.003574 -0.999989 -0.002960  1.946946 0.452480 0
0  -0.588322 -6.262470 2.767477  -0.004092 -0.999985 -0.003558  1.952204 0.452480 0
0  -0.923790 -6.262495 3.212652  -0.002167 -0.999997 -0.001498  1.952204 0.428159 0
syringe_lod1
0  -1.359339 -4.317592 3.668086  -0.904772 -0.000000 -0.425896  1.718054 0.826727 0
0  -1.359339 -6.262165 3.668086  -0.904786 0.000000 -0.425867  1.718054 0.742640 0
0  -1.430665 -6.262165 3.887486  -0.987676 0.000000 -0.156512  1.708078 0.742640 0
syringe_lod1
0  -0.556938 -2.879706 2.373531  -0.227356 0.000082 -0.973812  1.460646 0.443934 0
0  -0.557312 -3.563613 2.373531  -0.227608 0.000125 -0.973753  1.460660 0.473508 0
0  -0.803949 -3.563612 2.495446  -0.652270 0.000108 -0.757987  1.472557 0.473508 0
syringe_lod1
0  -0.890859 -3.563613 6.896723  -0.000001 -1.000000 0.000004  1.986952 0.476737 0
0  -1.106824 -3.563612 6.896698  -0.000002 -1.000000 0.000002  1.986952 0.467400 0
0  -1.100779 -3.563613 6.758235  -0.000001 -1.000000 0.000002  1.981167 0.467400 0
syringe_lod1
0  0.000000 -6.262165 2.561163  -0.000001 -0.999943 -0.010714  1.946946 0.481622 0
0  0.000000 -6.263497 2.685073  -0.000002 -0.999942 -0.010752  1.952204 0.481622 0
0  -0.452028 -6.263468 2.685033  -0.003229 -0.999966 -0.007639  1.952204 0.461779 0
syringe_lod1
0  -1.384691 -4.327661 6.640617  0.000136 -1.000000 -0.000384  1.502079 0.153721 0
0  -1.325610 -4.327644 6.582671  0.000485 -1.000000 -0.000397  1.499573 0.156276 0
0  -1.080196 -4.327661 6.686150  0.000018 -1.000000 -0.000061  1.504048 0.166888 0
syringe_lod1
0  -0.926456 -5.991315 3.219586  0.822579 -0.006508 0.568614  1.972122 0.425526 0
0  -1.259794 -5.991284 3.745267  0.906070 -0.002951 0.423117  1.972254 0.398585 0
0  -1.257966 -6.262465 3.739447  0.904436 -0.003007 0.426599  1.960526 0.398527 0
syringe_lod1
0  -0.729724 -4.317591 2.614232  -0.000001 -1.000000 -0.000001  1.327969 0.182043 0
0  -0.485132 -4.317591 2.491286  -0.000052 -1.000000 -0.000350  1.322653 0.192620 0
0  -0.457417 -4.317592 2.561164  -0.000088 -1.000000 -0.000589  1.325674 0.193819 0
syringe_lod1
0  -0.457417 -4.317592 2.561164  -0.000088 -1.000000 -0.000589  1.325674 0.193819 0
0  -0.485132 -4.317591 2.491286  -0.000052 -1.000000 -0.000350  1.322653 0.192620 0
0  0.000000 -4.317591 2.491286  0.000000 -0.999999 -0.001165  1.322653 0.213598 0
syringe_lod1
0  -1.306749 -6.261910 3.890474  0.987467 0.003066 0.157796  1.960559 0.391675 0
0  -1.257966 -6.262465 3.739447  0.904436 -0.003007 0.426599  1.960526 0.398527 0
0  -1.259794 -5.991284 3.745267  0.906070 -0.002951 0.423117  1.972254 0.398585 0
syringe_lod1
0  -1.080196 -6.262164 6.686150  -0.000260 -0.999999 0.001137  1.946946 0.266342 0
0  -1.325609 -6.262164 6.582672  0.000127 -1.000000 -0.000113  1.946946 0.275283 0
0  -1.212166 -6.262142 6.519351  -0.000030 -1.000000 -0.000108  1.952204 0.275283 0
syringe_lod1
0  -1.430665 -6.262165 6.335682  0.001566 -0.999999 -0.000408  1.946946 0.285748 0
0  -1.306778 -6.261894 6.330270  0.001429 -0.999999 -0.000504  1.952204 0.285748 0
0  -1.212166 -6.262142 6.519351  -0.000030 -1.000000 -0.000108  1.952204 0.275283 0
syringe_lod1
0  0.000000 -5.991210 6.560830  0.000000 -0.005131 -0.999987  1.971869 0.224289 0
0  0.000000 -6.262390 6.562222  0.000000 -0.005133 -0.999987  1.960146 0.224478 0
0  -1.074798 -6.262371 6.562262  0.149824 -0.003764 -0.988705  1.960897 0.270992 0
syringe_lod1
0  0.000000 -6.262165 6.686150  -0.000001 -0.999998 0.001809  1.946946 0.219323 0
0  -1.080196 -6.262164 6.686150  -0.000260 -0.999999 0.001137  1.946946 0.266342 0
0  -1.074798 -6.262371 6.562262  -0.000460 -0.999999 0.001115  1.952204 0.266342 0
syringe_lod1
0  -0.557312 -3.563613 2.373531  0.000000 -1.000000 0.000003  1.986952 0.249261 0
0  -0.484732 -3.563612 2.491286  0.000001 -1.000000 0.000003  1.981167 0.249261 0
0  -0.729848 -3.563612 2.614403  0.000000 -1.000000 -0.000001  1.981167 0.261171 0
syringe_lod1
0  0.000000 -3.715961 7.201528  0.000000 -1.000000 0.000000  1.927782 0.003906 0
0  -0.890877 -3.715961 7.201420  0.000000 -1.000000 0.000001  1.889259 0.003906 0
0  -0.886011 -3.715961 7.062932  0.000000 -1.000000 0.000001  1.889469 0.009895 0
syringe_lod1
0  -1.306749 -6.261910 3.890474  0.000676 -0.999999 0.000744  1.952204 0.392396 0
0  -1.306778 -6.261894 6.330270  0.001429 -0.999999 -0.000504  1.952204 0.285748 0
0  -1.430665 -6.262165 6.335682  0.001566 -0.999999 -0.000408  1.946946 0.285748 0
syringe_lod1
0  -0.729848 -3.563612 2.614403  -0.657823 0.000108 -0.753172  1.937393 0.966262 0
0  -0.484732 -3.563612 2.491286  -0.230567 0.000122 -0.973056  1.949254 0.966260 0
0  -0.485132 -4.317591 2.491286  -0.230828 0.000079 -0.972995  1.949235 0.933657 0
syringe_lod1
0  -1.640771 -3.563613 6.362751  -0.000000 -1.000000 0.000000  1.986952 0.436388 0
0  -1.502309 -3.563613 6.356706  0.000000 -1.000000 0.000000  1.981167 0.436388 0
0  -1.384885 -3.563613 6.640788  -0.000002 -1.000000 0.000002  1.981167 0.451893 0
syringe_lod1
0  0.000000 -5.992317 2.693334  -0.000000 -0.030448 0.999536  1.971874 0.476100 0
0  -0.455884 -5.992289 2.693293  0.272625 -0.025416 0.961785  1.971970 0.456474 0
0  -0.452028 -6.263468 2.685033  0.264340 -0.025603 0.964089  1.960242 0.456417 0
syringe_lod1
0  -1.359339 -4.317592 3.668086  -0.000200 -1.000000 -0.000136  1.373540 0.154817 0
0  -1.430665 -4.317779 3.887485  -0.000716 -0.999997 -0.002401  1.383027 0.151733 0
0  -1.502308 -4.317591 3.874196  -0.000806 -0.999997 -0.002365  1.382452 0.148635 0
syringe_lod1
0  -1.482929 -3.563612 6.738827  -0.707120 0.000000 0.707093  1.668074 0.473506 0
0  -1.106824 -3.563612 6.896698  -0.197463 0.000001 0.980310  1.685712 0.473506 0
0  -1.106824 -2.879706 6.896697  -0.197460 0.000000 0.980311  1.685712 0.443932 0
syringe_lod1
0  -1.534615 -3.563613 3.544046  0.000003 -1.000000 0.000002  1.986952 0.315374 0
0  -1.420591 -3.563613 3.622831  0.000003 -1.000000 0.000002  1.981167 0.315374 0
0  -1.502308 -3.563613 3.874196  0.000000 -1.000000 0.000001  1.981167 0.328554 0
syringe_lod1
0  -1.100779 -4.327661 6.758235  -0.195027 -0.000118 0.980798  1.739177 0.933252 0
0  -1.100779 -3.563613 6.758235  -0.194744 -0.000000 0.980854  1.739173 0.966291 0
0  -1.384885 -3.563613 6.640788  -0.707190 -0.000214 0.707024  1.752467 0.966292 0
syringe_lod1
0  -1.640863 -2.879706 3.870869  -0.987679 -0.000000 -0.156494  1.542683 0.443934 0
0  -1.640863 -3.563613 3.870869  -0.987679 -0.000000 -0.156493  1.542683 0.473507 0
0  -1.640771 -3.563613 6.362751  -0.980322 -0.000000 0.197403  1.650437 0.473506 0
syringe_lod1
0  -1.257966 -6.262465 3.739447  -0.001554 -0.999999 -0.000173  1.952204 0.400892 0
0  -1.306749 -6.261910 3.890474  0.000676 -0.999999 0.000744  1.952204 0.392396 0
0  -1.430665 -6.262165 3.887486  0.000958 -0.999999 0.000699  1.946946 0.392396 0
syringe_lod1
0  -1.430665 -6.262165 6.335682  -0.979851 0.000000 0.199729  1.602213 0.742640 0
0  -1.325609 -6.262164 6.582672  -0.705998 0.000000 0.708214  1.590607 0.742640 0
0  -1.325610 -4.327644 6.582671  -0.706054 0.000000 0.708158  1.590607 0.826293 0
syringe_lod1
0  -0.457417 -6.262165 2.561163  -0.258819 0.000000 -0.965926  1.780758 0.742640 0
0  -0.457417 -4.317592 2.561164  -0.258849 0.000000 -0.965918  1.780758 0.826727 0
0  0.000000 -4.317756 2.561163  -0.000000 0.000000 -1.000000  1.800537 0.826720 0
syringe_lod1
0  -0.885993 -4.327661 6.758235  -1.000000 -0.000000 -0.000060  1.230255 0.397425 0
0  -0.886011 -4.205462 7.062933  -1.000000 0.000000 -0.000060  1.235539 0.410601 0
0  -0.886011 -3.715961 7.062932  -0.999010 -0.039764 -0.019942  1.256706 0.410601 0
syringe_lod1
0  -1.359339 -6.262165 3.668086  -0.001460 -0.999999 -0.000150  1.946946 0.400892 0
0  -1.023970 -6.262165 3.139671  -0.002189 -0.999996 -0.001517  1.946946 0.428159 0
0  -0.923790 -6.262495 3.212652  -0.002167 -0.999997 -0.001498  1.952204 0.428159 0
syringe_lod1
0  -0.890877 -2.879706 7.201420  -0.000120 -0.000000 1.000000  1.881339 0.463230 0
0  -0.890877 -3.715961 7.201420  -0.000120 -0.000000 1.000000  1.881339 0.427069 0
0  0.000000 -3.715961 7.201528  -0.000001 0.000000 1.000000  1.842816 0.427069 0
syringe_lod1
0  0.000000 -6.262165 6.686150  -0.000000 -0.000000 1.000000  1.532380 0.742640 0
0  0.000000 -4.327490 6.686151  -0.000000 -0.000000 1.000000  1.532380 0.826299 0
0  -1.080196 -4.327661 6.686150  -0.198188 0.000000 0.980164  1.579090 0.826292 0
syringe_lod1
0  0.000000 -3.563613 2.373531  -0.000000 -1.000000 0.000004  1.986952 0.226672 0
0  0.000000 -3.563612 2.491286  -0.000000 -1.000000 0.000004  1.981167 0.226672 0
0  -0.484732 -3.563612 2.491286  0.000001 -1.000000 0.000003  1.981167 0.249261 0
syringe_lod1
0  -0.804065 -2.879706 2.495605  -0.652259 0.000066 -0.757997  1.472565 0.443935 0
0  -0.803949 -3.563612 2.495446  -0.652270 0.000108 -0.757987  1.472557 0.473508 0
0  -1.534615 -3.563613 3.544046  -0.895410 -0.000001 -0.445242  1.527823 0.473507 0
syringe_lod1
0  -1.023970 -6.262165 3.139671  -0.822128 -0.000000 -0.569302  1.745118 0.742640 0
0  -1.359339 -6.262165 3.668086  -0.904786 0.000000 -0.425867  1.718054 0.742640 0
0  -1.359339 -4.317592 3.668086  -0.904772 -0.000000 -0.425896  1.718054 0.826727 0
syringe_lod1
0  -1.534615 -3.563613 3.544046  -0.895410 -0.000001 -0.445242  1.527823 0.473507 0
0  -1.640863 -3.563613 3.870869  -0.987679 -0.000000 -0.156493  1.542683 0.473507 0
0  -1.640863 -2.879706 3.870869  -0.987679 -0.000000 -0.156494  1.542683 0.443934 0
syringe_lod1
0  0.000000 -4.327661 6.940734  -0.000000 -1.000000 -0.000581  1.515056 0.213598 0
0  -0.886004 -4.327661 6.940734  0.000000 -1.000000 0.000000  1.515057 0.175285 0
0  -0.885993 -4.327661 6.758235  0.000099 -1.000000 -0.000286  1.507165 0.175286 0
syringe_lod1
0  -1.502308 -4.317591 3.874196  -0.987708 -0.000000 -0.156311  1.873103 0.933669 0
0  -1.502308 -3.563613 3.874196  -0.987676 -0.000000 -0.156512  1.873108 0.966272 0
0  -1.420591 -3.563613 3.622831  -0.897185 -0.000000 -0.441655  1.884538 0.966270 0
syringe_lod1
0  0.000000 -3.563613 2.373531  0.000000 0.000000 -1.000000  1.436561 0.473506 0
0  -0.557312 -3.563613 2.373531  -0.227608 0.000125 -0.973753  1.460660 0.473508 0
0  -0.556938 -2.879706 2.373531  -0.227356 0.000082 -0.973812  1.460646 0.443934 0
syringe_lod1
0  -1.023970 -6.262165 3.139671  -0.822128 -0.000000 -0.569302  1.745118 0.742640 0
0  -1.023970 -4.317592 3.139670  -0.822129 -0.000000 -0.569302  1.745118 0.826727 0
0  -0.688601 -4.317591 2.694637  -0.662613 -0.000000 -0.748962  1.769214 0.826727 0
syringe_lod1
0  -1.106824 -2.879706 6.896697  -0.197460 0.000000 0.980311  1.685712 0.443932 0
0  -1.106824 -3.563612 6.896698  -0.197463 0.000001 0.980310  1.685712 0.473506 0
0  -0.890859 -3.563613 6.896723  -0.000122 0.000001 1.000000  1.695051 0.473506 0
syringe_lod1
0  -1.100779 -3.563613 6.758235  -0.194744 -0.000000 0.980854  1.739173 0.966291 0
0  -1.100779 -4.327661 6.758235  -0.195027 -0.000118 0.980798  1.739177 0.933252 0
0  -0.885993 -4.327661 6.758235  -0.000004 -0.000001 1.000000  1.729889 0.933251 0
syringe_lod1
0  0.000000 -4.205462 7.062933  0.000000 -0.707108 0.707105  1.464118 0.199864 0
0  -0.886011 -4.205462 7.062933  0.000000 -0.707108 0.707105  1.425805 0.199864 0
0  -0.886004 -4.327661 6.940734  0.000000 -0.707108 0.707105  1.425806 0.207337 0
syringe_lod1
0  -0.886011 -3.715961 7.062932  0.000000 0.000002 1.000000  1.766243 0.357500 0
0  -0.886011 -4.205462 7.062933  0.000000 0.000002 1.000000  1.766243 0.336333 0
0  0.000000 -4.205462 7.062933  -0.000000 0.000001 1.000000  1.727930 0.336333 0
syringe_lod1
0  -1.306749 -6.261910 3.890474  0.987467 0.003066 0.157796  1.960559 0.391675 0
0  -1.308460 -5.990729 3.895872  0.988152 0.003182 0.153447  1.972287 0.391733 0
0  -1.308490 -5.990714 6.329552  0.973015 0.026845 -0.229173  1.972803 0.286382 0
syringe_lod1
0  -1.502308 -4.317591 3.874196  -0.987708 -0.000000 -0.156311  1.873103 0.933669 0
0  -1.502308 -4.327661 6.356706  -0.980730 -0.000000 0.195367  1.765754 0.933251 0
0  -1.502309 -3.563613 6.356706  -0.980839 -0.000124 0.194820  1.765759 0.966290 0
syringe_lod1
0  -0.729848 -3.563612 2.614403  -0.657823 0.000108 -0.753172  1.937393 0.966262 0
0  -0.729724 -4.317591 2.614232  -0.657846 0.000063 -0.753153  1.937397 0.933658 0
0  -1.420591 -4.317592 3.622831  -0.897184 -0.000001 -0.441656  1.884532 0.933667 0
syringe_lod1
0  0.000000 -4.317591 2.491286  -0.000000 0.000000 -1.000000  1.970213 0.933655 0
0  -0.485132 -4.317591 2.491286  -0.230828 0.000079 -0.972995  1.949235 0.933657 0
0  -0.484732 -3.563612 2.491286  -0.230567 0.000122 -0.973056  1.949254 0.966260 0
syringe_lod1
0  -0.452028 -6.263468 2.685033  -0.003229 -0.999966 -0.007639  1.952204 0.461779 0
0  -0.588322 -6.262470 2.767477  -0.004092 -0.999985 -0.003558  1.952204 0.452480 0
0  -0.688600 -6.262165 2.694637  -0.003574 -0.999989 -0.002960  1.946946 0.452480 0
syringe_lod1
0  -1.308460 -5.990729 3.895872  -0.000698 -1.000000 0.000163  1.003907 0.620884 0
0  -1.259794 -5.991284 3.745267  -0.000722 -1.000000 0.000147  1.006012 0.627396 0
0  -0.926456 -5.991315 3.219586  -0.000804 -1.000000 0.000241  1.020426 0.650128 0
syringe_lod1
0  -0.926456 -5.991315 3.219586  -0.000804 -1.000000 0.000241  1.020426 0.650128 0
0  -0.591821 -5.991291 2.775518  -0.000806 -1.000000 0.000181  1.034896 0.669330 0
0  0.000000 -5.992317 2.693334  -0.000790 -1.000000 0.000300  1.060488 0.672884 0
syringe_lod1
0  -0.591821 -5.991291 2.775518  -0.000806 -1.000000 0.000181  1.034896 0.669330 0
0  -0.455884 -5.992289 2.693293  -0.000713 -1.000000 0.000148  1.040775 0.672886 0
0  0.000000 -5.992317 2.693334  -0.000790 -1.000000 0.000300  1.060488 0.672884 0
syringe_lod1
0  0.000000 -5.992317 2.693334  -0.000790 -1.000000 0.000300  1.060488 0.672884 0
0  0.000000 -5.991210 6.560830  -0.000505 -1.000000 -0.000142  1.060488 0.505645 0
0  -1.308460 -5.990729 3.895872  -0.000698 -1.000000 0.000163  1.003907 0.620884 0
syringe_lod1
0  -0.926456 -5.991315 3.219586  -0.000804 -1.000000 0.000241  1.020426 0.650128 0
0  0.000000 -5.992317 2.693334  -0.000790 -1.000000 0.000300  1.060488 0.672884 0
0  -1.308460 -5.990729 3.895872  -0.000698 -1.000000 0.000163  1.003907 0.620884 0
syringe_lod1
0  0.000000 -5.991210 6.560830  -0.000505 -1.000000 -0.000142  1.060488 0.505645 0
0  -1.077155 -5.991193 6.560873  -0.000865 -1.000000 0.000068  1.013910 0.505644 0
0  -1.308490 -5.990714 6.329552  -0.000830 -1.000000 -0.000103  1.003906 0.515646 0
syringe_lod1
0  -0.890877 -2.879706 7.201420  -1.000000 -0.000000 -0.000059  1.292875 0.416593 0
0  -0.890859 -2.879706 6.896723  -1.000000 0.000000 -0.000059  1.292875 0.403417 0
0  -0.890859 -3.563613 6.896723  -0.999010 -0.039764 -0.019941  1.263302 0.403417 0
syringe_lod1
0  -1.430665 -4.327497 6.335682  0.000250 -0.999997 -0.002426  1.488893 0.151733 0
0  -1.325610 -4.327644 6.582671  0.000485 -1.000000 -0.000397  1.499573 0.156276 0
0  -1.384691 -4.327661 6.640617  0.000136 -1.000000 -0.000384  1.502079 0.153721 0
syringe_lod1
0  -1.430665 -4.327497 6.335682  0.000250 -0.999997 -0.002426  1.488893 0.151733 0
0  -1.502308 -4.327661 6.356706  0.000393 -0.999997 -0.002244  1.489802 0.148635 0
0  -1.502308 -4.317591 3.874196  -0.000806 -0.999997 -0.002365  1.382452 0.148635 0
syringe_lod1
0  -0.688600 -6.262165 2.694637  -0.662613 0.000000 -0.748962  1.769214 0.742640 0
0  -0.688601 -4.317591 2.694637  -0.662613 -0.000000 -0.748962  1.769214 0.826727 0
0  -0.457417 -4.317592 2.561164  -0.258849 0.000000 -0.965918  1.780758 0.826727 0
syringe_lod1
0  -0.729848 -3.563612 2.614403  0.000000 -1.000000 -0.000001  1.981167 0.261171 0
0  -1.420591 -3.563613 3.622831  0.000003 -1.000000 0.000002  1.981167 0.315374 0
0  -1.534615 -3.563613 3.544046  0.000003 -1.000000 0.000002  1.986952 0.315374 0
syringe_lod1
0  -1.325609 -6.262164 6.582672  -0.705998 0.000000 0.708214  1.590607 0.742640 0
0  -1.080196 -6.262164 6.686150  -0.198193 0.000000 0.980163  1.579090 0.742640 0
0  -1.080196 -4.327661 6.686150  -0.198188 0.000000 0.980164  1.579090 0.826292 0
syringe_lod1
0  -1.384885 -3.563613 6.640788  -0.000002 -1.000000 0.000002  1.981167 0.451893 0
0  -1.100779 -3.563613 6.758235  -0.000001 -1.000000 0.000002  1.981167 0.467400 0
0  -1.106824 -3.563612 6.896698  -0.000002 -1.000000 0.000002  1.986952 0.467400 0
syringe_lod1
0  -1.430665 -6.262165 3.887486  -0.987676 0.000000 -0.156512  1.708078 0.742640 0
0  -1.430665 -6.262165 6.335682  -0.979851 0.000000 0.199729  1.602213 0.742640 0
0  -1.430665 -4.327497 6.335682  -0.979910 -0.000000 0.199442  1.602213 0.826299 0
syringe_lod1
0  0.967636 -3.132499 1.475437  0.792561 0.000039 -0.609793  0.607102 0.852252 0
0  1.047835 -3.132499 1.668495  0.991262 -0.000012 -0.131908  0.607102 0.861292 0
0  1.047715 -3.549053 1.667631  0.991158 -0.000012 -0.132689  0.589090 0.861255 0
syringe_lod1
0  0.802004 -3.132499 1.348359  0.000004 -1.000000 -0.000010  0.494589 0.048374 0
0  0.594456 -3.132499 1.321103  -0.000000 -1.000000 -0.000000  0.504562 0.048374 0
0  0.583499 -3.132499 1.238313  0.000000 -1.000000 -0.000002  0.504562 0.051867 0
syringe_lod1
0  1.047835 -3.132499 1.668495  0.000005 -1.000000 0.000000  0.474683 0.048374 0
0  0.967636 -3.132499 1.475437  0.000002 -1.000000 -0.000002  0.484643 0.048374 0
0  1.033843 -3.132499 1.424560  0.000002 -1.000000 -0.000001  0.484643 0.051867 0
syringe_lod1
0  0.492894 -3.132499 2.094618  0.000000 -1.000000 0.000000  0.434831 0.048374 0
0  0.700443 -3.132499 2.121874  0.000000 -1.000000 -0.000003  0.444804 0.048374 0
0  0.711401 -3.132499 2.204664  0.000000 -1.000000 -0.000001  0.444804 0.051867 0
syringe_lod1
0  0.700443 -3.132499 2.121874  0.000000 -1.000000 -0.000003  0.444804 0.048374 0
0  0.893503 -3.132499 2.041671  0.000000 -1.000000 0.000000  0.454764 0.048374 0
0  0.944381 -3.132499 2.107876  0.000000 -1.000000 0.000000  0.454764 0.051867 0
syringe_lod1
0  0.711401 -3.132499 2.204664  0.131200 -0.000003 0.991356  0.101681 0.571097 0
0  0.944381 -3.132499 2.107876  0.609200 -0.000007 0.793017  0.101681 0.560188 0
0  0.944377 -2.843458 2.107882  0.609188 -0.000002 0.793026  0.114180 0.560188 0
syringe_lod1
0  0.967636 -3.132499 1.475437  0.000002 -1.000000 -0.000002  0.484643 0.048374 0
0  0.802004 -3.132499 1.348359  0.000004 -1.000000 -0.000010  0.494589 0.048374 0
0  0.833963 -3.132499 1.271205  0.000004 -1.000000 -0.000009  0.494589 0.051867 0
syringe_lod1
0  0.247064 -3.132499 1.774481  0.000005 -1.000000 -0.000001  0.414925 0.048374 0
0  0.164274 -3.132499 1.785439  0.000006 -1.000000 -0.000001  0.414925 0.051867 0
0  0.197166 -3.132499 1.534975  0.000001 -1.000000 0.000001  0.404952 0.051867 0
syringe_lod1
0  0.944381 -3.132499 2.107876  0.609200 -0.000007 0.793017  0.101681 0.560188 0
0  1.097733 -3.132499 1.908002  0.923952 -0.000000 0.382508  0.101681 0.549294 0
0  1.097732 -2.843457 1.908003  0.923951 0.000001 0.382510  0.114180 0.549294 0
syringe_lod1
0  1.097733 -3.132499 1.908002  0.923952 -0.000000 0.382508  0.101681 0.549294 0
0  1.130625 -3.132499 1.657538  0.991357 -0.000001 -0.131194  0.101681 0.538370 0
0  1.130625 -2.843457 1.657539  0.991357 0.000001 -0.131192  0.114180 0.538370 0
syringe_lod1
0  1.033843 -3.132499 1.424560  0.793024 -0.000001 -0.609190  0.101681 0.527461 0
0  0.833963 -3.132499 1.271205  0.382508 -0.000001 -0.923952  0.101681 0.516567 0
0  0.833964 -2.843457 1.271205  0.382510 0.000000 -0.923952  0.114180 0.516567 0
syringe_lod1
0  1.130625 -3.132499 1.657538  0.991357 -0.000001 -0.131194  0.101681 0.538370 0
0  1.033843 -3.132499 1.424560  0.793024 -0.000001 -0.609190  0.101681 0.527461 0
0  1.033843 -2.843457 1.424561  0.793026 0.000001 -0.609188  0.114180 0.527461 0
syringe_lod1
0  0.164274 -3.132499 1.785439  -0.991357 -0.000001 0.131193  0.101681 0.603824 0
0  0.261056 -3.132499 2.018416  -0.793025 -0.000001 0.609190  0.101681 0.592915 0
0  0.261054 -2.843458 2.018415  -0.793028 0.000000 0.609186  0.114180 0.592915 0
syringe_lod1
0  0.711401 -3.132499 2.204664  0.131200 -0.000003 0.991356  0.101681 0.571097 0
0  0.711398 -2.843458 2.204664  0.131188 0.000001 0.991358  0.114180 0.571097 0
0  0.460935 -2.843458 2.171772  -0.382510 -0.000000 0.923951  0.114180 0.582021 0
syringe_lod1
0  0.833963 -3.132499 1.271205  0.382508 -0.000001 -0.923952  0.101681 0.516567 0
0  0.583499 -3.132499 1.238313  -0.131194 -0.000001 -0.991357  0.101681 0.505644 0
0  0.583500 -2.843457 1.238312  -0.131192 0.000000 -0.991357  0.114180 0.505644 0
syringe_lod1
0  0.350521 -3.132499 1.335095  -0.609189 -0.000000 -0.793025  0.101681 0.625642 0
0  0.197166 -3.132499 1.534975  -0.923952 -0.000001 -0.382509  0.101681 0.614747 0
0  0.197166 -2.843458 1.534974  -0.923951 0.000000 -0.382511  0.114180 0.614748 0
syringe_lod1
0  0.197166 -3.132499 1.534975  -0.923952 -0.000001 -0.382509  0.101681 0.614747 0
0  0.164274 -3.132499 1.785439  -0.991357 -0.000001 0.131193  0.101681 0.603824 0
0  0.164274 -2.843457 1.785438  -0.991357 0.000000 0.131190  0.114180 0.603824 0
syringe_lod1
0  0.583499 -3.132499 1.238313  -0.131194 -0.000001 -0.991357  0.101681 0.636551 0
0  0.350521 -3.132499 1.335095  -0.609189 -0.000000 -0.793025  0.101681 0.625642 0
0  0.350522 -2.843458 1.335094  -0.609188 0.000000 -0.793026  0.114180 0.625642 0
syringe_lod1
0  0.261056 -3.132499 2.018416  -0.793025 -0.000001 0.609190  0.101681 0.592915 0
0  0.460935 -3.132499 2.171772  -0.382507 0.000000 0.923953  0.101681 0.582021 0
0  0.460935 -2.843458 2.171772  -0.382510 -0.000000 0.923951  0.114180 0.582021 0
syringe_lod1
0  0.327263 -3.132499 1.967539  0.000000 -1.000000 0.000002  0.424885 0.048374 0
0  0.492894 -3.132499 2.094618  0.000000 -1.000000 0.000000  0.434831 0.048374 0
0  0.460935 -3.132499 2.171772  0.000000 -1.000000 0.000002  0.434831 0.051867 0
syringe_lod1
0  0.247064 -3.132499 1.774481  0.000005 -1.000000 -0.000001  0.414925 0.048374 0
0  0.327263 -3.132499 1.967539  0.000000 -1.000000 0.000002  0.424885 0.048374 0
0  0.261056 -3.132499 2.018416  0.000001 -1.000000 0.000003  0.424885 0.051867 0
syringe_lod1
0  0.944381 -3.132499 2.107876  0.000000 -1.000000 0.000000  0.454764 0.051867 0
0  0.893503 -3.132499 2.041671  0.000000 -1.000000 0.000000  0.454764 0.048374 0
0  1.020579 -3.132499 1.876044  0.000003 -1.000000 0.000002  0.464710 0.048374 0
syringe_lod1
0  1.020579 -3.132499 1.876044  0.000003 -1.000000 0.000002  0.464710 0.048374 0
0  1.047835 -3.132499 1.668495  0.000005 -1.000000 0.000000  0.474683 0.048374 0
0  1.130625 -3.132499 1.657538  0.000005 -1.000000 0.000000  0.474683 0.051867 0
syringe_lod1
0  0.401398 -3.132499 1.401302  0.000003 -1.000000 0.000008  0.395006 0.048374 0
0  0.274320 -3.132499 1.566933  0.000000 -1.000000 0.000000  0.404952 0.048374 0
0  0.197166 -3.132499 1.534975  0.000001 -1.000000 0.000001  0.404952 0.051867 0
syringe_lod1
0  0.894336 -3.549052 2.041072  0.610560 -0.000039 0.791970  0.589090 0.879328 0
0  1.020924 -3.549053 1.875122  0.924581 0.000002 0.380985  0.589090 0.870302 0
0  1.020579 -3.132499 1.876044  0.924304 -0.000001 0.381656  0.607103 0.870343 0
syringe_lod1
0  0.593592 -3.549052 1.321223  -0.133054 -0.000013 -0.991109  0.589090 0.834136 0
0  0.594456 -3.132499 1.321103  -0.131908 -0.000012 -0.991262  0.607102 0.834172 0
0  0.802004 -3.132499 1.348359  0.381753 0.000005 -0.924264  0.607102 0.843224 0
syringe_lod1
0  0.701306 -3.549052 2.121754  0.132678 -0.000041 0.991159  0.589090 0.888375 0
0  0.894336 -3.549052 2.041072  0.610560 -0.000039 0.791970  0.589090 0.879328 0
0  0.893503 -3.132499 2.041671  0.609799 0.000039 0.792556  0.607102 0.879371 0
syringe_lod1
0  0.273975 -3.549052 1.567855  -0.924587 0.000020 -0.380972  0.589090 0.924540 0
0  0.274320 -3.132499 1.566933  -0.924230 -0.000061 -0.381836  0.607103 0.924582 0
0  0.401398 -3.132499 1.401302  -0.609825 -0.000003 -0.792536  0.607102 0.933609 0
syringe_lod1
0  0.327263 -3.132499 1.967539  -0.792473 0.000005 0.609908  0.607102 0.906490 0
0  0.247064 -3.132499 1.774481  -0.991255 -0.000013 0.131960  0.607102 0.915530 0
0  0.247184 -3.549053 1.775345  -0.991186 -0.000013 0.132480  0.589090 0.915494 0
syringe_lod1
0  0.247184 -3.549053 1.775345  -0.991186 -0.000013 0.132480  0.589090 0.915494 0
0  0.247064 -3.132499 1.774481  -0.991255 -0.000013 0.131960  0.607102 0.915530 0
0  0.274320 -3.132499 1.566933  -0.924230 -0.000061 -0.381836  0.607103 0.924582 0
syringe_lod1
0  0.594456 -3.132499 1.321103  -0.000000 -1.000000 -0.000000  0.504562 0.048374 0
0  0.401398 -3.132499 1.401302  0.000003 -1.000000 0.000008  0.514522 0.048374 0
0  0.350521 -3.132499 1.335095  0.000003 -1.000000 0.000008  0.514522 0.051867 0
syringe_lod1
0  1.020579 -3.132499 1.876044  0.924304 -0.000001 0.381656  0.607103 0.870343 0
0  1.020924 -3.549053 1.875122  0.924581 0.000002 0.380985  0.589090 0.870302 0
0  1.047715 -3.549053 1.667631  0.991158 -0.000012 -0.132689  0.589090 0.861255 0
syringe_lod1
0  0.401398 -3.132499 1.401302  -0.609825 -0.000003 -0.792536  0.607102 0.933609 0
0  0.594456 -3.132499 1.321103  -0.131908 -0.000012 -0.991262  0.607102 0.942649 0
0  0.593592 -3.549052 1.321223  -0.133054 -0.000013 -0.991109  0.589090 0.942613 0
syringe_lod1
0  0.493814 -3.549053 2.094963  -0.380534 0.000039 0.924767  0.589090 0.897421 0
0  0.492894 -3.132499 2.094618  -0.381787 0.000000 0.924250  0.607103 0.897463 0
0  0.327263 -3.132499 1.967539  -0.792473 0.000005 0.609908  0.607102 0.906490 0
syringe_lod1
0  0.967033 -3.549052 1.474601  0.791969 -0.000042 -0.610561  0.589090 0.852209 0
0  0.801083 -3.549053 1.348013  0.380936 -0.000001 -0.924601  0.589090 0.843183 0
0  0.802004 -3.132499 1.348359  0.381753 0.000005 -0.924264  0.607102 0.843224 0
syringe_lod1
0  1.020924 -3.549053 1.875122  -0.000000 -1.000000 -0.000001  0.478482 0.395048 0
0  0.894336 -3.549052 2.041072  0.000001 -1.000000 0.000000  0.486300 0.399558 0
0  0.493814 -3.549053 2.094963  -0.000000 -1.000000 0.000000  0.490829 0.416436 0
syringe_lod1
0  0.894336 -3.549052 2.041072  0.000001 -1.000000 0.000000  0.486300 0.399558 0
0  0.701306 -3.549052 2.121754  0.000001 -1.000000 0.000000  0.490829 0.407389 0
0  0.493814 -3.549053 2.094963  -0.000000 -1.000000 0.000000  0.490829 0.416436 0
syringe_lod1
0  0.493814 -3.549053 2.094963  -0.000000 -1.000000 0.000000  0.490829 0.416436 0
0  0.327866 -3.549052 1.968377  0.000000 -1.000000 -0.000001  0.486319 0.424254 0
0  1.020924 -3.549053 1.875122  -0.000000 -1.000000 -0.000001  0.478482 0.395048 0
syringe_lod1
0  0.327866 -3.549052 1.968377  0.000000 -1.000000 -0.000001  0.486319 0.424254 0
0  0.247184 -3.549053 1.775345  0.000004 -1.000000 -0.000001  0.478487 0.428783 0
0  0.273975 -3.549052 1.567855  0.000000 -1.000000 -0.000001  0.469440 0.428783 0
syringe_lod1
0  0.273975 -3.549052 1.567855  0.000000 -1.000000 -0.000001  0.469440 0.428783 0
0  0.400563 -3.549052 1.401904  -0.000001 -1.000000 -0.000004  0.461622 0.424273 0
0  0.801083 -3.549053 1.348013  0.000001 -1.000000 0.000003  0.457093 0.407394 0
syringe_lod1
0  0.400563 -3.549052 1.401904  -0.000001 -1.000000 -0.000004  0.461622 0.424273 0
0  0.593592 -3.549052 1.321223  -0.000001 -1.000000 0.000000  0.457093 0.416441 0
0  0.801083 -3.549053 1.348013  0.000001 -1.000000 0.000003  0.457093 0.407394 0
syringe_lod1
0  0.801083 -3.549053 1.348013  0.000001 -1.000000 0.000003  0.457093 0.407394 0
0  0.967033 -3.549052 1.474601  -0.000000 -1.000000 0.000000  0.461603 0.399577 0
0  0.273975 -3.549052 1.567855  0.000000 -1.000000 -0.000001  0.469440 0.428783 0
syringe_lod1
0  0.967033 -3.549052 1.474601  -0.000000 -1.000000 0.000000  0.461603 0.399577 0
0  1.047715 -3.549053 1.667631  -0.000007 -1.000000 -0.000002  0.469435 0.395048 0
0  1.020924 -3.549053 1.875122  -0.000000 -1.000000 -0.000001  0.478482 0.395048 0
syringe_lod1
0  0.327866 -3.549052 1.968377  0.000000 -1.000000 -0.000001  0.486319 0.424254 0
0  0.273975 -3.549052 1.567855  0.000000 -1.000000 -0.000001  0.469440 0.428783 0
0  1.020924 -3.549053 1.875122  -0.000000 -1.000000 -0.000001  0.478482 0.395048 0
syringe_lod1
0  0.493814 -3.549053 2.094963  -0.380534 0.000039 0.924767  0.589090 0.897421 0
0  0.701306 -3.549052 2.121754  0.132678 -0.000041 0.991159  0.589090 0.888375 0
0  0.700443 -3.132499 2.121874  0.131783 0.000068 0.991279  0.607103 0.888411 0
syringe_lod1
0  -0.967636 -3.132499 1.475437  -0.792589 0.000063 -0.609757  1.607102 0.852252 0
0  -0.967033 -3.549053 1.474601  -0.792026 0.000007 -0.610488  1.589090 0.852209 0
0  -1.047715 -3.549052 1.667631  -0.991109 -0.000012 -0.133054  1.589090 0.861255 0
syringe_lod1
0  -0.802004 -3.132499 1.348359  0.000002 -1.000000 0.000005  1.494589 0.048374 0
0  -0.833963 -3.132499 1.271205  0.000002 -1.000000 0.000005  1.494589 0.051867 0
0  -0.583498 -3.132499 1.238313  0.000001 -1.000000 0.000001  1.504562 0.051867 0
syringe_lod1
0  -1.047835 -3.132499 1.668495  0.000003 -1.000000 -0.000000  1.474683 0.048374 0
0  -1.130625 -3.132499 1.657538  0.000003 -1.000000 -0.000000  1.474683 0.051867 0
0  -1.033843 -3.132499 1.424560  0.000004 -1.000000 0.000005  1.484643 0.051867 0
syringe_lod1
0  -0.492894 -3.132499 2.094618  0.000001 -1.000000 -0.000002  1.434831 0.048374 0
0  -0.460935 -3.132499 2.171772  0.000001 -1.000000 -0.000001  1.434831 0.051867 0
0  -0.711401 -3.132499 2.204664  0.000000 -1.000000 -0.000003  1.444804 0.051867 0
syringe_lod1
0  -0.700443 -3.132499 2.121874  -0.000000 -1.000000 -0.000002  1.444804 0.048374 0
0  -0.711401 -3.132499 2.204664  0.000000 -1.000000 -0.000003  1.444804 0.051867 0
0  -0.944381 -3.132499 2.107876  0.000001 -1.000000 -0.000002  1.454764 0.051867 0
syringe_lod1
0  -0.711401 -3.132499 2.204664  -0.131200 -0.000003 0.991356  1.101681 0.571097 0
0  -0.711398 -2.843458 2.204664  -0.131188 0.000001 0.991357  1.114180 0.571097 0
0  -0.944377 -2.843458 2.107882  -0.609188 -0.000003 0.793026  1.114180 0.560188 0
syringe_lod1
0  -0.967636 -3.132499 1.475437  0.000004 -1.000000 0.000005  1.484643 0.048374 0
0  -1.033843 -3.132499 1.424560  0.000004 -1.000000 0.000005  1.484643 0.051867 0
0  -0.833963 -3.132499 1.271205  0.000002 -1.000000 0.000005  1.494589 0.051867 0
syringe_lod1
0  -0.247064 -3.132499 1.774481  0.000001 -1.000000 0.000000  1.414925 0.048374 0
0  -0.274320 -3.132499 1.566933  0.000005 -1.000000 -0.000001  1.404952 0.048374 0
0  -0.197166 -3.132499 1.534975  0.000004 -1.000000 -0.000001  1.404952 0.051867 0
syringe_lod1
0  -0.944381 -3.132499 2.107876  -0.609200 -0.000008 0.793017  1.101681 0.560188 0
0  -0.944377 -2.843458 2.107882  -0.609188 -0.000003 0.793026  1.114180 0.560188 0
0  -1.097732 -2.843458 1.908003  -0.923951 0.000000 0.382510  1.114180 0.549294 0
syringe_lod1
0  -1.097733 -3.132499 1.908002  -0.923952 -0.000000 0.382508  1.101681 0.549294 0
0  -1.097732 -2.843458 1.908003  -0.923951 0.000000 0.382510  1.114180 0.549294 0
0  -1.130625 -2.843457 1.657539  -0.991357 0.000001 -0.131191  1.114180 0.538370 0
syringe_lod1
0  -1.033843 -3.132499 1.424560  -0.793025 -0.000000 -0.609190  1.101681 0.527461 0
0  -1.033843 -2.843458 1.424561  -0.793026 0.000001 -0.609188  1.114180 0.527461 0
0  -0.833964 -2.843458 1.271205  -0.382510 0.000000 -0.923952  1.114180 0.516567 0
syringe_lod1
0  -1.130625 -3.132499 1.657538  -0.991357 -0.000000 -0.131194  1.101681 0.538370 0
0  -1.130625 -2.843457 1.657539  -0.991357 0.000001 -0.131191  1.114180 0.538370 0
0  -1.033843 -2.843458 1.424561  -0.793026 0.000001 -0.609188  1.114180 0.527461 0
syringe_lod1
0  -0.164273 -3.132499 1.785439  0.991357 -0.000001 0.131193  1.101681 0.603824 0
0  -0.164273 -2.843457 1.785438  0.991357 0.000000 0.131190  1.114180 0.603824 0
0  -0.261054 -2.843458 2.018415  0.793027 0.000000 0.609186  1.114180 0.592915 0
syringe_lod1
0  -0.711401 -3.132499 2.204664  -0.131200 -0.000003 0.991356  1.101681 0.571097 0
0  -0.460935 -3.132499 2.171772  0.382505 0.000001 0.923953  1.101681 0.582021 0
0  -0.460934 -2.843457 2.171772  0.382509 0.000000 0.923952  1.114180 0.582021 0
syringe_lod1
0  -0.833963 -3.132499 1.271205  -0.382508 -0.000001 -0.923952  1.101681 0.516567 0
0  -0.833964 -2.843458 1.271205  -0.382510 0.000000 -0.923952  1.114180 0.516567 0
0  -0.583500 -2.843457 1.238313  0.131192 0.000001 -0.991357  1.114180 0.505644 0
syringe_lod1
0  -0.350521 -3.132499 1.335095  0.609190 -0.000000 -0.793024  1.101681 0.625642 0
0  -0.350522 -2.843457 1.335094  0.609188 0.000001 -0.793026  1.114180 0.625642 0
0  -0.197166 -2.843458 1.534974  0.923951 0.000000 -0.382511  1.114180 0.614748 0
syringe_lod1
0  -0.197166 -3.132499 1.534975  0.923952 -0.000001 -0.382508  1.101681 0.614747 0
0  -0.197166 -2.843458 1.534974  0.923951 0.000000 -0.382511  1.114180 0.614748 0
0  -0.164273 -2.843457 1.785438  0.991357 0.000000 0.131190  1.114180 0.603824 0
syringe_lod1
0  -0.583498 -3.132499 1.238313  0.131194 -0.000000 -0.991357  1.101681 0.636551 0
0  -0.583500 -2.843457 1.238313  0.131192 0.000001 -0.991357  1.114180 0.636551 0
0  -0.350522 -2.843457 1.335094  0.609188 0.000001 -0.793026  1.114180 0.625642 0
syringe_lod1
0  -0.261056 -3.132499 2.018417  0.793025 -0.000001 0.609190  1.101681 0.592915 0
0  -0.261054 -2.843458 2.018415  0.793027 0.000000 0.609186  1.114180 0.592915 0
0  -0.460934 -2.843457 2.171772  0.382509 0.000000 0.923952  1.114180 0.582021 0
syringe_lod1
0  -0.327263 -3.132499 1.967539  0.000000 -1.000000 0.000001  1.424885 0.048374 0
0  -0.261056 -3.132499 2.018417  0.000000 -1.000000 0.000001  1.424885 0.051867 0
0  -0.460935 -3.132499 2.171772  0.000001 -1.000000 -0.000001  1.434831 0.051867 0
syringe_lod1
0  -0.247064 -3.132499 1.774481  0.000001 -1.000000 0.000000  1.414925 0.048374 0
0  -0.164273 -3.132499 1.785439  0.000000 -1.000000 0.000000  1.414925 0.051867 0
0  -0.261056 -3.132499 2.018417  0.000000 -1.000000 0.000001  1.424885 0.051867 0
syringe_lod1
0  -0.944381 -3.132499 2.107876  0.000001 -1.000000 -0.000002  1.454764 0.051867 0
0  -1.097733 -3.132499 1.908002  0.000005 -1.000000 -0.000001  1.464710 0.051867 0
0  -1.020579 -3.132499 1.876044  0.000005 -1.000000 -0.000002  1.464710 0.048374 0
syringe_lod1
0  -1.020579 -3.132499 1.876044  0.000005 -1.000000 -0.000002  1.464710 0.048374 0
0  -1.097733 -3.132499 1.908002  0.000005 -1.000000 -0.000001  1.464710 0.051867 0
0  -1.130625 -3.132499 1.657538  0.000003 -1.000000 -0.000000  1.474683 0.051867 0
syringe_lod1
0  -0.401398 -3.132499 1.401302  0.000002 -1.000000 -0.000003  1.395006 0.048374 0
0  -0.350521 -3.132499 1.335095  0.000002 -1.000000 -0.000003  1.395006 0.051867 0
0  -0.197166 -3.132499 1.534975  0.000004 -1.000000 -0.000001  1.404952 0.051867 0
syringe_lod1
0  -0.894336 -3.549052 2.041072  -0.610561 -0.000038 0.791970  1.589090 0.879328 0
0  -0.893503 -3.132499 2.041671  -0.609762 0.000064 0.792585  1.607102 0.879371 0
0  -1.020579 -3.132499 1.876044  -0.924304 -0.000001 0.381656  1.607103 0.870343 0
syringe_lod1
0  -0.593592 -3.549052 1.321223  0.133054 -0.000013 -0.991109  1.589090 0.834136 0
0  -0.801083 -3.549052 1.348013  -0.380985 0.000002 -0.924581  1.589090 0.843183 0
0  -0.802004 -3.132499 1.348359  -0.381753 0.000005 -0.924265  1.607102 0.843224 0
syringe_lod1
0  -0.701306 -3.549052 2.121754  -0.132631 -0.000017 0.991165  1.589090 0.888375 0
0  -0.700443 -3.132499 2.121874  -0.131876 0.000020 0.991266  1.607103 0.888411 0
0  -0.893503 -3.132499 2.041671  -0.609762 0.000064 0.792585  1.607102 0.879371 0
syringe_lod1
0  -0.273974 -3.549053 1.567855  0.924604 0.000044 -0.380929  1.589090 0.924540 0
0  -0.400563 -3.549053 1.401904  0.610474 -0.000003 -0.792036  1.589090 0.933566 0
0  -0.401398 -3.132499 1.401302  0.609742 -0.000010 -0.792600  1.607102 0.933609 0
syringe_lod1
0  -0.327263 -3.132499 1.967539  0.792537 -0.000001 0.609824  1.607102 0.906490 0
0  -0.327866 -3.549052 1.968377  0.791972 0.000006 0.610558  1.589090 0.906447 0
0  -0.247184 -3.549053 1.775345  0.991172 -0.000012 0.132584  1.589090 0.915494 0
syringe_lod1
0  -0.247184 -3.549053 1.775345  0.991172 -0.000012 0.132584  1.589090 0.915494 0
0  -0.273974 -3.549053 1.567855  0.924604 0.000044 -0.380929  1.589090 0.924540 0
0  -0.274320 -3.132499 1.566933  0.924230 -0.000061 -0.381836  1.607103 0.924582 0
syringe_lod1
0  -0.594456 -3.132499 1.321103  0.000000 -1.000000 0.000000  1.504562 0.048374 0
0  -0.583498 -3.132499 1.238313  0.000001 -1.000000 0.000001  1.504562 0.051867 0
0  -0.350521 -3.132499 1.335095  0.000002 -1.000000 -0.000003  1.514522 0.051867 0
syringe_lod1
0  -1.020579 -3.132499 1.876044  -0.924304 -0.000001 0.381656  1.607103 0.870343 0
0  -1.047835 -3.132499 1.668495  -0.991276 -0.000013 -0.131802  1.607102 0.861292 0
0  -1.047715 -3.549052 1.667631  -0.991109 -0.000012 -0.133054  1.589090 0.861255 0
syringe_lod1
0  -0.401398 -3.132499 1.401302  0.609742 -0.000010 -0.792600  1.607102 0.933609 0
0  -0.400563 -3.549053 1.401904  0.610474 -0.000003 -0.792036  1.589090 0.933566 0
0  -0.593592 -3.549052 1.321223  0.133054 -0.000013 -0.991109  1.589090 0.942613 0
syringe_lod1
0  -0.493813 -3.549053 2.094963  0.380534 0.000039 0.924767  1.589090 0.897421 0
0  -0.327866 -3.549052 1.968377  0.791972 0.000006 0.610558  1.589090 0.906447 0
0  -0.327263 -3.132499 1.967539  0.792537 -0.000001 0.609824  1.607102 0.906490 0
syringe_lod1
0  -0.967033 -3.549053 1.474601  -0.792026 0.000007 -0.610488  1.589090 0.852209 0
0  -0.967636 -3.132499 1.475437  -0.792589 0.000063 -0.609757  1.607102 0.852252 0
0  -0.802004 -3.132499 1.348359  -0.381753 0.000005 -0.924265  1.607102 0.843224 0
syringe_lod1
0  -0.701306 -3.549052 2.121754  -0.000001 -1.000000 0.000000  1.490829 0.407389 0
0  -0.894336 -3.549052 2.041072  -0.000001 -1.000000 -0.000004  1.486300 0.399558 0
0  -0.493813 -3.549053 2.094963  0.000000 -1.000000 0.000003  1.490829 0.416436 0
syringe_lod1
0  -0.894336 -3.549052 2.041072  -0.000001 -1.000000 -0.000004  1.486300 0.399558 0
0  -1.020924 -3.549053 1.875122  -0.000001 -1.000000 -0.000001  1.478482 0.395048 0
0  -0.493813 -3.549053 2.094963  0.000000 -1.000000 0.000003  1.490829 0.416436 0
syringe_lod1
0  -1.020924 -3.549053 1.875122  -0.000001 -1.000000 -0.000001  1.478482 0.395048 0
0  -1.047715 -3.549052 1.667631  -0.000004 -1.000000 0.000000  1.469435 0.395048 0
0  -0.967033 -3.549053 1.474601  -0.000000 -1.000000 -0.000001  1.461603 0.399577 0
syringe_lod1
0  -0.967033 -3.549053 1.474601  -0.000000 -1.000000 -0.000001  1.461603 0.399577 0
0  -0.801083 -3.549052 1.348013  0.000000 -1.000000 -0.000000  1.457093 0.407394 0
0  -0.273974 -3.549053 1.567855  -0.000000 -1.000000 0.000001  1.469440 0.428783 0
syringe_lod1
0  -0.801083 -3.549052 1.348013  0.000000 -1.000000 -0.000000  1.457093 0.407394 0
0  -0.593592 -3.549052 1.321223  -0.000000 -1.000000 -0.000005  1.457093 0.416441 0
0  -0.400563 -3.549053 1.401904  -0.000001 -1.000000 0.000003  1.461622 0.424273 0
syringe_lod1
0  -0.273974 -3.549053 1.567855  -0.000000 -1.000000 0.000001  1.469440 0.428783 0
0  -0.801083 -3.549052 1.348013  0.000000 -1.000000 -0.000000  1.457093 0.407394 0
0  -0.400563 -3.549053 1.401904  -0.000001 -1.000000 0.000003  1.461622 0.424273 0
syringe_lod1
0  -0.273974 -3.549053 1.567855  -0.000000 -1.000000 0.000001  1.469440 0.428783 0
0  -0.247184 -3.549053 1.775345  -0.000002 -1.000000 0.000003  1.478487 0.428783 0
0  -0.327866 -3.549052 1.968377  0.000000 -1.000000 0.000002  1.486319 0.424254 0
syringe_lod1
0  -0.327866 -3.549052 1.968377  0.000000 -1.000000 0.000002  1.486319 0.424254 0
0  -0.493813 -3.549053 2.094963  0.000000 -1.000000 0.000003  1.490829 0.416436 0
0  -1.020924 -3.549053 1.875122  -0.000001 -1.000000 -0.000001  1.478482 0.395048 0
syringe_lod1
0  -1.020924 -3.549053 1.875122  -0.000001 -1.000000 -0.000001  1.478482 0.395048 0
0  -0.967033 -3.549053 1.474601  -0.000000 -1.000000 -0.000001  1.461603 0.399577 0
0  -0.273974 -3.549053 1.567855  -0.000000 -1.000000 0.000001  1.469440 0.428783 0
syringe_lod1
0  -0.493813 -3.549053 2.094963  0.380534 0.000039 0.924767  1.589090 0.897421 0
0  -0.492894 -3.132499 2.094618  0.381787 0.000000 0.924250  1.607103 0.897463 0
0  -0.700443 -3.132499 2.121874  -0.131876 0.000020 0.991266  1.607103 0.888411 0
syringe_lod1
0  -0.000000 3.542529 6.996529  -0.000040 0.050748 0.998712  0.484251 0.970940 0
0  -0.000000 3.677716 6.917266  -0.000004 0.833138 0.553065  0.484251 0.977654 0
0  -0.897169 3.677716 6.676872  -0.276543 0.833148 0.478945  0.444689 0.977654 0
syringe_lod1
0  1.622584 2.147592 6.059729  0.866025 -0.000000 0.500000  0.834693 0.339412 0
0  1.873600 2.147592 5.122929  1.000000 -0.000000 -0.000000  0.834693 0.381350 0
0  1.873600 3.542529 5.122929  0.998712 0.050742 -0.000001  0.774373 0.381350 0
syringe_lod1
0  -1.622584 3.542529 4.186129  -0.864905 0.050699 -0.499369  0.774373 0.087783 0
0  -1.622584 2.147592 4.186129  -0.866025 0.000000 -0.500000  0.834693 0.087783 0
0  -1.873600 2.147592 5.122929  -1.000000 0.000000 0.000000  0.834693 0.129721 0
syringe_lod1
0  1.622584 2.147592 4.186129  0.866025 -0.000000 -0.500000  0.834693 0.423288 0
0  0.936800 2.147592 3.500344  0.500001 -0.000000 -0.866025  0.834693 0.465226 0
0  0.936800 3.542529 3.500344  0.499357 0.050700 -0.864911  0.774373 0.465226 0
syringe_lod1
0  0.936800 2.147592 6.745514  0.500000 -0.000000 0.866026  0.834693 0.297473 0
0  1.622584 2.147592 6.059729  0.866025 -0.000000 0.500000  0.834693 0.339412 0
0  1.622584 3.542529 6.059729  0.864911 0.050718 0.499356  0.774373 0.339412 0
syringe_lod1
0  -0.897169 3.677716 6.676872  -0.276543 0.833148 0.478945  0.444689 0.977654 0
0  -1.553941 3.677716 6.020098  -0.478967 0.833139 0.276531  0.405126 0.977654 0
0  -1.622584 3.542529 6.059729  -0.864911 0.050718 0.499356  0.405126 0.970940 0
syringe_lod1
0  -1.616243 3.707129 5.122929  -0.162948 0.986635 -0.000000  0.365564 0.985192 0
0  -1.399706 3.707129 4.314807  -0.141119 0.986634 -0.081475  0.326002 0.985192 0
0  -1.553941 3.677716 4.225760  -0.478945 0.833158 -0.276514  0.326002 0.977654 0
syringe_lod1
0  1.553941 3.677716 4.225760  0.478940 0.833158 -0.276520  0.642501 0.977654 0
0  0.897169 3.677716 3.568987  0.276514 0.833159 -0.478943  0.682063 0.977654 0
0  0.808122 3.707129 3.723221  0.081475 0.986634 -0.141118  0.682063 0.985192 0
syringe_lod1
0  -1.616243 3.707129 5.122929  -0.162948 0.986635 -0.000000  0.365564 0.985192 0
0  -1.794338 3.677716 5.122929  -0.553058 0.833142 0.000000  0.365564 0.977654 0
0  -1.553941 3.677716 6.020098  -0.478967 0.833139 0.276531  0.405126 0.977654 0
syringe_lod1
0  -1.622584 3.542529 6.059729  -0.864911 0.050718 0.499356  0.405126 0.970940 0
0  -1.553941 3.677716 6.020098  -0.478967 0.833139 0.276531  0.405126 0.977654 0
0  -1.794338 3.677716 5.122929  -0.553058 0.833142 0.000000  0.365564 0.977654 0
syringe_lod1
0  1.616243 3.707129 5.122929  0.162952 0.986634 -0.000001  0.602938 0.985192 0
0  1.399706 3.707129 5.931051  0.141119 0.986634 0.081475  0.563376 0.985192 0
0  1.553941 3.677716 6.020099  0.478970 0.833139 0.276529  0.563376 0.977654 0
syringe_lod1
0  0.000000 3.707129 6.739172  -0.000000 0.986634 0.162952  0.484251 0.985192 0
0  -0.000000 3.677716 6.917266  -0.000004 0.833138 0.553065  0.484251 0.977654 0
0  0.897169 3.677716 6.676872  0.276528 0.833144 0.478961  0.523813 0.977654 0
syringe_lod1
0  -1.399707 3.707129 5.931051  -0.141117 0.986635 0.081474  0.405126 0.985192 0
0  -1.553941 3.677716 6.020098  -0.478967 0.833139 0.276531  0.405126 0.977654 0
0  -0.897169 3.677716 6.676872  -0.276543 0.833148 0.478945  0.444689 0.977654 0
syringe_lod1
0  1.794338 3.677715 5.122930  0.553050 0.833148 -0.000000  0.602938 0.977654 0
0  1.553941 3.677716 6.020099  0.478970 0.833139 0.276529  0.563376 0.977654 0
0  1.622584 3.542529 6.059729  0.864911 0.050718 0.499356  0.563376 0.970940 0
syringe_lod1
0  -0.000000 2.147592 6.996529  -0.000000 -0.000000 1.000000  0.834693 0.255535 0
0  0.936800 2.147592 6.745514  0.500000 -0.000000 0.866026  0.834693 0.297473 0
0  0.936800 3.542529 6.745515  0.499356 0.050740 0.864910  0.774373 0.297473 0
syringe_lod1
0  -1.794338 3.677716 5.122929  -0.553058 0.833142 0.000000  0.365564 0.977654 0
0  -1.553941 3.677716 4.225760  -0.478945 0.833158 -0.276514  0.326002 0.977654 0
0  -1.622584 3.542529 4.186129  -0.864905 0.050699 -0.499369  0.326002 0.970940 0
syringe_lod1
0  -1.399706 3.707129 4.314807  -0.141119 0.986634 -0.081475  0.326002 0.985192 0
0  -0.808122 3.707129 3.723221  -0.081475 0.986635 -0.141117  0.286439 0.985192 0
0  -0.897169 3.677716 3.568987  -0.276525 0.833154 -0.478946  0.286439 0.977654 0
syringe_lod1
0  -1.553941 3.677716 4.225760  -0.478945 0.833158 -0.276514  0.326002 0.977654 0
0  -0.897169 3.677716 3.568987  -0.276525 0.833154 -0.478946  0.286439 0.977654 0
0  -0.936800 3.542529 3.500344  -0.499357 0.050700 -0.864911  0.286439 0.970940 0
syringe_lod1
0  -0.000000 2.147592 6.996529  -0.000000 -0.000000 1.000000  0.834693 0.255535 0
0  -0.000000 3.542529 6.996529  -0.000040 0.050748 0.998712  0.774373 0.255535 0
0  -0.936800 3.542529 6.745515  -0.499357 0.050741 0.864909  0.774373 0.213597 0
syringe_lod1
0  -0.897169 3.677716 3.568987  -0.276525 0.833154 -0.478946  0.286439 0.977654 0
0  -0.808122 3.707129 3.723221  -0.081475 0.986635 -0.141117  0.286439 0.985192 0
0  -0.000000 3.707129 3.506684  -0.000000 0.986634 -0.162951  0.246877 0.985192 0
syringe_lod1
0  -0.897169 3.677716 3.568987  -0.276525 0.833154 -0.478946  0.286439 0.977654 0
0  0.000000 3.677716 3.328590  -0.000004 0.833147 -0.553052  0.246877 0.977654 0
0  -0.000000 3.542529 3.249328  0.000000 0.050709 -0.998713  0.246877 0.970940 0
syringe_lod1
0  -0.000000 3.677716 6.917266  -0.000004 0.833138 0.553065  0.484251 0.977654 0
0  0.000000 3.707129 6.739172  -0.000000 0.986634 0.162952  0.484251 0.985192 0
0  -0.808122 3.707129 6.522638  -0.081475 0.986634 0.141119  0.444689 0.985192 0
syringe_lod1
0  -0.000000 3.707129 3.506684  -0.000000 0.986634 -0.162951  0.721625 0.985192 0
0  0.808122 3.707129 3.723221  0.081475 0.986634 -0.141118  0.682063 0.985192 0
0  0.897169 3.677716 3.568987  0.276514 0.833159 -0.478943  0.682063 0.977654 0
syringe_lod1
0  1.794338 3.677715 5.122930  0.553050 0.833148 -0.000000  0.602938 0.977654 0
0  1.553941 3.677716 4.225760  0.478940 0.833158 -0.276520  0.642501 0.977654 0
0  1.399706 3.707129 4.314807  0.141119 0.986634 -0.081475  0.642501 0.985192 0
syringe_lod1
0  -0.936800 3.542529 3.500344  -0.499357 0.050700 -0.864911  0.774373 0.045844 0
0  -0.936800 2.147592 3.500344  -0.500001 0.000000 -0.866025  0.834693 0.045844 0
0  -1.622584 2.147592 4.186129  -0.866025 0.000000 -0.500000  0.834693 0.087783 0
syringe_lod1
0  0.897169 3.677716 3.568987  0.276514 0.833159 -0.478943  0.682063 0.977654 0
0  0.936800 3.542529 3.500344  0.499357 0.050700 -0.864911  0.682063 0.970940 0
0  -0.000000 3.542529 3.249328  0.000000 0.050709 -0.998713  0.721625 0.970940 0
syringe_lod1
0  -1.622584 2.147592 6.059729  -0.866025 0.000000 0.500000  0.834693 0.171659 0
0  -1.622584 3.542529 6.059729  -0.864911 0.050718 0.499356  0.774373 0.171659 0
0  -1.873600 3.542529 5.122929  -0.998712 0.050741 0.000001  0.774373 0.129721 0
syringe_lod1
0  -0.000000 3.542529 3.249328  0.000000 0.050709 -0.998713  0.774373 0.003906 0
0  0.000000 2.147592 3.249328  0.000000 0.000000 -1.000000  0.834693 0.003906 0
0  -0.936800 2.147592 3.500344  -0.500001 0.000000 -0.866025  0.834693 0.045844 0
syringe_lod1
0  0.897169 3.677716 6.676872  0.276528 0.833144 0.478961  0.523813 0.977654 0
0  0.936800 3.542529 6.745515  0.499356 0.050740 0.864910  0.523813 0.970940 0
0  1.622584 3.542529 6.059729  0.864911 0.050718 0.499356  0.563376 0.970940 0
syringe_lod1
0  0.897169 3.677716 6.676872  0.276528 0.833144 0.478961  0.523813 0.977654 0
0  1.553941 3.677716 6.020099  0.478970 0.833139 0.276529  0.563376 0.977654 0
0  1.399706 3.707129 5.931051  0.141119 0.986634 0.081475  0.563376 0.985192 0
syringe_lod1
0  1.794338 3.677715 5.122930  0.553050 0.833148 -0.000000  0.602938 0.977654 0
0  1.873600 3.542529 5.122929  0.998712 0.050742 -0.000001  0.602938 0.970940 0
0  1.622584 3.542529 4.186129  0.864912 0.050700 -0.499357  0.642501 0.970940 0
syringe_lod1
0  1.553941 3.677716 4.225760  0.478940 0.833158 -0.276520  0.642501 0.977654 0
0  1.622584 3.542529 4.186129  0.864912 0.050700 -0.499357  0.642501 0.970940 0
0  0.936800 3.542529 3.500344  0.499357 0.050700 -0.864911  0.682063 0.970940 0
syringe_lod1
0  0.936800 2.147592 3.500344  0.500001 -0.000000 -0.866025  0.834693 0.465226 0
0  0.000000 2.147592 3.249328  0.000000 0.000000 -1.000000  0.834693 0.507164 0
0  -0.000000 3.542529 3.249328  0.000000 0.050709 -0.998713  0.774373 0.507164 0
syringe_lod1
0  -0.936800 2.147592 6.745515  -0.500000 0.000000 0.866025  0.834693 0.213597 0
0  -0.936800 3.542529 6.745515  -0.499357 0.050741 0.864909  0.774373 0.213597 0
0  -1.622584 3.542529 6.059729  -0.864911 0.050718 0.499356  0.774373 0.171659 0
syringe_lod1
0  1.873600 2.147592 5.122929  1.000000 -0.000000 -0.000000  0.834693 0.381350 0
0  1.622584 2.147592 4.186129  0.866025 -0.000000 -0.500000  0.834693 0.423288 0
0  1.622584 3.542529 4.186129  0.864912 0.050700 -0.499357  0.774373 0.423288 0
syringe_lod1
0  0.897169 3.677716 6.676872  0.276528 0.833144 0.478961  0.523813 0.977654 0
0  -0.000000 3.677716 6.917266  -0.000004 0.833138 0.553065  0.484251 0.977654 0
0  -0.000000 3.542529 6.996529  -0.000040 0.050748 0.998712  0.484251 0.970940 0
syringe_lod1
0  1.066927 4.330118 6.970902  0.499005 -0.063003 0.864306  0.284465 0.742960 0
0  1.041659 9.405439 6.927135  0.498710 0.072247 0.863752  0.284465 0.962433 0
0  0.539202 9.405438 7.135259  0.259291 0.072252 0.963093  0.260664 0.962433 0
syringe_lod1
0  1.473126 9.405443 3.649801  0.705262 0.072235 -0.705257  0.451079 0.962433 0
0  1.508862 4.330118 3.614065  0.705703 -0.063010 -0.705701  0.451079 0.742960 0
0  1.066927 4.330118 3.274956  0.499007 -0.062987 -0.864306  0.474880 0.742960 0
syringe_lod1
0  1.508862 4.330118 3.614065  0.705703 -0.063010 -0.705701  0.451079 0.742960 0
0  1.473126 9.405443 3.649801  0.705262 0.072235 -0.705257  0.451079 0.962433 0
0  1.804204 9.405440 4.081272  0.863762 0.072243 -0.498694  0.427277 0.962433 0
syringe_lod1
0  2.012329 9.405438 5.662132  0.963401 0.072270 0.258140  0.355871 0.962433 0
0  1.804204 9.405437 6.164587  0.863771 0.072240 0.498679  0.332069 0.962433 0
0  1.847971 4.330118 6.189857  0.864315 -0.062995 0.498990  0.332069 0.742960 0
syringe_lod1
0  1.192263 3.725710 3.930664  0.659771 -0.359766 -0.659751  0.766228 0.263830 0
0  1.508862 4.330118 3.614065  0.705703 -0.063010 -0.705701  0.733797 0.263830 0
0  1.847971 4.330119 4.056001  0.864295 -0.063007 -0.499024  0.733797 0.242272 0
syringe_lod1
0  2.061145 4.330118 4.570647  0.964019 -0.062977 -0.258266  0.733797 0.220714 0
0  2.133854 4.330118 5.122929  0.998013 -0.063010 -0.000066  0.733797 0.199156 0
0  1.686116 3.725710 5.122929  0.934129 -0.356935 -0.000003  0.766228 0.199156 0
syringe_lod1
0  1.066927 4.330118 3.274956  0.499007 -0.062987 -0.864306  0.733797 0.285388 0
0  1.508862 4.330118 3.614065  0.705703 -0.063010 -0.705701  0.733797 0.263830 0
0  1.192263 3.725710 3.930664  0.659771 -0.359766 -0.659751  0.766228 0.263830 0
syringe_lod1
0  1.620037 10.103347 4.688841  0.708757 0.682240 -0.179479  0.925389 0.092464 0
0  2.012329 9.405438 4.583726  0.963402 0.072234 -0.258143  0.892205 0.083499 0
0  1.804204 9.405440 4.081272  0.863762 0.072243 -0.498694  0.903497 0.057869 0
syringe_lod1
0  1.185949 10.103347 3.936978  0.524061 0.682239 -0.509814  0.944334 0.059684 0
0  1.473126 9.405443 3.649801  0.705262 0.072235 -0.705257  0.920001 0.035204 0
0  1.041657 9.405439 3.318723  0.498701 0.072241 -0.863758  0.942489 0.018457 0
syringe_lod1
0  0.539201 9.405438 3.110598  0.259219 0.072256 -0.963112  0.498682 0.962433 0
0  1.041657 9.405439 3.318723  0.498701 0.072241 -0.863758  0.474880 0.962433 0
0  1.066927 4.330118 3.274956  0.499007 -0.062987 -0.864306  0.474880 0.742960 0
syringe_lod1
0  -0.000000 10.103867 3.445217  -0.000005 0.634642 -0.772806  0.996094 0.038303 0
0  0.434086 10.103347 3.502891  0.194177 0.693597 -0.693699  0.977006 0.040414 0
0  0.539201 9.405438 3.110598  0.259219 0.072256 -0.963112  0.968444 0.008198 0
syringe_lod1
0  0.869317 3.187018 3.642300  0.499223 0.057092 -0.864591  0.985441 0.880201 0
0  0.843058 3.725711 3.662709  0.466146 -0.361724 -0.807381  0.962101 0.880201 0
0  1.192263 3.725710 3.930664  0.659771 -0.359766 -0.659751  0.962101 0.861035 0
syringe_lod1
0  0.587783 10.506169 4.356913  0.200701 0.939484 -0.277650  0.971967 0.079883 0
0  0.892043 10.506168 4.753433  0.320897 0.937740 -0.132921  0.959343 0.096143 0
0  1.452485 10.103347 4.284336  0.628070 0.682254 -0.374243  0.932458 0.074628 0
syringe_lod1
0  0.456974 3.187018 6.774355  0.257407 0.049410 0.965039  0.985441 0.707713 0
0  0.869317 3.187018 6.603558  0.499223 0.057091 0.864591  0.985441 0.726878 0
0  0.843058 3.725710 6.583150  0.466141 -0.361717 0.807387  0.962101 0.726878 0
syringe_lod1
0  1.665902 3.187018 4.680430  0.963578 0.069536 -0.258228  0.985441 0.822705 0
0  1.628662 3.725710 4.686530  0.902167 -0.357296 -0.241731  0.962101 0.822705 0
0  1.686116 3.725710 5.122929  0.934129 -0.356935 -0.000003  0.962101 0.803539 0
syringe_lod1
0  -0.000000 3.725323 3.435537  -0.000002 -0.363655 -0.931534  0.766228 0.328511 0
0  -0.000000 4.329698 2.987839  0.000001 -0.063062 -0.998010  0.733797 0.328511 0
0  0.552281 4.330118 3.061783  0.259504 -0.063003 -0.963685  0.733797 0.306946 0
syringe_lod1
0  1.628662 3.725710 4.686530  0.902167 -0.357296 -0.241731  0.766228 0.220714 0
0  1.460218 3.725710 4.279871  0.808547 -0.358243 -0.466813  0.766228 0.242272 0
0  1.847971 4.330119 4.056001  0.864295 -0.063007 -0.499024  0.733797 0.242272 0
syringe_lod1
0  0.957281 10.506168 5.248957  0.340800 0.939065 0.044867  0.956572 0.116561 0
0  0.766014 10.506168 5.710713  0.270136 0.940245 0.207281  0.964434 0.135603 0
0  1.452485 10.103348 5.961523  0.638152 0.682241 0.356804  0.932668 0.148045 0
syringe_lod1
0  1.620037 10.103347 5.557017  0.703525 0.682261 0.198930  0.925193 0.130415 0
0  2.012329 9.405438 5.662132  0.963401 0.072270 0.258140  0.892593 0.139052 0
0  2.083316 9.405437 5.122930  0.997387 0.072243 -0.000091  0.889259 0.111345 0
syringe_lod1
0  2.061145 4.330118 4.570647  0.964019 -0.062977 -0.258266  0.403475 0.742960 0
0  2.012329 9.405438 4.583726  0.963402 0.072234 -0.258143  0.403475 0.962433 0
0  2.083316 9.405437 5.122930  0.997387 0.072243 -0.000091  0.379673 0.962433 0
syringe_lod1
0  0.369497 10.506168 6.014973  0.143746 0.937389 0.317236  0.980854 0.148077 0
0  0.838593 10.103347 6.575416  0.374252 0.682239 0.628080  0.959598 0.174715 0
0  1.185948 10.103348 6.308880  0.509817 0.682234 0.524065  0.944398 0.163216 0
syringe_lod1
0  0.869317 3.187018 6.603558  0.499223 0.057091 0.864591  0.985441 0.726878 0
0  1.223403 3.187019 6.331858  0.705715 0.062627 0.705723  0.985441 0.746043 0
0  1.192263 3.725710 6.315193  0.659752 -0.359796 0.659752  0.962101 0.746043 0
syringe_lod1
0  1.847971 4.330119 4.056001  0.864295 -0.063007 -0.499024  0.427277 0.742960 0
0  1.804204 9.405440 4.081272  0.863762 0.072243 -0.498694  0.427277 0.962433 0
0  2.012329 9.405438 4.583726  0.963402 0.072234 -0.258143  0.403475 0.962433 0
syringe_lod1
0  1.665902 3.187018 5.565428  0.963552 0.069535 0.258326  0.985441 0.784374 0
0  1.724158 3.187018 5.122930  0.997516 0.070444 0.000000  0.985441 0.803539 0
0  1.686116 3.725710 5.122929  0.934129 -0.356935 -0.000003  0.962101 0.803539 0
syringe_lod1
0  -0.000000 3.186478 3.412621  -0.000000 0.045105 -0.998982  0.985441 0.918847 0
0  -0.000000 3.725323 3.435537  -0.000002 -0.363655 -0.931534  0.962101 0.918847 0
0  0.436398 3.725710 3.494265  0.241462 -0.363188 -0.899883  0.962101 0.899366 0
syringe_lod1
0  -0.000000 3.186478 6.833236  0.000000 0.045104 0.998982  0.985441 0.688232 0
0  0.456974 3.187018 6.774355  0.257407 0.049410 0.965039  0.985441 0.707713 0
0  0.436399 3.725710 6.751592  0.241456 -0.363204 0.899879  0.962101 0.707713 0
syringe_lod1
0  0.456974 3.187018 3.471501  0.257409 0.049411 -0.965038  0.985441 0.899366 0
0  0.436398 3.725710 3.494265  0.241462 -0.363188 -0.899883  0.962101 0.899366 0
0  0.843058 3.725711 3.662709  0.466146 -0.361724 -0.807381  0.962101 0.880201 0
syringe_lod1
0  1.223403 3.187019 6.331858  0.705715 0.062627 0.705723  0.985441 0.746043 0
0  1.495103 3.187018 5.977771  0.864208 0.066874 0.498670  0.985441 0.765209 0
0  1.460218 3.725710 5.965988  0.808555 -0.358216 0.466818  0.962101 0.765209 0
syringe_lod1
0  1.495103 3.187018 4.268087  0.864083 0.066870 -0.498889  0.985441 0.841870 0
0  1.460218 3.725710 4.279871  0.808547 -0.358243 -0.466813  0.962101 0.841870 0
0  1.628662 3.725710 4.686530  0.902167 -0.357296 -0.241731  0.962101 0.822705 0
syringe_lod1
0  1.628662 3.725710 5.559328  0.902245 -0.357255 0.241501  0.766228 0.177598 0
0  2.061145 4.330118 5.675212  0.964008 -0.062985 0.258306  0.733797 0.177598 0
0  1.847971 4.330118 6.189857  0.864315 -0.062995 0.498990  0.733797 0.156040 0
syringe_lod1
0  1.686116 3.725710 5.122929  0.934129 -0.356935 -0.000003  0.766228 0.199156 0
0  2.133854 4.330118 5.122929  0.998013 -0.063010 -0.000066  0.733797 0.199156 0
0  2.061145 4.330118 5.675212  0.964008 -0.062985 0.258306  0.733797 0.177598 0
syringe_lod1
0  -0.000000 3.725323 6.810319  0.000001 -0.363654 0.931534  0.766228 0.069801 0
0  0.436399 3.725710 6.751592  0.241456 -0.363204 0.899879  0.766228 0.091366 0
0  0.552282 4.330118 7.184073  0.259432 -0.063020 0.963703  0.733797 0.091366 0
syringe_lod1
0  0.436398 3.725710 3.494265  0.241462 -0.363188 -0.899883  0.766228 0.306946 0
0  0.552281 4.330118 3.061783  0.259504 -0.063003 -0.963685  0.733797 0.306946 0
0  1.066927 4.330118 3.274956  0.499007 -0.062987 -0.864306  0.733797 0.285388 0
syringe_lod1
0  0.843058 3.725710 6.583150  0.466141 -0.361717 0.807387  0.766228 0.112924 0
0  1.066927 4.330118 6.970902  0.499005 -0.063003 0.864306  0.733797 0.112924 0
0  0.552282 4.330118 7.184073  0.259432 -0.063020 0.963703  0.733797 0.091366 0
syringe_lod1
0  0.843058 3.725710 6.583150  0.466141 -0.361717 0.807387  0.766228 0.112924 0
0  1.192263 3.725710 6.315193  0.659752 -0.359796 0.659752  0.766228 0.134482 0
0  1.508862 4.330118 6.631793  0.705688 -0.063007 0.705715  0.733797 0.134482 0
syringe_lod1
0  1.460218 3.725710 5.965988  0.808555 -0.358216 0.466818  0.766228 0.156040 0
0  1.847971 4.330118 6.189857  0.864315 -0.062995 0.498990  0.733797 0.156040 0
0  1.508862 4.330118 6.631793  0.705688 -0.063007 0.705715  0.733797 0.134482 0
syringe_lod1
0  1.495103 3.187018 5.977771  0.864208 0.066874 0.498670  0.985441 0.765209 0
0  1.665902 3.187018 5.565428  0.963552 0.069535 0.258326  0.985441 0.784374 0
0  1.628662 3.725710 5.559328  0.902245 -0.357255 0.241501  0.962101 0.784374 0
syringe_lod1
0  0.838593 10.103347 6.575416  0.374252 0.682239 0.628080  0.959598 0.174715 0
0  1.041659 9.405439 6.927135  0.498710 0.072247 0.863752  0.942164 0.204551 0
0  1.473126 9.405438 6.596056  0.705272 0.072269 0.705244  0.920163 0.187141 0
syringe_lod1
0  1.473126 9.405438 6.596056  0.705272 0.072269 0.705244  0.308267 0.962433 0
0  1.041659 9.405439 6.927135  0.498710 0.072247 0.863752  0.284465 0.962433 0
0  1.066927 4.330118 6.970902  0.499005 -0.063003 0.864306  0.284465 0.742960 0
syringe_lod1
0  1.185948 10.103348 6.308880  0.509817 0.682234 0.524065  0.944398 0.163216 0
0  1.473126 9.405438 6.596056  0.705272 0.072269 0.705244  0.920163 0.187141 0
0  1.804204 9.405437 6.164587  0.863771 0.072240 0.498679  0.903225 0.164889 0
syringe_lod1
0  0.838593 10.103347 3.670443  0.345266 0.694096 -0.631682  0.959379 0.047820 0
0  1.041657 9.405439 3.318723  0.498701 0.072241 -0.863758  0.942489 0.018457 0
0  0.539201 9.405438 3.110598  0.259219 0.072256 -0.963112  0.968444 0.008198 0
syringe_lod1
0  0.892043 10.506168 4.753433  0.320897 0.937740 -0.132921  0.959343 0.096143 0
0  0.957281 10.506168 5.248957  0.340800 0.939065 0.044867  0.956572 0.116561 0
0  1.677186 10.103347 5.122929  0.731046 0.682254 -0.010069  0.922555 0.111354 0
syringe_lod1
0  1.620037 10.103347 4.688841  0.708757 0.682240 -0.179479  0.925389 0.092464 0
0  1.677186 10.103347 5.122929  0.731046 0.682254 -0.010069  0.922555 0.111354 0
0  2.083316 9.405437 5.122930  0.997387 0.072243 -0.000091  0.889259 0.111345 0
syringe_lod1
0  0.552282 4.330118 7.184073  0.259432 -0.063020 0.963703  0.260664 0.742960 0
0  0.539202 9.405438 7.135259  0.259291 0.072252 0.963093  0.260664 0.962433 0
0  -0.000000 9.405790 7.207555  -0.000001 0.072348 0.997379  0.236854 0.962433 0
syringe_lod1
0  1.185949 10.103347 3.936978  0.524061 0.682239 -0.509814  0.944334 0.059684 0
0  1.452485 10.103347 4.284336  0.628070 0.682254 -0.374243  0.932458 0.074628 0
0  1.804204 9.405440 4.081272  0.863762 0.072243 -0.498694  0.903497 0.057869 0
syringe_lod1
0  -0.000000 4.329698 2.987839  0.000001 -0.063062 -0.998010  0.522491 0.742960 0
0  -0.000000 9.405789 3.038301  -0.000019 0.072332 -0.997381  0.522491 0.962433 0
0  0.539201 9.405438 3.110598  0.259219 0.072256 -0.963112  0.498682 0.962433 0
syringe_lod1
0  0.587783 10.506169 4.356913  0.200701 0.939484 -0.277650  0.971967 0.079883 0
0  0.838593 10.103347 3.670443  0.345266 0.694096 -0.631682  0.959379 0.047820 0
0  0.434086 10.103347 3.502891  0.194177 0.693597 -0.693699  0.977006 0.040414 0
syringe_lod1
0  0.838593 10.103347 6.575416  0.374252 0.682239 0.628080  0.959598 0.174715 0
0  0.434088 10.103347 6.742965  0.190600 0.669261 0.718165  0.977129 0.182390 0
0  0.539202 9.405438 7.135259  0.259291 0.072252 0.963093  0.968367 0.214687 0
syringe_lod1
0  1.452485 10.103348 5.961523  0.638152 0.682241 0.356804  0.932668 0.148045 0
0  1.804204 9.405437 6.164587  0.863771 0.072240 0.498679  0.903225 0.164889 0
0  2.012329 9.405438 5.662132  0.963401 0.072270 0.258140  0.892593 0.139052 0
syringe_lod1
0  -0.000000 10.506270 6.096830  -0.000001 0.941942 0.335775  0.996094 0.151256 0
0  -0.000000 10.103866 6.800639  -0.000000 0.697311 0.716769  0.996094 0.184626 0
0  0.434088 10.103347 6.742965  0.190600 0.669261 0.718165  0.977129 0.182390 0
syringe_lod1
0  1.847971 4.330118 6.189857  0.864315 -0.062995 0.498990  0.332069 0.742960 0
0  1.804204 9.405437 6.164587  0.863771 0.072240 0.498679  0.332069 0.962433 0
0  1.473126 9.405438 6.596056  0.705272 0.072269 0.705244  0.308267 0.962433 0
syringe_lod1
0  1.223403 3.187018 3.914000  0.705715 0.062626 -0.705723  0.985441 0.861035 0
0  1.192263 3.725710 3.930664  0.659771 -0.359766 -0.659751  0.962101 0.861035 0
0  1.460218 3.725710 4.279871  0.808547 -0.358243 -0.466813  0.962101 0.841870 0
syringe_lod1
0  -0.000000 10.103866 6.800639  -0.000000 0.697311 0.716769  0.996094 0.184626 0
0  -0.000000 9.405790 7.207555  -0.000001 0.072348 0.997379  0.996094 0.219047 0
0  0.539202 9.405438 7.135259  0.259291 0.072252 0.963093  0.968367 0.214687 0
syringe_lod1
0  2.133854 4.330118 5.122929  0.998013 -0.063010 -0.000066  0.379673 0.742960 0
0  2.083316 9.405437 5.122930  0.997387 0.072243 -0.000091  0.379673 0.962433 0
0  2.012329 9.405438 5.662132  0.963401 0.072270 0.258140  0.355871 0.962433 0
syringe_lod1
0  -1.066927 4.330118 6.970902  -0.499007 -0.063003 0.864305  1.284465 0.742960 0
0  -0.552282 4.330118 7.184073  -0.259522 -0.063020 0.963679  1.260664 0.742960 0
0  -0.539202 9.405438 7.135258  -0.259244 0.072251 0.963106  1.260664 0.962433 0
syringe_lod1
0  -1.473126 9.405443 3.649801  -0.705262 0.072235 -0.705257  1.451079 0.962433 0
0  -1.041657 9.405439 3.318723  -0.498701 0.072241 -0.863758  1.474880 0.962433 0
0  -1.066928 4.330118 3.274957  -0.499024 -0.062987 -0.864296  1.474880 0.742960 0
syringe_lod1
0  -1.508862 4.330118 3.614065  -0.705702 -0.063009 -0.705702  1.451079 0.742960 0
0  -1.847971 4.330118 4.056002  -0.864295 -0.063007 -0.499024  1.427277 0.742960 0
0  -1.804204 9.405440 4.081272  -0.863759 0.072243 -0.498700  1.427277 0.962433 0
syringe_lod1
0  -2.012330 9.405438 5.662131  -0.963401 0.072270 0.258140  1.355871 0.962433 0
0  -2.061145 4.330118 5.675211  -0.963978 -0.062985 0.258417  1.355871 0.742960 0
0  -1.847971 4.330118 6.189857  -0.864305 -0.062995 0.499008  1.332069 0.742960 0
syringe_lod1
0  -1.192263 3.725710 3.930664  -0.659761 -0.359766 -0.659760  1.766228 0.263830 0
0  -1.460218 3.725710 4.279871  -0.808541 -0.358243 -0.466823  1.766228 0.242272 0
0  -1.847971 4.330118 4.056002  -0.864295 -0.063007 -0.499024  1.733797 0.242272 0
syringe_lod1
0  -2.061145 4.330118 4.570646  -0.964007 -0.062977 -0.258311  1.733797 0.220714 0
0  -1.628663 3.725710 4.686530  -0.902230 -0.357295 -0.241496  1.766228 0.220714 0
0  -1.686116 3.725710 5.122929  -0.934129 -0.356935 0.000007  1.766228 0.199156 0
syringe_lod1
0  -1.066928 4.330118 3.274957  -0.499024 -0.062987 -0.864296  1.733797 0.285388 0
0  -0.843058 3.725710 3.662709  -0.466830 -0.361710 -0.806992  1.766228 0.285388 0
0  -1.192263 3.725710 3.930664  -0.659761 -0.359766 -0.659760  1.766228 0.263830 0
syringe_lod1
0  -1.620037 10.103347 4.688841  -0.708756 0.682239 -0.179485  1.925389 0.092464 0
0  -1.452485 10.103347 4.284336  -0.628070 0.682254 -0.374242  1.932458 0.074628 0
0  -1.804204 9.405440 4.081272  -0.863759 0.072243 -0.498700  1.903497 0.057869 0
syringe_lod1
0  -1.185948 10.103347 3.936978  -0.524060 0.682239 -0.509814  1.944334 0.059684 0
0  -0.838593 10.103347 3.670443  -0.345269 0.694095 -0.631682  1.959379 0.047820 0
0  -1.041657 9.405439 3.318723  -0.498701 0.072241 -0.863758  1.942489 0.018457 0
syringe_lod1
0  -0.539201 9.405438 3.110599  -0.259255 0.072256 -0.963102  1.498682 0.962433 0
0  -0.552281 4.330118 3.061783  -0.259428 -0.063003 -0.963705  1.498682 0.742960 0
0  -1.066928 4.330118 3.274957  -0.499024 -0.062987 -0.864296  1.474880 0.742960 0
syringe_lod1
0  -0.000000 10.103867 3.445217  -0.000005 0.634642 -0.772806  1.996094 0.038303 0
0  -0.000000 9.405789 3.038301  -0.000019 0.072332 -0.997381  1.996094 0.003906 0
0  -0.539201 9.405438 3.110599  -0.259255 0.072256 -0.963102  1.968444 0.008198 0
syringe_lod1
0  -0.869317 3.187018 3.642301  -0.499135 0.057089 -0.864642  1.985440 0.880201 0
0  -1.223404 3.187018 3.914000  -0.705750 0.062627 -0.705688  1.985440 0.861035 0
0  -1.192263 3.725710 3.930664  -0.659761 -0.359766 -0.659760  1.962101 0.861035 0
syringe_lod1
0  -0.587783 10.506169 4.356913  -0.200703 0.939484 -0.277649  1.971967 0.079883 0
0  -1.185948 10.103347 3.936978  -0.524060 0.682239 -0.509814  1.944334 0.059684 0
0  -1.452485 10.103347 4.284336  -0.628070 0.682254 -0.374242  1.932458 0.074628 0
syringe_lod1
0  -0.456974 3.187018 6.774355  -0.257463 0.049416 0.965024  1.985440 0.707713 0
0  -0.436399 3.725710 6.751593  -0.241469 -0.363204 0.899875  1.962101 0.707713 0
0  -0.843058 3.725710 6.583150  -0.466824 -0.361742 0.806981  1.962101 0.726878 0
syringe_lod1
0  -1.665902 3.187018 4.680430  -0.963643 0.069538 -0.257984  1.985440 0.822705 0
0  -1.724159 3.187018 5.122929  -0.997516 0.070445 0.000000  1.985440 0.803539 0
0  -1.686116 3.725710 5.122929  -0.934129 -0.356935 0.000007  1.962101 0.803539 0
syringe_lod1
0  -0.000000 3.725323 3.435537  -0.000002 -0.363655 -0.931534  1.766228 0.328511 0
0  -0.436398 3.725710 3.494265  -0.241462 -0.363189 -0.899883  1.766228 0.306946 0
0  -0.552281 4.330118 3.061783  -0.259428 -0.063003 -0.963705  1.733797 0.306946 0
syringe_lod1
0  -1.628663 3.725710 4.686530  -0.902230 -0.357295 -0.241496  1.766228 0.220714 0
0  -2.061145 4.330118 4.570646  -0.964007 -0.062977 -0.258311  1.733797 0.220714 0
0  -1.847971 4.330118 4.056002  -0.864295 -0.063007 -0.499024  1.733797 0.242272 0
syringe_lod1
0  -0.957281 10.506168 5.248957  -0.340800 0.939065 0.044868  1.956572 0.116561 0
0  -1.620037 10.103347 5.557017  -0.703523 0.682261 0.198933  1.925193 0.130415 0
0  -1.452485 10.103347 5.961522  -0.638152 0.682240 0.356807  1.932668 0.148045 0
syringe_lod1
0  -1.620037 10.103347 5.557017  -0.703523 0.682261 0.198933  1.925193 0.130415 0
0  -1.677186 10.103347 5.122929  -0.731045 0.682255 -0.010074  1.922555 0.111354 0
0  -2.083316 9.405437 5.122930  -0.997387 0.072242 0.000007  1.889259 0.111345 0
syringe_lod1
0  -2.061145 4.330118 4.570646  -0.964007 -0.062977 -0.258311  1.403475 0.742960 0
0  -2.133854 4.330118 5.122930  -0.998013 -0.063009 -0.000020  1.379673 0.742960 0
0  -2.083316 9.405437 5.122930  -0.997387 0.072242 0.000007  1.379673 0.962433 0
syringe_lod1
0  -0.369497 10.506168 6.014973  -0.143752 0.937389 0.317234  1.980854 0.148077 0
0  -0.766014 10.506168 5.710714  -0.270135 0.940245 0.207284  1.964434 0.135603 0
0  -1.185949 10.103348 6.308879  -0.509814 0.682235 0.524066  1.944398 0.163216 0
syringe_lod1
0  -0.869317 3.187018 6.603559  -0.499223 0.057091 0.864591  1.985440 0.726878 0
0  -0.843058 3.725710 6.583150  -0.466824 -0.361742 0.806981  1.962101 0.726878 0
0  -1.192263 3.725710 6.315193  -0.660223 -0.359787 0.659286  1.962101 0.746043 0
syringe_lod1
0  -1.847971 4.330118 4.056002  -0.864295 -0.063007 -0.499024  1.427277 0.742960 0
0  -2.061145 4.330118 4.570646  -0.964007 -0.062977 -0.258311  1.403475 0.742960 0
0  -2.012329 9.405438 4.583726  -0.963426 0.072233 -0.258056  1.403475 0.962433 0
syringe_lod1
0  -1.665902 3.187017 5.565428  -0.963735 0.069540 0.257642  1.985440 0.784374 0
0  -1.628662 3.725710 5.559329  -0.902167 -0.357296 0.241730  1.962101 0.784374 0
0  -1.686116 3.725710 5.122929  -0.934129 -0.356935 0.000007  1.962101 0.803539 0
syringe_lod1
0  -0.000000 3.186478 3.412621  -0.000000 0.045105 -0.998982  1.985440 0.918847 0
0  -0.456974 3.187018 3.471502  -0.257450 0.049440 -0.965026  1.985440 0.899366 0
0  -0.436398 3.725710 3.494265  -0.241462 -0.363189 -0.899883  1.962101 0.899366 0
syringe_lod1
0  -0.000000 3.186478 6.833236  0.000000 0.045104 0.998982  1.985440 0.688232 0
0  -0.000000 3.725323 6.810319  0.000001 -0.363654 0.931534  1.962101 0.688232 0
0  -0.436399 3.725710 6.751593  -0.241469 -0.363204 0.899875  1.962101 0.707713 0
syringe_lod1
0  -0.456974 3.187018 3.471502  -0.257450 0.049440 -0.965026  1.985440 0.899366 0
0  -0.869317 3.187018 3.642301  -0.499135 0.057089 -0.864642  1.985440 0.880201 0
0  -0.843058 3.725710 3.662709  -0.466830 -0.361710 -0.806992  1.962101 0.880201 0
syringe_lod1
0  -1.223403 3.187018 6.331857  -0.705715 0.062626 0.705722  1.985440 0.746043 0
0  -1.192263 3.725710 6.315193  -0.660223 -0.359787 0.659286  1.962101 0.746043 0
0  -1.460218 3.725710 5.965988  -0.808793 -0.358211 0.466411  1.962101 0.765209 0
syringe_lod1
0  -1.495104 3.187018 4.268087  -0.864057 0.066870 -0.498933  1.985440 0.841870 0
0  -1.665902 3.187018 4.680430  -0.963643 0.069538 -0.257984  1.985440 0.822705 0
0  -1.628663 3.725710 4.686530  -0.902230 -0.357295 -0.241496  1.962101 0.822705 0
syringe_lod1
0  -1.628662 3.725710 5.559329  -0.902167 -0.357296 0.241730  1.766228 0.177598 0
0  -1.460218 3.725710 5.965988  -0.808793 -0.358211 0.466411  1.766228 0.156040 0
0  -1.847971 4.330118 6.189857  -0.864305 -0.062995 0.499008  1.733797 0.156040 0
syringe_lod1
0  -1.686116 3.725710 5.122929  -0.934129 -0.356935 0.000007  1.766228 0.199156 0
0  -1.628662 3.725710 5.559329  -0.902167 -0.357296 0.241730  1.766228 0.177598 0
0  -2.061145 4.330118 5.675211  -0.963978 -0.062985 0.258417  1.733797 0.177598 0
syringe_lod1
0  -0.000000 3.725323 6.810319  0.000001 -0.363654 0.931534  1.766228 0.069801 0
0  -0.000000 4.329698 7.258018  -0.000023 -0.063067 0.998009  1.733797 0.069801 0
0  -0.552282 4.330118 7.184073  -0.259522 -0.063020 0.963679  1.733797 0.091366 0
syringe_lod1
0  -0.436398 3.725710 3.494265  -0.241462 -0.363189 -0.899883  1.766228 0.306946 0
0  -0.843058 3.725710 3.662709  -0.466830 -0.361710 -0.806992  1.766228 0.285388 0
0  -1.066928 4.330118 3.274957  -0.499024 -0.062987 -0.864296  1.733797 0.285388 0
syringe_lod1
0  -0.843058 3.725710 6.583150  -0.466824 -0.361742 0.806981  1.766228 0.112924 0
0  -0.436399 3.725710 6.751593  -0.241469 -0.363204 0.899875  1.766228 0.091366 0
0  -0.552282 4.330118 7.184073  -0.259522 -0.063020 0.963679  1.733797 0.091366 0
syringe_lod1
0  -0.843058 3.725710 6.583150  -0.466824 -0.361742 0.806981  1.766228 0.112924 0
0  -1.066927 4.330118 6.970902  -0.499007 -0.063003 0.864305  1.733797 0.112924 0
0  -1.508862 4.330118 6.631792  -0.705719 -0.063007 0.705684  1.733797 0.134482 0
syringe_lod1
0  -1.460218 3.725710 5.965988  -0.808793 -0.358211 0.466411  1.766228 0.156040 0
0  -1.192263 3.725710 6.315193  -0.660223 -0.359787 0.659286  1.766228 0.134482 0
0  -1.508862 4.330118 6.631792  -0.705719 -0.063007 0.705684  1.733797 0.134482 0
syringe_lod1
0  -1.495104 3.187018 5.977771  -0.864132 0.066871 0.498802  1.985440 0.765209 0
0  -1.460218 3.725710 5.965988  -0.808793 -0.358211 0.466411  1.962101 0.765209 0
0  -1.628662 3.725710 5.559329  -0.902167 -0.357296 0.241730  1.962101 0.784374 0
syringe_lod1
0  -0.838593 10.103347 6.575416  -0.374253 0.682240 0.628079  1.959598 0.174715 0
0  -1.185949 10.103348 6.308879  -0.509814 0.682235 0.524066  1.944398 0.163216 0
0  -1.473126 9.405438 6.596056  -0.705253 0.072270 0.705262  1.920163 0.187141 0
syringe_lod1
0  -1.473126 9.405438 6.596056  -0.705253 0.072270 0.705262  1.308267 0.962433 0
0  -1.508862 4.330118 6.631792  -0.705719 -0.063007 0.705684  1.308267 0.742960 0
0  -1.066927 4.330118 6.970902  -0.499007 -0.063003 0.864305  1.284465 0.742960 0
syringe_lod1
0  -1.185949 10.103348 6.308879  -0.509814 0.682235 0.524066  1.944398 0.163216 0
0  -1.452485 10.103347 5.961522  -0.638152 0.682240 0.356807  1.932668 0.148045 0
0  -1.804204 9.405437 6.164588  -0.863766 0.072241 0.498688  1.903225 0.164889 0
syringe_lod1
0  -0.838593 10.103347 3.670443  -0.345269 0.694095 -0.631682  1.959379 0.047820 0
0  -0.434086 10.103347 3.502891  -0.194177 0.693597 -0.693699  1.977006 0.040414 0
0  -0.539201 9.405438 3.110599  -0.259255 0.072256 -0.963102  1.968444 0.008198 0
syringe_lod1
0  -0.892043 10.506168 4.753433  -0.320899 0.937740 -0.132919  1.959343 0.096143 0
0  -1.620037 10.103347 4.688841  -0.708756 0.682239 -0.179485  1.925389 0.092464 0
0  -1.677186 10.103347 5.122929  -0.731045 0.682255 -0.010074  1.922555 0.111354 0
syringe_lod1
0  -1.620037 10.103347 4.688841  -0.708756 0.682239 -0.179485  1.925389 0.092464 0
0  -2.012329 9.405438 4.583726  -0.963426 0.072233 -0.258056  1.892205 0.083499 0
0  -2.083316 9.405437 5.122930  -0.997387 0.072242 0.000007  1.889259 0.111345 0
syringe_lod1
0  -0.552282 4.330118 7.184073  -0.259522 -0.063020 0.963679  1.260664 0.742960 0
0  -0.000000 4.329698 7.258018  -0.000023 -0.063067 0.998009  1.236855 0.742960 0
0  -0.000000 9.405790 7.207555  -0.000001 0.072348 0.997379  1.236855 0.962433 0
syringe_lod1
0  -1.185948 10.103347 3.936978  -0.524060 0.682239 -0.509814  1.944334 0.059684 0
0  -1.473126 9.405443 3.649801  -0.705262 0.072235 -0.705257  1.920001 0.035204 0
0  -1.804204 9.405440 4.081272  -0.863759 0.072243 -0.498700  1.903497 0.057869 0
syringe_lod1
0  -0.000000 4.329698 2.987839  0.000001 -0.063062 -0.998010  1.522491 0.742960 0
0  -0.552281 4.330118 3.061783  -0.259428 -0.063003 -0.963705  1.498682 0.742960 0
0  -0.539201 9.405438 3.110599  -0.259255 0.072256 -0.963102  1.498682 0.962433 0
syringe_lod1
0  -0.587783 10.506169 4.356913  -0.200703 0.939484 -0.277649  1.971967 0.079883 0
0  -0.000000 10.506271 4.149026  -0.000004 0.937547 -0.347858  1.996094 0.071088 0
0  -0.434086 10.103347 3.502891  -0.194177 0.693597 -0.693699  1.977006 0.040414 0
syringe_lod1
0  -0.838593 10.103347 6.575416  -0.374253 0.682240 0.628079  1.959598 0.174715 0
0  -1.041658 9.405439 6.927135  -0.498693 0.072246 0.863763  1.942164 0.204551 0
0  -0.539202 9.405438 7.135258  -0.259244 0.072251 0.963106  1.968367 0.214687 0
syringe_lod1
0  -1.452485 10.103347 5.961522  -0.638152 0.682240 0.356807  1.932668 0.148045 0
0  -1.620037 10.103347 5.557017  -0.703523 0.682261 0.198933  1.925193 0.130415 0
0  -2.012330 9.405438 5.662131  -0.963401 0.072270 0.258140  1.892593 0.139052 0
syringe_lod1
0  -0.000000 10.506270 6.096830  -0.000001 0.941942 0.335775  1.996094 0.151256 0
0  -0.369497 10.506168 6.014973  -0.143752 0.937389 0.317234  1.980854 0.148077 0
0  -0.434088 10.103347 6.742966  -0.190593 0.669261 0.718167  1.977129 0.182390 0
syringe_lod1
0  -1.847971 4.330118 6.189857  -0.864305 -0.062995 0.499008  1.332069 0.742960 0
0  -1.508862 4.330118 6.631792  -0.705719 -0.063007 0.705684  1.308267 0.742960 0
0  -1.473126 9.405438 6.596056  -0.705253 0.072270 0.705262  1.308267 0.962433 0
syringe_lod1
0  -1.223404 3.187018 3.914000  -0.705750 0.062627 -0.705688  1.985440 0.861035 0
0  -1.495104 3.187018 4.268087  -0.864057 0.066870 -0.498933  1.985440 0.841870 0
0  -1.460218 3.725710 4.279871  -0.808541 -0.358243 -0.466823  1.962101 0.841870 0
syringe_lod1
0  -0.000000 10.103866 6.800639  -0.000000 0.697311 0.716769  1.996094 0.184626 0
0  -0.434088 10.103347 6.742966  -0.190593 0.669261 0.718167  1.977129 0.182390 0
0  -0.539202 9.405438 7.135258  -0.259244 0.072251 0.963106  1.968367 0.214687 0
syringe_lod1
0  -2.133854 4.330118 5.122930  -0.998013 -0.063009 -0.000020  1.379673 0.742960 0
0  -2.061145 4.330118 5.675211  -0.963978 -0.062985 0.258417  1.355871 0.742960 0
0  -2.012330 9.405438 5.662131  -0.963401 0.072270 0.258140  1.355871 0.962433 0
syringe_lod1
0  2.492804 -1.657576 4.669237  0.457554 -0.127732 -0.879960  0.439693 0.328965 0
0  2.319630 -1.735243 4.588973  0.472323 -0.188231 -0.861092  0.439693 0.337545 0
0  2.319630 0.030137 4.588973  0.472207 0.188631 -0.861069  0.368337 0.337545 0
syringe_lod1
0  2.319630 0.212939 4.771775  0.513163 0.836571 -0.191867  0.357355 0.337545 0
0  2.319630 0.212939 5.218355  0.513354 0.836555 0.191425  0.340339 0.337545 0
0  2.492778 0.119201 5.174227  0.509458 0.844372 0.165797  0.340339 0.328965 0
syringe_lod1
0  2.492985 0.066303 4.708899  1.000000 -0.000014 0.000010  0.718217 0.374846 0
0  2.492778 0.119201 4.815902  1.000000 0.000013 -0.000024  0.713590 0.377134 0
0  2.492804 -0.047531 4.669238  1.000000 0.000008 -0.000012  0.719932 0.369924 0
syringe_lod1
0  2.492778 0.119201 4.815902  1.000000 0.000013 -0.000024  0.713590 0.377134 0
0  2.492778 0.119201 5.174227  1.000000 -0.000032 -0.000059  0.698095 0.377134 0
0  2.492804 -0.047531 4.669238  1.000000 0.000008 -0.000012  0.719932 0.369924 0
syringe_lod1
0  2.492778 0.119201 5.174227  1.000000 -0.000032 -0.000059  0.698095 0.377134 0
0  2.492985 0.066303 5.281231  1.000000 -0.000014 -0.000010  0.693468 0.374846 0
0  2.492804 -0.047530 5.320892  1.000000 0.000009 0.000012  0.691753 0.369924 0
syringe_lod1
0  2.492804 -0.047530 5.320892  1.000000 0.000009 0.000012  0.691753 0.369924 0
0  2.492804 -1.657576 5.320892  1.000000 -0.000008 0.000012  0.691753 0.300302 0
0  2.492804 -1.657576 4.669237  1.000000 -0.000009 -0.000012  0.719932 0.300302 0
syringe_lod1
0  2.492804 -1.657576 5.320892  1.000000 -0.000008 0.000012  0.691753 0.300302 0
0  2.492985 -1.771410 5.281231  1.000000 0.000014 -0.000010  0.693468 0.295380 0
0  2.492778 -1.824308 5.174228  1.000000 -0.000012 0.000024  0.698095 0.293092 0
syringe_lod1
0  2.492778 -1.824308 4.815902  1.000000 -0.000014 -0.000024  0.713590 0.293092 0
0  2.492804 -1.657576 5.320892  1.000000 -0.000008 0.000012  0.691753 0.300302 0
0  2.492778 -1.824308 5.174228  1.000000 -0.000012 0.000024  0.698095 0.293092 0
syringe_lod1
0  2.492778 -1.824308 4.815902  1.000000 -0.000014 -0.000024  0.713590 0.293092 0
0  2.492985 -1.771410 4.708899  1.000000 0.000012 0.000010  0.718217 0.295380 0
0  2.492804 -1.657576 4.669237  1.000000 -0.000009 -0.000012  0.719932 0.300302 0
syringe_lod1
0  2.492804 -1.657576 4.669237  1.000000 -0.000009 -0.000012  0.719932 0.300302 0
0  2.492804 -0.047531 4.669238  1.000000 0.000008 -0.000012  0.719932 0.369924 0
0  2.492804 -0.047530 5.320892  1.000000 0.000009 0.000012  0.691753 0.369924 0
syringe_lod1
0  2.492804 -0.047530 5.320892  1.000000 0.000009 0.000012  0.691753 0.369924 0
0  2.492804 -0.047531 4.669238  1.000000 0.000008 -0.000012  0.719932 0.369924 0
0  2.492778 0.119201 5.174227  1.000000 -0.000032 -0.000059  0.698095 0.377134 0
syringe_lod1
0  2.492804 -0.047530 5.320892  0.457581 0.127767 0.879941  0.329354 0.328965 0
0  2.492985 0.066303 5.281231  0.541446 0.557373 0.629422  0.334859 0.328965 0
0  2.319630 0.159561 5.347786  0.543695 0.589258 0.597638  0.334859 0.337545 0
syringe_lod1
0  2.319630 0.159397 4.642515  0.543265 0.589448 -0.597841  0.362833 0.337545 0
0  2.492985 0.066303 4.708899  0.541021 0.557612 -0.629575  0.362833 0.328965 0
0  2.492804 -0.047531 4.669238  0.457454 0.128030 -0.879968  0.368337 0.328965 0
syringe_lod1
0  2.492985 -1.771410 5.281231  0.541454 -0.557375 0.629413  0.252492 0.328965 0
0  2.492804 -1.657576 5.320892  0.457546 -0.127743 0.879962  0.257998 0.328965 0
0  2.319630 -1.735243 5.401156  0.472330 -0.188191 0.861098  0.257998 0.337545 0
syringe_lod1
0  2.492778 -1.824308 5.174228  0.509442 -0.844381 0.165797  0.247012 0.328965 0
0  2.492985 -1.771410 5.281231  0.541454 -0.557375 0.629413  0.252492 0.328965 0
0  2.319630 -1.864668 5.347786  0.543704 -0.589240 0.597647  0.252492 0.337545 0
syringe_lod1
0  2.492985 0.066303 5.281231  0.541446 0.557373 0.629422  0.334859 0.328965 0
0  2.492778 0.119201 5.174227  0.509458 0.844372 0.165797  0.340339 0.328965 0
0  2.319630 0.212939 5.218355  0.513354 0.836555 0.191425  0.340339 0.337545 0
syringe_lod1
0  2.492985 -1.771410 4.708899  0.541454 -0.557385 -0.629404  0.224517 0.328965 0
0  2.319630 -1.864668 4.642343  0.543691 -0.589243 -0.597656  0.224517 0.337545 0
0  2.319630 -1.735243 4.588973  0.472323 -0.188231 -0.861092  0.219011 0.337545 0
syringe_lod1
0  2.319630 0.212939 4.771775  0.513163 0.836571 -0.191867  0.357355 0.337545 0
0  2.492778 0.119201 4.815902  0.509327 0.844380 -0.166158  0.357355 0.328965 0
0  2.492985 0.066303 4.708899  0.541021 0.557612 -0.629575  0.362833 0.328965 0
syringe_lod1
0  2.319630 -1.918045 5.218354  0.513332 -0.836553 0.191495  0.247012 0.337545 0
0  2.319630 -1.918046 4.771775  0.513319 -0.836555 -0.191520  0.229997 0.337545 0
0  2.492778 -1.824308 4.815902  0.509442 -0.844372 -0.165847  0.229997 0.328965 0
syringe_lod1
0  2.492804 -0.047530 5.320892  0.457581 0.127767 0.879941  0.329354 0.328965 0
0  2.319630 0.030137 5.401156  0.472315 0.188191 0.861105  0.329354 0.337545 0
0  2.319630 -1.735243 5.401156  0.472330 -0.188191 0.861098  0.257998 0.337545 0
syringe_lod1
0  2.319630 -1.918046 4.771775  0.513319 -0.836555 -0.191520  0.229997 0.337545 0
0  2.319630 -1.864668 4.642343  0.543691 -0.589243 -0.597656  0.224517 0.337545 0
0  2.492985 -1.771410 4.708899  0.541454 -0.557385 -0.629404  0.224517 0.328965 0
syringe_lod1
0  2.398240 -7.654410 3.087277  0.082823 0.034624 -0.995963  0.752807 0.372548 0
0  2.398585 -7.891283 3.087277  0.058706 -0.024182 -0.997982  0.752822 0.382805 0
0  2.302129 -7.851624 3.075698  0.058646 -0.024419 -0.997980  0.748626 0.381079 0
syringe_lod1
0  2.302129 -7.851624 3.075698  0.058646 -0.024419 -0.997980  0.748626 0.381079 0
0  2.190255 -7.584068 3.075698  0.024468 0.058970 -0.997960  0.743795 0.369520 0
0  2.398240 -7.654410 3.087277  0.082823 0.034624 -0.995963  0.752807 0.372548 0
syringe_lod1
0  1.920169 -7.694896 3.075698  -0.058709 0.024204 -0.997982  0.732126 0.374306 0
0  2.032043 -7.962444 3.075698  -0.024386 -0.059010 -0.997959  0.736958 0.385866 0
0  1.823712 -7.891281 3.087277  -0.082928 -0.034550 -0.995956  0.727930 0.382802 0
syringe_lod1
0  2.032043 -7.962444 3.075698  -0.024386 -0.059010 -0.997959  0.736958 0.385866 0
0  1.992124 -8.058798 3.087277  -0.024449 -0.058968 -0.997960  0.735221 0.390057 0
0  1.823712 -7.891281 3.087277  -0.082928 -0.034550 -0.995956  0.727930 0.382802 0
syringe_lod1
0  1.824057 -7.654410 3.087277  -0.058576 0.024494 -0.997982  0.727945 0.372545 0
0  1.992461 -7.487576 3.087277  -0.034161 0.083152 -0.995951  0.735239 0.365323 0
0  1.920169 -7.694896 3.075698  -0.058709 0.024204 -0.997982  0.732126 0.374306 0
syringe_lod1
0  1.992461 -7.487576 3.087277  -0.034161 0.083152 -0.995951  0.735239 0.365323 0
0  2.229836 -7.487576 3.087277  0.024326 0.059021 -0.997960  0.745517 0.365323 0
0  2.190255 -7.584068 3.075698  0.024468 0.058970 -0.997960  0.743795 0.369520 0
syringe_lod1
0  2.031992 -7.964139 5.930033  -0.383289 -0.923628 -0.000576  0.530913 0.959821 0
0  2.032043 -7.964387 6.445347  -0.321565 -0.945960 -0.041895  0.530913 0.937475 0
0  1.920169 -7.694301 6.445347  -0.902269 0.408016 -0.139407  0.543551 0.937475 0
syringe_lod1
0  2.190255 -7.582428 6.445347  0.429568 0.900645 0.065645  0.556006 0.937475 0
0  2.302129 -7.852515 6.445348  0.923714 -0.362431 0.124082  0.568644 0.937475 0
0  2.301906 -7.852539 5.930033  0.923679 -0.383166 -0.000379  0.568644 0.959821 0
syringe_lod1
0  0.747863 -3.407455 1.893120  0.448475 0.003337 0.893789  0.901702 0.478928 0
0  0.475818 -3.407455 1.821902  -0.893789 0.003337 0.448475  0.889259 0.478928 0
0  0.456470 -5.769392 1.800595  -0.920006 -0.017656 0.391507  0.889259 0.376907 0
syringe_lod1
0  2.032043 -7.962444 3.075698  -0.024386 -0.059010 -0.997959  0.736958 0.385866 0
0  2.302129 -7.851624 3.075698  0.058646 -0.024419 -0.997980  0.748626 0.381079 0
0  2.230173 -8.058798 3.087277  0.034222 -0.083183 -0.995947  0.745528 0.390057 0
syringe_lod1
0  2.302129 -7.851624 3.075698  0.058646 -0.024419 -0.997980  0.748626 0.381079 0
0  2.398585 -7.891283 3.087277  0.058706 -0.024182 -0.997982  0.752822 0.382805 0
0  2.230173 -8.058798 3.087277  0.034222 -0.083183 -0.995947  0.745528 0.390057 0
syringe_lod1
0  3.049030 -7.892756 5.353649  0.558830 0.016262 0.829123  0.190684 0.124218 0
0  3.049343 -7.654744 5.349765  0.558826 0.016244 0.829126  0.180391 0.124323 0
0  2.398569 -7.654744 5.787391  0.558844 0.016322 0.829112  0.180390 0.090411 0
syringe_lod1
0  0.819081 -3.407455 1.621074  0.893798 0.002857 -0.448461  0.914192 0.478928 0
0  0.838429 -5.769392 1.642382  0.902468 0.010617 -0.430627  0.914192 0.376907 0
0  0.568342 -5.769392 1.530508  -0.419056 -0.049704 -0.906599  0.926633 0.376907 0
syringe_lod1
0  0.678175 -6.428683 1.881569  -0.669220 -0.598191 0.440808  0.889259 0.351827 0
0  0.869154 -6.223152 1.963704  0.196765 0.331778 0.922609  0.901702 0.351827 0
0  0.741924 -5.998173 1.929766  0.291608 0.184963 0.938485  0.901702 0.364855 0
syringe_lod1
0  1.749858 -7.694302 6.718107  -0.426890 0.431144 -0.794909  0.543551 0.914469 0
0  1.884901 -7.582428 6.952009  0.229960 0.880539 0.414451  0.556006 0.914469 0
0  2.105458 -7.582429 6.739588  0.406399 0.880536 0.243919  0.556006 0.925972 0
syringe_lod1
0  0.819081 -3.407455 1.621074  0.893798 0.002857 -0.448461  0.914192 0.478928 0
0  0.747863 -3.407455 1.893120  0.448475 0.003337 0.893789  0.901702 0.478928 0
0  0.726555 -5.769392 1.912468  0.406034 0.048721 0.912558  0.901702 0.376907 0
syringe_lod1
0  2.398569 -7.891356 3.218827  0.000278 -1.000000 -0.000741  0.944290 0.833707 0
0  3.049344 -7.891355 3.656452  0.000557 -0.999999 -0.000825  0.916147 0.814786 0
0  3.049030 -7.892756 5.353649  -0.000240 -1.000000 -0.000583  0.916152 0.741396 0
syringe_lod1
0  2.032042 -7.967423 2.516782  -0.355743 -0.920045 -0.164209  0.926633 0.237436 0
0  2.032043 -7.962444 3.075698  -0.384082 -0.923262 0.008225  0.926633 0.214217 0
0  1.920169 -7.694896 3.075698  -0.922698 0.385516 -0.002574  0.939123 0.214217 0
syringe_lod1
0  1.093100 -6.355086 1.983607  0.086451 0.416578 0.904980  0.901702 0.338799 0
0  1.122055 -6.288521 1.700423  0.283386 0.787536 -0.547247  0.914192 0.338799 0
0  0.948261 -6.185217 1.684839  0.648280 0.556260 -0.519911  0.914192 0.351827 0
syringe_lod1
0  2.161289 -6.951735 2.073612  0.441132 0.298539 0.846332  0.901702 0.285020 0
0  2.190255 -7.284669 2.142540  0.438273 0.409060 0.800366  0.901702 0.269028 0
0  2.302129 -7.392706 1.895002  0.891048 -0.172767 -0.419744  0.914192 0.269028 0
syringe_lod1
0  0.869154 -6.223152 1.963704  0.196765 0.331778 0.922609  0.901702 0.351827 0
0  0.948261 -6.185217 1.684839  0.648280 0.556260 -0.519911  0.914192 0.351827 0
0  0.849986 -6.009829 1.658382  0.857623 0.202254 -0.472838  0.914192 0.364855 0
syringe_lod1
0  1.621403 -6.332359 1.707036  0.276088 0.831588 -0.481909  0.914192 0.317147 0
0  1.551499 -6.607011 1.635328  -0.084619 -0.422789 -0.902269  0.926633 0.317147 0
0  1.052152 -6.563173 1.628715  -0.144161 -0.566019 -0.811690  0.926633 0.338799 0
syringe_lod1
0  1.940838 -7.852515 7.048894  0.455724 -0.346815 0.819777  0.568644 0.914469 0
0  1.587683 -7.852516 7.137565  0.109060 -0.364618 0.924749  0.568644 0.902966 0
0  1.587684 -7.964388 6.867479  -0.032761 -0.942123 -0.333662  0.581099 0.902966 0
syringe_lod1
0  0.678175 -6.428683 1.881569  -0.669220 -0.598191 0.440808  0.889259 0.351827 0
0  1.023197 -6.629738 1.911899  -0.283608 -0.829687 0.480818  0.889259 0.338799 0
0  1.093100 -6.355086 1.983607  0.086451 0.416578 0.904980  0.901702 0.338799 0
syringe_lod1
0  1.522545 -6.673577 1.918512  -0.271207 -0.793425 0.544906  0.939123 0.317147 0
0  1.023197 -6.629738 1.911899  -0.283608 -0.829687 0.480818  0.939123 0.338799 0
0  1.052152 -6.563173 1.628715  -0.144161 -0.566019 -0.811690  0.926633 0.338799 0
syringe_lod1
0  2.269352 -6.963391 1.802228  0.892238 0.206528 -0.401568  0.914192 0.285020 0
0  2.302129 -7.392706 1.895002  0.891048 -0.172767 -0.419744  0.914192 0.269028 0
0  2.032043 -7.437456 1.792469  -0.336198 -0.414431 -0.845706  0.926633 0.269028 0
syringe_lod1
0  1.122055 -6.288521 1.700423  0.283386 0.787536 -0.547247  0.914192 0.338799 0
0  1.052152 -6.563173 1.628715  -0.144161 -0.566019 -0.811690  0.926633 0.338799 0
0  0.757281 -6.390748 1.602705  -0.338712 -0.459418 -0.821103  0.926633 0.351827 0
syringe_lod1
0  2.032042 -7.799479 2.083623  -0.346935 -0.756864 -0.553889  0.926633 0.253232 0
0  2.032043 -7.437456 1.792469  -0.336198 -0.414431 -0.845706  0.926633 0.269028 0
0  2.302129 -7.392706 1.895002  0.891048 -0.172767 -0.419744  0.914192 0.269028 0
syringe_lod1
0  2.030876 -6.562037 1.741683  0.658049 0.609109 -0.442671  0.914192 0.301083 0
0  1.621403 -6.332359 1.707036  0.276088 0.831588 -0.481909  0.914192 0.317147 0
0  1.592448 -6.398924 1.990220  0.139052 0.564730 0.813477  0.901702 0.317147 0
syringe_lod1
0  2.190255 -7.284669 2.142540  0.438273 0.409060 0.800366  0.901702 0.269028 0
0  2.161289 -6.951735 2.073612  0.441132 0.298539 0.846332  0.901702 0.285020 0
0  1.900406 -7.037545 1.973417  -0.872010 -0.195987 0.448539  0.889259 0.285020 0
syringe_lod1
0  2.202343 -7.852514 6.795525  0.804636 -0.346858 0.481923  0.568644 0.925972 0
0  1.940838 -7.852515 7.048894  0.455724 -0.346815 0.819777  0.568644 0.914469 0
0  1.805796 -7.964387 6.814991  -0.129099 -0.961776 -0.241494  0.581099 0.914469 0
syringe_lod1
0  2.190255 -7.284669 2.142540  0.438273 0.409060 0.800366  0.901702 0.269028 0
0  2.190255 -7.492127 2.310401  0.431416 0.729763 0.530402  0.901702 0.253232 0
0  2.302129 -7.709458 2.150045  0.880608 -0.382636 -0.279496  0.914192 0.253232 0
syringe_lod1
0  1.940838 -7.852515 7.048894  0.455724 -0.346815 0.819777  0.568644 0.914469 0
0  2.202343 -7.852514 6.795525  0.804636 -0.346858 0.481923  0.568644 0.925972 0
0  2.105458 -7.582429 6.739588  0.406399 0.880536 0.243919  0.556006 0.925972 0
syringe_lod1
0  2.302129 -7.852515 6.445348  0.923714 -0.362431 0.124082  0.568644 0.937475 0
0  2.202343 -7.852514 6.795525  0.804636 -0.346858 0.481923  0.568644 0.925972 0
0  1.968442 -7.964388 6.660481  -0.232550 -0.961773 -0.144616  0.581099 0.925972 0
syringe_lod1
0  1.592448 -6.398924 1.990220  0.139052 0.564730 0.813477  0.901702 0.317147 0
0  1.621403 -6.332359 1.707036  0.276088 0.831588 -0.481909  0.914192 0.317147 0
0  1.122055 -6.288521 1.700423  0.283386 0.787536 -0.547247  0.914192 0.338799 0
syringe_lod1
0  1.023197 -6.629738 1.911899  -0.283608 -0.829687 0.480818  0.889259 0.338799 0
0  1.522545 -6.673577 1.918512  -0.271207 -0.793425 0.544906  0.889259 0.317147 0
0  1.592448 -6.398924 1.990220  0.139052 0.564730 0.813477  0.901702 0.317147 0
syringe_lod1
0  1.749858 -7.694302 6.718107  -0.426890 0.431144 -0.794909  0.543551 0.914469 0
0  1.871556 -7.694301 6.604545  -0.767170 0.431131 -0.474948  0.543551 0.925972 0
0  1.968442 -7.964388 6.660481  -0.232550 -0.961773 -0.144616  0.530913 0.925972 0
syringe_lod1
0  0.849986 -6.009829 1.658382  0.857623 0.202254 -0.472838  0.914192 0.364855 0
0  0.948261 -6.185217 1.684839  0.648280 0.556260 -0.519911  0.914192 0.351827 0
0  0.757281 -6.390748 1.602705  -0.338712 -0.459418 -0.821103  0.926633 0.351827 0
syringe_lod1
0  1.587684 -7.964388 6.867479  -0.032761 -0.942123 -0.333662  0.530913 0.902966 0
0  0.000000 -7.964387 6.867479  -0.000000 -0.923879 -0.382685  0.530913 0.834121 0
0  0.000000 -7.694301 6.755606  0.000000 0.382685 -0.923879  0.543551 0.834121 0
syringe_lod1
0  1.749858 -7.694302 6.718107  -0.426890 0.431144 -0.794909  0.543551 0.914469 0
0  1.587683 -7.694302 6.755605  -0.111468 0.401890 -0.908878  0.543551 0.902966 0
0  1.587684 -7.582428 7.025691  0.057642 0.903901 0.423840  0.556006 0.902966 0
syringe_lod1
0  1.551499 -6.607011 1.635328  -0.084619 -0.422789 -0.902269  0.926633 0.317147 0
0  1.839896 -6.767568 1.659549  -0.191402 -0.337090 -0.921811  0.926633 0.301083 0
0  1.760790 -6.805502 1.938413  -0.629730 -0.574890 0.522438  0.939123 0.301083 0
syringe_lod1
0  1.587683 -7.852516 7.137565  0.109060 -0.364618 0.924749  0.568644 0.902966 0
0  0.000000 -7.852515 7.137565  0.000000 -0.382684 0.923879  0.568644 0.834121 0
0  0.000000 -7.964387 6.867479  -0.000000 -0.923879 -0.382685  0.581099 0.834121 0
syringe_lod1
0  1.760790 -6.805502 1.938413  -0.629730 -0.574890 0.522438  0.889259 0.301083 0
0  1.900406 -7.037545 1.973417  -0.872010 -0.195987 0.448539  0.889259 0.285020 0
0  2.161289 -6.951735 2.073612  0.441132 0.298539 0.846332  0.901702 0.285020 0
syringe_lod1
0  1.951769 -6.599972 2.020548  0.332287 0.465938 0.820053  0.901702 0.301083 0
0  2.161289 -6.951735 2.073612  0.441132 0.298539 0.846332  0.901702 0.285020 0
0  2.269352 -6.963391 1.802228  0.892238 0.206528 -0.401568  0.914192 0.285020 0
syringe_lod1
0  1.587684 -7.582428 7.025691  0.057642 0.903901 0.423840  0.556006 0.902966 0
0  0.000000 -7.582428 7.025692  0.000001 0.923879 0.382685  0.556006 0.834121 0
0  0.000000 -7.852515 7.137565  0.000000 -0.382684 0.923879  0.568644 0.834121 0
syringe_lod1
0  1.621403 -6.332359 1.707036  0.276088 0.831588 -0.481909  0.914192 0.317147 0
0  2.030876 -6.562037 1.741683  0.658049 0.609109 -0.442671  0.914192 0.301083 0
0  1.839896 -6.767568 1.659549  -0.191402 -0.337090 -0.921811  0.926633 0.301083 0
syringe_lod1
0  2.032042 -7.967423 2.516782  -0.355743 -0.920045 -0.164209  0.926633 0.237436 0
0  2.032042 -7.799479 2.083623  -0.346935 -0.756864 -0.553889  0.926633 0.253232 0
0  2.302129 -7.709458 2.150045  0.880608 -0.382636 -0.279496  0.914192 0.253232 0
syringe_lod1
0  1.522545 -6.673577 1.918512  -0.271207 -0.793425 0.544906  0.889259 0.317147 0
0  1.760790 -6.805502 1.938413  -0.629730 -0.574890 0.522438  0.889259 0.301083 0
0  1.951769 -6.599972 2.020548  0.332287 0.465938 0.820053  0.901702 0.301083 0
syringe_lod1
0  2.269352 -6.963391 1.802228  0.892238 0.206528 -0.401568  0.914192 0.285020 0
0  2.008468 -7.049201 1.702033  -0.263191 -0.256462 -0.930031  0.926633 0.285020 0
0  1.839896 -6.767568 1.659549  -0.191402 -0.337090 -0.921811  0.926633 0.301083 0
syringe_lod1
0  2.008468 -7.049201 1.702033  -0.263191 -0.256462 -0.930031  0.926633 0.285020 0
0  1.900406 -7.037545 1.973417  -0.872010 -0.195987 0.448539  0.939123 0.285020 0
0  1.760790 -6.805502 1.938413  -0.629730 -0.574890 0.522438  0.939123 0.301083 0
syringe_lod1
0  2.008468 -7.049201 1.702033  -0.263191 -0.256462 -0.930031  0.926633 0.285020 0
0  2.032043 -7.437456 1.792469  -0.336198 -0.414431 -0.845706  0.926633 0.269028 0
0  1.920169 -7.329421 2.040007  -0.956942 0.089756 0.276054  0.939123 0.269028 0
syringe_lod1
0  1.587683 -7.694302 6.755605  -0.111468 0.401890 -0.908878  0.543551 0.902966 0
0  0.000000 -7.694301 6.755606  0.000000 0.382685 -0.923879  0.543551 0.834121 0
0  0.000000 -7.582428 7.025692  0.000001 0.923879 0.382685  0.556006 0.834121 0
syringe_lod1
0  1.920169 -7.329421 2.040007  -0.956942 0.089756 0.276054  0.889259 0.269028 0
0  1.920169 -7.582149 2.243979  -0.961847 0.220982 0.161302  0.889259 0.253232 0
0  2.190255 -7.492127 2.310401  0.431416 0.729763 0.530402  0.901702 0.253232 0
syringe_lod1
0  2.032042 -7.967423 2.516782  -0.355743 -0.920045 -0.164209  0.926633 0.237436 0
0  2.302129 -7.856251 2.529294  0.892753 -0.442481 -0.084868  0.914192 0.237436 0
0  2.302129 -7.851624 3.075698  0.925222 -0.379412 0.003249  0.914192 0.214217 0
syringe_lod1
0  2.190255 -7.587859 2.559501  0.415843 0.893935 0.167195  0.901702 0.237436 0
0  2.190255 -7.584068 3.075698  0.381381 0.924391 -0.007000  0.901702 0.214217 0
0  2.302129 -7.851624 3.075698  0.925222 -0.379412 0.003249  0.914192 0.214217 0
syringe_lod1
0  0.757281 -6.390748 1.602705  -0.338712 -0.459418 -0.821103  0.926633 0.351827 0
0  1.052152 -6.563173 1.628715  -0.144161 -0.566019 -0.811690  0.926633 0.338799 0
0  1.023197 -6.629738 1.911899  -0.283608 -0.829687 0.480818  0.939123 0.338799 0
syringe_lod1
0  2.032042 -7.799479 2.083623  -0.346935 -0.756864 -0.553889  0.926633 0.253232 0
0  2.032042 -7.967423 2.516782  -0.355743 -0.920045 -0.164209  0.926633 0.237436 0
0  1.920169 -7.699031 2.546989  -0.952078 0.301672 0.050404  0.939123 0.237436 0
syringe_lod1
0  2.190255 -7.587859 2.559501  0.415843 0.893935 0.167195  0.901702 0.237436 0
0  2.190255 -7.492127 2.310401  0.431416 0.729763 0.530402  0.901702 0.253232 0
0  1.920169 -7.582149 2.243979  -0.961847 0.220982 0.161302  0.889259 0.253232 0
syringe_lod1
0  2.190255 -7.584068 3.075698  0.381381 0.924391 -0.007000  0.901702 0.214217 0
0  2.190255 -7.587859 2.559501  0.415843 0.893935 0.167195  0.901702 0.237436 0
0  1.920169 -7.699031 2.546989  -0.952078 0.301672 0.050404  0.889259 0.237436 0
syringe_lod1
0  1.920169 -7.694301 6.445347  -0.902269 0.408016 -0.139407  0.543551 0.937475 0
0  2.032043 -7.964387 6.445347  -0.321565 -0.945960 -0.041895  0.530913 0.937475 0
0  1.968442 -7.964388 6.660481  -0.232550 -0.961773 -0.144616  0.530913 0.925972 0
syringe_lod1
0  2.190255 -7.492127 2.310401  0.431416 0.729763 0.530402  0.901702 0.253232 0
0  2.190255 -7.587859 2.559501  0.415843 0.893935 0.167195  0.901702 0.237436 0
0  2.302129 -7.856251 2.529294  0.892753 -0.442481 -0.084868  0.914192 0.237436 0
syringe_lod1
0  1.805796 -7.964387 6.814991  -0.129099 -0.961776 -0.241494  0.530913 0.914469 0
0  1.587684 -7.964388 6.867479  -0.032761 -0.942123 -0.333662  0.530913 0.902966 0
0  1.587683 -7.694302 6.755605  -0.111468 0.401890 -0.908878  0.543551 0.902966 0
syringe_lod1
0  2.032043 -7.437456 1.792469  -0.336198 -0.414431 -0.845706  0.926633 0.269028 0
0  2.032042 -7.799479 2.083623  -0.346935 -0.756864 -0.553889  0.926633 0.253232 0
0  1.920169 -7.582149 2.243979  -0.961847 0.220982 0.161302  0.939123 0.253232 0
syringe_lod1
0  1.920392 -7.694225 5.930033  -0.923623 0.383302 -0.000515  0.543551 0.959821 0
0  1.920169 -7.694301 6.445347  -0.902269 0.408016 -0.139407  0.543551 0.937475 0
0  2.190255 -7.582428 6.445347  0.429568 0.900645 0.065645  0.556006 0.937475 0
syringe_lod1
0  0.568342 -5.769392 1.530508  -0.419056 -0.049704 -0.906599  0.926633 0.376907 0
0  0.589103 -6.095638 1.558187  -0.440617 -0.239170 -0.865248  0.926633 0.364855 0
0  0.481041 -6.083982 1.829571  -0.898798 -0.225065 0.376176  0.939123 0.364855 0
syringe_lod1
0  2.398584 -7.654758 5.918422  0.924118 0.382107 -0.000026  0.056231 0.370896 0
0  2.398239 -7.892828 5.918422  0.923128 -0.384493 -0.000095  0.056240 0.360601 0
0  2.398256 -7.892757 5.793283  0.863331 -0.504638 -0.000215  0.061652 0.360609 0
syringe_lod1
0  1.884901 -7.582428 6.952009  0.229960 0.880539 0.414451  0.556006 0.914469 0
0  1.587684 -7.582428 7.025691  0.057642 0.903901 0.423840  0.556006 0.902966 0
0  1.587683 -7.852516 7.137565  0.109060 -0.364618 0.924749  0.568644 0.902966 0
syringe_lod1
0  0.678175 -6.428683 1.881569  -0.669220 -0.598191 0.440808  0.939123 0.351827 0
0  0.481041 -6.083982 1.829571  -0.898798 -0.225065 0.376176  0.939123 0.364855 0
0  0.589103 -6.095638 1.558187  -0.440617 -0.239170 -0.865248  0.926633 0.364855 0
syringe_lod1
0  1.920169 -7.694301 6.445347  -0.902269 0.408016 -0.139407  0.543551 0.937475 0
0  1.871556 -7.694301 6.604545  -0.767170 0.431131 -0.474948  0.543551 0.925972 0
0  2.105458 -7.582429 6.739588  0.406399 0.880536 0.243919  0.556006 0.925972 0
syringe_lod1
0  3.049030 -7.654425 3.652539  0.558838 -0.016480 -0.829113  0.725956 0.251017 0
0  3.049344 -7.891355 3.656452  0.558832 -0.016454 -0.829118  0.715709 0.251123 0
0  2.398569 -7.891356 3.218827  0.558843 -0.016508 -0.829109  0.715708 0.217211 0
syringe_lod1
0  2.301906 -7.852539 5.930033  0.074023 -0.027514 0.996877  0.382590 0.361214 0
0  2.398584 -7.654758 5.918422  0.080720 0.036738 0.996060  0.378385 0.352658 0
0  2.230173 -7.486407 5.918422  0.026607 0.064232 0.997580  0.385675 0.345367 0
syringe_lod1
0  1.824057 -7.654410 3.087277  -0.923375 0.383899 -0.000102  0.178640 0.401784 0
0  1.823713 -7.654761 5.918422  -0.923432 0.383762 -0.000101  0.056216 0.401784 0
0  1.992124 -7.486407 5.918422  -0.381536 0.924354 -0.000326  0.056218 0.391487 0
syringe_lod1
0  3.049343 -7.654744 5.349765  1.000000 0.000058 -0.000008  0.704036 0.243287 0
0  3.049030 -7.892756 5.353649  1.000000 0.000017 -0.000002  0.704212 0.253579 0
0  3.049344 -7.891355 3.656452  1.000000 -0.000001 0.000001  0.630822 0.253579 0
syringe_lod1
0  2.398569 -7.654744 5.787391  0.861027 0.508559 -0.000094  0.061897 0.370901 0
0  2.398256 -7.654426 3.212890  0.862964 0.505265 -0.000087  0.173224 0.371013 0
0  2.229836 -7.487576 3.087277  0.381198 0.924493 -0.000290  0.178647 0.381269 0
syringe_lod1
0  1.992461 -7.487576 3.087277  -0.381527 0.924357 -0.000329  0.178642 0.391533 0
0  1.992124 -7.486407 5.918422  -0.381536 0.924354 -0.000326  0.056218 0.391487 0
0  2.230173 -7.486407 5.918422  0.382070 0.924133 -0.000316  0.056223 0.381193 0
syringe_lod1
0  2.398256 -7.654426 3.212890  0.862964 0.505265 -0.000087  0.173224 0.371013 0
0  2.398569 -7.891356 3.218827  0.860615 -0.509256 -0.000172  0.172976 0.360767 0
0  2.398585 -7.891283 3.087277  0.923681 -0.383162 -0.000136  0.178665 0.360775 0
syringe_lod1
0  2.302129 -7.852515 6.445348  0.923714 -0.362431 0.124082  0.568644 0.937475 0
0  2.190255 -7.582428 6.445347  0.429568 0.900645 0.065645  0.556006 0.937475 0
0  2.105458 -7.582429 6.739588  0.406399 0.880536 0.243919  0.556006 0.925972 0
syringe_lod1
0  2.229832 -8.060501 5.918422  0.381592 -0.924331 -0.000504  0.056250 0.350325 0
0  1.992465 -8.060501 5.918422  -0.381598 -0.924328 -0.000510  0.056264 0.340061 0
0  1.992124 -8.058798 3.087277  -0.381541 -0.924352 -0.000489  0.178688 0.340210 0
syringe_lod1
0  2.031992 -7.964139 5.930033  -0.027536 -0.073997 0.996878  0.394251 0.366034 0
0  2.229832 -8.060501 5.918422  0.036713 -0.080737 0.996059  0.385693 0.370226 0
0  2.398239 -7.892828 5.918422  0.082610 -0.035901 0.995935  0.378399 0.362967 0
syringe_lod1
0  0.849986 -6.009829 1.658382  0.857623 0.202254 -0.472838  0.914192 0.364855 0
0  0.589103 -6.095638 1.558187  -0.440617 -0.239170 -0.865248  0.926633 0.364855 0
0  0.568342 -5.769392 1.530508  -0.419056 -0.049704 -0.906599  0.926633 0.376907 0
syringe_lod1
0  1.920392 -7.694225 5.930033  -0.081535 0.033884 0.996094  0.399071 0.354372 0
0  2.190306 -7.582624 5.930033  0.026626 0.064262 0.997578  0.387410 0.349553 0
0  2.230173 -7.486407 5.918422  0.026607 0.064232 0.997580  0.385675 0.345367 0
syringe_lod1
0  1.824058 -7.892827 5.918422  -0.080593 -0.036833 0.996066  0.403262 0.362963 0
0  1.992465 -8.060501 5.918422  -0.035627 -0.082832 0.995927  0.395971 0.370226 0
0  2.031992 -7.964139 5.930033  -0.027536 -0.073997 0.996878  0.394251 0.366034 0
syringe_lod1
0  3.049030 -7.654425 3.652539  -0.000056 1.000000 0.000132  0.398377 0.192037 0
0  2.398256 -7.654426 3.212890  -0.000085 1.000000 0.000124  0.379362 0.163899 0
0  2.398569 -7.654744 5.787391  0.000062 1.000000 0.000169  0.490689 0.163899 0
syringe_lod1
0  0.481041 -6.083982 1.829571  -0.898798 -0.225065 0.376176  0.889259 0.364855 0
0  0.741924 -5.998173 1.929766  0.291608 0.184963 0.938485  0.901702 0.364855 0
0  0.726555 -5.769392 1.912468  0.406034 0.048721 0.912558  0.901702 0.376907 0
syringe_lod1
0  1.824058 -7.892827 5.918422  -0.923379 -0.383889 -0.000169  0.056282 0.329784 0
0  1.823712 -7.891281 3.087277  -0.923466 -0.383681 -0.000174  0.178706 0.329938 0
0  1.992124 -8.058798 3.087277  -0.381541 -0.924352 -0.000489  0.178688 0.340210 0
syringe_lod1
0  1.824058 -7.892827 5.918422  -0.923379 -0.383889 -0.000169  0.056282 0.329784 0
0  1.823713 -7.654761 5.918422  -0.923432 0.383762 -0.000101  0.056300 0.319490 0
0  1.824057 -7.654410 3.087277  -0.923375 0.383899 -0.000102  0.178724 0.319695 0
syringe_lod1
0  2.398256 -7.892757 5.793283  0.863331 -0.504638 -0.000215  0.061652 0.360609 0
0  2.229832 -8.060501 5.918422  0.381592 -0.924331 -0.000504  0.056250 0.350325 0
0  2.230173 -8.058798 3.087277  0.381537 -0.924353 -0.000489  0.178674 0.350504 0
syringe_lod1
0  0.475818 -3.407455 1.821902  -0.893789 0.003337 0.448475  0.939123 0.478928 0
0  0.547035 -3.407455 1.549857  -0.448478 0.002617 -0.893790  0.926633 0.478928 0
0  0.568342 -5.769392 1.530508  -0.419056 -0.049704 -0.906599  0.926633 0.376907 0
syringe_lod1
0  2.032043 -7.964387 6.445347  -0.321565 -0.945960 -0.041895  0.581099 0.937475 0
0  2.031992 -7.964139 5.930033  -0.383289 -0.923628 -0.000576  0.581099 0.959821 0
0  2.301906 -7.852539 5.930033  0.923679 -0.383166 -0.000379  0.568644 0.959821 0
syringe_lod1
0  0.726555 -5.769392 1.912468  0.406034 0.048721 0.912558  0.901702 0.376907 0
0  0.741924 -5.998173 1.929766  0.291608 0.184963 0.938485  0.901702 0.364855 0
0  0.849986 -6.009829 1.658382  0.857623 0.202254 -0.472838  0.914192 0.364855 0
syringe_lod1
0  -2.302129 -7.851625 3.075698  -0.058645 -0.024421 -0.997980  1.748626 0.381079 0
0  -2.398584 -7.891283 3.087277  -0.058707 -0.024182 -0.997982  1.752822 0.382805 0
0  -2.398240 -7.654410 3.087277  -0.082821 0.034624 -0.995963  1.752807 0.372548 0
syringe_lod1
0  -2.398240 -7.654410 3.087277  -0.082821 0.034624 -0.995963  1.752807 0.372548 0
0  -2.229836 -7.487576 3.087277  -0.024326 0.059019 -0.997960  1.745517 0.365323 0
0  -2.190254 -7.584068 3.075698  -0.024465 0.058970 -0.997960  1.743795 0.369520 0
syringe_lod1
0  -1.992123 -8.058798 3.087277  0.024452 -0.058967 -0.997960  1.735221 0.390057 0
0  -2.032042 -7.962445 3.075698  0.024385 -0.059011 -0.997959  1.736958 0.385866 0
0  -1.823712 -7.891283 3.087277  0.082885 -0.034530 -0.995961  1.727930 0.382802 0
syringe_lod1
0  -2.032042 -7.962445 3.075698  0.024385 -0.059011 -0.997959  1.736958 0.385866 0
0  -1.920169 -7.694897 3.075698  0.058711 0.024205 -0.997982  1.732126 0.374306 0
0  -1.823712 -7.891283 3.087277  0.082885 -0.034530 -0.995961  1.727930 0.382802 0
syringe_lod1
0  -2.229836 -7.487576 3.087277  -0.024326 0.059019 -0.997960  1.745517 0.365323 0
0  -1.992460 -7.487576 3.087277  0.034145 0.083107 -0.995955  1.735239 0.365323 0
0  -2.190254 -7.584068 3.075698  -0.024465 0.058970 -0.997960  1.743795 0.369520 0
syringe_lod1
0  -1.992460 -7.487576 3.087277  0.034145 0.083107 -0.995955  1.735239 0.365323 0
0  -1.824057 -7.654412 3.087277  0.058580 0.024492 -0.997982  1.727945 0.372545 0
0  -1.920169 -7.694897 3.075698  0.058711 0.024205 -0.997982  1.732126 0.374306 0
syringe_lod1
0  -2.031992 -7.964139 5.930033  0.383290 -0.923628 -0.000579  1.530913 0.959821 0
0  -1.920392 -7.694225 5.930033  0.923622 0.383304 -0.000514  1.543551 0.959821 0
0  -1.920169 -7.694301 6.445347  0.902268 0.408017 -0.139408  1.543551 0.937475 0
syringe_lod1
0  -2.190254 -7.582429 6.445348  -0.429604 0.900641 0.065464  1.556006 0.937475 0
0  -2.190305 -7.582626 5.930033  -0.383374 0.923593 -0.000315  1.556006 0.959821 0
0  -2.301905 -7.852539 5.930033  -0.923869 -0.382707 -0.000382  1.568644 0.959821 0
syringe_lod1
0  -0.747863 -3.407455 1.893120  -0.448475 0.003337 0.893789  1.901702 0.478928 0
0  -0.726555 -5.769392 1.912468  -0.406034 0.048721 0.912558  1.901702 0.376907 0
0  -0.456469 -5.769392 1.800595  0.920006 -0.017656 0.391507  1.889259 0.376907 0
syringe_lod1
0  -2.398584 -7.891283 3.087277  -0.058707 -0.024182 -0.997982  1.752822 0.382805 0
0  -2.302129 -7.851625 3.075698  -0.058645 -0.024421 -0.997980  1.748626 0.381079 0
0  -2.230173 -8.058798 3.087277  -0.034223 -0.083184 -0.995946  1.745528 0.390057 0
syringe_lod1
0  -2.302129 -7.851625 3.075698  -0.058645 -0.024421 -0.997980  1.748626 0.381079 0
0  -2.032042 -7.962445 3.075698  0.024385 -0.059011 -0.997959  1.736958 0.385866 0
0  -2.230173 -8.058798 3.087277  -0.034223 -0.083184 -0.995946  1.745528 0.390057 0
syringe_lod1
0  -3.049030 -7.892757 5.353649  -0.558818 0.016218 0.829131  1.190684 0.124218 0
0  -2.398255 -7.892757 5.793283  -0.558836 0.016288 0.829118  1.190684 0.090258 0
0  -2.398568 -7.654744 5.787391  -0.558855 0.016367 0.829104  1.180390 0.090411 0
syringe_lod1
0  -0.819081 -3.407455 1.621074  -0.893795 0.003337 -0.448463  1.914192 0.478928 0
0  -0.547035 -3.407455 1.549857  0.448483 0.003338 -0.893785  1.926633 0.478928 0
0  -0.568342 -5.769392 1.530508  0.419056 -0.049701 -0.906599  1.926633 0.376907 0
syringe_lod1
0  -0.678174 -6.428683 1.881569  0.669219 -0.598191 0.440809  1.889259 0.351827 0
0  -0.481041 -6.083982 1.829571  0.898798 -0.225064 0.376175  1.889259 0.364855 0
0  -0.741924 -5.998173 1.929766  -0.291655 0.184991 0.938465  1.901702 0.364855 0
syringe_lod1
0  -1.749858 -7.694302 6.718107  0.426945 0.431121 -0.794891  1.543551 0.914469 0
0  -1.871556 -7.694301 6.604545  0.767171 0.431131 -0.474948  1.543551 0.925972 0
0  -2.105458 -7.582428 6.739588  -0.406397 0.880537 0.243918  1.556006 0.925972 0
syringe_lod1
0  -0.819081 -3.407455 1.621074  -0.893795 0.003337 -0.448463  1.914192 0.478928 0
0  -0.838429 -5.769392 1.642382  -0.902468 0.010617 -0.430627  1.914192 0.376907 0
0  -0.726555 -5.769392 1.912468  -0.406034 0.048721 0.912558  1.901702 0.376907 0
syringe_lod1
0  -2.398569 -7.891356 3.218827  -0.000277 -1.000000 -0.000742  1.944290 0.833707 0
0  -2.398255 -7.892757 5.793283  0.000369 -1.000000 -0.000544  1.944290 0.722382 0
0  -3.049030 -7.892757 5.353649  0.000242 -1.000000 -0.000583  1.916152 0.741396 0
syringe_lod1
0  -2.032043 -7.967423 2.516782  0.355743 -0.920044 -0.164210  1.926633 0.237436 0
0  -1.920169 -7.699031 2.546989  0.952078 0.301674 0.050403  1.939123 0.237436 0
0  -1.920169 -7.694897 3.075698  0.922586 0.385781 -0.002811  1.939123 0.214217 0
syringe_lod1
0  -1.093100 -6.355086 1.983606  -0.086451 0.416577 0.904980  1.901702 0.338799 0
0  -0.869154 -6.223152 1.963704  -0.196807 0.331731 0.922617  1.901702 0.351827 0
0  -0.948261 -6.185217 1.684839  -0.648280 0.556260 -0.519911  1.914192 0.351827 0
syringe_lod1
0  -2.161289 -6.951735 2.073612  -0.441133 0.298538 0.846331  1.901702 0.285020 0
0  -2.269351 -6.963391 1.802228  -0.892238 0.206527 -0.401569  1.914192 0.285020 0
0  -2.302129 -7.392706 1.895002  -0.891047 -0.172767 -0.419746  1.914192 0.269028 0
syringe_lod1
0  -0.869154 -6.223152 1.963704  -0.196807 0.331731 0.922617  1.901702 0.351827 0
0  -0.741924 -5.998173 1.929766  -0.291655 0.184991 0.938465  1.901702 0.364855 0
0  -0.849986 -6.009829 1.658382  -0.857734 0.202096 -0.472704  1.914192 0.364855 0
syringe_lod1
0  -1.621402 -6.332359 1.707036  -0.276088 0.831588 -0.481909  1.914192 0.317147 0
0  -1.122055 -6.288521 1.700423  -0.283345 0.787567 -0.547223  1.914192 0.338799 0
0  -1.052152 -6.563173 1.628715  0.144046 -0.566061 -0.811680  1.926633 0.338799 0
syringe_lod1
0  -1.940838 -7.852515 7.048893  -0.455725 -0.346814 0.819777  1.568644 0.914469 0
0  -1.805795 -7.964387 6.814991  0.129066 -0.961768 -0.241545  1.581099 0.914469 0
0  -1.587684 -7.964388 6.867479  0.032714 -0.942112 -0.333698  1.581099 0.902966 0
syringe_lod1
0  -0.678174 -6.428683 1.881569  0.669219 -0.598191 0.440809  1.889259 0.351827 0
0  -0.869154 -6.223152 1.963704  -0.196807 0.331731 0.922617  1.901702 0.351827 0
0  -1.093100 -6.355086 1.983606  -0.086451 0.416577 0.904980  1.901702 0.338799 0
syringe_lod1
0  -1.522545 -6.673577 1.918512  0.270973 -0.793612 0.544751  1.939123 0.317147 0
0  -1.551499 -6.607011 1.635328  0.084278 -0.422702 -0.902342  1.926633 0.317147 0
0  -1.052152 -6.563173 1.628715  0.144046 -0.566061 -0.811680  1.926633 0.338799 0
syringe_lod1
0  -2.269351 -6.963391 1.802228  -0.892238 0.206527 -0.401569  1.914192 0.285020 0
0  -2.008468 -7.049201 1.702033  0.263142 -0.256499 -0.930035  1.926633 0.285020 0
0  -2.032042 -7.437456 1.792469  0.336199 -0.414431 -0.845705  1.926633 0.269028 0
syringe_lod1
0  -1.122055 -6.288521 1.700423  -0.283345 0.787567 -0.547223  1.914192 0.338799 0
0  -0.948261 -6.185217 1.684839  -0.648280 0.556260 -0.519911  1.914192 0.351827 0
0  -0.757281 -6.390748 1.602705  0.338712 -0.459419 -0.821102  1.926633 0.351827 0
syringe_lod1
0  -2.032042 -7.799479 2.083623  0.346665 -0.757033 -0.553827  1.926633 0.253232 0
0  -2.302129 -7.709458 2.150045  -0.880608 -0.382636 -0.279497  1.914192 0.253232 0
0  -2.302129 -7.392706 1.895002  -0.891047 -0.172767 -0.419746  1.914192 0.269028 0
syringe_lod1
0  -2.030876 -6.562037 1.741683  -0.658435 0.608845 -0.442460  1.914192 0.301083 0
0  -1.951769 -6.599972 2.020548  -0.332288 0.465940 0.820052  1.901702 0.301083 0
0  -1.592447 -6.398924 1.990219  -0.139053 0.564731 0.813476  1.901702 0.317147 0
syringe_lod1
0  -2.190254 -7.284671 2.142540  -0.438302 0.409099 0.800331  1.901702 0.269028 0
0  -1.920169 -7.329421 2.040007  0.956942 0.089757 0.276055  1.889259 0.269028 0
0  -1.900407 -7.037545 1.973417  0.872004 -0.196041 0.448528  1.889259 0.285020 0
syringe_lod1
0  -2.202343 -7.852514 6.795525  -0.804611 -0.346838 0.481980  1.568644 0.925972 0
0  -1.968442 -7.964388 6.660481  0.232550 -0.961773 -0.144615  1.581099 0.925972 0
0  -1.805795 -7.964387 6.814991  0.129066 -0.961768 -0.241545  1.581099 0.914469 0
syringe_lod1
0  -2.190254 -7.284671 2.142540  -0.438302 0.409099 0.800331  1.901702 0.269028 0
0  -2.302129 -7.392706 1.895002  -0.891047 -0.172767 -0.419746  1.914192 0.269028 0
0  -2.302129 -7.709458 2.150045  -0.880608 -0.382636 -0.279497  1.914192 0.253232 0
syringe_lod1
0  -1.940838 -7.852515 7.048893  -0.455725 -0.346814 0.819777  1.568644 0.914469 0
0  -1.884902 -7.582428 6.952008  -0.230018 0.880534 0.414430  1.556006 0.914469 0
0  -2.105458 -7.582428 6.739588  -0.406397 0.880537 0.243918  1.556006 0.925972 0
syringe_lod1
0  -2.302129 -7.852515 6.445348  -0.923715 -0.362429 0.124082  1.568644 0.937475 0
0  -2.032042 -7.964388 6.445347  0.321566 -0.945960 -0.041892  1.581099 0.937475 0
0  -1.968442 -7.964388 6.660481  0.232550 -0.961773 -0.144615  1.581099 0.925972 0
syringe_lod1
0  -1.592447 -6.398924 1.990219  -0.139053 0.564731 0.813476  1.901702 0.317147 0
0  -1.093100 -6.355086 1.983606  -0.086451 0.416577 0.904980  1.901702 0.338799 0
0  -1.122055 -6.288521 1.700423  -0.283345 0.787567 -0.547223  1.914192 0.338799 0
syringe_lod1
0  -1.023197 -6.629738 1.911899  0.283608 -0.829687 0.480818  1.889259 0.338799 0
0  -1.093100 -6.355086 1.983606  -0.086451 0.416577 0.904980  1.901702 0.338799 0
0  -1.592447 -6.398924 1.990219  -0.139053 0.564731 0.813476  1.901702 0.317147 0
syringe_lod1
0  -1.749858 -7.694302 6.718107  0.426945 0.431121 -0.794891  1.543551 0.914469 0
0  -1.805795 -7.964387 6.814991  0.129066 -0.961768 -0.241545  1.530913 0.914469 0
0  -1.968442 -7.964388 6.660481  0.232550 -0.961773 -0.144615  1.530913 0.925972 0
syringe_lod1
0  -0.849986 -6.009829 1.658382  -0.857734 0.202096 -0.472704  1.914192 0.364855 0
0  -0.589103 -6.095638 1.558187  0.440617 -0.239170 -0.865248  1.926633 0.364855 0
0  -0.757281 -6.390748 1.602705  0.338712 -0.459419 -0.821102  1.926633 0.351827 0
syringe_lod1
0  -1.587684 -7.964388 6.867479  0.032714 -0.942112 -0.333698  1.530913 0.902966 0
0  -1.587683 -7.694300 6.755606  0.111517 0.401872 -0.908880  1.543551 0.902966 0
0  0.000000 -7.694301 6.755606  0.000000 0.382685 -0.923879  1.543551 0.834121 0
syringe_lod1
0  -1.749858 -7.694302 6.718107  0.426945 0.431121 -0.794891  1.543551 0.914469 0
0  -1.884902 -7.582428 6.952008  -0.230018 0.880534 0.414430  1.556006 0.914469 0
0  -1.587684 -7.582428 7.025692  -0.057484 0.903945 0.423768  1.556006 0.902966 0
syringe_lod1
0  -1.551499 -6.607011 1.635328  0.084278 -0.422702 -0.902342  1.926633 0.317147 0
0  -1.522545 -6.673577 1.918512  0.270973 -0.793612 0.544751  1.939123 0.317147 0
0  -1.760790 -6.805502 1.938413  0.629729 -0.574891 0.522439  1.939123 0.301083 0
syringe_lod1
0  -1.587684 -7.852514 7.137565  -0.109320 -0.364844 0.924628  1.568644 0.902966 0
0  -1.587684 -7.964388 6.867479  0.032714 -0.942112 -0.333698  1.581099 0.902966 0
0  0.000000 -7.964387 6.867479  -0.000000 -0.923879 -0.382685  1.581099 0.834121 0
syringe_lod1
0  -1.760790 -6.805502 1.938413  0.629729 -0.574891 0.522439  1.889259 0.301083 0
0  -1.951769 -6.599972 2.020548  -0.332288 0.465940 0.820052  1.901702 0.301083 0
0  -2.161289 -6.951735 2.073612  -0.441133 0.298538 0.846331  1.901702 0.285020 0
syringe_lod1
0  -1.951769 -6.599972 2.020548  -0.332288 0.465940 0.820052  1.901702 0.301083 0
0  -2.030876 -6.562037 1.741683  -0.658435 0.608845 -0.442460  1.914192 0.301083 0
0  -2.269351 -6.963391 1.802228  -0.892238 0.206527 -0.401569  1.914192 0.285020 0
syringe_lod1
0  -1.587684 -7.582428 7.025692  -0.057484 0.903945 0.423768  1.556006 0.902966 0
0  -1.587684 -7.852514 7.137565  -0.109320 -0.364844 0.924628  1.568644 0.902966 0
0  0.000000 -7.852515 7.137565  0.000000 -0.382684 0.923879  1.568644 0.834121 0
syringe_lod1
0  -1.621402 -6.332359 1.707036  -0.276088 0.831588 -0.481909  1.914192 0.317147 0
0  -1.551499 -6.607011 1.635328  0.084278 -0.422702 -0.902342  1.926633 0.317147 0
0  -1.839896 -6.767568 1.659549  0.191320 -0.337172 -0.921798  1.926633 0.301083 0
syringe_lod1
0  -2.032043 -7.967423 2.516782  0.355743 -0.920044 -0.164210  1.926633 0.237436 0
0  -2.302129 -7.856251 2.529294  -0.892754 -0.442479 -0.084869  1.914192 0.237436 0
0  -2.302129 -7.709458 2.150045  -0.880608 -0.382636 -0.279497  1.914192 0.253232 0
syringe_lod1
0  -1.522545 -6.673577 1.918512  0.270973 -0.793612 0.544751  1.889259 0.317147 0
0  -1.592447 -6.398924 1.990219  -0.139053 0.564731 0.813476  1.901702 0.317147 0
0  -1.951769 -6.599972 2.020548  -0.332288 0.465940 0.820052  1.901702 0.301083 0
syringe_lod1
0  -2.269351 -6.963391 1.802228  -0.892238 0.206527 -0.401569  1.914192 0.285020 0
0  -2.030876 -6.562037 1.741683  -0.658435 0.608845 -0.442460  1.914192 0.301083 0
0  -1.839896 -6.767568 1.659549  0.191320 -0.337172 -0.921798  1.926633 0.301083 0
syringe_lod1
0  -2.008468 -7.049201 1.702033  0.263142 -0.256499 -0.930035  1.926633 0.285020 0
0  -1.839896 -6.767568 1.659549  0.191320 -0.337172 -0.921798  1.926633 0.301083 0
0  -1.760790 -6.805502 1.938413  0.629729 -0.574891 0.522439  1.939123 0.301083 0
syringe_lod1
0  -2.008468 -7.049201 1.702033  0.263142 -0.256499 -0.930035  1.926633 0.285020 0
0  -1.900407 -7.037545 1.973417  0.872004 -0.196041 0.448528  1.939123 0.285020 0
0  -1.920169 -7.329421 2.040007  0.956942 0.089757 0.276055  1.939123 0.269028 0
syringe_lod1
0  -1.587683 -7.694300 6.755606  0.111517 0.401872 -0.908880  1.543551 0.902966 0
0  -1.587684 -7.582428 7.025692  -0.057484 0.903945 0.423768  1.556006 0.902966 0
0  0.000000 -7.582428 7.025692  0.000001 0.923879 0.382685  1.556006 0.834121 0
syringe_lod1
0  -1.920169 -7.329421 2.040007  0.956942 0.089757 0.276055  1.889259 0.269028 0
0  -2.190254 -7.284671 2.142540  -0.438302 0.409099 0.800331  1.901702 0.269028 0
0  -2.190255 -7.492127 2.310401  -0.431160 0.729614 0.530815  1.901702 0.253232 0
syringe_lod1
0  -2.032043 -7.967423 2.516782  0.355743 -0.920044 -0.164210  1.926633 0.237436 0
0  -2.032042 -7.962445 3.075698  0.384084 -0.923261 0.008224  1.926633 0.214217 0
0  -2.302129 -7.851625 3.075698  -0.925221 -0.379411 0.003620  1.914192 0.214217 0
syringe_lod1
0  -2.190255 -7.587861 2.559501  -0.415845 0.893935 0.167195  1.901702 0.237436 0
0  -2.302129 -7.856251 2.529294  -0.892754 -0.442479 -0.084869  1.914192 0.237436 0
0  -2.302129 -7.851625 3.075698  -0.925221 -0.379411 0.003620  1.914192 0.214217 0
syringe_lod1
0  -0.757281 -6.390748 1.602705  0.338712 -0.459419 -0.821102  1.926633 0.351827 0
0  -0.678174 -6.428683 1.881569  0.669219 -0.598191 0.440809  1.939123 0.351827 0
0  -1.023197 -6.629738 1.911899  0.283608 -0.829687 0.480818  1.939123 0.338799 0
syringe_lod1
0  -2.032042 -7.799479 2.083623  0.346665 -0.757033 -0.553827  1.926633 0.253232 0
0  -1.920169 -7.582149 2.243980  0.961769 0.221426 0.161153  1.939123 0.253232 0
0  -1.920169 -7.699031 2.546989  0.952078 0.301674 0.050403  1.939123 0.237436 0
syringe_lod1
0  -2.190255 -7.587861 2.559501  -0.415845 0.893935 0.167195  1.901702 0.237436 0
0  -1.920169 -7.699031 2.546989  0.952078 0.301674 0.050403  1.889259 0.237436 0
0  -1.920169 -7.582149 2.243980  0.961769 0.221426 0.161153  1.889259 0.253232 0
syringe_lod1
0  -2.190254 -7.584068 3.075698  -0.381380 0.924392 -0.007000  1.901702 0.214217 0
0  -1.920169 -7.694897 3.075698  0.922586 0.385781 -0.002811  1.889259 0.214217 0
0  -1.920169 -7.699031 2.546989  0.952078 0.301674 0.050403  1.889259 0.237436 0
syringe_lod1
0  -1.920169 -7.694301 6.445347  0.902268 0.408017 -0.139408  1.543551 0.937475 0
0  -1.871556 -7.694301 6.604545  0.767171 0.431131 -0.474948  1.543551 0.925972 0
0  -1.968442 -7.964388 6.660481  0.232550 -0.961773 -0.144615  1.530913 0.925972 0
syringe_lod1
0  -2.190255 -7.492127 2.310401  -0.431160 0.729614 0.530815  1.901702 0.253232 0
0  -2.302129 -7.709458 2.150045  -0.880608 -0.382636 -0.279497  1.914192 0.253232 0
0  -2.302129 -7.856251 2.529294  -0.892754 -0.442479 -0.084869  1.914192 0.237436 0
syringe_lod1
0  -1.805795 -7.964387 6.814991  0.129066 -0.961768 -0.241545  1.530913 0.914469 0
0  -1.749858 -7.694302 6.718107  0.426945 0.431121 -0.794891  1.543551 0.914469 0
0  -1.587683 -7.694300 6.755606  0.111517 0.401872 -0.908880  1.543551 0.902966 0
syringe_lod1
0  -2.032042 -7.437456 1.792469  0.336199 -0.414431 -0.845705  1.926633 0.269028 0
0  -1.920169 -7.329421 2.040007  0.956942 0.089757 0.276055  1.939123 0.269028 0
0  -1.920169 -7.582149 2.243980  0.961769 0.221426 0.161153  1.939123 0.253232 0
syringe_lod1
0  -1.920392 -7.694225 5.930033  0.923622 0.383304 -0.000514  1.543551 0.959821 0
0  -2.190305 -7.582626 5.930033  -0.383374 0.923593 -0.000315  1.556006 0.959821 0
0  -2.190254 -7.582429 6.445348  -0.429604 0.900641 0.065464  1.556006 0.937475 0
syringe_lod1
0  -0.568342 -5.769392 1.530508  0.419056 -0.049701 -0.906599  1.926633 0.376907 0
0  -0.456469 -5.769392 1.800595  0.920006 -0.017656 0.391507  1.939123 0.376907 0
0  -0.481041 -6.083982 1.829571  0.898798 -0.225064 0.376175  1.939123 0.364855 0
syringe_lod1
0  -2.398583 -7.654758 5.918422  -0.924120 0.382102 -0.000020  1.056231 0.370896 0
0  -2.398568 -7.654744 5.787391  -0.861030 0.508555 -0.000091  1.061897 0.370901 0
0  -2.398255 -7.892757 5.793283  -0.863331 -0.504637 -0.000217  1.061652 0.360609 0
syringe_lod1
0  -1.884902 -7.582428 6.952008  -0.230018 0.880534 0.414430  1.556006 0.914469 0
0  -1.940838 -7.852515 7.048893  -0.455725 -0.346814 0.819777  1.568644 0.914469 0
0  -1.587684 -7.852514 7.137565  -0.109320 -0.364844 0.924628  1.568644 0.902966 0
syringe_lod1
0  -0.678174 -6.428683 1.881569  0.669219 -0.598191 0.440809  1.939123 0.351827 0
0  -0.757281 -6.390748 1.602705  0.338712 -0.459419 -0.821102  1.926633 0.351827 0
0  -0.589103 -6.095638 1.558187  0.440617 -0.239170 -0.865248  1.926633 0.364855 0
syringe_lod1
0  -1.920169 -7.694301 6.445347  0.902268 0.408017 -0.139408  1.543551 0.937475 0
0  -2.190254 -7.582429 6.445348  -0.429604 0.900641 0.065464  1.556006 0.937475 0
0  -2.105458 -7.582428 6.739588  -0.406397 0.880537 0.243918  1.556006 0.925972 0
syringe_lod1
0  -3.049030 -7.654425 3.652539  -0.558838 -0.016479 -0.829113  1.725956 0.251017 0
0  -2.398255 -7.654426 3.212891  -0.558836 -0.016484 -0.829115  1.725956 0.217056 0
0  -2.398569 -7.891356 3.218827  -0.558853 -0.016553 -0.829101  1.715708 0.217211 0
syringe_lod1
0  -2.301905 -7.852539 5.930033  -0.074017 -0.027510 0.996877  1.382590 0.361214 0
0  -2.190305 -7.582626 5.930033  -0.026619 0.064265 0.997578  1.387410 0.349553 0
0  -2.230173 -7.486406 5.918422  -0.026623 0.064278 0.997577  1.385675 0.345367 0
syringe_lod1
0  -1.824057 -7.654412 3.087277  0.923397 0.383847 -0.000101  1.178640 0.401784 0
0  -1.992460 -7.487576 3.087277  0.381481 0.924377 -0.000335  1.178642 0.391533 0
0  -1.992124 -7.486406 5.918422  0.381538 0.924353 -0.000327  1.056218 0.391487 0
syringe_lod1
0  -3.049343 -7.654744 5.349765  -1.000000 -0.000135 0.000019  1.704036 0.243287 0
0  -3.049030 -7.654425 3.652539  -1.000000 -0.000010 0.000001  1.630644 0.243334 0
0  -3.049343 -7.891355 3.656452  -1.000000 -0.000005 0.000001  1.630822 0.253579 0
syringe_lod1
0  -2.398568 -7.654744 5.787391  -0.861030 0.508555 -0.000091  1.061897 0.370901 0
0  -2.230173 -7.486406 5.918422  -0.381972 0.924174 -0.000304  1.056223 0.381193 0
0  -2.229836 -7.487576 3.087277  -0.381198 0.924493 -0.000291  1.178647 0.381269 0
syringe_lod1
0  -1.992460 -7.487576 3.087277  0.381481 0.924377 -0.000335  1.178642 0.391533 0
0  -2.229836 -7.487576 3.087277  -0.381198 0.924493 -0.000291  1.178647 0.381269 0
0  -2.230173 -7.486406 5.918422  -0.381972 0.924174 -0.000304  1.056223 0.381193 0
syringe_lod1
0  -2.398255 -7.654426 3.212891  -0.863020 0.505170 -0.000095  1.173224 0.371013 0
0  -2.398240 -7.654410 3.087277  -0.922685 0.385554 -0.000062  1.178656 0.371018 0
0  -2.398584 -7.891283 3.087277  -0.923682 -0.383159 -0.000141  1.178665 0.360775 0
syringe_lod1
0  -2.302129 -7.852515 6.445348  -0.923715 -0.362429 0.124082  1.568644 0.937475 0
0  -2.202343 -7.852514 6.795525  -0.804611 -0.346838 0.481980  1.568644 0.925972 0
0  -2.105458 -7.582428 6.739588  -0.406397 0.880537 0.243918  1.556006 0.925972 0
syringe_lod1
0  -2.229832 -8.060501 5.918422  -0.381592 -0.924331 -0.000505  1.056250 0.350325 0
0  -2.230173 -8.058798 3.087277  -0.381538 -0.924353 -0.000490  1.178674 0.350504 0
0  -1.992123 -8.058798 3.087277  0.381539 -0.924353 -0.000489  1.178688 0.340210 0
syringe_lod1
0  -2.031992 -7.964139 5.930033  0.027557 -0.074040 0.996875  1.394251 0.366034 0
0  -2.301905 -7.852539 5.930033  -0.074017 -0.027510 0.996877  1.382590 0.361214 0
0  -2.398239 -7.892828 5.918422  -0.082603 -0.035899 0.995936  1.378399 0.362967 0
syringe_lod1
0  -0.849986 -6.009829 1.658382  -0.857734 0.202096 -0.472704  1.914192 0.364855 0
0  -0.838429 -5.769392 1.642382  -0.902468 0.010617 -0.430627  1.914192 0.376907 0
0  -0.568342 -5.769392 1.530508  0.419056 -0.049701 -0.906599  1.926633 0.376907 0
syringe_lod1
0  -1.920392 -7.694225 5.930033  0.081477 0.033961 0.996096  1.399071 0.354372 0
0  -1.992124 -7.486406 5.918422  0.031065 0.083198 0.996049  1.395983 0.345367 0
0  -2.230173 -7.486406 5.918422  -0.026623 0.064278 0.997577  1.385675 0.345367 0
syringe_lod1
0  -1.824058 -7.892826 5.918422  0.080598 -0.036833 0.996066  1.403262 0.362963 0
0  -1.920392 -7.694225 5.930033  0.081477 0.033961 0.996096  1.399071 0.354372 0
0  -2.031992 -7.964139 5.930033  0.027557 -0.074040 0.996875  1.394251 0.366034 0
syringe_lod1
0  -3.049030 -7.654425 3.652539  0.000056 1.000000 0.000133  1.398377 0.192037 0
0  -3.049343 -7.654744 5.349765  -0.000126 1.000000 0.000188  1.471768 0.192042 0
0  -2.398568 -7.654744 5.787391  -0.000062 1.000000 0.000169  1.490689 0.163899 0
syringe_lod1
0  -0.481041 -6.083982 1.829571  0.898798 -0.225064 0.376175  1.889259 0.364855 0
0  -0.456469 -5.769392 1.800595  0.920006 -0.017656 0.391507  1.889259 0.376907 0
0  -0.726555 -5.769392 1.912468  -0.406034 0.048721 0.912558  1.901702 0.376907 0
syringe_lod1
0  -1.824058 -7.892826 5.918422  0.923278 -0.384131 -0.000202  1.056282 0.329784 0
0  -1.992465 -8.060501 5.918422  0.381136 -0.924519 -0.000465  1.056264 0.340061 0
0  -1.992123 -8.058798 3.087277  0.381539 -0.924353 -0.000489  1.178688 0.340210 0
syringe_lod1
0  -1.824058 -7.892826 5.918422  0.923278 -0.384131 -0.000202  1.056282 0.329784 0
0  -1.823712 -7.891283 3.087277  0.923465 -0.383683 -0.000174  1.178706 0.329938 0
0  -1.824057 -7.654412 3.087277  0.923397 0.383847 -0.000101  1.178724 0.319695 0
syringe_lod1
0  -2.398255 -7.892757 5.793283  -0.863331 -0.504637 -0.000217  1.061652 0.360609 0
0  -2.398569 -7.891356 3.218827  -0.860617 -0.509253 -0.000175  1.172976 0.360767 0
0  -2.230173 -8.058798 3.087277  -0.381538 -0.924353 -0.000490  1.178674 0.350504 0
syringe_lod1
0  -0.475817 -3.407455 1.821902  0.893790 0.003337 0.448474  1.939123 0.478928 0
0  -0.456469 -5.769392 1.800595  0.920006 -0.017656 0.391507  1.939123 0.376907 0
0  -0.568342 -5.769392 1.530508  0.419056 -0.049701 -0.906599  1.926633 0.376907 0
syringe_lod1
0  -2.032042 -7.964388 6.445347  0.321566 -0.945960 -0.041892  1.581099 0.937475 0
0  -2.302129 -7.852515 6.445348  -0.923715 -0.362429 0.124082  1.568644 0.937475 0
0  -2.301905 -7.852539 5.930033  -0.923869 -0.382707 -0.000382  1.568644 0.959821 0
syringe_lod1
0  -0.726555 -5.769392 1.912468  -0.406034 0.048721 0.912558  1.901702 0.376907 0
0  -0.838429 -5.769392 1.642382  -0.902468 0.010617 -0.430627  1.914192 0.376907 0
0  -0.849986 -6.009829 1.658382  -0.857734 0.202096 -0.472704  1.914192 0.364855 0
syringe_lod1
0  -1.999600 -3.251639 6.812611  -0.071779 -0.971490 -0.225954  0.975383 0.491658 0
0  -2.020913 -3.167379 6.746276  -0.235195 -0.637259 -0.733883  0.979489 0.489436 0
0  -1.870295 -3.167258 6.752031  0.291606 -0.637081 -0.713508  0.980789 0.496857 0
syringe_lod1
0  -2.054697 -3.251683 7.067704  -0.158550 -0.971567 0.175841  0.964403 0.491846 0
0  -1.959261 -3.251606 7.106627  -0.008281 -0.971444 0.237123  0.963711 0.496121 0
0  -1.961921 -3.167332 7.176252  -0.028819 -0.637193 0.770166  0.959168 0.497198 0
syringe_lod1
0  -2.081025 -3.251705 6.875799  -0.200100 -0.971585 -0.126422  0.972011 0.488935 0
0  -1.999600 -3.251639 6.812611  -0.071779 -0.971490 -0.225954  0.975383 0.491658 0
0  -1.896608 -3.251556 6.816546  0.090412 -0.971369 -0.219699  0.976211 0.495919 0
syringe_lod1
0  -1.896608 -3.251556 6.816546  0.090412 -0.971369 -0.219699  0.976211 0.495919 0
0  -1.820240 -3.251494 6.885763  0.210646 -0.971277 -0.110673  0.974117 0.499716 0
0  -1.806231 -3.251482 6.987874  0.232630 -0.971274 0.050105  0.970052 0.501309 0
syringe_lod1
0  -1.806231 -3.251482 6.987874  0.232630 -0.971274 0.050105  0.970052 0.501309 0
0  -1.861134 -3.251527 7.075099  0.146247 -0.971326 0.187453  0.965933 0.499849 0
0  -1.959261 -3.251606 7.106627  -0.008281 -0.971444 0.237123  0.963711 0.496121 0
syringe_lod1
0  -1.959261 -3.251606 7.106627  -0.008281 -0.971444 0.237123  0.963711 0.496121 0
0  -2.054697 -3.251683 7.067704  -0.158550 -0.971567 0.175841  0.964403 0.491846 0
0  -2.102784 -3.251722 6.976543  -0.234312 -0.971626 0.032269  0.967704 0.489097 0
syringe_lod1
0  -2.102784 -3.251722 6.976543  -0.234312 -0.971626 0.032269  0.967704 0.489097 0
0  -2.081025 -3.251705 6.875799  -0.200100 -0.971585 -0.126422  0.972011 0.488935 0
0  -1.896608 -3.251556 6.816546  0.090412 -0.971369 -0.219699  0.976211 0.495919 0
syringe_lod1
0  -1.896608 -3.251556 6.816546  0.090412 -0.971369 -0.219699  0.976211 0.495919 0
0  -1.806231 -3.251482 6.987874  0.232630 -0.971274 0.050105  0.970052 0.501309 0
0  -2.102784 -3.251722 6.976543  -0.234312 -0.971626 0.032269  0.967704 0.489097 0
syringe_lod1
0  -2.102784 -3.251722 6.976543  -0.234312 -0.971626 0.032269  0.967704 0.489097 0
0  -2.171813 -3.167501 6.986014  -0.763345 -0.637432 0.104807  0.965963 0.484559 0
0  -2.139991 -3.167475 6.838683  -0.651941 -0.637393 -0.410736  0.973665 0.484559 0
syringe_lod1
0  -2.054697 -3.251683 7.067704  -0.158550 -0.971567 0.175841  0.964403 0.491846 0
0  -2.101488 -3.167444 7.119330  -0.517158 -0.637353 0.571252  0.960245 0.489700 0
0  -2.171813 -3.167501 6.986014  -0.763345 -0.637432 0.104807  0.965963 0.484559 0
syringe_lod1
0  -1.999600 -3.251639 6.812611  -0.071779 -0.971490 -0.225954  0.975383 0.491658 0
0  -2.081025 -3.251705 6.875799  -0.200100 -0.971585 -0.126422  0.972011 0.488935 0
0  -2.139991 -3.167475 6.838683  -0.651941 -0.637393 -0.410736  0.973665 0.484559 0
syringe_lod1
0  -1.820240 -3.251494 6.885763  0.210646 -0.971277 -0.110673  0.974117 0.499716 0
0  -1.896608 -3.251556 6.816546  0.090412 -0.971369 -0.219699  0.976211 0.495919 0
0  -1.870295 -3.167258 6.752031  0.291606 -0.637081 -0.713508  0.980789 0.496857 0
syringe_lod1
0  -1.820240 -3.251494 6.885763  0.210646 -0.971277 -0.110673  0.974117 0.499716 0
0  -1.758614 -3.167167 6.853254  0.681977 -0.636958 -0.359433  0.977046 0.503330 0
0  -1.738126 -3.167150 7.002583  0.753570 -0.636933 0.162630  0.970129 0.505846 0
syringe_lod1
0  -1.806231 -3.251482 6.987874  0.232630 -0.971274 0.050105  0.970052 0.501309 0
0  -1.738126 -3.167150 7.002583  0.753570 -0.636933 0.162630  0.970129 0.505846 0
0  -1.818419 -3.167216 7.130145  0.472960 -0.637026 0.608693  0.963127 0.503557 0
syringe_lod1
0  -1.961921 -3.167332 7.176252  -0.028819 -0.637193 0.770166  0.959168 0.497198 0
0  -1.959261 -3.251606 7.106627  -0.008281 -0.971444 0.237123  0.963711 0.496121 0
0  -1.861134 -3.251527 7.075099  0.146247 -0.971326 0.187453  0.965933 0.499849 0
syringe_lod1
0  1.999511 -3.251639 6.812611  0.071830 -0.971492 -0.225929  1.975383 0.491658 0
0  1.896519 -3.251555 6.816546  -0.090379 -0.971371 -0.219706  1.976211 0.495919 0
0  1.870206 -3.167258 6.752030  -0.291602 -0.637090 -0.713502  1.980789 0.496857 0
syringe_lod1
0  2.054607 -3.251683 7.067703  0.158571 -0.971573 0.175788  1.964403 0.491846 0
0  2.101399 -3.167444 7.119330  0.517158 -0.637353 0.571252  1.960245 0.489700 0
0  1.961832 -3.167331 7.176252  0.028827 -0.637188 0.770169  1.959168 0.497198 0
syringe_lod1
0  1.896519 -3.251555 6.816546  -0.090379 -0.971371 -0.219706  1.976211 0.495919 0
0  1.999511 -3.251639 6.812611  0.071830 -0.971492 -0.225929  1.975383 0.491658 0
0  2.080936 -3.251705 6.875800  0.200090 -0.971588 -0.126416  1.972011 0.488935 0
syringe_lod1
0  2.080936 -3.251705 6.875800  0.200090 -0.971588 -0.126416  1.972011 0.488935 0
0  2.102695 -3.251722 6.976544  0.234348 -0.971618 0.032249  1.967704 0.489097 0
0  2.054607 -3.251683 7.067703  0.158571 -0.971573 0.175788  1.964403 0.491846 0
syringe_lod1
0  2.054607 -3.251683 7.067703  0.158571 -0.971573 0.175788  1.964403 0.491846 0
0  1.959172 -3.251606 7.106627  0.008272 -0.971442 0.237132  1.963711 0.496121 0
0  1.861045 -3.251527 7.075100  -0.146252 -0.971325 0.187453  1.965933 0.499849 0
syringe_lod1
0  1.861045 -3.251527 7.075100  -0.146252 -0.971325 0.187453  1.965933 0.499849 0
0  1.806142 -3.251483 6.987874  -0.232674 -0.971264 0.050088  1.970052 0.501309 0
0  1.820151 -3.251494 6.885763  -0.210646 -0.971277 -0.110678  1.974117 0.499716 0
syringe_lod1
0  1.820151 -3.251494 6.885763  -0.210646 -0.971277 -0.110678  1.974117 0.499716 0
0  1.896519 -3.251555 6.816546  -0.090379 -0.971371 -0.219706  1.976211 0.495919 0
0  2.080936 -3.251705 6.875800  0.200090 -0.971588 -0.126416  1.972011 0.488935 0
syringe_lod1
0  2.080936 -3.251705 6.875800  0.200090 -0.971588 -0.126416  1.972011 0.488935 0
0  2.054607 -3.251683 7.067703  0.158571 -0.971573 0.175788  1.964403 0.491846 0
0  1.820151 -3.251494 6.885763  -0.210646 -0.971277 -0.110678  1.974117 0.499716 0
syringe_lod1
0  2.102695 -3.251722 6.976544  0.234348 -0.971618 0.032249  1.967704 0.489097 0
0  2.080936 -3.251705 6.875800  0.200090 -0.971588 -0.126416  1.972011 0.488935 0
0  2.139902 -3.167475 6.838683  0.651941 -0.637394 -0.410733  1.973665 0.484559 0
syringe_lod1
0  2.054607 -3.251683 7.067703  0.158571 -0.971573 0.175788  1.964403 0.491846 0
0  2.102695 -3.251722 6.976544  0.234348 -0.971618 0.032249  1.967704 0.489097 0
0  2.171724 -3.167501 6.986014  0.763343 -0.637434 0.104808  1.965963 0.484559 0
syringe_lod1
0  1.999511 -3.251639 6.812611  0.071830 -0.971492 -0.225929  1.975383 0.491658 0
0  2.020824 -3.167379 6.746275  0.235198 -0.637263 -0.733879  1.979489 0.489436 0
0  2.139902 -3.167475 6.838683  0.651941 -0.637394 -0.410733  1.973665 0.484559 0
syringe_lod1
0  1.820151 -3.251494 6.885763  -0.210646 -0.971277 -0.110678  1.974117 0.499716 0
0  1.758525 -3.167167 6.853255  -0.681982 -0.636954 -0.359431  1.977046 0.503330 0
0  1.870206 -3.167258 6.752030  -0.291602 -0.637090 -0.713502  1.980789 0.496857 0
syringe_lod1
0  1.820151 -3.251494 6.885763  -0.210646 -0.971277 -0.110678  1.974117 0.499716 0
0  1.806142 -3.251483 6.987874  -0.232674 -0.971264 0.050088  1.970052 0.501309 0
0  1.738037 -3.167151 7.002583  -0.753569 -0.636934 0.162632  1.970129 0.505846 0
syringe_lod1
0  1.806142 -3.251483 6.987874  -0.232674 -0.971264 0.050088  1.970052 0.501309 0
0  1.861045 -3.251527 7.075100  -0.146252 -0.971325 0.187453  1.965933 0.499849 0
0  1.818329 -3.167216 7.130145  -0.472961 -0.637021 0.608697  1.963127 0.503557 0
syringe_lod1
0  1.961832 -3.167331 7.176252  0.028827 -0.637188 0.770169  1.959168 0.497198 0
0  1.818329 -3.167216 7.130145  -0.472961 -0.637021 0.608697  1.963127 0.503557 0
0  1.861045 -3.251527 7.075100  -0.146252 -0.971325 0.187453  1.965933 0.499849 0
syringe_lod1
0  -1.999600 -3.251639 3.433034  -0.071832 -0.971491 0.225931  2.975383 0.491658 0
0  -1.896608 -3.251556 3.429099  0.090381 -0.971370 0.219708  2.976211 0.495919 0
0  -1.870295 -3.167258 3.493615  0.291602 -0.637088 0.713504  2.980789 0.496857 0
syringe_lod1
0  -2.054696 -3.251683 3.177940  -0.158575 -0.971571 -0.175797  2.964403 0.491846 0
0  -2.101488 -3.167444 3.126316  -0.517164 -0.637348 -0.571252  2.960245 0.489700 0
0  -1.961921 -3.167331 3.069393  -0.028824 -0.637187 -0.770170  2.959168 0.497198 0
syringe_lod1
0  -1.896608 -3.251556 3.429099  0.090381 -0.971370 0.219708  2.976211 0.495919 0
0  -1.999600 -3.251639 3.433034  -0.071832 -0.971491 0.225931  2.975383 0.491658 0
0  -2.081024 -3.251705 3.369845  -0.200103 -0.971585 0.126414  2.972011 0.488935 0
syringe_lod1
0  -2.081024 -3.251705 3.369845  -0.200103 -0.971585 0.126414  2.972011 0.488935 0
0  -2.102784 -3.251722 3.269102  -0.234330 -0.971621 -0.032296  2.967704 0.489097 0
0  -2.054696 -3.251683 3.177940  -0.158575 -0.971571 -0.175797  2.964403 0.491846 0
syringe_lod1
0  -2.054696 -3.251683 3.177940  -0.158575 -0.971571 -0.175797  2.964403 0.491846 0
0  -1.959261 -3.251606 3.139018  -0.008269 -0.971438 -0.237148  2.963711 0.496121 0
0  -2.081024 -3.251705 3.369845  -0.200103 -0.971585 0.126414  2.972011 0.488935 0
syringe_lod1
0  -1.959261 -3.251606 3.139018  -0.008269 -0.971438 -0.237148  2.963711 0.496121 0
0  -1.861135 -3.251527 3.170545  0.146255 -0.971323 -0.187457  2.965933 0.499849 0
0  -2.081024 -3.251705 3.369845  -0.200103 -0.971585 0.126414  2.972011 0.488935 0
syringe_lod1
0  -1.861135 -3.251527 3.170545  0.146255 -0.971323 -0.187457  2.965933 0.499849 0
0  -1.806231 -3.251482 3.257771  0.232676 -0.971264 -0.050087  2.970052 0.501309 0
0  -1.820240 -3.251494 3.359883  0.210601 -0.971286 0.110681  2.974117 0.499716 0
syringe_lod1
0  -1.820240 -3.251494 3.359883  0.210601 -0.971286 0.110681  2.974117 0.499716 0
0  -1.896608 -3.251556 3.429099  0.090381 -0.971370 0.219708  2.976211 0.495919 0
0  -2.081024 -3.251705 3.369845  -0.200103 -0.971585 0.126414  2.972011 0.488935 0
syringe_lod1
0  -2.102784 -3.251722 3.269102  -0.234330 -0.971621 -0.032296  2.967704 0.489097 0
0  -2.081024 -3.251705 3.369845  -0.200103 -0.971585 0.126414  2.972011 0.488935 0
0  -2.139991 -3.167475 3.406962  -0.651938 -0.637397 0.410733  2.973665 0.484559 0
syringe_lod1
0  -2.054696 -3.251683 3.177940  -0.158575 -0.971571 -0.175797  2.964403 0.491846 0
0  -2.102784 -3.251722 3.269102  -0.234330 -0.971621 -0.032296  2.967704 0.489097 0
0  -2.171813 -3.167501 3.259631  -0.763344 -0.637432 -0.104812  2.965963 0.484559 0
syringe_lod1
0  -1.999600 -3.251639 3.433034  -0.071832 -0.971491 0.225931  2.975383 0.491658 0
0  -2.020913 -3.167379 3.499370  -0.235197 -0.637262 0.733880  2.979489 0.489436 0
0  -2.139991 -3.167475 3.406962  -0.651938 -0.637397 0.410733  2.973665 0.484559 0
syringe_lod1
0  -1.820240 -3.251494 3.359883  0.210601 -0.971286 0.110681  2.974117 0.499716 0
0  -1.758614 -3.167167 3.392391  0.681982 -0.636954 0.359431  2.977046 0.503330 0
0  -1.870295 -3.167258 3.493615  0.291602 -0.637088 0.713504  2.980789 0.496857 0
syringe_lod1
0  -1.820240 -3.251494 3.359883  0.210601 -0.971286 0.110681  2.974117 0.499716 0
0  -1.806231 -3.251482 3.257771  0.232676 -0.971264 -0.050087  2.970052 0.501309 0
0  -1.738126 -3.167150 3.243062  0.753573 -0.636930 -0.162630  2.970129 0.505846 0
syringe_lod1
0  -1.806231 -3.251482 3.257771  0.232676 -0.971264 -0.050087  2.970052 0.501309 0
0  -1.861135 -3.251527 3.170545  0.146255 -0.971323 -0.187457  2.965933 0.499849 0
0  -1.818419 -3.167216 3.115500  0.472957 -0.637025 -0.608696  2.963127 0.503557 0
syringe_lod1
0  -1.961921 -3.167331 3.069393  -0.028824 -0.637187 -0.770170  2.959168 0.497198 0
0  -1.818419 -3.167216 3.115500  0.472957 -0.637025 -0.608696  2.963127 0.503557 0
0  -1.861135 -3.251527 3.170545  0.146255 -0.971323 -0.187457  2.965933 0.499849 0
syringe_lod1
0  1.999511 -3.251639 3.433034  0.071781 -0.971491 0.225949  3.975383 0.491658 0
0  2.020824 -3.167379 3.499369  0.235197 -0.637257 0.733884  3.979489 0.489436 0
0  1.870206 -3.167258 3.493615  -0.291603 -0.637086 0.713505  3.980789 0.496857 0
syringe_lod1
0  2.054607 -3.251683 3.177940  0.158546 -0.971568 -0.175838  3.964403 0.491846 0
0  1.959172 -3.251606 3.139018  0.008290 -0.971448 -0.237109  3.963711 0.496121 0
0  1.961832 -3.167331 3.069394  0.028826 -0.637187 -0.770170  3.959168 0.497198 0
syringe_lod1
0  2.080936 -3.251705 3.369845  0.200058 -0.971595 0.126415  3.972011 0.488935 0
0  1.999511 -3.251639 3.433034  0.071781 -0.971491 0.225949  3.975383 0.491658 0
0  1.896519 -3.251556 3.429099  -0.090399 -0.971375 0.219678  3.976211 0.495919 0
syringe_lod1
0  1.896519 -3.251556 3.429099  -0.090399 -0.971375 0.219678  3.976211 0.495919 0
0  1.820151 -3.251494 3.359883  -0.210641 -0.971278 0.110674  3.974117 0.499716 0
0  1.959172 -3.251606 3.139018  0.008290 -0.971448 -0.237109  3.963711 0.496121 0
syringe_lod1
0  1.820151 -3.251494 3.359883  -0.210641 -0.971278 0.110674  3.974117 0.499716 0
0  1.806142 -3.251483 3.257771  -0.232667 -0.971265 -0.050095  3.970052 0.501309 0
0  1.959172 -3.251606 3.139018  0.008290 -0.971448 -0.237109  3.963711 0.496121 0
syringe_lod1
0  1.806142 -3.251483 3.257771  -0.232667 -0.971265 -0.050095  3.970052 0.501309 0
0  1.861045 -3.251527 3.170545  -0.146240 -0.971327 -0.187452  3.965933 0.499849 0
0  1.959172 -3.251606 3.139018  0.008290 -0.971448 -0.237109  3.963711 0.496121 0
syringe_lod1
0  1.959172 -3.251606 3.139018  0.008290 -0.971448 -0.237109  3.963711 0.496121 0
0  2.054607 -3.251683 3.177940  0.158546 -0.971568 -0.175838  3.964403 0.491846 0
0  2.102695 -3.251722 3.269102  0.234327 -0.971621 -0.032295  3.967704 0.489097 0
syringe_lod1
0  2.102695 -3.251722 3.269102  0.234327 -0.971621 -0.032295  3.967704 0.489097 0
0  2.080936 -3.251705 3.369845  0.200058 -0.971595 0.126415  3.972011 0.488935 0
0  1.959172 -3.251606 3.139018  0.008290 -0.971448 -0.237109  3.963711 0.496121 0
syringe_lod1
0  2.102695 -3.251722 3.269102  0.234327 -0.971621 -0.032295  3.967704 0.489097 0
0  2.171724 -3.167501 3.259631  0.763346 -0.637431 -0.104811  3.965963 0.484559 0
0  2.139902 -3.167475 3.406962  0.651940 -0.637393 0.410736  3.973665 0.484559 0
syringe_lod1
0  2.054607 -3.251683 3.177940  0.158546 -0.971568 -0.175838  3.964403 0.491846 0
0  2.101399 -3.167444 3.126316  0.517164 -0.637347 -0.571253  3.960245 0.489700 0
0  2.171724 -3.167501 3.259631  0.763346 -0.637431 -0.104811  3.965963 0.484559 0
syringe_lod1
0  1.999511 -3.251639 3.433034  0.071781 -0.971491 0.225949  3.975383 0.491658 0
0  2.080936 -3.251705 3.369845  0.200058 -0.971595 0.126415  3.972011 0.488935 0
0  2.139902 -3.167475 3.406962  0.651940 -0.637393 0.410736  3.973665 0.484559 0
syringe_lod1
0  1.820151 -3.251494 3.359883  -0.210641 -0.971278 0.110674  3.974117 0.499716 0
0  1.896519 -3.251556 3.429099  -0.090399 -0.971375 0.219678  3.976211 0.495919 0
0  1.870206 -3.167258 3.493615  -0.291603 -0.637086 0.713505  3.980789 0.496857 0
syringe_lod1
0  1.820151 -3.251494 3.359883  -0.210641 -0.971278 0.110674  3.974117 0.499716 0
0  1.758525 -3.167167 3.392390  -0.681981 -0.636955 0.359431  3.977046 0.503330 0
0  1.738037 -3.167151 3.243062  -0.753570 -0.636934 -0.162629  3.970129 0.505846 0
syringe_lod1
0  1.806142 -3.251483 3.257771  -0.232667 -0.971265 -0.050095  3.970052 0.501309 0
0  1.738037 -3.167151 3.243062  -0.753570 -0.636934 -0.162629  3.970129 0.505846 0
0  1.818329 -3.167216 3.115500  -0.472957 -0.637025 -0.608696  3.963127 0.503557 0
syringe_lod1
0  1.961832 -3.167331 3.069394  0.028826 -0.637187 -0.770170  3.959168 0.497198 0
0  1.959172 -3.251606 3.139018  0.008290 -0.971448 -0.237109  3.963711 0.496121 0
0  1.861045 -3.251527 3.170545  -0.146240 -0.971327 -0.187452  3.965933 0.499849 0
syringe_lod1
0  0.546087 -5.959689 6.108459  0.707106 0.000000 0.707107  0.377798 0.221420 0
0  0.199882 -5.959688 6.308341  0.258819 -0.000009 0.965926  0.395084 0.221420 0
0  0.199882 -6.059780 6.308340  0.258820 -0.000007 0.965926  0.395084 0.225748 0
syringe_lod1
0  -0.546087 -6.059780 5.016285  -0.707106 0.000000 -0.707107  0.481517 0.225748 0
0  -0.546087 -5.959688 5.016285  -0.707106 0.000000 -0.707107  0.481517 0.221420 0
0  -0.199882 -5.959688 4.816403  -0.258817 0.000004 -0.965926  0.498804 0.221420 0
syringe_lod1
0  0.745969 -5.959688 5.362490  0.965926 0.000001 -0.258818  0.343225 0.221420 0
0  0.745969 -5.959688 5.762254  0.965925 -0.000002 0.258821  0.360511 0.221420 0
0  0.745969 -6.059780 5.762253  0.965926 -0.000001 0.258819  0.360511 0.225748 0
syringe_lod1
0  0.546087 -6.059780 5.016285  0.707104 0.000001 -0.707109  0.325938 0.225748 0
0  0.546087 -5.959688 5.016285  0.707104 0.000001 -0.707109  0.325938 0.221420 0
0  0.745969 -5.959688 5.362490  0.965926 0.000001 -0.258818  0.343225 0.221420 0
syringe_lod1
0  0.386142 -6.059780 3.001460  0.500000 -0.000000 -0.866026  0.525223 0.285270 0
0  0.386142 -5.959687 3.001460  0.499999 -0.000000 -0.866026  0.525223 0.280942 0
0  0.668817 -5.959688 3.284135  0.866026 0.000001 -0.499999  0.542510 0.280942 0
syringe_lod1
0  -0.000000 -6.059780 4.442561  0.000000 -0.000000 1.000000  0.611656 0.285270 0
0  -0.000000 -5.959688 4.442561  0.000000 -0.000000 1.000000  0.611656 0.280942 0
0  -0.386142 -5.959687 4.339095  -0.499996 0.000000 0.866028  0.628942 0.280942 0
syringe_lod1
0  0.668817 -5.959688 3.284135  0.866026 0.000001 -0.499999  0.542510 0.280942 0
0  0.772283 -5.959687 3.670277  1.000000 0.000000 0.000002  0.559796 0.280942 0
0  0.772284 -6.059780 3.670277  1.000000 0.000000 0.000001  0.559796 0.285270 0
syringe_lod1
0  -0.386142 -6.059780 4.339095  -0.499996 0.000000 0.866028  0.628942 0.285270 0
0  -0.386142 -5.959687 4.339095  -0.499996 0.000000 0.866028  0.628942 0.280942 0
0  -0.668817 -5.959688 4.056419  -0.866025 0.000000 0.500001  0.646229 0.280942 0
syringe_lod1
0  0.772284 -6.059780 3.670277  1.000000 0.000000 0.000001  0.559796 0.285270 0
0  0.772283 -5.959687 3.670277  1.000000 0.000000 0.000002  0.559796 0.280942 0
0  0.668817 -5.959688 4.056419  0.866025 0.000001 0.500001  0.577083 0.280942 0
syringe_lod1
0  0.745969 -6.059780 5.762253  0.965926 -0.000001 0.258819  0.360511 0.225748 0
0  0.745969 -5.959688 5.762254  0.965925 -0.000002 0.258821  0.360511 0.221420 0
0  0.546087 -5.959689 6.108459  0.707106 0.000000 0.707107  0.377798 0.221420 0
syringe_lod1
0  -0.546087 -6.059780 6.108459  -0.707104 0.000000 0.707109  0.429657 0.225748 0
0  -0.546087 -5.959688 6.108459  -0.707105 0.000001 0.707109  0.429657 0.221420 0
0  -0.745969 -5.959687 5.762254  -0.965925 0.000000 0.258821  0.446944 0.221420 0
syringe_lod1
0  -0.745969 -5.959688 5.362490  -0.965926 0.000000 -0.258818  0.464231 0.221420 0
0  -0.546087 -5.959688 5.016285  -0.707106 0.000000 -0.707107  0.481517 0.221420 0
0  -0.546087 -6.059780 5.016285  -0.707106 0.000000 -0.707107  0.481517 0.225748 0
syringe_lod1
0  -0.296822 -6.166188 4.184387  -0.475620 -0.308461 0.823795  0.384824 0.133249 0
0  -0.514110 -6.166188 3.967098  -0.823795 -0.308461 0.475619  0.371901 0.133249 0
0  -0.486019 -6.266215 3.950881  -0.823795 -0.308461 0.475619  0.371901 0.128715 0
syringe_lod1
0  0.199882 -6.059780 4.816403  0.258819 0.000000 -0.965926  0.308651 0.225748 0
0  -0.199882 -6.059780 4.816403  -0.258816 0.000005 -0.965927  0.291365 0.225748 0
0  -0.199882 -5.959688 4.816403  -0.258817 0.000004 -0.965926  0.291365 0.221420 0
syringe_lod1
0  -0.000000 -6.059780 2.897994  -0.000000 -0.859136 -0.511748  0.085060 0.688895 0
0  0.386142 -6.059780 3.001460  0.255874 -0.859136 -0.443187  0.085060 0.673624 0
0  0.296822 -6.166188 3.156167  0.255874 -0.859135 -0.443187  0.093835 0.673624 0
syringe_lod1
0  -0.668817 -6.059780 4.056419  -0.866025 0.000000 0.500000  0.646229 0.285270 0
0  -0.668817 -5.959688 4.056419  -0.866025 0.000000 0.500001  0.646229 0.280942 0
0  -0.772284 -5.959687 3.670277  -1.000000 0.000000 0.000000  0.663516 0.280942 0
syringe_lod1
0  -0.573415 -6.166188 5.408726  -0.494310 -0.859136 -0.132450  0.068438 0.643082 0
0  -0.745969 -6.059780 5.362490  -0.494309 -0.859137 -0.132449  0.077213 0.643082 0
0  -0.546087 -6.059780 5.016285  -0.361861 -0.859135 -0.361861  0.077213 0.658353 0
syringe_lod1
0  -0.546087 -6.059780 6.108459  -0.361861 -0.859135 0.361860  0.077213 0.612540 0
0  -0.745969 -6.059780 5.762254  -0.494310 -0.859136 0.132449  0.077213 0.627811 0
0  -0.573415 -6.166188 5.716018  -0.494310 -0.859136 0.132450  0.068438 0.627811 0
syringe_lod1
0  -0.386142 -6.059780 3.001460  -0.255874 -0.859135 -0.443187  0.085060 0.520915 0
0  -0.000000 -6.059780 2.897994  -0.000000 -0.859136 -0.511748  0.085060 0.505644 0
0  0.000000 -6.166188 3.076634  0.000001 -0.859135 -0.511749  0.093835 0.505644 0
syringe_lod1
0  -0.668817 -6.059780 3.284135  -0.443187 -0.859136 -0.255874  0.085060 0.536186 0
0  -0.514110 -6.166188 3.373456  -0.443187 -0.859135 -0.255874  0.093835 0.536186 0
0  -0.593643 -6.166188 3.670277  -0.511748 -0.859136 0.000000  0.093835 0.551456 0
syringe_lod1
0  0.546087 -6.059780 5.016285  0.361861 -0.859135 -0.361861  0.077213 0.520915 0
0  0.745969 -6.059780 5.362490  0.494309 -0.859136 -0.132449  0.077213 0.536186 0
0  0.573415 -6.166188 5.408726  0.494310 -0.859136 -0.132450  0.068438 0.536186 0
syringe_lod1
0  0.745969 -6.059780 5.762253  0.494309 -0.859137 0.132450  0.077213 0.551456 0
0  0.546087 -6.059780 6.108459  0.361861 -0.859135 0.361862  0.077213 0.566727 0
0  0.419769 -6.166188 5.982141  0.361860 -0.859135 0.361862  0.068438 0.566727 0
syringe_lod1
0  -0.000000 -6.059780 4.442561  -0.000000 -0.859136 0.511748  0.085060 0.597269 0
0  0.000000 -6.166188 4.263920  -0.000000 -0.859134 0.511751  0.093835 0.597269 0
0  0.296822 -6.166188 4.184387  0.255873 -0.859136 0.443186  0.093835 0.612540 0
syringe_lod1
0  -0.668817 -6.059780 4.056419  -0.443187 -0.859136 0.255873  0.085060 0.566727 0
0  -0.772284 -6.059780 3.670277  -0.511748 -0.859136 0.000000  0.085060 0.551456 0
0  -0.593643 -6.166188 3.670277  -0.511748 -0.859136 0.000000  0.093835 0.551456 0
syringe_lod1
0  -0.199882 -6.059780 4.816403  -0.132452 -0.859134 -0.494312  0.077213 0.673624 0
0  0.199882 -6.059780 4.816403  0.132452 -0.859135 -0.494312  0.077213 0.688895 0
0  0.153646 -6.166188 4.988956  0.132452 -0.859135 -0.494312  0.068438 0.688895 0
syringe_lod1
0  0.772284 -6.059780 3.670277  0.511748 -0.859136 0.000001  0.085060 0.643082 0
0  0.668817 -6.059780 4.056419  0.443185 -0.859137 0.255873  0.085060 0.627811 0
0  0.514110 -6.166188 3.967098  0.443185 -0.859136 0.255873  0.093835 0.627811 0
syringe_lod1
0  -0.153646 -6.166188 6.135787  -0.132451 -0.859137 0.494308  0.068438 0.597269 0
0  0.153646 -6.166188 6.135787  0.132451 -0.859134 0.494313  0.068438 0.581998 0
0  0.199882 -6.059780 6.308340  0.132451 -0.859135 0.494312  0.077213 0.581998 0
syringe_lod1
0  -0.000000 -6.059780 4.442561  -0.000000 -0.859136 0.511748  0.085060 0.597269 0
0  -0.386142 -6.059780 4.339095  -0.255873 -0.859138 0.443184  0.085060 0.581998 0
0  -0.296822 -6.166188 4.184387  -0.255873 -0.859137 0.443185  0.093835 0.581998 0
syringe_lod1
0  0.772284 -6.059780 3.670277  0.511748 -0.859136 0.000001  0.085060 0.643082 0
0  0.593643 -6.166188 3.670277  0.511748 -0.859135 0.000001  0.093835 0.643082 0
0  0.514110 -6.166188 3.373456  0.443186 -0.859135 -0.255876  0.093835 0.658353 0
syringe_lod1
0  -0.546087 -6.059780 5.016285  -0.361861 -0.859135 -0.361861  0.077213 0.658353 0
0  -0.199882 -6.059780 4.816403  -0.132452 -0.859134 -0.494312  0.077213 0.673624 0
0  -0.153646 -6.166188 4.988956  -0.132451 -0.859134 -0.494312  0.068438 0.673624 0
syringe_lod1
0  -0.546087 -6.059780 6.108459  -0.361861 -0.859135 0.361860  0.077213 0.612540 0
0  -0.419769 -6.166188 5.982141  -0.361861 -0.859135 0.361863  0.068438 0.612540 0
0  -0.153646 -6.166188 6.135787  -0.132451 -0.859137 0.494308  0.068438 0.597269 0
syringe_lod1
0  0.546087 -6.059780 6.108459  0.361861 -0.859135 0.361862  0.077213 0.566727 0
0  0.199882 -6.059780 6.308340  0.132451 -0.859135 0.494312  0.077213 0.581998 0
0  0.153646 -6.166188 6.135787  0.132451 -0.859134 0.494313  0.068438 0.581998 0
syringe_lod1
0  -0.153646 -6.166188 6.135787  -0.246199 -0.308460 0.918824  0.172213 0.166836 0
0  -0.145251 -6.266215 6.104456  -0.246198 -0.308461 0.918825  0.167679 0.166836 0
0  0.145251 -6.266214 6.104456  0.246203 -0.308463 0.918822  0.167679 0.153913 0
syringe_lod1
0  0.745969 -6.059780 5.362490  0.494309 -0.859136 -0.132449  0.077213 0.536186 0
0  0.745969 -6.059780 5.762253  0.494309 -0.859137 0.132450  0.077213 0.551456 0
0  0.573415 -6.166188 5.716018  0.494309 -0.859137 0.132450  0.068438 0.551456 0
syringe_lod1
0  0.419769 -6.166188 5.982141  0.672624 -0.308463 0.672627  0.172213 0.140990 0
0  0.396833 -6.266215 5.959205  0.672626 -0.308463 0.672626  0.167679 0.140990 0
0  0.542084 -6.266215 5.707623  0.918824 -0.308464 0.246196  0.167679 0.128067 0
syringe_lod1
0  -0.419769 -6.166188 5.982141  -0.672626 -0.308462 0.672626  0.172213 0.179760 0
0  -0.396833 -6.266215 5.959205  -0.672625 -0.308463 0.672627  0.167679 0.179760 0
0  -0.145251 -6.266215 6.104456  -0.246198 -0.308461 0.918825  0.167679 0.166836 0
syringe_lod1
0  0.145251 -6.266215 5.020288  0.246198 -0.308463 -0.918824  0.167679 0.089297 0
0  0.153646 -6.166188 4.988956  0.246198 -0.308463 -0.918824  0.172213 0.089297 0
0  0.419769 -6.166188 5.142603  0.672626 -0.308462 -0.672626  0.172213 0.102220 0
syringe_lod1
0  -0.593643 -6.166188 3.670277  -0.951237 -0.308462 -0.000002  0.358978 0.133249 0
0  -0.514110 -6.166188 3.373456  -0.823795 -0.308466 -0.475616  0.346055 0.133249 0
0  -0.486019 -6.266214 3.389674  -0.823795 -0.308466 -0.475616  0.346055 0.128715 0
syringe_lod1
0  0.542084 -6.266214 5.417121  0.918824 -0.308466 -0.246196  0.167679 0.115144 0
0  0.573415 -6.166188 5.408726  0.918824 -0.308465 -0.246196  0.172213 0.115144 0
0  0.573415 -6.166188 5.716018  0.918824 -0.308464 0.246197  0.172213 0.128067 0
syringe_lod1
0  0.296822 -6.166188 4.184387  0.475620 -0.308461 0.823795  0.410671 0.133249 0
0  0.000000 -6.166188 4.263920  0.000000 -0.308460 0.951237  0.397748 0.133249 0
0  0.000000 -6.266215 4.231484  0.000000 -0.308461 0.951237  0.397748 0.128715 0
syringe_lod1
0  -0.514110 -6.166188 3.373456  -0.823795 -0.308466 -0.475616  0.346055 0.133249 0
0  -0.296821 -6.166188 3.156167  -0.475618 -0.308464 -0.823795  0.333132 0.133249 0
0  -0.280603 -6.266215 3.184258  -0.475619 -0.308464 -0.823794  0.333132 0.128715 0
syringe_lod1
0  -0.396833 -6.266215 5.959205  -0.018546 -0.999656 0.018543  0.131562 0.606113 0
0  -0.542084 -6.266215 5.707623  -0.025328 -0.999656 0.006787  0.131562 0.616159 0
0  -0.326296 -6.272075 5.649803  -0.025331 -0.999656 0.006785  0.122214 0.616159 0
syringe_lod1
0  -0.419769 -6.166188 5.982141  -0.672626 -0.308462 0.672626  0.172213 0.179760 0
0  -0.573415 -6.166188 5.716018  -0.918824 -0.308461 0.246198  0.172213 0.192683 0
0  -0.542084 -6.266215 5.707623  -0.918825 -0.308461 0.246196  0.167679 0.192683 0
syringe_lod1
0  0.514110 -6.166188 3.967098  0.823795 -0.308462 0.475619  0.423594 0.133249 0
0  0.486019 -6.266215 3.950881  0.823795 -0.308462 0.475619  0.423594 0.128715 0
0  0.561207 -6.266215 3.670277  0.951236 -0.308463 -0.000001  0.436517 0.128715 0
syringe_lod1
0  -0.396833 -6.266215 5.165539  -0.672627 -0.308461 -0.672626  0.167679 0.218529 0
0  -0.419769 -6.166188 5.142603  -0.672626 -0.308460 -0.672626  0.172213 0.218529 0
0  -0.153646 -6.166188 4.988956  -0.246198 -0.308462 -0.918824  0.172213 0.231452 0
syringe_lod1
0  -0.145251 -6.266215 5.020288  -0.246198 -0.308463 -0.918824  0.167679 0.076374 0
0  -0.153646 -6.166188 4.988956  -0.246198 -0.308462 -0.918824  0.172213 0.076374 0
0  0.153646 -6.166188 4.988956  0.246198 -0.308463 -0.918824  0.172213 0.089297 0
syringe_lod1
0  0.593643 -6.166188 3.670277  0.951236 -0.308463 -0.000001  0.436517 0.133249 0
0  0.561207 -6.266215 3.670277  0.951236 -0.308463 -0.000001  0.436517 0.128715 0
0  0.486019 -6.266214 3.389674  0.823794 -0.308465 -0.475618  0.449440 0.128715 0
syringe_lod1
0  0.396833 -6.266215 5.165539  0.672626 -0.308463 -0.672626  0.167679 0.102220 0
0  0.419769 -6.166188 5.142603  0.672626 -0.308462 -0.672626  0.172213 0.102220 0
0  0.573415 -6.166188 5.408726  0.918824 -0.308465 -0.246196  0.172213 0.115144 0
syringe_lod1
0  0.396833 -6.266215 5.959205  0.672626 -0.308463 0.672626  0.167679 0.140990 0
0  0.419769 -6.166188 5.982141  0.672624 -0.308463 0.672627  0.172213 0.140990 0
0  0.153646 -6.166188 6.135787  0.246201 -0.308463 0.918823  0.172213 0.153913 0
syringe_lod1
0  -0.573415 -6.166188 5.716018  -0.918824 -0.308461 0.246198  0.172213 0.192683 0
0  -0.573415 -6.166188 5.408726  -0.918825 -0.308461 -0.246197  0.172213 0.205606 0
0  -0.542084 -6.266215 5.417121  -0.918825 -0.308461 -0.246197  0.167679 0.205606 0
syringe_lod1
0  -0.087431 -6.272075 5.236076  -0.006788 -0.999656 -0.025330  0.122214 0.525737 0
0  -0.145251 -6.266215 5.020288  -0.006786 -0.999656 -0.025329  0.131562 0.525737 0
0  0.145251 -6.266215 5.020288  0.006786 -0.999656 -0.025331  0.131562 0.535784 0
syringe_lod1
0  0.140195 -6.424437 3.427453  0.467879 -0.352640 -0.810391  0.665183 0.228468 0
0  0.168903 -6.272076 3.377728  0.467882 -0.352641 -0.810389  0.665183 0.235480 0
0  0.292549 -6.272076 3.501374  0.810392 -0.352639 -0.467879  0.658265 0.235480 0
syringe_lod1
0  -0.280603 -6.266215 4.156296  -0.013114 -0.999656 0.022714  0.907896 0.890099 0
0  -0.168903 -6.272077 3.962826  -0.013114 -0.999656 0.022713  0.898548 0.890099 0
0  0.000000 -6.272076 4.008084  0.000003 -0.999656 0.026227  0.898548 0.880052 0
syringe_lod1
0  -0.486019 -6.266214 3.389674  -0.022716 -0.999656 -0.013115  0.907896 0.799677 0
0  -0.280603 -6.266215 3.184258  -0.013113 -0.999656 -0.022712  0.907896 0.809724 0
0  -0.168903 -6.272076 3.377728  -0.013115 -0.999656 -0.022715  0.898548 0.809724 0
syringe_lod1
0  0.238865 -6.272077 5.323506  0.661681 -0.352642 -0.661682  0.404050 0.206873 0
0  0.326296 -6.272077 5.474941  0.903874 -0.352642 -0.242191  0.397133 0.206873 0
0  0.270836 -6.424435 5.489801  0.903874 -0.352641 -0.242192  0.397133 0.199861 0
syringe_lod1
0  0.396833 -6.266215 5.959205  0.018546 -0.999656 0.018548  0.131562 0.575972 0
0  0.145251 -6.266214 6.104456  0.006790 -0.999656 0.025342  0.131562 0.586019 0
0  0.087431 -6.272076 5.888668  0.006789 -0.999656 0.025338  0.122214 0.586019 0
syringe_lod1
0  -0.145251 -6.266215 6.104456  -0.006787 -0.999656 0.025331  0.131562 0.596066 0
0  -0.087431 -6.272076 5.888668  -0.006788 -0.999656 0.025331  0.122214 0.596066 0
0  0.087431 -6.272076 5.888668  0.006789 -0.999656 0.025338  0.122214 0.586019 0
syringe_lod1
0  -0.000000 -6.266214 3.109070  0.000002 -0.999656 -0.026231  0.907896 0.819771 0
0  0.280603 -6.266214 3.184258  0.013116 -0.999656 -0.022718  0.907896 0.829818 0
0  0.168903 -6.272076 3.377728  0.013117 -0.999656 -0.022718  0.898548 0.829818 0
syringe_lod1
0  -0.087431 -6.272076 5.888668  -0.006788 -0.999656 0.025331  0.122214 0.596066 0
0  -0.145251 -6.266215 6.104456  -0.006787 -0.999656 0.025331  0.131562 0.596066 0
0  -0.396833 -6.266215 5.959205  -0.018546 -0.999656 0.018543  0.131562 0.606113 0
syringe_lod1
0  0.561207 -6.266215 3.670277  0.026228 -0.999656 -0.000001  0.907896 0.849912 0
0  0.486019 -6.266215 3.950881  0.022714 -0.999656 0.013113  0.907896 0.859959 0
0  0.292549 -6.272076 3.839181  0.022712 -0.999656 0.013112  0.898548 0.859959 0
syringe_lod1
0  0.486019 -6.266214 3.389674  0.022716 -0.999656 -0.013116  0.907896 0.839865 0
0  0.561207 -6.266215 3.670277  0.026228 -0.999656 -0.000001  0.907896 0.849912 0
0  0.337807 -6.272076 3.670277  0.026228 -0.999656 -0.000002  0.898548 0.849912 0
syringe_lod1
0  0.396833 -6.266215 5.959205  0.018546 -0.999656 0.018548  0.131562 0.575972 0
0  0.238865 -6.272077 5.801237  0.018547 -0.999656 0.018545  0.122214 0.575972 0
0  0.326296 -6.272076 5.649803  0.025337 -0.999656 0.006788  0.122214 0.565925 0
syringe_lod1
0  0.542084 -6.266214 5.417121  0.025339 -0.999656 -0.006789  0.131562 0.555878 0
0  0.542084 -6.266215 5.707623  0.025334 -0.999656 0.006788  0.131562 0.565925 0
0  0.326296 -6.272076 5.649803  0.025337 -0.999656 0.006788  0.122214 0.565925 0
syringe_lod1
0  0.292549 -6.272076 3.839181  0.022712 -0.999656 0.013112  0.898548 0.859959 0
0  0.486019 -6.266215 3.950881  0.022714 -0.999656 0.013113  0.907896 0.859959 0
0  0.280603 -6.266215 4.156296  0.013112 -0.999656 0.022711  0.907896 0.870005 0
syringe_lod1
0  0.396833 -6.266215 5.165539  0.018548 -0.999656 -0.018546  0.131562 0.545831 0
0  0.238865 -6.272077 5.323506  0.018546 -0.999656 -0.018548  0.122214 0.545831 0
0  0.087431 -6.272077 5.236076  0.006784 -0.999656 -0.025331  0.122214 0.535784 0
syringe_lod1
0  -0.542084 -6.266215 5.707623  -0.025328 -0.999656 0.006787  0.131562 0.616159 0
0  -0.542084 -6.266215 5.417121  -0.025328 -0.999656 -0.006787  0.131562 0.626206 0
0  -0.326296 -6.272075 5.474941  -0.025328 -0.999656 -0.006787  0.122214 0.626206 0
syringe_lod1
0  -0.396833 -6.266215 5.165539  -0.018541 -0.999656 -0.018542  0.131562 0.515691 0
0  -0.238865 -6.272075 5.323506  -0.018541 -0.999656 -0.018545  0.122214 0.515691 0
0  -0.326296 -6.272075 5.474941  -0.025328 -0.999656 -0.006787  0.122214 0.505644 0
syringe_lod1
0  -0.087431 -6.272076 5.888668  -0.242192 -0.352641 0.903874  0.369462 0.206873 0
0  -0.072570 -6.424437 5.833208  -0.242193 -0.352640 0.903874  0.369462 0.199861 0
0  0.072570 -6.424437 5.833208  0.242192 -0.352639 0.903874  0.376380 0.199861 0
syringe_lod1
0  -0.238865 -6.272075 5.323506  -0.661682 -0.352637 -0.661683  0.341792 0.206873 0
0  -0.087431 -6.272075 5.236076  -0.242192 -0.352636 -0.903875  0.334875 0.206873 0
0  -0.072570 -6.424436 5.291536  -0.242193 -0.352636 -0.903875  0.334875 0.199861 0
syringe_lod1
0  -0.072570 -6.424436 5.291536  -0.242193 -0.352636 -0.903875  0.417885 0.199861 0
0  -0.087431 -6.272075 5.236076  -0.242192 -0.352636 -0.903875  0.417885 0.206873 0
0  0.087431 -6.272077 5.236076  0.242190 -0.352638 -0.903875  0.410968 0.206873 0
syringe_lod1
0  -0.242825 -6.424437 3.810472  -0.810390 -0.352639 0.467881  0.616760 0.228468 0
0  -0.292549 -6.272076 3.839181  -0.810391 -0.352640 0.467879  0.616760 0.235480 0
0  -0.337807 -6.272076 3.670277  -0.935759 -0.352639 -0.000001  0.609842 0.235480 0
syringe_lod1
0  0.000000 -6.272076 4.008084  0.000001 -0.352638 0.935760  0.630595 0.235480 0
0  -0.168903 -6.272077 3.962826  -0.467880 -0.352640 0.810391  0.623677 0.235480 0
0  -0.140195 -6.424436 3.913102  -0.467880 -0.352639 0.810391  0.623677 0.228468 0
syringe_lod1
0  0.072570 -6.424436 5.291536  0.242191 -0.352639 -0.903875  0.410968 0.199861 0
0  0.087431 -6.272077 5.236076  0.242190 -0.352638 -0.903875  0.410968 0.206873 0
0  0.238865 -6.272077 5.323506  0.661681 -0.352642 -0.661682  0.404050 0.206873 0
syringe_lod1
0  -0.238865 -6.272077 5.801237  -0.661684 -0.352642 0.661679  0.362545 0.206873 0
0  -0.198266 -6.424436 5.760637  -0.661684 -0.352640 0.661679  0.362545 0.199861 0
0  -0.072570 -6.424437 5.833208  -0.242193 -0.352640 0.903874  0.369462 0.199861 0
syringe_lod1
0  0.270836 -6.424435 5.489801  0.903874 -0.352641 -0.242192  0.397133 0.199861 0
0  0.326296 -6.272077 5.474941  0.903874 -0.352642 -0.242191  0.397133 0.206873 0
0  0.326296 -6.272076 5.649803  0.903874 -0.352640 0.242191  0.390215 0.206873 0
syringe_lod1
0  0.238865 -6.272077 5.801237  0.661682 -0.352639 0.661682  0.383298 0.206873 0
0  0.087431 -6.272076 5.888668  0.242192 -0.352641 0.903874  0.376380 0.206873 0
0  0.072570 -6.424437 5.833208  0.242192 -0.352639 0.903874  0.376380 0.199861 0
syringe_lod1
0  -0.270836 -6.424436 5.634942  -0.903875 -0.352637 0.242192  0.355627 0.199861 0
0  -0.326296 -6.272075 5.649803  -0.903875 -0.352638 0.242191  0.355627 0.206873 0
0  -0.326296 -6.272075 5.474941  -0.903875 -0.352637 -0.242192  0.348710 0.206873 0
syringe_lod1
0  0.168903 -6.272076 3.377728  0.467882 -0.352641 -0.810389  0.665183 0.235480 0
0  0.140195 -6.424437 3.427453  0.467879 -0.352640 -0.810391  0.665183 0.228468 0
0  -0.000000 -6.424436 3.389888  0.000002 -0.352641 -0.935759  0.672100 0.228468 0
syringe_lod1
0  0.168903 -6.272075 3.962826  0.467880 -0.352637 0.810392  0.637513 0.235480 0
0  0.000000 -6.272076 4.008084  0.000001 -0.352638 0.935760  0.630595 0.235480 0
0  -0.000000 -6.424437 3.950667  -0.000002 -0.352638 0.935760  0.630595 0.228468 0
syringe_lod1
0  -0.337807 -6.272076 3.670277  -0.935759 -0.352639 -0.000001  0.609842 0.235480 0
0  -0.292549 -6.272076 3.501374  -0.810391 -0.352639 -0.467880  0.602925 0.235480 0
0  -0.242825 -6.424436 3.530082  -0.810391 -0.352639 -0.467880  0.602925 0.228468 0
syringe_lod1
0  -0.198266 -6.424436 5.760637  -0.661684 -0.352640 0.661679  0.362545 0.199861 0
0  -0.238865 -6.272077 5.801237  -0.661684 -0.352642 0.661679  0.362545 0.206873 0
0  -0.326296 -6.272075 5.649803  -0.903875 -0.352638 0.242191  0.355627 0.206873 0
syringe_lod1
0  0.270836 -6.424436 5.634942  0.903874 -0.352641 0.242191  0.390215 0.199861 0
0  0.326296 -6.272076 5.649803  0.903874 -0.352640 0.242191  0.390215 0.206873 0
0  0.238865 -6.272077 5.801237  0.661682 -0.352639 0.661682  0.383298 0.206873 0
syringe_lod1
0  -0.270836 -6.424437 5.489801  -0.903875 -0.352639 -0.242192  0.348710 0.199861 0
0  -0.326296 -6.272075 5.474941  -0.903875 -0.352637 -0.242192  0.348710 0.206873 0
0  -0.238865 -6.272075 5.323506  -0.661682 -0.352637 -0.661683  0.341792 0.206873 0
syringe_lod1
0  -0.199882 -6.059780 6.308341  -0.258815 0.000009 0.965927  0.412371 0.225748 0
0  -0.199882 -5.959688 6.308340  -0.258817 0.000008 0.965926  0.412371 0.221420 0
0  -0.546087 -5.959688 6.108459  -0.707105 0.000001 0.707109  0.429657 0.221420 0
syringe_lod1
0  -0.772284 -5.959687 3.670277  -1.000000 0.000000 0.000000  0.663516 0.280942 0
0  -0.668817 -5.959687 3.284135  -0.866026 0.000000 -0.500000  0.680802 0.280942 0
0  -0.668817 -6.059780 3.284135  -0.866025 0.000000 -0.500000  0.680802 0.285270 0
syringe_lod1
0  0.668817 -6.059780 4.056419  0.866025 0.000001 0.500000  0.577083 0.285270 0
0  0.668817 -5.959688 4.056419  0.866025 0.000001 0.500001  0.577083 0.280942 0
0  0.386142 -5.959687 4.339095  0.500000 -0.000000 0.866025  0.594369 0.280942 0
syringe_lod1
0  -0.199882 -5.959688 6.308340  -0.258817 0.000008 0.965926  0.412371 0.221420 0
0  -0.199882 -6.059780 6.308341  -0.258815 0.000009 0.965927  0.412371 0.225748 0
0  0.199882 -6.059780 6.308340  0.258820 -0.000007 0.965926  0.395084 0.225748 0
syringe_lod1
0  0.546087 -6.059780 5.016285  0.361861 -0.859135 -0.361861  0.077213 0.520915 0
0  0.419769 -6.166188 5.142603  0.361861 -0.859134 -0.361862  0.068438 0.520915 0
0  0.153646 -6.166188 4.988956  0.132452 -0.859135 -0.494312  0.068438 0.505644 0
syringe_lod1
0  -0.000000 -6.059780 4.442561  0.000000 -0.000000 1.000000  0.611656 0.285270 0
0  0.386142 -6.059780 4.339095  0.500001 -0.000000 0.866025  0.594369 0.285270 0
0  0.386142 -5.959687 4.339095  0.500000 -0.000000 0.866025  0.594369 0.280942 0
syringe_lod1
0  -0.386142 -5.959687 3.001460  -0.500000 0.000000 -0.866025  0.698089 0.280942 0
0  -0.000000 -5.959688 2.897994  -0.000002 0.000000 -1.000000  0.715375 0.280942 0
0  -0.000000 -6.059780 2.897994  -0.000002 0.000000 -1.000000  0.715375 0.285270 0
syringe_lod1
0  -0.668817 -5.959687 3.284135  -0.866026 0.000000 -0.500000  0.680802 0.280942 0
0  -0.386142 -5.959687 3.001460  -0.500000 0.000000 -0.866025  0.698089 0.280942 0
0  -0.386142 -6.059780 3.001460  -0.500000 0.000000 -0.866026  0.698089 0.285270 0
syringe_lod1
0  -0.745969 -6.059780 5.762254  -0.965925 0.000000 0.258821  0.446944 0.225748 0
0  -0.745969 -5.959687 5.762254  -0.965925 0.000000 0.258821  0.446944 0.221420 0
0  -0.745969 -5.959688 5.362490  -0.965926 0.000000 -0.258818  0.464231 0.221420 0
syringe_lod1
0  0.296822 -6.166188 3.156167  0.255874 -0.859135 -0.443187  0.093835 0.673624 0
0  0.386142 -6.059780 3.001460  0.255874 -0.859136 -0.443187  0.085060 0.673624 0
0  0.668817 -6.059780 3.284135  0.443187 -0.859135 -0.255875  0.085060 0.658353 0
syringe_lod1
0  -0.386142 -6.059780 4.339095  -0.255873 -0.859138 0.443184  0.085060 0.581998 0
0  -0.668817 -6.059780 4.056419  -0.443187 -0.859136 0.255873  0.085060 0.566727 0
0  -0.514110 -6.166188 3.967098  -0.443187 -0.859136 0.255873  0.093835 0.566727 0
syringe_lod1
0  -0.296822 -6.166188 4.184387  -0.475620 -0.308461 0.823795  0.384824 0.133249 0
0  -0.280603 -6.266215 4.156296  -0.475619 -0.308462 0.823795  0.384824 0.128715 0
0  0.000000 -6.266215 4.231484  0.000000 -0.308461 0.951237  0.397748 0.128715 0
syringe_lod1
0  -0.745969 -6.059780 5.762254  -0.494310 -0.859136 0.132449  0.077213 0.627811 0
0  -0.745969 -6.059780 5.362490  -0.494309 -0.859137 -0.132449  0.077213 0.643082 0
0  -0.573415 -6.166188 5.408726  -0.494310 -0.859136 -0.132450  0.068438 0.643082 0
syringe_lod1
0  0.000000 -6.266215 4.231484  0.000001 -0.999656 0.026227  0.907896 0.880052 0
0  0.000000 -6.272076 4.008084  0.000003 -0.999656 0.026227  0.898548 0.880052 0
0  0.168903 -6.272075 3.962826  0.013111 -0.999656 0.022712  0.898548 0.870005 0
syringe_lod1
0  0.668817 -6.059780 4.056419  0.443185 -0.859137 0.255873  0.085060 0.627811 0
0  0.386142 -6.059780 4.339095  0.255872 -0.859137 0.443186  0.085060 0.612540 0
0  0.296822 -6.166188 4.184387  0.255873 -0.859136 0.443186  0.093835 0.612540 0
syringe_lod1
0  -0.668817 -6.059780 3.284135  -0.443187 -0.859136 -0.255874  0.085060 0.536186 0
0  -0.386142 -6.059780 3.001460  -0.255874 -0.859135 -0.443187  0.085060 0.520915 0
0  -0.296821 -6.166188 3.156167  -0.255873 -0.859134 -0.443189  0.093835 0.520915 0
syringe_lod1
0  -0.140195 -6.424436 3.913102  -0.467880 -0.352639 0.810391  0.623677 0.228468 0
0  -0.168903 -6.272077 3.962826  -0.467880 -0.352640 0.810391  0.623677 0.235480 0
0  -0.292549 -6.272076 3.839181  -0.810391 -0.352640 0.467879  0.616760 0.235480 0
syringe_lod1
0  -0.486019 -6.266215 3.950881  -0.022715 -0.999656 0.013114  0.907896 0.900146 0
0  -0.561207 -6.266215 3.670277  -0.026228 -0.999656 -0.000004  0.907896 0.910193 0
0  -0.337807 -6.272076 3.670277  -0.026228 -0.999656 -0.000002  0.898548 0.910193 0
syringe_lod1
0  0.486019 -6.266215 3.950881  0.823795 -0.308462 0.475619  0.423594 0.128715 0
0  0.514110 -6.166188 3.967098  0.823795 -0.308462 0.475619  0.423594 0.133249 0
0  0.296822 -6.166188 4.184387  0.475620 -0.308461 0.823795  0.410671 0.133249 0
syringe_lod1
0  -0.000000 -6.266214 3.109070  0.000000 -0.308464 -0.951236  0.475287 0.128715 0
0  0.000000 -6.166188 3.076634  0.000001 -0.308465 -0.951236  0.475287 0.133249 0
0  0.296822 -6.166188 3.156167  0.475619 -0.308464 -0.823794  0.462364 0.133249 0
syringe_lod1
0  -0.296821 -6.166188 3.156167  -0.475618 -0.308464 -0.823795  0.333132 0.133249 0
0  0.000000 -6.166188 3.076634  0.000001 -0.308465 -0.951236  0.320208 0.133249 0
0  -0.000000 -6.266214 3.109070  0.000000 -0.308464 -0.951236  0.320208 0.128715 0
syringe_lod1
0  0.514110 -6.166188 3.373456  0.823794 -0.308465 -0.475618  0.449440 0.133249 0
0  0.486019 -6.266214 3.389674  0.823794 -0.308465 -0.475618  0.449440 0.128715 0
0  0.280603 -6.266214 3.184258  0.475618 -0.308464 -0.823794  0.462364 0.128715 0
syringe_lod1
0  -0.542084 -6.266215 5.417121  -0.918825 -0.308461 -0.246197  0.167679 0.205606 0
0  -0.573415 -6.166188 5.408726  -0.918825 -0.308461 -0.246197  0.172213 0.205606 0
0  -0.419769 -6.166188 5.142603  -0.672626 -0.308460 -0.672626  0.172213 0.218529 0
syringe_lod1
0  -0.514110 -6.166188 3.967098  -0.823795 -0.308461 0.475619  0.371901 0.133249 0
0  -0.593643 -6.166188 3.670277  -0.951237 -0.308462 -0.000002  0.358978 0.133249 0
0  -0.561207 -6.266215 3.670277  -0.951237 -0.308461 -0.000001  0.358978 0.128715 0
syringe_lod1
0  0.280603 -6.266214 3.184258  0.013116 -0.999656 -0.022718  0.907896 0.829818 0
0  0.486019 -6.266214 3.389674  0.022716 -0.999656 -0.013116  0.907896 0.839865 0
0  0.292549 -6.272076 3.501374  0.022718 -0.999656 -0.013114  0.898548 0.839865 0
syringe_lod1
0  -0.168903 -6.272077 3.962826  -0.013114 -0.999656 0.022713  0.898548 0.890099 0
0  -0.280603 -6.266215 4.156296  -0.013114 -0.999656 0.022714  0.907896 0.890099 0
0  -0.486019 -6.266215 3.950881  -0.022715 -0.999656 0.013114  0.907896 0.900146 0
syringe_lod1
0  -0.396833 -6.266215 5.165539  -0.018541 -0.999656 -0.018542  0.131562 0.515691 0
0  -0.145251 -6.266215 5.020288  -0.006786 -0.999656 -0.025329  0.131562 0.525737 0
0  -0.087431 -6.272075 5.236076  -0.006788 -0.999656 -0.025330  0.122214 0.525737 0
syringe_lod1
0  -0.168903 -6.272076 3.377728  -0.013115 -0.999656 -0.022715  0.898548 0.809724 0
0  -0.280603 -6.266215 3.184258  -0.013113 -0.999656 -0.022712  0.907896 0.809724 0
0  -0.000000 -6.266214 3.109070  0.000002 -0.999656 -0.026231  0.907896 0.819771 0
syringe_lod1
0  0.396833 -6.266215 5.165539  0.018548 -0.999656 -0.018546  0.131562 0.545831 0
0  0.542084 -6.266214 5.417121  0.025339 -0.999656 -0.006789  0.131562 0.555878 0
0  0.326296 -6.272077 5.474941  0.025340 -0.999656 -0.006789  0.122214 0.555878 0
syringe_lod1
0  -0.486019 -6.266214 3.389674  -0.022716 -0.999656 -0.013115  0.907896 0.799677 0
0  -0.292549 -6.272076 3.501374  -0.022718 -0.999656 -0.013116  0.898548 0.799677 0
0  -0.337807 -6.272076 3.670277  -0.026228 -0.999656 -0.000002  0.898548 0.789630 0
syringe_lod1
0  0.337807 -6.272076 3.670277  0.935759 -0.352639 -0.000001  0.651348 0.235480 0
0  0.280390 -6.424437 3.670277  0.935759 -0.352639 -0.000001  0.651348 0.228468 0
0  0.242825 -6.424436 3.530082  0.810390 -0.352639 -0.467882  0.658265 0.228468 0
syringe_lod1
0  0.280390 -6.424437 3.670277  0.935759 -0.352639 -0.000001  0.651348 0.228468 0
0  0.337807 -6.272076 3.670277  0.935759 -0.352639 -0.000001  0.651348 0.235480 0
0  0.292549 -6.272076 3.839181  0.810391 -0.352640 0.467880  0.644430 0.235480 0
syringe_lod1
0  0.242825 -6.424437 3.810472  0.810391 -0.352639 0.467880  0.644430 0.228468 0
0  0.292549 -6.272076 3.839181  0.810391 -0.352640 0.467880  0.644430 0.235480 0
0  0.168903 -6.272075 3.962826  0.467880 -0.352637 0.810392  0.637513 0.235480 0
syringe_lod1
0  -0.292549 -6.272076 3.501374  -0.810391 -0.352639 -0.467880  0.602925 0.235480 0
0  -0.168903 -6.272076 3.377728  -0.467882 -0.352638 -0.810390  0.596007 0.235480 0
0  -0.140195 -6.424437 3.427452  -0.467880 -0.352639 -0.810391  0.596007 0.228468 0
syringe_lod1
0  -0.000000 -6.272077 3.332471  0.000001 -0.352640 -0.935759  0.589090 0.235480 0
0  -0.000000 -6.424436 3.389888  0.000002 -0.352641 -0.935759  0.589090 0.228468 0
0  -0.140195 -6.424437 3.427452  -0.467880 -0.352639 -0.810391  0.596007 0.228468 0
syringe_lod1
0  0.199882 -6.059780 4.816403  0.258819 0.000000 -0.965926  0.308651 0.225748 0
0  0.199882 -5.959688 4.816403  0.258820 0.000000 -0.965926  0.308651 0.221420 0
0  0.546087 -5.959688 5.016285  0.707104 0.000001 -0.707109  0.325938 0.221420 0
syringe_lod1
0  -0.000000 -6.059780 2.897994  -0.000002 0.000000 -1.000000  0.507936 0.285270 0
0  -0.000000 -5.959688 2.897994  -0.000002 0.000000 -1.000000  0.507936 0.280942 0
0  0.386142 -5.959687 3.001460  0.499999 -0.000000 -0.866026  0.525223 0.280942 0
end
