version 1
nodes
0 "root" -1
end
skeleton
time 0
0 0 0 0 0 0 0
end
triangles
item_med
0  -14.273675 -1.389106 10.250257  0.000053 -1.000000 0.000000  0.328308 0.385269 0
0  -14.564107 -1.389121 10.464565  0.000063 -1.000000 -0.000006  0.331681 0.389841 0
0  -14.564107 -1.389121 10.250257  0.000053 -1.000000 0.000000  0.328308 0.389841 0
item_med
0  -14.273880 1.373245 10.250257  -0.000053 1.000000 0.000000  0.478492 0.084142 0
0  -14.564313 1.373230 10.464565  -0.000062 1.000000 0.000006  0.475119 0.088713 0
0  -14.273880 1.373245 10.776096  -0.000061 1.000000 0.000008  0.470215 0.084142 0
item_med
0  -14.984745 1.373195 10.464565  -0.000077 1.000000 0.000000  0.475119 0.095331 0
0  -15.257568 1.373175 10.620331  -0.000074 1.000000 0.000000  0.472667 0.099626 0
0  -15.142259 1.373184 10.734359  -0.000074 1.000000 -0.000000  0.470872 0.097810 0
item_med
0  -15.299567 -1.389179 10.464565  0.000075 -1.000000 0.000000  0.331681 0.401418 0
0  -14.988162 -1.389155 9.537307  0.000074 -1.000000 0.000007  0.317086 0.396516 0
0  -14.984538 -1.389155 10.464565  0.000077 -1.000000 0.000000  0.331681 0.396459 0
item_med
0  -15.257363 -1.389175 10.620331  0.000075 -1.000000 0.000001  0.334133 0.400753 0
0  -14.984538 -1.389155 10.464565  0.000077 -1.000000 0.000000  0.331681 0.396459 0
0  -15.142054 -1.389167 10.734359  0.000075 -1.000000 0.000000  0.335928 0.398938 0
item_med
0  -14.564313 1.373230 10.464565  -0.000062 1.000000 0.000006  0.475119 0.088713 0
0  -14.984745 1.373195 10.776096  -0.000075 1.000000 0.000003  0.470215 0.095331 0
0  -14.273880 1.373245 10.776096  -0.000061 1.000000 0.000008  0.470215 0.084142 0
item_med
0  -14.273675 -1.389106 10.250257  1.000000 0.000074 0.000000  0.515137 0.657590 0
0  -14.273880 1.373245 10.776096  1.000000 0.000075 0.000000  0.558618 0.665867 0
0  -14.273675 -1.389106 10.776096  1.000000 0.000074 0.000000  0.515137 0.665867 0
item_med
0  -14.564107 -1.389121 10.464565  0.000063 -1.000000 -0.000006  0.331681 0.389841 0
0  -14.984538 -1.389155 10.776096  0.000076 -1.000000 -0.000003  0.336585 0.396459 0
0  -14.984538 -1.389155 10.464565  0.000077 -1.000000 0.000000  0.331681 0.396459 0
item_med
0  -15.296149 1.373172 9.470099  -0.000075 1.000000 -0.000009  0.490772 0.100233 0
0  -14.889984 1.373196 9.070130  -0.000071 1.000000 -0.000023  0.497068 0.093840 0
0  -15.176938 1.373172 8.940122  -0.000071 1.000000 -0.000024  0.499114 0.098356 0
item_med
0  -14.889796 -1.389155 9.070214  0.950337 0.000075 0.311221  0.818360 0.619160 0
0  -14.988363 1.373195 9.537263  0.994819 0.000073 0.101658  0.861841 0.626674 0
0  -14.988162 -1.389155 9.537307  0.994820 0.000075 0.101650  0.818360 0.626673 0
item_med
0  -15.299773 1.373172 10.464565  -0.000075 1.000000 0.000000  0.475119 0.100290 0
0  -14.988363 1.373195 9.537263  -0.000075 1.000000 -0.000007  0.489715 0.095388 0
0  -15.296149 1.373172 9.470099  -0.000075 1.000000 -0.000009  0.490772 0.100233 0
item_med
0  -14.572202 1.373183 7.946558  -0.000068 1.000000 -0.000029  0.514753 0.088837 0
0  -14.679916 1.373175 7.943033  -0.000068 1.000000 -0.000031  0.514809 0.090533 0
0  -14.758574 1.373172 8.016708  -0.000068 1.000000 -0.000030  0.513649 0.091771 0
item_med
0  -15.295948 -1.389178 9.470143  -0.993685 -0.000076 -0.112205  0.395877 0.640985 0
0  -15.299773 1.373172 10.464565  -0.991500 -0.000073 0.130109  0.411531 0.684466 0
0  -15.296149 1.373172 9.470099  -0.993684 -0.000073 -0.112213  0.395877 0.684466 0
item_med
0  -15.295948 -1.389178 9.470143  0.000074 -1.000000 0.000008  0.316028 0.401361 0
0  -14.889796 -1.389155 9.070214  0.000071 -1.000000 0.000023  0.309733 0.394968 0
0  -14.988162 -1.389155 9.537307  0.000074 -1.000000 0.000007  0.317086 0.396516 0
item_med
0  -14.413322 -1.389155 8.018538  0.000068 -1.000000 0.000031  0.293179 0.387468 0
0  -14.758385 -1.389178 8.016793  0.000068 -1.000000 0.000031  0.293152 0.392899 0
0  -14.572014 -1.389168 7.946642  0.000068 -1.000000 0.000032  0.292048 0.389966 0
item_med
0  -14.413510 1.373196 8.018455  0.910875 0.000074 0.412682  0.861841 0.600986 0
0  -14.889796 -1.389155 9.070214  0.950337 0.000075 0.311221  0.818360 0.619160 0
0  -14.413322 -1.389155 8.018538  0.910875 0.000075 0.412683  0.818360 0.600986 0
item_med
0  -15.142259 1.373184 10.734359  -0.496379 -0.000037 0.868106  0.416624 0.684466 0
0  -15.257363 -1.389175 10.620331  -0.863920 -0.000064 0.503629  0.414071 0.640985 0
0  -15.142054 -1.389167 10.734359  -0.496369 -0.000037 0.868112  0.416623 0.640985 0
item_med
0  -13.924582 1.177399 8.160732  0.866025 0.000000 -0.500001  0.742597 0.640887 0
0  -13.877994 1.831771 8.424948  0.984807 0.000000 0.173650  0.738374 0.651187 0
0  -13.877994 1.177399 8.424948  0.984808 0.000000 0.173649  0.738374 0.640887 0
item_med
0  -14.584740 1.177399 8.738782  -0.642789 0.000000 0.766043  0.936513 0.542397 0
0  -14.755267 -1.197453 8.443419  -0.984808 0.000000 0.173648  0.941881 0.579778 0
0  -14.584740 -1.197453 8.738782  -0.642787 0.000000 0.766045  0.936513 0.579778 0
item_med
0  -14.755267 1.177399 8.443419  -0.984808 0.000000 0.173647  0.941881 0.542397 0
0  -14.696044 -1.197453 8.107545  -0.866025 0.000000 -0.500000  0.947250 0.579778 0
0  -14.755267 -1.197453 8.443419  -0.984808 0.000000 0.173648  0.941881 0.579778 0
item_med
0  -14.696044 1.177399 8.107545  -0.866024 0.000000 -0.500002  0.947250 0.542397 0
0  -14.434778 -1.197453 7.888319  -0.342020 0.000000 -0.939693  0.952618 0.579778 0
0  -14.696044 -1.197453 8.107545  -0.866025 0.000000 -0.500000  0.947250 0.579778 0
item_med
0  -14.434778 1.177399 7.888319  -0.342017 0.000000 -0.939694  0.952618 0.542397 0
0  -14.093724 -1.197453 7.888319  0.342017 0.000000 -0.939694  0.957986 0.579778 0
0  -14.434778 -1.197453 7.888319  -0.342020 0.000000 -0.939693  0.952618 0.579778 0
item_med
0  -14.093724 1.177399 7.888319  0.342020 0.000000 -0.939693  0.957986 0.542397 0
0  -13.832458 -1.197453 8.107545  0.866024 0.000000 -0.500002  0.963355 0.579778 0
0  -14.093724 -1.197453 7.888319  0.342017 0.000000 -0.939694  0.957986 0.579778 0
item_med
0  -13.832458 1.177399 8.107545  0.866025 0.000000 -0.500000  0.915039 0.542397 0
0  -13.773235 -1.197453 8.443419  0.984808 0.000000 0.173647  0.920408 0.579778 0
0  -13.832458 -1.197453 8.107545  0.866024 0.000000 -0.500002  0.915039 0.579778 0
item_med
0  -13.773235 1.177399 8.443419  0.984808 0.000000 0.173648  0.920408 0.542397 0
0  -13.943763 -1.197453 8.738782  0.642787 0.000000 0.766045  0.925776 0.579778 0
0  -13.773235 -1.197453 8.443419  0.984808 0.000000 0.173647  0.920408 0.579778 0
item_med
0  -13.943763 1.177399 8.738782  0.642788 0.000000 0.766044  0.925776 0.542397 0
0  -14.264252 -1.197453 8.855430  -0.000000 0.000000 1.000000  0.931144 0.579778 0
0  -13.943763 -1.197453 8.738782  0.642787 0.000000 0.766045  0.925776 0.579778 0
item_med
0  -14.264252 -1.197453 8.855430  -0.000000 0.000000 1.000000  0.931144 0.579778 0
0  -14.584740 1.177399 8.738782  -0.642789 0.000000 0.766043  0.936513 0.542397 0
0  -14.584740 -1.197453 8.738782  -0.642787 0.000000 0.766045  0.936513 0.579778 0
item_med
0  -14.012140 1.177399 8.657294  0.000000 1.000000 0.000000  0.534707 0.537512 0
0  -14.264252 1.177399 8.855430  0.000000 1.000000 -0.000000  0.529929 0.535933 0
0  -13.943763 1.177399 8.738782  0.000000 1.000000 0.000000  0.534707 0.535933 0
item_med
0  -14.012140 -1.197453 8.657294  0.000000 -1.000000 -0.000000  0.008685 0.084142 0
0  -14.264252 -1.197453 8.855430  0.000000 -1.000000 0.000000  0.003906 0.085721 0
0  -14.264252 -1.197453 8.749055  0.000000 -1.000000 0.000000  0.003906 0.084142 0
item_med
0  -13.877994 1.177399 8.424948  0.000000 1.000000 0.000001  0.496478 0.537512 0
0  -13.943763 1.177399 8.738782  0.000000 1.000000 0.000000  0.491699 0.535933 0
0  -13.773235 1.177399 8.443419  0.000000 1.000000 0.000001  0.496478 0.535933 0
item_med
0  -13.877994 -1.197453 8.424948  0.000000 -1.000000 0.000000  0.013464 0.084142 0
0  -13.943763 -1.197453 8.738782  0.000000 -1.000000 -0.000000  0.008685 0.085721 0
0  -14.012140 -1.197453 8.657294  0.000000 -1.000000 -0.000000  0.008685 0.084142 0
item_med
0  -13.924582 1.177399 8.160732  0.000000 1.000000 0.000000  0.501257 0.537512 0
0  -13.773235 1.177399 8.443419  0.000000 1.000000 0.000001  0.496478 0.535933 0
0  -13.832458 1.177399 8.107545  0.000000 1.000000 0.000000  0.501257 0.535933 0
item_med
0  -13.924582 -1.197453 8.160732  0.000000 -1.000000 0.000000  0.018242 0.084142 0
0  -13.773235 -1.197453 8.443419  0.000000 -1.000000 0.000000  0.013464 0.085721 0
0  -13.877994 -1.197453 8.424948  0.000000 -1.000000 0.000000  0.013464 0.084142 0
item_med
0  -13.924582 1.177399 8.160732  0.000000 1.000000 0.000000  0.501257 0.537512 0
0  -14.093724 1.177399 7.888319  0.000000 1.000000 0.000001  0.506035 0.535933 0
0  -14.130107 1.177399 7.988277  0.000000 1.000000 0.000001  0.506035 0.537512 0
item_med
0  -13.924582 -1.197453 8.160732  0.000000 -1.000000 0.000000  0.018242 0.084142 0
0  -14.093724 -1.197453 7.888319  0.000000 -1.000000 -0.000000  0.023021 0.085721 0
0  -13.832458 -1.197453 8.107545  0.000000 -1.000000 0.000000  0.018242 0.085721 0
item_med
0  -14.130107 1.177399 7.988277  0.000000 1.000000 0.000001  0.506035 0.537512 0
0  -14.434778 1.177399 7.888319  0.000000 1.000000 0.000000  0.510814 0.535933 0
0  -14.398396 1.177399 7.988277  0.000000 1.000000 -0.000001  0.510814 0.537512 0
item_med
0  -14.398396 -1.197453 7.988277  0.000000 -1.000000 -0.000001  0.027800 0.084142 0
0  -14.093724 -1.197453 7.888319  0.000000 -1.000000 -0.000000  0.023021 0.085721 0
0  -14.130107 -1.197453 7.988277  0.000000 -1.000000 -0.000001  0.023021 0.084142 0
item_med
0  -14.603919 1.177399 8.160732  0.000000 1.000000 0.000001  0.515592 0.537512 0
0  -14.434778 1.177399 7.888319  0.000000 1.000000 0.000000  0.510814 0.535933 0
0  -14.696044 1.177399 8.107545  0.000000 1.000000 0.000001  0.515592 0.535933 0
item_med
0  -14.603919 -1.197453 8.160732  0.000000 -1.000000 -0.000000  0.032579 0.084142 0
0  -14.434778 -1.197453 7.888319  0.000000 -1.000000 -0.000000  0.027800 0.085721 0
0  -14.398396 -1.197453 7.988277  0.000000 -1.000000 -0.000001  0.027800 0.084142 0
item_med
0  -14.603919 1.177399 8.160732  0.000000 1.000000 0.000001  0.515592 0.537512 0
0  -14.755267 1.177399 8.443419  0.000000 1.000000 0.000001  0.520371 0.535933 0
0  -14.650509 1.177399 8.424948  0.000000 1.000000 0.000001  0.520371 0.537512 0
item_med
0  -14.603919 -1.197453 8.160732  0.000000 -1.000000 -0.000000  0.032579 0.084142 0
0  -14.755267 -1.197453 8.443419  0.000000 -1.000000 0.000000  0.037357 0.085721 0
0  -14.696044 -1.197453 8.107545  0.000000 -1.000000 0.000000  0.032579 0.085721 0
item_med
0  -14.650509 1.177399 8.424948  0.000000 1.000000 0.000001  0.520371 0.537512 0
0  -14.584740 1.177399 8.738782  0.000000 1.000000 -0.000001  0.525150 0.535933 0
0  -14.516361 1.177399 8.657294  0.000000 1.000000 -0.000001  0.525150 0.537512 0
item_med
0  -14.650509 -1.197453 8.424948  0.000000 -1.000000 0.000000  0.037357 0.084142 0
0  -14.584740 -1.197453 8.738782  0.000000 -1.000000 0.000000  0.042136 0.085721 0
0  -14.755267 -1.197453 8.443419  0.000000 -1.000000 0.000000  0.037357 0.085721 0
item_med
0  -14.516361 1.177399 8.657294  0.000000 1.000000 -0.000001  0.525150 0.537512 0
0  -14.264252 1.177399 8.855430  0.000000 1.000000 -0.000000  0.529929 0.535933 0
0  -14.264252 1.177399 8.749055  0.000000 1.000000 0.000000  0.529929 0.537512 0
item_med
0  -14.516361 -1.197453 8.657294  0.000000 -1.000000 0.000000  0.042136 0.084142 0
0  -14.264252 -1.197453 8.855430  0.000000 -1.000000 0.000000  0.046915 0.085721 0
0  -14.584740 -1.197453 8.738782  0.000000 -1.000000 0.000000  0.042136 0.085721 0
item_med
0  -13.877994 -1.197453 8.424948  0.984807 0.000000 0.173650  0.265230 0.373272 0
0  -13.924582 -1.851825 8.160732  0.866025 0.000000 -0.500001  0.269453 0.362972 0
0  -13.924582 -1.197453 8.160732  0.866025 0.000000 -0.500001  0.269453 0.373272 0
item_med
0  -14.650509 1.177399 8.424948  -0.984807 0.000000 0.173650  0.721482 0.640887 0
0  -14.603919 1.831771 8.160732  -0.866025 0.000000 -0.500001  0.717259 0.651187 0
0  -14.603919 1.177399 8.160732  -0.866025 0.000000 -0.500001  0.717259 0.640887 0
item_med
0  -14.130107 1.177399 7.988277  0.342020 0.000000 -0.939693  0.708813 0.640887 0
0  -13.924582 1.831771 8.160732  0.866025 0.000000 -0.500001  0.704590 0.651187 0
0  -13.924582 1.177399 8.160732  0.866025 0.000000 -0.500001  0.704590 0.640887 0
item_med
0  -14.603919 -1.197453 8.160732  -0.866025 0.000000 -0.500001  0.244115 0.373272 0
0  -14.650509 -1.851825 8.424948  -0.984807 0.000000 0.173650  0.248338 0.362972 0
0  -14.650509 -1.197453 8.424948  -0.984808 0.000000 0.173649  0.248338 0.373272 0
item_med
0  -14.516361 1.177399 8.657294  -0.642786 0.000000 0.766046  0.725705 0.640887 0
0  -14.650509 1.831771 8.424948  -0.984808 0.000000 0.173649  0.721482 0.651187 0
0  -14.650509 1.177399 8.424948  -0.984807 0.000000 0.173650  0.721482 0.640887 0
item_med
0  -13.924582 -1.197453 8.160732  0.866025 0.000000 -0.500001  0.231445 0.373272 0
0  -14.130107 -1.851825 7.988277  0.342020 0.000000 -0.939693  0.235668 0.362972 0
0  -14.130107 -1.197453 7.988277  0.342020 0.000000 -0.939693  0.235668 0.373272 0
item_med
0  -14.012140 1.177399 8.657294  0.642785 0.000000 0.766046  0.734151 0.640887 0
0  -14.264252 1.831771 8.749055  0.000001 0.000000 1.000000  0.729928 0.651187 0
0  -14.264252 1.177399 8.749055  -0.000003 0.000000 1.000000  0.729928 0.640887 0
item_med
0  -14.650509 -1.197453 8.424948  -0.984808 0.000000 0.173649  0.248338 0.373272 0
0  -14.516361 -1.851825 8.657294  -0.642786 0.000000 0.766046  0.252561 0.362972 0
0  -14.516361 -1.197453 8.657294  -0.642785 0.000000 0.766047  0.252561 0.373272 0
item_med
0  -14.398396 1.177399 7.988277  -0.342021 0.000000 -0.939692  0.713036 0.640887 0
0  -14.130107 1.831771 7.988277  0.342020 0.000000 -0.939693  0.708813 0.651187 0
0  -14.130107 1.177399 7.988277  0.342020 0.000000 -0.939693  0.708813 0.640887 0
item_med
0  -14.264252 -1.197453 8.749055  0.000001 0.000000 1.000000  0.256784 0.373272 0
0  -14.012140 -1.851825 8.657294  0.642785 0.000000 0.766046  0.261007 0.362972 0
0  -14.012140 -1.197453 8.657294  0.642786 0.000000 0.766046  0.261007 0.373272 0
item_med
0  -14.264252 1.177399 8.749055  -0.000003 0.000000 1.000000  0.729928 0.640887 0
0  -14.516361 1.831771 8.657294  -0.642785 0.000000 0.766046  0.725705 0.651187 0
0  -14.516361 1.177399 8.657294  -0.642786 0.000000 0.766046  0.725705 0.640887 0
item_med
0  -14.130107 -1.197453 7.988277  0.342020 0.000000 -0.939693  0.235668 0.373272 0
0  -14.398396 -1.851825 7.988277  -0.342021 0.000000 -0.939692  0.239891 0.362972 0
0  -14.398396 -1.197453 7.988277  -0.342021 0.000000 -0.939692  0.239891 0.373272 0
item_med
0  -13.877994 1.177399 8.424948  0.984808 0.000000 0.173649  0.738374 0.640887 0
0  -14.012140 1.831771 8.657294  0.642786 0.000000 0.766046  0.734151 0.651187 0
0  -14.012140 1.177399 8.657294  0.642785 0.000000 0.766046  0.734151 0.640887 0
item_med
0  -14.516361 -1.197453 8.657294  -0.642785 0.000000 0.766047  0.252561 0.373272 0
0  -14.264252 -1.851825 8.749055  -0.000003 0.000000 1.000000  0.256784 0.362972 0
0  -14.264252 -1.197453 8.749055  0.000001 0.000000 1.000000  0.256784 0.373272 0
item_med
0  -14.012140 -1.197453 8.657294  0.642786 0.000000 0.766046  0.261007 0.373272 0
0  -13.877994 -1.851825 8.424948  0.984808 0.000000 0.173649  0.265230 0.362972 0
0  -13.877994 -1.197453 8.424948  0.984807 0.000000 0.173650  0.265230 0.373272 0
item_med
0  -14.603919 1.177399 8.160732  -0.866025 0.000000 -0.500001  0.717259 0.640887 0
0  -14.398396 1.831771 7.988277  -0.342021 0.000000 -0.939692  0.713036 0.651187 0
0  -14.398396 1.177399 7.988277  -0.342021 0.000000 -0.939692  0.713036 0.640887 0
item_med
0  -14.516361 1.831771 8.657294  0.000000 1.000000 0.000000  0.962598 0.523823 0
0  -14.012140 1.831771 8.657294  0.000000 1.000000 0.000000  0.955140 0.526537 0
0  -14.398396 1.831771 7.988277  0.000000 1.000000 -0.000000  0.957252 0.514562 0
item_med
0  -14.130107 -1.851825 7.988277  0.000000 -1.000000 0.000000  0.955299 0.628681 0
0  -13.924582 -1.851825 8.160732  0.000000 -1.000000 0.000000  0.951330 0.627237 0
0  -14.264252 -1.851825 8.749055  0.000000 -1.000000 0.000000  0.953187 0.616706 0
item_med
0  -14.398396 -1.197453 7.988277  -0.342021 0.000000 -0.939692  0.239891 0.373272 0
0  -14.603919 -1.851825 8.160732  -0.866025 0.000000 -0.500001  0.244114 0.362972 0
0  -14.603919 -1.197453 8.160732  -0.866025 0.000000 -0.500001  0.244115 0.373272 0
item_med
0  -14.988162 -1.389155 9.537307  0.994820 0.000075 0.101650  0.818360 0.626673 0
0  -14.984745 1.373195 10.464565  0.999992 0.000073 -0.003903  0.861840 0.641270 0
0  -14.984538 -1.389155 10.464565  0.999992 0.000075 -0.003908  0.818359 0.641269 0
item_med
0  -14.572202 1.373183 7.946558  0.227051 -0.000015 -0.973883  0.367977 0.684466 0
0  -14.679729 -1.389175 7.943119  -0.352275 -0.000053 -0.935897  0.369674 0.640985 0
0  -14.679916 1.373175 7.943033  -0.352277 -0.000053 -0.935896  0.369673 0.684466 0
item_med
0  -14.679729 -1.389175 7.943119  -0.352275 -0.000053 -0.935897  0.369674 0.640985 0
0  -14.758574 1.373172 8.016708  -0.812861 -0.000073 -0.582457  0.371369 0.684466 0
0  -14.679916 1.373175 7.943033  -0.352277 -0.000053 -0.935896  0.369673 0.684466 0
item_med
0  -14.984745 1.373195 10.776096  -0.129151 -0.000009 0.991625  0.419189 0.684466 0
0  -15.142054 -1.389167 10.734359  -0.496369 -0.000037 0.868112  0.416623 0.640985 0
0  -14.984538 -1.389155 10.776096  -0.129149 -0.000010 0.991625  0.419188 0.640985 0
item_med
0  -15.257568 1.373175 10.620331  -0.863923 -0.000065 0.503625  0.414071 0.684466 0
0  -15.299567 -1.389179 10.464565  -0.991500 -0.000074 0.130107  0.411530 0.640985 0
0  -15.257363 -1.389175 10.620331  -0.863920 -0.000064 0.503629  0.414071 0.640985 0
item_med
0  -14.758385 -1.389178 8.016793  -0.812863 -0.000073 -0.582455  0.371370 0.640985 0
0  -15.176938 1.373172 8.940122  -0.948184 -0.000074 -0.317723  0.387327 0.684466 0
0  -14.758574 1.373172 8.016708  -0.812861 -0.000073 -0.582457  0.371369 0.684466 0
item_med
0  -14.413510 1.373196 8.018455  0.412688 -0.000000 -0.910872  0.365234 0.684466 0
0  -14.572014 -1.389168 7.946642  0.227051 -0.000014 -0.973883  0.367977 0.640985 0
0  -14.572202 1.373183 7.946558  0.227051 -0.000015 -0.973883  0.367977 0.684466 0
item_med
0  -15.176751 -1.389178 8.940207  -0.948185 -0.000075 -0.317718  0.387328 0.640985 0
0  -15.296149 1.373172 9.470099  -0.993684 -0.000073 -0.112213  0.395877 0.684466 0
0  -15.176938 1.373172 8.940122  -0.948184 -0.000074 -0.317723  0.387327 0.684466 0
item_med
0  -14.273880 1.373245 10.776096  0.000001 0.000000 1.000000  0.430378 0.684466 0
0  -14.984538 -1.389155 10.776096  -0.129149 -0.000010 0.991625  0.419188 0.640985 0
0  -14.273675 -1.389106 10.776096  -0.000001 0.000000 1.000000  0.430378 0.640985 0
item_med
0  -14.984745 1.373195 10.464565  -0.000000 0.000000 -1.000000  0.145020 0.318294 0
0  -14.564107 -1.389121 10.464565  -0.000002 0.000000 -1.000000  0.151637 0.361775 0
0  -14.984538 -1.389155 10.464565  -0.000002 0.000000 -1.000000  0.145020 0.361775 0
item_med
0  -14.564313 1.373230 10.464565  -1.000000 -0.000074 0.000000  0.989702 0.127622 0
0  -14.564107 -1.389121 10.250257  -1.000000 -0.000075 0.000000  0.986328 0.084141 0
0  -14.564107 -1.389121 10.464565  -1.000000 -0.000075 0.000000  0.989702 0.084141 0
item_med
0  -14.273880 1.373245 10.250257  0.000000 0.000000 -1.000000  0.228027 0.407344 0
0  -14.564107 -1.389121 10.250257  0.000001 0.000000 -1.000000  0.271508 0.411916 0
0  -14.564313 1.373230 10.250257  0.000000 0.000000 -1.000000  0.228027 0.411916 0
item_med
0  -14.273675 -1.389106 10.250257  0.000053 -1.000000 0.000000  0.328308 0.385269 0
0  -14.273675 -1.389106 10.776096  0.000062 -1.000000 -0.000008  0.336585 0.385269 0
0  -14.564107 -1.389121 10.464565  0.000063 -1.000000 -0.000006  0.331681 0.389841 0
item_med
0  -14.273880 1.373245 10.250257  -0.000053 1.000000 0.000000  0.478492 0.084142 0
0  -14.564313 1.373230 10.250257  -0.000053 1.000000 0.000000  0.478492 0.088713 0
0  -14.564313 1.373230 10.464565  -0.000062 1.000000 0.000006  0.475119 0.088713 0
item_med
0  -15.142259 1.373184 10.734359  -0.000074 1.000000 -0.000000  0.470872 0.097810 0
0  -14.984745 1.373195 10.776096  -0.000075 1.000000 0.000003  0.470215 0.095331 0
0  -14.984745 1.373195 10.464565  -0.000077 1.000000 0.000000  0.475119 0.095331 0
item_med
0  -14.984745 1.373195 10.464565  -0.000077 1.000000 0.000000  0.475119 0.095331 0
0  -15.299773 1.373172 10.464565  -0.000075 1.000000 0.000000  0.475119 0.100290 0
0  -15.257568 1.373175 10.620331  -0.000074 1.000000 0.000000  0.472667 0.099626 0
item_med
0  -15.299567 -1.389179 10.464565  0.000075 -1.000000 0.000000  0.331681 0.401418 0
0  -15.295948 -1.389178 9.470143  0.000074 -1.000000 0.000008  0.316028 0.401361 0
0  -14.988162 -1.389155 9.537307  0.000074 -1.000000 0.000007  0.317086 0.396516 0
item_med
0  -15.299567 -1.389179 10.464565  0.000075 -1.000000 0.000000  0.331681 0.401418 0
0  -14.984538 -1.389155 10.464565  0.000077 -1.000000 0.000000  0.331681 0.396459 0
0  -15.257363 -1.389175 10.620331  0.000075 -1.000000 0.000001  0.334133 0.400753 0
item_med
0  -14.984538 -1.389155 10.464565  0.000077 -1.000000 0.000000  0.331681 0.396459 0
0  -14.984538 -1.389155 10.776096  0.000076 -1.000000 -0.000003  0.336585 0.396459 0
0  -15.142054 -1.389167 10.734359  0.000075 -1.000000 0.000000  0.335928 0.398938 0
item_med
0  -14.564313 1.373230 10.464565  -0.000062 1.000000 0.000006  0.475119 0.088713 0
0  -14.984745 1.373195 10.464565  -0.000077 1.000000 0.000000  0.475119 0.095331 0
0  -14.984745 1.373195 10.776096  -0.000075 1.000000 0.000003  0.470215 0.095331 0
item_med
0  -14.273675 -1.389106 10.250257  1.000000 0.000074 0.000000  0.515137 0.657590 0
0  -14.273880 1.373245 10.250257  1.000000 0.000075 0.000000  0.558618 0.657590 0
0  -14.273880 1.373245 10.776096  1.000000 0.000075 0.000000  0.558618 0.665867 0
item_med
0  -14.564107 -1.389121 10.464565  0.000063 -1.000000 -0.000006  0.331681 0.389841 0
0  -14.273675 -1.389106 10.776096  0.000062 -1.000000 -0.000008  0.336585 0.385269 0
0  -14.984538 -1.389155 10.776096  0.000076 -1.000000 -0.000003  0.336585 0.396459 0
item_med
0  -15.296149 1.373172 9.470099  -0.000075 1.000000 -0.000009  0.490772 0.100233 0
0  -14.988363 1.373195 9.537263  -0.000075 1.000000 -0.000007  0.489715 0.095388 0
0  -14.889984 1.373196 9.070130  -0.000071 1.000000 -0.000023  0.497068 0.093840 0
item_med
0  -14.889796 -1.389155 9.070214  0.950337 0.000075 0.311221  0.818360 0.619160 0
0  -14.889984 1.373196 9.070130  0.950336 0.000074 0.311227  0.861841 0.619160 0
0  -14.988363 1.373195 9.537263  0.994819 0.000073 0.101658  0.861841 0.626674 0
item_med
0  -15.299773 1.373172 10.464565  -0.000075 1.000000 0.000000  0.475119 0.100290 0
0  -14.984745 1.373195 10.464565  -0.000077 1.000000 0.000000  0.475119 0.095331 0
0  -14.988363 1.373195 9.537263  -0.000075 1.000000 -0.000007  0.489715 0.095388 0
item_med
0  -14.758574 1.373172 8.016708  -0.000068 1.000000 -0.000030  0.513649 0.091771 0
0  -15.176938 1.373172 8.940122  -0.000071 1.000000 -0.000024  0.499114 0.098356 0
0  -14.889984 1.373196 9.070130  -0.000071 1.000000 -0.000023  0.497068 0.093840 0
item_med
0  -14.889984 1.373196 9.070130  -0.000071 1.000000 -0.000023  0.497068 0.093840 0
0  -14.413510 1.373196 8.018455  -0.000068 1.000000 -0.000030  0.513622 0.086340 0
0  -14.758574 1.373172 8.016708  -0.000068 1.000000 -0.000030  0.513649 0.091771 0
item_med
0  -14.413510 1.373196 8.018455  -0.000068 1.000000 -0.000030  0.513622 0.086340 0
0  -14.572202 1.373183 7.946558  -0.000068 1.000000 -0.000029  0.514753 0.088837 0
0  -14.758574 1.373172 8.016708  -0.000068 1.000000 -0.000030  0.513649 0.091771 0
item_med
0  -15.295948 -1.389178 9.470143  -0.993685 -0.000076 -0.112205  0.395877 0.640985 0
0  -15.299567 -1.389179 10.464565  -0.991500 -0.000074 0.130107  0.411530 0.640985 0
0  -15.299773 1.373172 10.464565  -0.991500 -0.000073 0.130109  0.411531 0.684466 0
item_med
0  -15.295948 -1.389178 9.470143  0.000074 -1.000000 0.000008  0.316028 0.401361 0
0  -15.176751 -1.389178 8.940207  0.000071 -1.000000 0.000024  0.307687 0.399484 0
0  -14.889796 -1.389155 9.070214  0.000071 -1.000000 0.000023  0.309733 0.394968 0
item_med
0  -14.413322 -1.389155 8.018538  0.000068 -1.000000 0.000031  0.293179 0.387468 0
0  -14.889796 -1.389155 9.070214  0.000071 -1.000000 0.000023  0.309733 0.394968 0
0  -14.758385 -1.389178 8.016793  0.000068 -1.000000 0.000031  0.293152 0.392899 0
item_med
0  -14.889796 -1.389155 9.070214  0.000071 -1.000000 0.000023  0.309733 0.394968 0
0  -15.176751 -1.389178 8.940207  0.000071 -1.000000 0.000024  0.307687 0.399484 0
0  -14.758385 -1.389178 8.016793  0.000068 -1.000000 0.000031  0.293152 0.392899 0
item_med
0  -14.758385 -1.389178 8.016793  0.000068 -1.000000 0.000031  0.293152 0.392899 0
0  -14.679729 -1.389175 7.943119  0.000068 -1.000000 0.000033  0.291992 0.391661 0
0  -14.572014 -1.389168 7.946642  0.000068 -1.000000 0.000032  0.292048 0.389966 0
item_med
0  -14.413510 1.373196 8.018455  0.910875 0.000074 0.412682  0.861841 0.600986 0
0  -14.889984 1.373196 9.070130  0.950336 0.000074 0.311227  0.861841 0.619160 0
0  -14.889796 -1.389155 9.070214  0.950337 0.000075 0.311221  0.818360 0.619160 0
item_med
0  -15.142259 1.373184 10.734359  -0.496379 -0.000037 0.868106  0.416624 0.684466 0
0  -15.257568 1.373175 10.620331  -0.863923 -0.000065 0.503625  0.414071 0.684466 0
0  -15.257363 -1.389175 10.620331  -0.863920 -0.000064 0.503629  0.414071 0.640985 0
item_med
0  -13.924582 1.177399 8.160732  0.866025 0.000000 -0.500001  0.742597 0.640887 0
0  -13.924582 1.831771 8.160732  0.866025 0.000000 -0.500001  0.742597 0.651187 0
0  -13.877994 1.831771 8.424948  0.984807 0.000000 0.173650  0.738374 0.651187 0
item_med
0  -14.584740 1.177399 8.738782  -0.642789 0.000000 0.766043  0.936513 0.542397 0
0  -14.755267 1.177399 8.443419  -0.984808 0.000000 0.173647  0.941881 0.542397 0
0  -14.755267 -1.197453 8.443419  -0.984808 0.000000 0.173648  0.941881 0.579778 0
item_med
0  -14.755267 1.177399 8.443419  -0.984808 0.000000 0.173647  0.941881 0.542397 0
0  -14.696044 1.177399 8.107545  -0.866024 0.000000 -0.500002  0.947250 0.542397 0
0  -14.696044 -1.197453 8.107545  -0.866025 0.000000 -0.500000  0.947250 0.579778 0
item_med
0  -14.696044 1.177399 8.107545  -0.866024 0.000000 -0.500002  0.947250 0.542397 0
0  -14.434778 1.177399 7.888319  -0.342017 0.000000 -0.939694  0.952618 0.542397 0
0  -14.434778 -1.197453 7.888319  -0.342020 0.000000 -0.939693  0.952618 0.579778 0
item_med
0  -14.434778 1.177399 7.888319  -0.342017 0.000000 -0.939694  0.952618 0.542397 0
0  -14.093724 1.177399 7.888319  0.342020 0.000000 -0.939693  0.957986 0.542397 0
0  -14.093724 -1.197453 7.888319  0.342017 0.000000 -0.939694  0.957986 0.579778 0
item_med
0  -14.093724 1.177399 7.888319  0.342020 0.000000 -0.939693  0.957986 0.542397 0
0  -13.832458 1.177399 8.107545  0.866025 0.000000 -0.500000  0.963355 0.542397 0
0  -13.832458 -1.197453 8.107545  0.866024 0.000000 -0.500002  0.963355 0.579778 0
item_med
0  -13.832458 1.177399 8.107545  0.866025 0.000000 -0.500000  0.915039 0.542397 0
0  -13.773235 1.177399 8.443419  0.984808 0.000000 0.173648  0.920408 0.542397 0
0  -13.773235 -1.197453 8.443419  0.984808 0.000000 0.173647  0.920408 0.579778 0
item_med
0  -13.773235 1.177399 8.443419  0.984808 0.000000 0.173648  0.920408 0.542397 0
0  -13.943763 1.177399 8.738782  0.642788 0.000000 0.766044  0.925776 0.542397 0
0  -13.943763 -1.197453 8.738782  0.642787 0.000000 0.766045  0.925776 0.579778 0
item_med
0  -13.943763 1.177399 8.738782  0.642788 0.000000 0.766044  0.925776 0.542397 0
0  -14.264252 1.177399 8.855430  -0.000000 0.000000 1.000000  0.931144 0.542397 0
0  -14.264252 -1.197453 8.855430  -0.000000 0.000000 1.000000  0.931144 0.579778 0
item_med
0  -14.264252 -1.197453 8.855430  -0.000000 0.000000 1.000000  0.931144 0.579778 0
0  -14.264252 1.177399 8.855430  -0.000000 0.000000 1.000000  0.931144 0.542397 0
0  -14.584740 1.177399 8.738782  -0.642789 0.000000 0.766043  0.936513 0.542397 0
item_med
0  -14.012140 1.177399 8.657294  0.000000 1.000000 0.000000  0.534707 0.537512 0
0  -14.264252 1.177399 8.749055  0.000000 1.000000 0.000000  0.529929 0.537512 0
0  -14.264252 1.177399 8.855430  0.000000 1.000000 -0.000000  0.529929 0.535933 0
item_med
0  -14.012140 -1.197453 8.657294  0.000000 -1.000000 -0.000000  0.008685 0.084142 0
0  -13.943763 -1.197453 8.738782  0.000000 -1.000000 -0.000000  0.008685 0.085721 0
0  -14.264252 -1.197453 8.855430  0.000000 -1.000000 0.000000  0.003906 0.085721 0
item_med
0  -13.877994 1.177399 8.424948  0.000000 1.000000 0.000001  0.496478 0.537512 0
0  -14.012140 1.177399 8.657294  0.000000 1.000000 0.000000  0.491699 0.537512 0
0  -13.943763 1.177399 8.738782  0.000000 1.000000 0.000000  0.491699 0.535933 0
item_med
0  -13.877994 -1.197453 8.424948  0.000000 -1.000000 0.000000  0.013464 0.084142 0
0  -13.773235 -1.197453 8.443419  0.000000 -1.000000 0.000000  0.013464 0.085721 0
0  -13.943763 -1.197453 8.738782  0.000000 -1.000000 -0.000000  0.008685 0.085721 0
item_med
0  -13.924582 1.177399 8.160732  0.000000 1.000000 0.000000  0.501257 0.537512 0
0  -13.877994 1.177399 8.424948  0.000000 1.000000 0.000001  0.496478 0.537512 0
0  -13.773235 1.177399 8.443419  0.000000 1.000000 0.000001  0.496478 0.535933 0
item_med
0  -13.924582 -1.197453 8.160732  0.000000 -1.000000 0.000000  0.018242 0.084142 0
0  -13.832458 -1.197453 8.107545  0.000000 -1.000000 0.000000  0.018242 0.085721 0
0  -13.773235 -1.197453 8.443419  0.000000 -1.000000 0.000000  0.013464 0.085721 0
item_med
0  -13.924582 1.177399 8.160732  0.000000 1.000000 0.000000  0.501257 0.537512 0
0  -13.832458 1.177399 8.107545  0.000000 1.000000 0.000000  0.501257 0.535933 0
0  -14.093724 1.177399 7.888319  0.000000 1.000000 0.000001  0.506035 0.535933 0
item_med
0  -13.924582 -1.197453 8.160732  0.000000 -1.000000 0.000000  0.018242 0.084142 0
0  -14.130107 -1.197453 7.988277  0.000000 -1.000000 -0.000001  0.023021 0.084142 0
0  -14.093724 -1.197453 7.888319  0.000000 -1.000000 -0.000000  0.023021 0.085721 0
item_med
0  -14.130107 1.177399 7.988277  0.000000 1.000000 0.000001  0.506035 0.537512 0
0  -14.093724 1.177399 7.888319  0.000000 1.000000 0.000001  0.506035 0.535933 0
0  -14.434778 1.177399 7.888319  0.000000 1.000000 0.000000  0.510814 0.535933 0
item_med
0  -14.398396 -1.197453 7.988277  0.000000 -1.000000 -0.000001  0.027800 0.084142 0
0  -14.434778 -1.197453 7.888319  0.000000 -1.000000 -0.000000  0.027800 0.085721 0
0  -14.093724 -1.197453 7.888319  0.000000 -1.000000 -0.000000  0.023021 0.085721 0
item_med
0  -14.603919 1.177399 8.160732  0.000000 1.000000 0.000001  0.515592 0.537512 0
0  -14.398396 1.177399 7.988277  0.000000 1.000000 -0.000001  0.510814 0.537512 0
0  -14.434778 1.177399 7.888319  0.000000 1.000000 0.000000  0.510814 0.535933 0
item_med
0  -14.603919 -1.197453 8.160732  0.000000 -1.000000 -0.000000  0.032579 0.084142 0
0  -14.696044 -1.197453 8.107545  0.000000 -1.000000 0.000000  0.032579 0.085721 0
0  -14.434778 -1.197453 7.888319  0.000000 -1.000000 -0.000000  0.027800 0.085721 0
item_med
0  -14.603919 1.177399 8.160732  0.000000 1.000000 0.000001  0.515592 0.537512 0
0  -14.696044 1.177399 8.107545  0.000000 1.000000 0.000001  0.515592 0.535933 0
0  -14.755267 1.177399 8.443419  0.000000 1.000000 0.000001  0.520371 0.535933 0
item_med
0  -14.603919 -1.197453 8.160732  0.000000 -1.000000 -0.000000  0.032579 0.084142 0
0  -14.650509 -1.197453 8.424948  0.000000 -1.000000 0.000000  0.037357 0.084142 0
0  -14.755267 -1.197453 8.443419  0.000000 -1.000000 0.000000  0.037357 0.085721 0
item_med
0  -14.650509 1.177399 8.424948  0.000000 1.000000 0.000001  0.520371 0.537512 0
0  -14.755267 1.177399 8.443419  0.000000 1.000000 0.000001  0.520371 0.535933 0
0  -14.584740 1.177399 8.738782  0.000000 1.000000 -0.000001  0.525150 0.535933 0
item_med
0  -14.650509 -1.197453 8.424948  0.000000 -1.000000 0.000000  0.037357 0.084142 0
0  -14.516361 -1.197453 8.657294  0.000000 -1.000000 0.000000  0.042136 0.084142 0
0  -14.584740 -1.197453 8.738782  0.000000 -1.000000 0.000000  0.042136 0.085721 0
item_med
0  -14.516361 1.177399 8.657294  0.000000 1.000000 -0.000001  0.525150 0.537512 0
0  -14.584740 1.177399 8.738782  0.000000 1.000000 -0.000001  0.525150 0.535933 0
0  -14.264252 1.177399 8.855430  0.000000 1.000000 -0.000000  0.529929 0.535933 0
item_med
0  -14.516361 -1.197453 8.657294  0.000000 -1.000000 0.000000  0.042136 0.084142 0
0  -14.264252 -1.197453 8.749055  0.000000 -1.000000 0.000000  0.046915 0.084142 0
0  -14.264252 -1.197453 8.855430  0.000000 -1.000000 0.000000  0.046915 0.085721 0
item_med
0  -13.877994 -1.197453 8.424948  0.984807 0.000000 0.173650  0.265230 0.373272 0
0  -13.877994 -1.851825 8.424948  0.984808 0.000000 0.173649  0.265230 0.362972 0
0  -13.924582 -1.851825 8.160732  0.866025 0.000000 -0.500001  0.269453 0.362972 0
item_med
0  -14.650509 1.177399 8.424948  -0.984807 0.000000 0.173650  0.721482 0.640887 0
0  -14.650509 1.831771 8.424948  -0.984808 0.000000 0.173649  0.721482 0.651187 0
0  -14.603919 1.831771 8.160732  -0.866025 0.000000 -0.500001  0.717259 0.651187 0
item_med
0  -14.130107 1.177399 7.988277  0.342020 0.000000 -0.939693  0.708813 0.640887 0
0  -14.130107 1.831771 7.988277  0.342020 0.000000 -0.939693  0.708813 0.651187 0
0  -13.924582 1.831771 8.160732  0.866025 0.000000 -0.500001  0.704590 0.651187 0
item_med
0  -14.603919 -1.197453 8.160732  -0.866025 0.000000 -0.500001  0.244115 0.373272 0
0  -14.603919 -1.851825 8.160732  -0.866025 0.000000 -0.500001  0.244114 0.362972 0
0  -14.650509 -1.851825 8.424948  -0.984807 0.000000 0.173650  0.248338 0.362972 0
item_med
0  -14.516361 1.177399 8.657294  -0.642786 0.000000 0.766046  0.725705 0.640887 0
0  -14.516361 1.831771 8.657294  -0.642785 0.000000 0.766046  0.725705 0.651187 0
0  -14.650509 1.831771 8.424948  -0.984808 0.000000 0.173649  0.721482 0.651187 0
item_med
0  -13.924582 -1.197453 8.160732  0.866025 0.000000 -0.500001  0.231445 0.373272 0
0  -13.924582 -1.851825 8.160732  0.866025 0.000000 -0.500001  0.231445 0.362972 0
0  -14.130107 -1.851825 7.988277  0.342020 0.000000 -0.939693  0.235668 0.362972 0
item_med
0  -14.012140 1.177399 8.657294  0.642785 0.000000 0.766046  0.734151 0.640887 0
0  -14.012140 1.831771 8.657294  0.642786 0.000000 0.766046  0.734151 0.651187 0
0  -14.264252 1.831771 8.749055  0.000001 0.000000 1.000000  0.729928 0.651187 0
item_med
0  -14.650509 -1.197453 8.424948  -0.984808 0.000000 0.173649  0.248338 0.373272 0
0  -14.650509 -1.851825 8.424948  -0.984807 0.000000 0.173650  0.248338 0.362972 0
0  -14.516361 -1.851825 8.657294  -0.642786 0.000000 0.766046  0.252561 0.362972 0
item_med
0  -14.398396 1.177399 7.988277  -0.342021 0.000000 -0.939692  0.713036 0.640887 0
0  -14.398396 1.831771 7.988277  -0.342021 0.000000 -0.939692  0.713036 0.651187 0
0  -14.130107 1.831771 7.988277  0.342020 0.000000 -0.939693  0.708813 0.651187 0
item_med
0  -14.264252 -1.197453 8.749055  0.000001 0.000000 1.000000  0.256784 0.373272 0
0  -14.264252 -1.851825 8.749055  -0.000003 0.000000 1.000000  0.256784 0.362972 0
0  -14.012140 -1.851825 8.657294  0.642785 0.000000 0.766046  0.261007 0.362972 0
item_med
0  -14.264252 1.177399 8.749055  -0.000003 0.000000 1.000000  0.729928 0.640887 0
0  -14.264252 1.831771 8.749055  0.000001 0.000000 1.000000  0.729928 0.651187 0
0  -14.516361 1.831771 8.657294  -0.642785 0.000000 0.766046  0.725705 0.651187 0
item_med
0  -14.130107 -1.197453 7.988277  0.342020 0.000000 -0.939693  0.235668 0.373272 0
0  -14.130107 -1.851825 7.988277  0.342020 0.000000 -0.939693  0.235668 0.362972 0
0  -14.398396 -1.851825 7.988277  -0.342021 0.000000 -0.939692  0.239891 0.362972 0
item_med
0  -13.877994 1.177399 8.424948  0.984808 0.000000 0.173649  0.738374 0.640887 0
0  -13.877994 1.831771 8.424948  0.984807 0.000000 0.173650  0.738374 0.651187 0
0  -14.012140 1.831771 8.657294  0.642786 0.000000 0.766046  0.734151 0.651187 0
item_med
0  -14.516361 -1.197453 8.657294  -0.642785 0.000000 0.766047  0.252561 0.373272 0
0  -14.516361 -1.851825 8.657294  -0.642786 0.000000 0.766046  0.252561 0.362972 0
0  -14.264252 -1.851825 8.749055  -0.000003 0.000000 1.000000  0.256784 0.362972 0
item_med
0  -14.012140 -1.197453 8.657294  0.642786 0.000000 0.766046  0.261007 0.373272 0
0  -14.012140 -1.851825 8.657294  0.642785 0.000000 0.766046  0.261007 0.362972 0
0  -13.877994 -1.851825 8.424948  0.984808 0.000000 0.173649  0.265230 0.362972 0
item_med
0  -14.603919 1.177399 8.160732  -0.866025 0.000000 -0.500001  0.717259 0.640887 0
0  -14.603919 1.831771 8.160732  -0.866025 0.000000 -0.500001  0.717259 0.651187 0
0  -14.398396 1.831771 7.988277  -0.342021 0.000000 -0.939692  0.713036 0.651187 0
item_med
0  -14.516361 1.831771 8.657294  0.000000 1.000000 0.000000  0.962598 0.523823 0
0  -14.264252 1.831771 8.749055  0.000000 1.000000 0.000001  0.959363 0.526537 0
0  -14.012140 1.831771 8.657294  0.000000 1.000000 0.000000  0.955140 0.526537 0
item_med
0  -14.012140 1.831771 8.657294  0.000000 1.000000 0.000000  0.955140 0.526537 0
0  -13.877994 1.831771 8.424948  0.000000 1.000000 0.000000  0.951905 0.523823 0
0  -13.924582 1.831771 8.160732  0.000000 1.000000 0.000000  0.951172 0.519664 0
item_med
0  -13.924582 1.831771 8.160732  0.000000 1.000000 0.000000  0.951172 0.519664 0
0  -14.130107 1.831771 7.988277  0.000000 1.000000 0.000000  0.953283 0.516007 0
0  -14.012140 1.831771 8.657294  0.000000 1.000000 0.000000  0.955140 0.526537 0
item_med
0  -14.130107 1.831771 7.988277  0.000000 1.000000 0.000000  0.953283 0.516007 0
0  -14.398396 1.831771 7.988277  0.000000 1.000000 -0.000000  0.957252 0.514562 0
0  -14.012140 1.831771 8.657294  0.000000 1.000000 0.000000  0.955140 0.526537 0
item_med
0  -14.398396 1.831771 7.988277  0.000000 1.000000 -0.000000  0.957252 0.514562 0
0  -14.603919 1.831771 8.160732  0.000000 1.000000 -0.000000  0.961220 0.516007 0
0  -14.650509 1.831771 8.424948  0.000000 1.000000 0.000000  0.963332 0.519664 0
item_med
0  -14.650509 1.831771 8.424948  0.000000 1.000000 0.000000  0.963332 0.519664 0
0  -14.516361 1.831771 8.657294  0.000000 1.000000 0.000000  0.962598 0.523823 0
0  -14.398396 1.831771 7.988277  0.000000 1.000000 -0.000000  0.957252 0.514562 0
item_med
0  -13.877994 -1.851825 8.424948  0.000000 -1.000000 0.000000  0.949219 0.623580 0
0  -14.012140 -1.851825 8.657294  0.000000 -1.000000 0.000000  0.949952 0.619421 0
0  -13.924582 -1.851825 8.160732  0.000000 -1.000000 0.000000  0.951330 0.627237 0
item_med
0  -14.012140 -1.851825 8.657294  0.000000 -1.000000 0.000000  0.949952 0.619421 0
0  -14.264252 -1.851825 8.749055  0.000000 -1.000000 0.000000  0.953187 0.616706 0
0  -13.924582 -1.851825 8.160732  0.000000 -1.000000 0.000000  0.951330 0.627237 0
item_med
0  -14.264252 -1.851825 8.749055  0.000000 -1.000000 0.000000  0.953187 0.616706 0
0  -14.516361 -1.851825 8.657294  0.000000 -1.000000 0.000001  0.957410 0.616706 0
0  -14.650509 -1.851825 8.424948  0.000000 -1.000000 0.000000  0.960645 0.619421 0
item_med
0  -14.650509 -1.851825 8.424948  0.000000 -1.000000 0.000000  0.960645 0.619421 0
0  -14.603919 -1.851825 8.160732  0.000000 -1.000000 -0.000000  0.961379 0.623580 0
0  -14.264252 -1.851825 8.749055  0.000000 -1.000000 0.000000  0.953187 0.616706 0
item_med
0  -14.603919 -1.851825 8.160732  0.000000 -1.000000 -0.000000  0.961379 0.623580 0
0  -14.398396 -1.851825 7.988277  0.000000 -1.000000 0.000000  0.959267 0.627237 0
0  -14.264252 -1.851825 8.749055  0.000000 -1.000000 0.000000  0.953187 0.616706 0
item_med
0  -14.398396 -1.851825 7.988277  0.000000 -1.000000 0.000000  0.959267 0.627237 0
0  -14.130107 -1.851825 7.988277  0.000000 -1.000000 0.000000  0.955299 0.628681 0
0  -14.264252 -1.851825 8.749055  0.000000 -1.000000 0.000000  0.953187 0.616706 0
item_med
0  -14.398396 -1.197453 7.988277  -0.342021 0.000000 -0.939692  0.239891 0.373272 0
0  -14.398396 -1.851825 7.988277  -0.342021 0.000000 -0.939692  0.239891 0.362972 0
0  -14.603919 -1.851825 8.160732  -0.866025 0.000000 -0.500001  0.244114 0.362972 0
item_med
0  -14.988162 -1.389155 9.537307  0.994820 0.000075 0.101650  0.818360 0.626673 0
0  -14.988363 1.373195 9.537263  0.994819 0.000073 0.101658  0.861841 0.626674 0
0  -14.984745 1.373195 10.464565  0.999992 0.000073 -0.003903  0.861840 0.641270 0
item_med
0  -14.572202 1.373183 7.946558  0.227051 -0.000015 -0.973883  0.367977 0.684466 0
0  -14.572014 -1.389168 7.946642  0.227051 -0.000014 -0.973883  0.367977 0.640985 0
0  -14.679729 -1.389175 7.943119  -0.352275 -0.000053 -0.935897  0.369674 0.640985 0
item_med
0  -14.679729 -1.389175 7.943119  -0.352275 -0.000053 -0.935897  0.369674 0.640985 0
0  -14.758385 -1.389178 8.016793  -0.812863 -0.000073 -0.582455  0.371370 0.640985 0
0  -14.758574 1.373172 8.016708  -0.812861 -0.000073 -0.582457  0.371369 0.684466 0
item_med
0  -14.984745 1.373195 10.776096  -0.129151 -0.000009 0.991625  0.419189 0.684466 0
0  -15.142259 1.373184 10.734359  -0.496379 -0.000037 0.868106  0.416624 0.684466 0
0  -15.142054 -1.389167 10.734359  -0.496369 -0.000037 0.868112  0.416623 0.640985 0
item_med
0  -15.257568 1.373175 10.620331  -0.863923 -0.000065 0.503625  0.414071 0.684466 0
0  -15.299773 1.373172 10.464565  -0.991500 -0.000073 0.130109  0.411531 0.684466 0
0  -15.299567 -1.389179 10.464565  -0.991500 -0.000074 0.130107  0.411530 0.640985 0
item_med
0  -14.758385 -1.389178 8.016793  -0.812863 -0.000073 -0.582455  0.371370 0.640985 0
0  -15.176751 -1.389178 8.940207  -0.948185 -0.000075 -0.317718  0.387328 0.640985 0
0  -15.176938 1.373172 8.940122  -0.948184 -0.000074 -0.317723  0.387327 0.684466 0
item_med
0  -14.413510 1.373196 8.018455  0.412688 -0.000000 -0.910872  0.365234 0.684466 0
0  -14.413322 -1.389155 8.018538  0.412678 0.000000 -0.910877  0.365235 0.640985 0
0  -14.572014 -1.389168 7.946642  0.227051 -0.000014 -0.973883  0.367977 0.640985 0
item_med
0  -15.176751 -1.389178 8.940207  -0.948185 -0.000075 -0.317718  0.387328 0.640985 0
0  -15.295948 -1.389178 9.470143  -0.993685 -0.000076 -0.112205  0.395877 0.640985 0
0  -15.296149 1.373172 9.470099  -0.993684 -0.000073 -0.112213  0.395877 0.684466 0
item_med
0  -14.273880 1.373245 10.776096  0.000001 0.000000 1.000000  0.430378 0.684466 0
0  -14.984745 1.373195 10.776096  -0.129151 -0.000009 0.991625  0.419189 0.684466 0
0  -14.984538 -1.389155 10.776096  -0.129149 -0.000010 0.991625  0.419188 0.640985 0
item_med
0  -14.984745 1.373195 10.464565  -0.000000 0.000000 -1.000000  0.145020 0.318294 0
0  -14.564313 1.373230 10.464565  0.000000 0.000000 -1.000000  0.151637 0.318294 0
0  -14.564107 -1.389121 10.464565  -0.000002 0.000000 -1.000000  0.151637 0.361775 0
item_med
0  -14.564313 1.373230 10.464565  -1.000000 -0.000074 0.000000  0.989702 0.127622 0
0  -14.564313 1.373230 10.250257  -1.000000 -0.000074 0.000000  0.986328 0.127622 0
0  -14.564107 -1.389121 10.250257  -1.000000 -0.000075 0.000000  0.986328 0.084141 0
item_med
0  -14.273880 1.373245 10.250257  0.000000 0.000000 -1.000000  0.228027 0.407344 0
0  -14.273675 -1.389106 10.250257  0.000001 0.000000 -1.000000  0.271508 0.407344 0
0  -14.564107 -1.389121 10.250257  0.000001 0.000000 -1.000000  0.271508 0.411916 0
item_med
0  14.273675 -1.389106 10.250257  -0.000053 -1.000000 0.000000  1.328308 0.385269 0
0  14.564107 -1.389121 10.250257  -0.000053 -1.000000 0.000000  1.328308 0.389841 0
0  14.564107 -1.389121 10.464565  -0.000063 -1.000000 -0.000006  1.331681 0.389841 0
item_med
0  14.273880 1.373245 10.250257  0.000053 1.000000 0.000000  1.478492 0.084142 0
0  14.273880 1.373245 10.776096  0.000061 1.000000 0.000008  1.470215 0.084142 0
0  14.564313 1.373230 10.464565  0.000062 1.000000 0.000006  1.475119 0.088713 0
item_med
0  14.984745 1.373195 10.464565  0.000077 1.000000 0.000000  1.475119 0.095331 0
0  15.142259 1.373184 10.734359  0.000074 1.000000 -0.000000  1.470872 0.097810 0
0  15.257568 1.373175 10.620331  0.000074 1.000000 0.000000  1.472667 0.099626 0
item_med
0  15.299567 -1.389179 10.464565  -0.000075 -1.000000 0.000000  1.331681 0.401418 0
0  14.984538 -1.389155 10.464565  -0.000077 -1.000000 0.000000  1.331681 0.396459 0
0  14.988162 -1.389155 9.537307  -0.000074 -1.000000 0.000007  1.317086 0.396516 0
item_med
0  15.257363 -1.389175 10.620331  -0.000075 -1.000000 0.000001  1.334133 0.400753 0
0  15.142054 -1.389167 10.734359  -0.000075 -1.000000 0.000000  1.335928 0.398938 0
0  14.984538 -1.389155 10.464565  -0.000077 -1.000000 0.000000  1.331681 0.396459 0
item_med
0  14.564313 1.373230 10.464565  0.000062 1.000000 0.000006  1.475119 0.088713 0
0  14.273880 1.373245 10.776096  0.000061 1.000000 0.000008  1.470215 0.084142 0
0  14.984745 1.373195 10.776096  0.000075 1.000000 0.000003  1.470215 0.095331 0
item_med
0  14.273675 -1.389106 10.250257  -1.000000 0.000074 0.000000  1.515137 0.657590 0
0  14.273675 -1.389106 10.776096  -1.000000 0.000074 0.000000  1.515137 0.665867 0
0  14.273880 1.373245 10.776096  -1.000000 0.000075 0.000000  1.558618 0.665867 0
item_med
0  14.564107 -1.389121 10.464565  -0.000063 -1.000000 -0.000006  1.331681 0.389841 0
0  14.984538 -1.389155 10.464565  -0.000077 -1.000000 0.000000  1.331681 0.396459 0
0  14.984538 -1.389155 10.776096  -0.000076 -1.000000 -0.000003  1.336585 0.396459 0
item_med
0  15.296149 1.373172 9.470099  0.000075 1.000000 -0.000009  1.490772 0.100233 0
0  15.176938 1.373172 8.940122  0.000071 1.000000 -0.000024  1.499114 0.098356 0
0  14.889984 1.373196 9.070130  0.000071 1.000000 -0.000023  1.497068 0.093840 0
item_med
0  14.889796 -1.389155 9.070214  -0.950337 0.000075 0.311221  1.818360 0.619160 0
0  14.988162 -1.389155 9.537307  -0.994820 0.000075 0.101650  1.818360 0.626673 0
0  14.988363 1.373195 9.537263  -0.994819 0.000073 0.101658  1.861841 0.626674 0
item_med
0  15.299773 1.373172 10.464565  0.000075 1.000000 0.000000  1.475119 0.100290 0
0  15.296149 1.373172 9.470099  0.000075 1.000000 -0.000009  1.490772 0.100233 0
0  14.988363 1.373195 9.537263  0.000075 1.000000 -0.000007  1.489715 0.095388 0
item_med
0  14.572202 1.373183 7.946558  0.000068 1.000000 -0.000029  1.514753 0.088837 0
0  14.758574 1.373172 8.016708  0.000068 1.000000 -0.000030  1.513649 0.091771 0
0  14.679916 1.373175 7.943033  0.000068 1.000000 -0.000031  1.514809 0.090533 0
item_med
0  15.295948 -1.389178 9.470143  0.993685 -0.000076 -0.112205  1.395877 0.640985 0
0  15.296149 1.373172 9.470099  0.993684 -0.000073 -0.112213  1.395877 0.684466 0
0  15.299773 1.373172 10.464565  0.991500 -0.000073 0.130109  1.411531 0.684466 0
item_med
0  15.295948 -1.389178 9.470143  -0.000074 -1.000000 0.000008  1.316028 0.401361 0
0  14.988162 -1.389155 9.537307  -0.000074 -1.000000 0.000007  1.317086 0.396516 0
0  14.889796 -1.389155 9.070214  -0.000071 -1.000000 0.000023  1.309733 0.394968 0
item_med
0  14.413322 -1.389155 8.018538  -0.000068 -1.000000 0.000031  1.293179 0.387468 0
0  14.572014 -1.389168 7.946642  -0.000068 -1.000000 0.000032  1.292048 0.389966 0
0  14.758385 -1.389178 8.016793  -0.000068 -1.000000 0.000031  1.293152 0.392899 0
item_med
0  14.413510 1.373196 8.018455  -0.910875 0.000074 0.412682  1.861841 0.600986 0
0  14.413322 -1.389155 8.018538  -0.910875 0.000075 0.412683  1.818360 0.600986 0
0  14.889796 -1.389155 9.070214  -0.950337 0.000075 0.311221  1.818360 0.619160 0
item_med
0  15.142259 1.373184 10.734359  0.496379 -0.000037 0.868106  1.416624 0.684466 0
0  15.142054 -1.389167 10.734359  0.496369 -0.000037 0.868112  1.416623 0.640985 0
0  15.257363 -1.389175 10.620331  0.863920 -0.000064 0.503629  1.414071 0.640985 0
item_med
0  13.924582 1.177399 8.160732  -0.866025 0.000000 -0.500001  1.742597 0.640887 0
0  13.877994 1.177399 8.424948  -0.984808 0.000000 0.173649  1.738374 0.640887 0
0  13.877994 1.831771 8.424948  -0.984807 0.000000 0.173650  1.738374 0.651187 0
item_med
0  14.584740 1.177399 8.738782  0.642789 0.000000 0.766043  1.936513 0.542397 0
0  14.584740 -1.197453 8.738782  0.642787 0.000000 0.766045  1.936513 0.579778 0
0  14.755267 -1.197453 8.443419  0.984808 0.000000 0.173648  1.941881 0.579778 0
item_med
0  14.755267 1.177399 8.443419  0.984808 0.000000 0.173647  1.941881 0.542397 0
0  14.755267 -1.197453 8.443419  0.984808 0.000000 0.173648  1.941881 0.579778 0
0  14.696044 -1.197453 8.107545  0.866025 0.000000 -0.500000  1.947250 0.579778 0
item_med
0  14.696044 1.177399 8.107545  0.866024 0.000000 -0.500002  1.947250 0.542397 0
0  14.696044 -1.197453 8.107545  0.866025 0.000000 -0.500000  1.947250 0.579778 0
0  14.434778 -1.197453 7.888319  0.342020 0.000000 -0.939693  1.952618 0.579778 0
item_med
0  14.434778 1.177399 7.888319  0.342017 0.000000 -0.939694  1.952618 0.542397 0
0  14.434778 -1.197453 7.888319  0.342020 0.000000 -0.939693  1.952618 0.579778 0
0  14.093724 -1.197453 7.888319  -0.342017 0.000000 -0.939694  1.957986 0.579778 0
item_med
0  14.093724 1.177399 7.888319  -0.342020 0.000000 -0.939693  1.957986 0.542397 0
0  14.093724 -1.197453 7.888319  -0.342017 0.000000 -0.939694  1.957986 0.579778 0
0  13.832458 -1.197453 8.107545  -0.866024 0.000000 -0.500002  1.963355 0.579778 0
item_med
0  13.832458 1.177399 8.107545  -0.866025 0.000000 -0.500000  1.915039 0.542397 0
0  13.832458 -1.197453 8.107545  -0.866024 0.000000 -0.500002  1.915039 0.579778 0
0  13.773235 -1.197453 8.443419  -0.984808 0.000000 0.173647  1.920408 0.579778 0
item_med
0  13.773235 1.177399 8.443419  -0.984808 0.000000 0.173648  1.920408 0.542397 0
0  13.773235 -1.197453 8.443419  -0.984808 0.000000 0.173647  1.920408 0.579778 0
0  13.943763 -1.197453 8.738782  -0.642787 0.000000 0.766045  1.925776 0.579778 0
item_med
0  13.943763 1.177399 8.738782  -0.642788 0.000000 0.766044  1.925776 0.542397 0
0  13.943763 -1.197453 8.738782  -0.642787 0.000000 0.766045  1.925776 0.579778 0
0  14.264252 -1.197453 8.855430  0.000000 0.000000 1.000000  1.931144 0.579778 0
item_med
0  14.264252 -1.197453 8.855430  0.000000 0.000000 1.000000  1.931144 0.579778 0
0  14.584740 -1.197453 8.738782  0.642787 0.000000 0.766045  1.936513 0.579778 0
0  14.584740 1.177399 8.738782  0.642789 0.000000 0.766043  1.936513 0.542397 0
item_med
0  14.012140 1.177399 8.657294  0.000000 1.000000 0.000000  1.534707 0.537512 0
0  13.943763 1.177399 8.738782  0.000000 1.000000 0.000000  1.534707 0.535933 0
0  14.264252 1.177399 8.855430  0.000000 1.000000 -0.000000  1.529928 0.535933 0
item_med
0  14.012140 -1.197453 8.657294  0.000000 -1.000000 -0.000000  1.008685 0.084142 0
0  14.264252 -1.197453 8.749055  0.000000 -1.000000 0.000000  1.003906 0.084142 0
0  14.264252 -1.197453 8.855430  0.000000 -1.000000 0.000000  1.003906 0.085721 0
item_med
0  13.877994 1.177399 8.424948  0.000000 1.000000 0.000001  1.496478 0.537512 0
0  13.773235 1.177399 8.443419  0.000000 1.000000 0.000001  1.496478 0.535933 0
0  13.943763 1.177399 8.738782  0.000000 1.000000 0.000000  1.491699 0.535933 0
item_med
0  13.877994 -1.197453 8.424948  0.000000 -1.000000 0.000000  1.013464 0.084142 0
0  14.012140 -1.197453 8.657294  0.000000 -1.000000 -0.000000  1.008685 0.084142 0
0  13.943763 -1.197453 8.738782  0.000000 -1.000000 -0.000000  1.008685 0.085721 0
item_med
0  13.924582 1.177399 8.160732  0.000000 1.000000 0.000000  1.501256 0.537512 0
0  13.832458 1.177399 8.107545  0.000000 1.000000 0.000000  1.501256 0.535933 0
0  13.773235 1.177399 8.443419  0.000000 1.000000 0.000001  1.496478 0.535933 0
item_med
0  13.924582 -1.197453 8.160732  0.000000 -1.000000 0.000000  1.018242 0.084142 0
0  13.877994 -1.197453 8.424948  0.000000 -1.000000 0.000000  1.013464 0.084142 0
0  13.773235 -1.197453 8.443419  0.000000 -1.000000 0.000000  1.013464 0.085721 0
item_med
0  13.924582 1.177399 8.160732  0.000000 1.000000 0.000000  1.501256 0.537512 0
0  14.130107 1.177399 7.988277  0.000000 1.000000 0.000001  1.506035 0.537512 0
0  14.093724 1.177399 7.888319  0.000000 1.000000 0.000001  1.506035 0.535933 0
item_med
0  13.924582 -1.197453 8.160732  0.000000 -1.000000 0.000000  1.018242 0.084142 0
0  13.832458 -1.197453 8.107545  0.000000 -1.000000 0.000000  1.018242 0.085721 0
0  14.093724 -1.197453 7.888319  0.000000 -1.000000 -0.000000  1.023021 0.085721 0
item_med
0  14.130107 1.177399 7.988277  0.000000 1.000000 0.000001  1.506035 0.537512 0
0  14.398396 1.177399 7.988277  0.000000 1.000000 -0.000001  1.510814 0.537512 0
0  14.434778 1.177399 7.888319  0.000000 1.000000 0.000000  1.510814 0.535933 0
item_med
0  14.398396 -1.197453 7.988277  0.000000 -1.000000 -0.000001  1.027800 0.084142 0
0  14.130107 -1.197453 7.988277  0.000000 -1.000000 -0.000001  1.023021 0.084142 0
0  14.093724 -1.197453 7.888319  0.000000 -1.000000 -0.000000  1.023021 0.085721 0
item_med
0  14.603919 1.177399 8.160732  0.000000 1.000000 0.000001  1.515592 0.537512 0
0  14.696044 1.177399 8.107545  0.000000 1.000000 0.000001  1.515592 0.535933 0
0  14.434778 1.177399 7.888319  0.000000 1.000000 0.000000  1.510814 0.535933 0
item_med
0  14.603919 -1.197453 8.160732  0.000000 -1.000000 -0.000000  1.032579 0.084142 0
0  14.398396 -1.197453 7.988277  0.000000 -1.000000 -0.000001  1.027800 0.084142 0
0  14.434778 -1.197453 7.888319  0.000000 -1.000000 -0.000000  1.027800 0.085721 0
item_med
0  14.603919 1.177399 8.160732  0.000000 1.000000 0.000001  1.515592 0.537512 0
0  14.650509 1.177399 8.424948  0.000000 1.000000 0.000001  1.520371 0.537512 0
0  14.755267 1.177399 8.443419  0.000000 1.000000 0.000001  1.520371 0.535933 0
item_med
0  14.603919 -1.197453 8.160732  0.000000 -1.000000 -0.000000  1.032579 0.084142 0
0  14.696044 -1.197453 8.107545  0.000000 -1.000000 0.000000  1.032579 0.085721 0
0  14.755267 -1.197453 8.443419  0.000000 -1.000000 0.000000  1.037357 0.085721 0
item_med
0  14.650509 1.177399 8.424948  0.000000 1.000000 0.000001  1.520371 0.537512 0
0  14.516361 1.177399 8.657294  0.000000 1.000000 -0.000001  1.525150 0.537512 0
0  14.584740 1.177399 8.738782  0.000000 1.000000 -0.000001  1.525150 0.535933 0
item_med
0  14.650509 -1.197453 8.424948  0.000000 -1.000000 0.000000  1.037357 0.084142 0
0  14.755267 -1.197453 8.443419  0.000000 -1.000000 0.000000  1.037357 0.085721 0
0  14.584740 -1.197453 8.738782  0.000000 -1.000000 0.000000  1.042136 0.085721 0
item_med
0  14.516361 1.177399 8.657294  0.000000 1.000000 -0.000001  1.525150 0.537512 0
0  14.264252 1.177399 8.749055  0.000000 1.000000 0.000000  1.529928 0.537512 0
0  14.264252 1.177399 8.855430  0.000000 1.000000 -0.000000  1.529928 0.535933 0
item_med
0  14.516361 -1.197453 8.657294  0.000000 -1.000000 0.000000  1.042136 0.084142 0
0  14.584740 -1.197453 8.738782  0.000000 -1.000000 0.000000  1.042136 0.085721 0
0  14.264252 -1.197453 8.855430  0.000000 -1.000000 0.000000  1.046915 0.085721 0
item_med
0  13.877994 -1.197453 8.424948  -0.984807 0.000000 0.173650  1.265230 0.373272 0
0  13.924582 -1.197453 8.160732  -0.866025 0.000000 -0.500001  1.269453 0.373272 0
0  13.924582 -1.851825 8.160732  -0.866025 0.000000 -0.500001  1.269453 0.362972 0
item_med
0  14.650509 1.177399 8.424948  0.984807 0.000000 0.173650  1.721482 0.640887 0
0  14.603919 1.177399 8.160732  0.866025 0.000000 -0.500001  1.717259 0.640887 0
0  14.603919 1.831771 8.160732  0.866025 0.000000 -0.500001  1.717259 0.651187 0
item_med
0  14.130107 1.177399 7.988277  -0.342020 0.000000 -0.939693  1.708813 0.640887 0
0  13.924582 1.177399 8.160732  -0.866025 0.000000 -0.500001  1.704590 0.640887 0
0  13.924582 1.831771 8.160732  -0.866025 0.000000 -0.500001  1.704590 0.651187 0
item_med
0  14.603919 -1.197453 8.160732  0.866025 0.000000 -0.500001  1.244115 0.373272 0
0  14.650509 -1.197453 8.424948  0.984808 0.000000 0.173649  1.248338 0.373272 0
0  14.650509 -1.851825 8.424948  0.984807 0.000000 0.173650  1.248338 0.362972 0
item_med
0  14.516361 1.177399 8.657294  0.642786 0.000000 0.766046  1.725705 0.640887 0
0  14.650509 1.177399 8.424948  0.984807 0.000000 0.173650  1.721482 0.640887 0
0  14.650509 1.831771 8.424948  0.984808 0.000000 0.173649  1.721482 0.651187 0
item_med
0  13.924582 -1.197453 8.160732  -0.866025 0.000000 -0.500001  1.231445 0.373272 0
0  14.130107 -1.197453 7.988277  -0.342020 0.000000 -0.939693  1.235669 0.373272 0
0  14.130107 -1.851825 7.988277  -0.342020 0.000000 -0.939693  1.235669 0.362972 0
item_med
0  14.012140 1.177399 8.657294  -0.642785 0.000000 0.766046  1.734151 0.640887 0
0  14.264252 1.177399 8.749055  0.000003 0.000000 1.000000  1.729928 0.640887 0
0  14.264252 1.831771 8.749055  -0.000001 0.000000 1.000000  1.729928 0.651187 0
item_med
0  14.650509 -1.197453 8.424948  0.984808 0.000000 0.173649  1.248338 0.373272 0
0  14.516361 -1.197453 8.657294  0.642785 0.000000 0.766047  1.252561 0.373272 0
0  14.516361 -1.851825 8.657294  0.642786 0.000000 0.766046  1.252561 0.362972 0
item_med
0  14.398396 1.177399 7.988277  0.342021 0.000000 -0.939692  1.713036 0.640887 0
0  14.130107 1.177399 7.988277  -0.342020 0.000000 -0.939693  1.708813 0.640887 0
0  14.130107 1.831771 7.988277  -0.342020 0.000000 -0.939693  1.708813 0.651187 0
item_med
0  14.264252 -1.197453 8.749055  -0.000001 0.000000 1.000000  1.256784 0.373272 0
0  14.012140 -1.197453 8.657294  -0.642786 0.000000 0.766046  1.261007 0.373272 0
0  14.012140 -1.851825 8.657294  -0.642785 0.000000 0.766046  1.261007 0.362972 0
item_med
0  14.264252 1.177399 8.749055  0.000003 0.000000 1.000000  1.729928 0.640887 0
0  14.516361 1.177399 8.657294  0.642786 0.000000 0.766046  1.725705 0.640887 0
0  14.516361 1.831771 8.657294  0.642785 0.000000 0.766046  1.725705 0.651187 0
item_med
0  14.130107 -1.197453 7.988277  -0.342020 0.000000 -0.939693  1.235669 0.373272 0
0  14.398396 -1.197453 7.988277  0.342021 0.000000 -0.939692  1.239891 0.373272 0
0  14.398396 -1.851825 7.988277  0.342021 0.000000 -0.939692  1.239891 0.362972 0
item_med
0  13.877994 1.177399 8.424948  -0.984808 0.000000 0.173649  1.738374 0.640887 0
0  14.012140 1.177399 8.657294  -0.642785 0.000000 0.766046  1.734151 0.640887 0
0  14.012140 1.831771 8.657294  -0.642786 0.000000 0.766046  1.734151 0.651187 0
item_med
0  14.516361 -1.197453 8.657294  0.642785 0.000000 0.766047  1.252561 0.373272 0
0  14.264252 -1.197453 8.749055  -0.000001 0.000000 1.000000  1.256784 0.373272 0
0  14.264252 -1.851825 8.749055  0.000003 0.000000 1.000000  1.256784 0.362972 0
item_med
0  14.012140 -1.197453 8.657294  -0.642786 0.000000 0.766046  1.261007 0.373272 0
0  13.877994 -1.197453 8.424948  -0.984807 0.000000 0.173650  1.265230 0.373272 0
0  13.877994 -1.851825 8.424948  -0.984808 0.000000 0.173649  1.265230 0.362972 0
item_med
0  14.603919 1.177399 8.160732  0.866025 0.000000 -0.500001  1.717259 0.640887 0
0  14.398396 1.177399 7.988277  0.342021 0.000000 -0.939692  1.713036 0.640887 0
0  14.398396 1.831771 7.988277  0.342021 0.000000 -0.939692  1.713036 0.651187 0
item_med
0  14.516361 1.831771 8.657294  0.000000 1.000000 0.000000  1.962598 0.523823 0
0  14.398396 1.831771 7.988277  0.000000 1.000000 -0.000000  1.957252 0.514562 0
0  14.012140 1.831771 8.657294  0.000000 1.000000 0.000000  1.955140 0.526537 0
item_med
0  14.130107 -1.851825 7.988277  0.000000 -1.000000 0.000000  1.955299 0.628681 0
0  14.264252 -1.851825 8.749055  0.000000 -1.000000 0.000000  1.953187 0.616706 0
0  13.924582 -1.851825 8.160732  0.000000 -1.000000 0.000000  1.951330 0.627237 0
item_med
0  14.398396 -1.197453 7.988277  0.342021 0.000000 -0.939692  1.239891 0.373272 0
0  14.603919 -1.197453 8.160732  0.866025 0.000000 -0.500001  1.244115 0.373272 0
0  14.603919 -1.851825 8.160732  0.866025 0.000000 -0.500001  1.244115 0.362972 0
item_med
0  14.988162 -1.389155 9.537307  -0.994820 0.000075 0.101650  1.818360 0.626673 0
0  14.984538 -1.389155 10.464565  -0.999992 0.000075 -0.003908  1.818359 0.641269 0
0  14.984745 1.373195 10.464565  -0.999992 0.000073 -0.003903  1.861840 0.641270 0
item_med
0  14.572202 1.373183 7.946558  -0.227051 -0.000015 -0.973883  1.367977 0.684466 0
0  14.679916 1.373175 7.943033  0.352277 -0.000053 -0.935896  1.369673 0.684466 0
0  14.679729 -1.389175 7.943119  0.352275 -0.000053 -0.935897  1.369674 0.640985 0
item_med
0  14.679729 -1.389175 7.943119  0.352275 -0.000053 -0.935897  1.369674 0.640985 0
0  14.679916 1.373175 7.943033  0.352277 -0.000053 -0.935896  1.369673 0.684466 0
0  14.758574 1.373172 8.016708  0.812861 -0.000073 -0.582457  1.371369 0.684466 0
item_med
0  14.984745 1.373195 10.776096  0.129151 -0.000009 0.991625  1.419189 0.684466 0
0  14.984538 -1.389155 10.776096  0.129149 -0.000010 0.991625  1.419188 0.640985 0
0  15.142054 -1.389167 10.734359  0.496369 -0.000037 0.868112  1.416623 0.640985 0
item_med
0  15.257568 1.373175 10.620331  0.863923 -0.000065 0.503625  1.414071 0.684466 0
0  15.257363 -1.389175 10.620331  0.863920 -0.000064 0.503629  1.414071 0.640985 0
0  15.299567 -1.389179 10.464565  0.991500 -0.000074 0.130107  1.411530 0.640985 0
item_med
0  14.758385 -1.389178 8.016793  0.812863 -0.000073 -0.582455  1.371370 0.640985 0
0  14.758574 1.373172 8.016708  0.812861 -0.000073 -0.582457  1.371369 0.684466 0
0  15.176938 1.373172 8.940122  0.948184 -0.000074 -0.317723  1.387327 0.684466 0
item_med
0  14.413510 1.373196 8.018455  -0.412688 -0.000000 -0.910872  1.365234 0.684466 0
0  14.572202 1.373183 7.946558  -0.227051 -0.000015 -0.973883  1.367977 0.684466 0
0  14.572014 -1.389168 7.946642  -0.227051 -0.000014 -0.973883  1.367977 0.640985 0
item_med
0  15.176751 -1.389178 8.940207  0.948185 -0.000075 -0.317718  1.387328 0.640985 0
0  15.176938 1.373172 8.940122  0.948184 -0.000074 -0.317723  1.387327 0.684466 0
0  15.296149 1.373172 9.470099  0.993684 -0.000073 -0.112213  1.395877 0.684466 0
item_med
0  14.273880 1.373245 10.776096  -0.000001 0.000000 1.000000  1.430378 0.684466 0
0  14.273675 -1.389106 10.776096  0.000001 0.000000 1.000000  1.430378 0.640985 0
0  14.984538 -1.389155 10.776096  0.129149 -0.000010 0.991625  1.419188 0.640985 0
item_med
0  14.984745 1.373195 10.464565  0.000000 0.000000 -1.000000  1.145020 0.318294 0
0  14.984538 -1.389155 10.464565  0.000002 0.000000 -1.000000  1.145020 0.361775 0
0  14.564107 -1.389121 10.464565  0.000002 0.000000 -1.000000  1.151637 0.361775 0
item_med
0  14.564313 1.373230 10.464565  1.000000 -0.000074 0.000000  1.989702 0.127622 0
0  14.564107 -1.389121 10.464565  1.000000 -0.000075 0.000000  1.989702 0.084141 0
0  14.564107 -1.389121 10.250257  1.000000 -0.000075 0.000000  1.986328 0.084141 0
item_med
0  14.273880 1.373245 10.250257  -0.000000 0.000000 -1.000000  1.228027 0.407344 0
0  14.564313 1.373230 10.250257  0.000000 0.000000 -1.000000  1.228027 0.411916 0
0  14.564107 -1.389121 10.250257  -0.000001 0.000000 -1.000000  1.271508 0.411916 0
item_med
0  14.273675 -1.389106 10.250257  -0.000053 -1.000000 0.000000  1.328308 0.385269 0
0  14.564107 -1.389121 10.464565  -0.000063 -1.000000 -0.000006  1.331681 0.389841 0
0  14.273675 -1.389106 10.776096  -0.000062 -1.000000 -0.000008  1.336585 0.385269 0
item_med
0  14.273880 1.373245 10.250257  0.000053 1.000000 0.000000  1.478492 0.084142 0
0  14.564313 1.373230 10.464565  0.000062 1.000000 0.000006  1.475119 0.088713 0
0  14.564313 1.373230 10.250257  0.000053 1.000000 0.000000  1.478492 0.088713 0
item_med
0  15.142259 1.373184 10.734359  0.000074 1.000000 -0.000000  1.470872 0.097810 0
0  14.984745 1.373195 10.464565  0.000077 1.000000 0.000000  1.475119 0.095331 0
0  14.984745 1.373195 10.776096  0.000075 1.000000 0.000003  1.470215 0.095331 0
item_med
0  14.984745 1.373195 10.464565  0.000077 1.000000 0.000000  1.475119 0.095331 0
0  15.257568 1.373175 10.620331  0.000074 1.000000 0.000000  1.472667 0.099626 0
0  15.299773 1.373172 10.464565  0.000075 1.000000 0.000000  1.475119 0.100290 0
item_med
0  15.299567 -1.389179 10.464565  -0.000075 -1.000000 0.000000  1.331681 0.401418 0
0  14.988162 -1.389155 9.537307  -0.000074 -1.000000 0.000007  1.317086 0.396516 0
0  15.295948 -1.389178 9.470143  -0.000074 -1.000000 0.000008  1.316028 0.401361 0
item_med
0  15.299567 -1.389179 10.464565  -0.000075 -1.000000 0.000000  1.331681 0.401418 0
0  15.257363 -1.389175 10.620331  -0.000075 -1.000000 0.000001  1.334133 0.400753 0
0  14.984538 -1.389155 10.464565  -0.000077 -1.000000 0.000000  1.331681 0.396459 0
item_med
0  14.984538 -1.389155 10.464565  -0.000077 -1.000000 0.000000  1.331681 0.396459 0
0  15.142054 -1.389167 10.734359  -0.000075 -1.000000 0.000000  1.335928 0.398938 0
0  14.984538 -1.389155 10.776096  -0.000076 -1.000000 -0.000003  1.336585 0.396459 0
item_med
0  14.564313 1.373230 10.464565  0.000062 1.000000 0.000006  1.475119 0.088713 0
0  14.984745 1.373195 10.776096  0.000075 1.000000 0.000003  1.470215 0.095331 0
0  14.984745 1.373195 10.464565  0.000077 1.000000 0.000000  1.475119 0.095331 0
item_med
0  14.273675 -1.389106 10.250257  -1.000000 0.000074 0.000000  1.515137 0.657590 0
0  14.273880 1.373245 10.776096  -1.000000 0.000075 0.000000  1.558618 0.665867 0
0  14.273880 1.373245 10.250257  -1.000000 0.000075 0.000000  1.558618 0.657590 0
item_med
0  14.564107 -1.389121 10.464565  -0.000063 -1.000000 -0.000006  1.331681 0.389841 0
0  14.984538 -1.389155 10.776096  -0.000076 -1.000000 -0.000003  1.336585 0.396459 0
0  14.273675 -1.389106 10.776096  -0.000062 -1.000000 -0.000008  1.336585 0.385269 0
item_med
0  15.296149 1.373172 9.470099  0.000075 1.000000 -0.000009  1.490772 0.100233 0
0  14.889984 1.373196 9.070130  0.000071 1.000000 -0.000023  1.497068 0.093840 0
0  14.988363 1.373195 9.537263  0.000075 1.000000 -0.000007  1.489715 0.095388 0
item_med
0  14.889796 -1.389155 9.070214  -0.950337 0.000075 0.311221  1.818360 0.619160 0
0  14.988363 1.373195 9.537263  -0.994819 0.000073 0.101658  1.861841 0.626674 0
0  14.889984 1.373196 9.070130  -0.950336 0.000074 0.311227  1.861841 0.619160 0
item_med
0  15.299773 1.373172 10.464565  0.000075 1.000000 0.000000  1.475119 0.100290 0
0  14.988363 1.373195 9.537263  0.000075 1.000000 -0.000007  1.489715 0.095388 0
0  14.984745 1.373195 10.464565  0.000077 1.000000 0.000000  1.475119 0.095331 0
item_med
0  14.758574 1.373172 8.016708  0.000068 1.000000 -0.000030  1.513649 0.091771 0
0  14.889984 1.373196 9.070130  0.000071 1.000000 -0.000023  1.497068 0.093840 0
0  15.176938 1.373172 8.940122  0.000071 1.000000 -0.000024  1.499114 0.098356 0
item_med
0  14.889984 1.373196 9.070130  0.000071 1.000000 -0.000023  1.497068 0.093840 0
0  14.758574 1.373172 8.016708  0.000068 1.000000 -0.000030  1.513649 0.091771 0
0  14.413510 1.373196 8.018455  0.000068 1.000000 -0.000030  1.513622 0.086340 0
item_med
0  14.413510 1.373196 8.018455  0.000068 1.000000 -0.000030  1.513622 0.086340 0
0  14.758574 1.373172 8.016708  0.000068 1.000000 -0.000030  1.513649 0.091771 0
0  14.572202 1.373183 7.946558  0.000068 1.000000 -0.000029  1.514753 0.088837 0
item_med
0  15.295948 -1.389178 9.470143  0.993685 -0.000076 -0.112205  1.395877 0.640985 0
0  15.299773 1.373172 10.464565  0.991500 -0.000073 0.130109  1.411531 0.684466 0
0  15.299567 -1.389179 10.464565  0.991500 -0.000074 0.130107  1.411530 0.640985 0
item_med
0  15.295948 -1.389178 9.470143  -0.000074 -1.000000 0.000008  1.316028 0.401361 0
0  14.889796 -1.389155 9.070214  -0.000071 -1.000000 0.000023  1.309733 0.394968 0
0  15.176751 -1.389178 8.940207  -0.000071 -1.000000 0.000024  1.307687 0.399484 0
item_med
0  14.413322 -1.389155 8.018538  -0.000068 -1.000000 0.000031  1.293179 0.387468 0
0  14.758385 -1.389178 8.016793  -0.000068 -1.000000 0.000031  1.293152 0.392899 0
0  14.889796 -1.389155 9.070214  -0.000071 -1.000000 0.000023  1.309733 0.394968 0
item_med
0  14.889796 -1.389155 9.070214  -0.000071 -1.000000 0.000023  1.309733 0.394968 0
0  14.758385 -1.389178 8.016793  -0.000068 -1.000000 0.000031  1.293152 0.392899 0
0  15.176751 -1.389178 8.940207  -0.000071 -1.000000 0.000024  1.307687 0.399484 0
item_med
0  14.758385 -1.389178 8.016793  -0.000068 -1.000000 0.000031  1.293152 0.392899 0
0  14.572014 -1.389168 7.946642  -0.000068 -1.000000 0.000032  1.292048 0.389966 0
0  14.679729 -1.389175 7.943119  -0.000068 -1.000000 0.000033  1.291992 0.391661 0
item_med
0  14.413510 1.373196 8.018455  -0.910875 0.000074 0.412682  1.861841 0.600986 0
0  14.889796 -1.389155 9.070214  -0.950337 0.000075 0.311221  1.818360 0.619160 0
0  14.889984 1.373196 9.070130  -0.950336 0.000074 0.311227  1.861841 0.619160 0
item_med
0  15.142259 1.373184 10.734359  0.496379 -0.000037 0.868106  1.416624 0.684466 0
0  15.257363 -1.389175 10.620331  0.863920 -0.000064 0.503629  1.414071 0.640985 0
0  15.257568 1.373175 10.620331  0.863923 -0.000065 0.503625  1.414071 0.684466 0
item_med
0  13.924582 1.177399 8.160732  -0.866025 0.000000 -0.500001  1.742597 0.640887 0
0  13.877994 1.831771 8.424948  -0.984807 0.000000 0.173650  1.738374 0.651187 0
0  13.924582 1.831771 8.160732  -0.866025 0.000000 -0.500001  1.742597 0.651187 0
item_med
0  14.584740 1.177399 8.738782  0.642789 0.000000 0.766043  1.936513 0.542397 0
0  14.755267 -1.197453 8.443419  0.984808 0.000000 0.173648  1.941881 0.579778 0
0  14.755267 1.177399 8.443419  0.984808 0.000000 0.173647  1.941881 0.542397 0
item_med
0  14.755267 1.177399 8.443419  0.984808 0.000000 0.173647  1.941881 0.542397 0
0  14.696044 -1.197453 8.107545  0.866025 0.000000 -0.500000  1.947250 0.579778 0
0  14.696044 1.177399 8.107545  0.866024 0.000000 -0.500002  1.947250 0.542397 0
item_med
0  14.696044 1.177399 8.107545  0.866024 0.000000 -0.500002  1.947250 0.542397 0
0  14.434778 -1.197453 7.888319  0.342020 0.000000 -0.939693  1.952618 0.579778 0
0  14.434778 1.177399 7.888319  0.342017 0.000000 -0.939694  1.952618 0.542397 0
item_med
0  14.434778 1.177399 7.888319  0.342017 0.000000 -0.939694  1.952618 0.542397 0
0  14.093724 -1.197453 7.888319  -0.342017 0.000000 -0.939694  1.957986 0.579778 0
0  14.093724 1.177399 7.888319  -0.342020 0.000000 -0.939693  1.957986 0.542397 0
item_med
0  14.093724 1.177399 7.888319  -0.342020 0.000000 -0.939693  1.957986 0.542397 0
0  13.832458 -1.197453 8.107545  -0.866024 0.000000 -0.500002  1.963355 0.579778 0
0  13.832458 1.177399 8.107545  -0.866025 0.000000 -0.500000  1.963355 0.542397 0
item_med
0  13.832458 1.177399 8.107545  -0.866025 0.000000 -0.500000  1.915039 0.542397 0
0  13.773235 -1.197453 8.443419  -0.984808 0.000000 0.173647  1.920408 0.579778 0
0  13.773235 1.177399 8.443419  -0.984808 0.000000 0.173648  1.920408 0.542397 0
item_med
0  13.773235 1.177399 8.443419  -0.984808 0.000000 0.173648  1.920408 0.542397 0
0  13.943763 -1.197453 8.738782  -0.642787 0.000000 0.766045  1.925776 0.579778 0
0  13.943763 1.177399 8.738782  -0.642788 0.000000 0.766044  1.925776 0.542397 0
item_med
0  13.943763 1.177399 8.738782  -0.642788 0.000000 0.766044  1.925776 0.542397 0
0  14.264252 -1.197453 8.855430  0.000000 0.000000 1.000000  1.931144 0.579778 0
0  14.264252 1.177399 8.855430  0.000000 0.000000 1.000000  1.931144 0.542397 0
item_med
0  14.264252 -1.197453 8.855430  0.000000 0.000000 1.000000  1.931144 0.579778 0
0  14.584740 1.177399 8.738782  0.642789 0.000000 0.766043  1.936513 0.542397 0
0  14.264252 1.177399 8.855430  0.000000 0.000000 1.000000  1.931144 0.542397 0
item_med
0  14.012140 1.177399 8.657294  0.000000 1.000000 0.000000  1.534707 0.537512 0
0  14.264252 1.177399 8.855430  0.000000 1.000000 -0.000000  1.529928 0.535933 0
0  14.264252 1.177399 8.749055  0.000000 1.000000 0.000000  1.529928 0.537512 0
item_med
0  14.012140 -1.197453 8.657294  0.000000 -1.000000 -0.000000  1.008685 0.084142 0
0  14.264252 -1.197453 8.855430  0.000000 -1.000000 0.000000  1.003906 0.085721 0
0  13.943763 -1.197453 8.738782  0.000000 -1.000000 -0.000000  1.008685 0.085721 0
item_med
0  13.877994 1.177399 8.424948  0.000000 1.000000 0.000001  1.496478 0.537512 0
0  13.943763 1.177399 8.738782  0.000000 1.000000 0.000000  1.491699 0.535933 0
0  14.012140 1.177399 8.657294  0.000000 1.000000 0.000000  1.491699 0.537512 0
item_med
0  13.877994 -1.197453 8.424948  0.000000 -1.000000 0.000000  1.013464 0.084142 0
0  13.943763 -1.197453 8.738782  0.000000 -1.000000 -0.000000  1.008685 0.085721 0
0  13.773235 -1.197453 8.443419  0.000000 -1.000000 0.000000  1.013464 0.085721 0
item_med
0  13.924582 1.177399 8.160732  0.000000 1.000000 0.000000  1.501256 0.537512 0
0  13.773235 1.177399 8.443419  0.000000 1.000000 0.000001  1.496478 0.535933 0
0  13.877994 1.177399 8.424948  0.000000 1.000000 0.000001  1.496478 0.537512 0
item_med
0  13.924582 -1.197453 8.160732  0.000000 -1.000000 0.000000  1.018242 0.084142 0
0  13.773235 -1.197453 8.443419  0.000000 -1.000000 0.000000  1.013464 0.085721 0
0  13.832458 -1.197453 8.107545  0.000000 -1.000000 0.000000  1.018242 0.085721 0
item_med
0  13.924582 1.177399 8.160732  0.000000 1.000000 0.000000  1.501256 0.537512 0
0  14.093724 1.177399 7.888319  0.000000 1.000000 0.000001  1.506035 0.535933 0
0  13.832458 1.177399 8.107545  0.000000 1.000000 0.000000  1.501256 0.535933 0
item_med
0  13.924582 -1.197453 8.160732  0.000000 -1.000000 0.000000  1.018242 0.084142 0
0  14.093724 -1.197453 7.888319  0.000000 -1.000000 -0.000000  1.023021 0.085721 0
0  14.130107 -1.197453 7.988277  0.000000 -1.000000 -0.000001  1.023021 0.084142 0
item_med
0  14.130107 1.177399 7.988277  0.000000 1.000000 0.000001  1.506035 0.537512 0
0  14.434778 1.177399 7.888319  0.000000 1.000000 0.000000  1.510814 0.535933 0
0  14.093724 1.177399 7.888319  0.000000 1.000000 0.000001  1.506035 0.535933 0
item_med
0  14.398396 -1.197453 7.988277  0.000000 -1.000000 -0.000001  1.027800 0.084142 0
0  14.093724 -1.197453 7.888319  0.000000 -1.000000 -0.000000  1.023021 0.085721 0
0  14.434778 -1.197453 7.888319  0.000000 -1.000000 -0.000000  1.027800 0.085721 0
item_med
0  14.603919 1.177399 8.160732  0.000000 1.000000 0.000001  1.515592 0.537512 0
0  14.434778 1.177399 7.888319  0.000000 1.000000 0.000000  1.510814 0.535933 0
0  14.398396 1.177399 7.988277  0.000000 1.000000 -0.000001  1.510814 0.537512 0
item_med
0  14.603919 -1.197453 8.160732  0.000000 -1.000000 -0.000000  1.032579 0.084142 0
0  14.434778 -1.197453 7.888319  0.000000 -1.000000 -0.000000  1.027800 0.085721 0
0  14.696044 -1.197453 8.107545  0.000000 -1.000000 0.000000  1.032579 0.085721 0
item_med
0  14.603919 1.177399 8.160732  0.000000 1.000000 0.000001  1.515592 0.537512 0
0  14.755267 1.177399 8.443419  0.000000 1.000000 0.000001  1.520371 0.535933 0
0  14.696044 1.177399 8.107545  0.000000 1.000000 0.000001  1.515592 0.535933 0
item_med
0  14.603919 -1.197453 8.160732  0.000000 -1.000000 -0.000000  1.032579 0.084142 0
0  14.755267 -1.197453 8.443419  0.000000 -1.000000 0.000000  1.037357 0.085721 0
0  14.650509 -1.197453 8.424948  0.000000 -1.000000 0.000000  1.037357 0.084142 0
item_med
0  14.650509 1.177399 8.424948  0.000000 1.000000 0.000001  1.520371 0.537512 0
0  14.584740 1.177399 8.738782  0.000000 1.000000 -0.000001  1.525150 0.535933 0
0  14.755267 1.177399 8.443419  0.000000 1.000000 0.000001  1.520371 0.535933 0
item_med
0  14.650509 -1.197453 8.424948  0.000000 -1.000000 0.000000  1.037357 0.084142 0
0  14.584740 -1.197453 8.738782  0.000000 -1.000000 0.000000  1.042136 0.085721 0
0  14.516361 -1.197453 8.657294  0.000000 -1.000000 0.000000  1.042136 0.084142 0
item_med
0  14.516361 1.177399 8.657294  0.000000 1.000000 -0.000001  1.525150 0.537512 0
0  14.264252 1.177399 8.855430  0.000000 1.000000 -0.000000  1.529928 0.535933 0
0  14.584740 1.177399 8.738782  0.000000 1.000000 -0.000001  1.525150 0.535933 0
item_med
0  14.516361 -1.197453 8.657294  0.000000 -1.000000 0.000000  1.042136 0.084142 0
0  14.264252 -1.197453 8.855430  0.000000 -1.000000 0.000000  1.046915 0.085721 0
0  14.264252 -1.197453 8.749055  0.000000 -1.000000 0.000000  1.046915 0.084142 0
item_med
0  13.877994 -1.197453 8.424948  -0.984807 0.000000 0.173650  1.265230 0.373272 0
0  13.924582 -1.851825 8.160732  -0.866025 0.000000 -0.500001  1.269453 0.362972 0
0  13.877994 -1.851825 8.424948  -0.984808 0.000000 0.173649  1.265230 0.362972 0
item_med
0  14.650509 1.177399 8.424948  0.984807 0.000000 0.173650  1.721482 0.640887 0
0  14.603919 1.831771 8.160732  0.866025 0.000000 -0.500001  1.717259 0.651187 0
0  14.650509 1.831771 8.424948  0.984808 0.000000 0.173649  1.721482 0.651187 0
item_med
0  14.130107 1.177399 7.988277  -0.342020 0.000000 -0.939693  1.708813 0.640887 0
0  13.924582 1.831771 8.160732  -0.866025 0.000000 -0.500001  1.704590 0.651187 0
0  14.130107 1.831771 7.988277  -0.342020 0.000000 -0.939693  1.708813 0.651187 0
item_med
0  14.603919 -1.197453 8.160732  0.866025 0.000000 -0.500001  1.244115 0.373272 0
0  14.650509 -1.851825 8.424948  0.984807 0.000000 0.173650  1.248338 0.362972 0
0  14.603919 -1.851825 8.160732  0.866025 0.000000 -0.500001  1.244115 0.362972 0
item_med
0  14.516361 1.177399 8.657294  0.642786 0.000000 0.766046  1.725705 0.640887 0
0  14.650509 1.831771 8.424948  0.984808 0.000000 0.173649  1.721482 0.651187 0
0  14.516361 1.831771 8.657294  0.642785 0.000000 0.766046  1.725705 0.651187 0
item_med
0  13.924582 -1.197453 8.160732  -0.866025 0.000000 -0.500001  1.231445 0.373272 0
0  14.130107 -1.851825 7.988277  -0.342020 0.000000 -0.939693  1.235669 0.362972 0
0  13.924582 -1.851825 8.160732  -0.866025 0.000000 -0.500001  1.231445 0.362972 0
item_med
0  14.012140 1.177399 8.657294  -0.642785 0.000000 0.766046  1.734151 0.640887 0
0  14.264252 1.831771 8.749055  -0.000001 0.000000 1.000000  1.729928 0.651187 0
0  14.012140 1.831771 8.657294  -0.642786 0.000000 0.766046  1.734151 0.651187 0
item_med
0  14.650509 -1.197453 8.424948  0.984808 0.000000 0.173649  1.248338 0.373272 0
0  14.516361 -1.851825 8.657294  0.642786 0.000000 0.766046  1.252561 0.362972 0
0  14.650509 -1.851825 8.424948  0.984807 0.000000 0.173650  1.248338 0.362972 0
item_med
0  14.398396 1.177399 7.988277  0.342021 0.000000 -0.939692  1.713036 0.640887 0
0  14.130107 1.831771 7.988277  -0.342020 0.000000 -0.939693  1.708813 0.651187 0
0  14.398396 1.831771 7.988277  0.342021 0.000000 -0.939692  1.713036 0.651187 0
item_med
0  14.264252 -1.197453 8.749055  -0.000001 0.000000 1.000000  1.256784 0.373272 0
0  14.012140 -1.851825 8.657294  -0.642785 0.000000 0.766046  1.261007 0.362972 0
0  14.264252 -1.851825 8.749055  0.000003 0.000000 1.000000  1.256784 0.362972 0
item_med
0  14.264252 1.177399 8.749055  0.000003 0.000000 1.000000  1.729928 0.640887 0
0  14.516361 1.831771 8.657294  0.642785 0.000000 0.766046  1.725705 0.651187 0
0  14.264252 1.831771 8.749055  -0.000001 0.000000 1.000000  1.729928 0.651187 0
item_med
0  14.130107 -1.197453 7.988277  -0.342020 0.000000 -0.939693  1.235669 0.373272 0
0  14.398396 -1.851825 7.988277  0.342021 0.000000 -0.939692  1.239891 0.362972 0
0  14.130107 -1.851825 7.988277  -0.342020 0.000000 -0.939693  1.235669 0.362972 0
item_med
0  13.877994 1.177399 8.424948  -0.984808 0.000000 0.173649  1.738374 0.640887 0
0  14.012140 1.831771 8.657294  -0.642786 0.000000 0.766046  1.734151 0.651187 0
0  13.877994 1.831771 8.424948  -0.984807 0.000000 0.173650  1.738374 0.651187 0
item_med
0  14.516361 -1.197453 8.657294  0.642785 0.000000 0.766047  1.252561 0.373272 0
0  14.264252 -1.851825 8.749055  0.000003 0.000000 1.000000  1.256784 0.362972 0
0  14.516361 -1.851825 8.657294  0.642786 0.000000 0.766046  1.252561 0.362972 0
item_med
0  14.012140 -1.197453 8.657294  -0.642786 0.000000 0.766046  1.261007 0.373272 0
0  13.877994 -1.851825 8.424948  -0.984808 0.000000 0.173649  1.265230 0.362972 0
0  14.012140 -1.851825 8.657294  -0.642785 0.000000 0.766046  1.261007 0.362972 0
item_med
0  14.603919 1.177399 8.160732  0.866025 0.000000 -0.500001  1.717259 0.640887 0
0  14.398396 1.831771 7.988277  0.342021 0.000000 -0.939692  1.713036 0.651187 0
0  14.603919 1.831771 8.160732  0.866025 0.000000 -0.500001  1.717259 0.651187 0
item_med
0  14.516361 1.831771 8.657294  0.000000 1.000000 0.000000  1.962598 0.523823 0
0  14.012140 1.831771 8.657294  0.000000 1.000000 0.000000  1.955140 0.526537 0
0  14.264252 1.831771 8.749055  0.000000 1.000000 0.000001  1.959363 0.526537 0
item_med
0  14.012140 1.831771 8.657294  0.000000 1.000000 0.000000  1.955140 0.526537 0
0  13.924582 1.831771 8.160732  0.000000 1.000000 0.000000  1.951172 0.519664 0
0  13.877994 1.831771 8.424948  0.000000 1.000000 0.000000  1.951905 0.523823 0
item_med
0  13.924582 1.831771 8.160732  0.000000 1.000000 0.000000  1.951172 0.519664 0
0  14.012140 1.831771 8.657294  0.000000 1.000000 0.000000  1.955140 0.526537 0
0  14.130107 1.831771 7.988277  0.000000 1.000000 0.000000  1.953284 0.516007 0
item_med
0  14.130107 1.831771 7.988277  0.000000 1.000000 0.000000  1.953284 0.516007 0
0  14.012140 1.831771 8.657294  0.000000 1.000000 0.000000  1.955140 0.526537 0
0  14.398396 1.831771 7.988277  0.000000 1.000000 -0.000000  1.957252 0.514562 0
item_med
0  14.398396 1.831771 7.988277  0.000000 1.000000 -0.000000  1.957252 0.514562 0
0  14.650509 1.831771 8.424948  0.000000 1.000000 0.000000  1.963332 0.519664 0
0  14.603919 1.831771 8.160732  0.000000 1.000000 -0.000000  1.961220 0.516007 0
item_med
0  14.650509 1.831771 8.424948  0.000000 1.000000 0.000000  1.963332 0.519664 0
0  14.398396 1.831771 7.988277  0.000000 1.000000 -0.000000  1.957252 0.514562 0
0  14.516361 1.831771 8.657294  0.000000 1.000000 0.000000  1.962598 0.523823 0
item_med
0  13.877994 -1.851825 8.424948  0.000000 -1.000000 0.000000  1.949219 0.623580 0
0  13.924582 -1.851825 8.160732  0.000000 -1.000000 0.000000  1.951330 0.627237 0
0  14.012140 -1.851825 8.657294  0.000000 -1.000000 0.000000  1.949952 0.619421 0
item_med
0  14.012140 -1.851825 8.657294  0.000000 -1.000000 0.000000  1.949952 0.619421 0
0  13.924582 -1.851825 8.160732  0.000000 -1.000000 0.000000  1.951330 0.627237 0
0  14.264252 -1.851825 8.749055  0.000000 -1.000000 0.000000  1.953187 0.616706 0
item_med
0  14.264252 -1.851825 8.749055  0.000000 -1.000000 0.000000  1.953187 0.616706 0
0  14.650509 -1.851825 8.424948  0.000000 -1.000000 0.000000  1.960645 0.619421 0
0  14.516361 -1.851825 8.657294  0.000000 -1.000000 0.000001  1.957410 0.616706 0
item_med
0  14.650509 -1.851825 8.424948  0.000000 -1.000000 0.000000  1.960645 0.619421 0
0  14.264252 -1.851825 8.749055  0.000000 -1.000000 0.000000  1.953187 0.616706 0
0  14.603919 -1.851825 8.160732  0.000000 -1.000000 -0.000000  1.961379 0.623580 0
item_med
0  14.603919 -1.851825 8.160732  0.000000 -1.000000 -0.000000  1.961379 0.623580 0
0  14.264252 -1.851825 8.749055  0.000000 -1.000000 0.000000  1.953187 0.616706 0
0  14.398396 -1.851825 7.988277  0.000000 -1.000000 0.000000  1.959267 0.627237 0
item_med
0  14.398396 -1.851825 7.988277  0.000000 -1.000000 0.000000  1.959267 0.627237 0
0  14.264252 -1.851825 8.749055  0.000000 -1.000000 0.000000  1.953187 0.616706 0
0  14.130107 -1.851825 7.988277  0.000000 -1.000000 0.000000  1.955299 0.628681 0
item_med
0  14.398396 -1.197453 7.988277  0.342021 0.000000 -0.939692  1.239891 0.373272 0
0  14.603919 -1.851825 8.160732  0.866025 0.000000 -0.500001  1.244115 0.362972 0
0  14.398396 -1.851825 7.988277  0.342021 0.000000 -0.939692  1.239891 0.362972 0
item_med
0  14.988162 -1.389155 9.537307  -0.994820 0.000075 0.101650  1.818360 0.626673 0
0  14.984745 1.373195 10.464565  -0.999992 0.000073 -0.003903  1.861840 0.641270 0
0  14.988363 1.373195 9.537263  -0.994819 0.000073 0.101658  1.861841 0.626674 0
item_med
0  14.572202 1.373183 7.946558  -0.227051 -0.000015 -0.973883  1.367977 0.684466 0
0  14.679729 -1.389175 7.943119  0.352275 -0.000053 -0.935897  1.369674 0.640985 0
0  14.572014 -1.389168 7.946642  -0.227051 -0.000014 -0.973883  1.367977 0.640985 0
item_med
0  14.679729 -1.389175 7.943119  0.352275 -0.000053 -0.935897  1.369674 0.640985 0
0  14.758574 1.373172 8.016708  0.812861 -0.000073 -0.582457  1.371369 0.684466 0
0  14.758385 -1.389178 8.016793  0.812863 -0.000073 -0.582455  1.371370 0.640985 0
item_med
0  14.984745 1.373195 10.776096  0.129151 -0.000009 0.991625  1.419189 0.684466 0
0  15.142054 -1.389167 10.734359  0.496369 -0.000037 0.868112  1.416623 0.640985 0
0  15.142259 1.373184 10.734359  0.496379 -0.000037 0.868106  1.416624 0.684466 0
item_med
0  15.257568 1.373175 10.620331  0.863923 -0.000065 0.503625  1.414071 0.684466 0
0  15.299567 -1.389179 10.464565  0.991500 -0.000074 0.130107  1.411530 0.640985 0
0  15.299773 1.373172 10.464565  0.991500 -0.000073 0.130109  1.411531 0.684466 0
item_med
0  14.758385 -1.389178 8.016793  0.812863 -0.000073 -0.582455  1.371370 0.640985 0
0  15.176938 1.373172 8.940122  0.948184 -0.000074 -0.317723  1.387327 0.684466 0
0  15.176751 -1.389178 8.940207  0.948185 -0.000075 -0.317718  1.387328 0.640985 0
item_med
0  14.413510 1.373196 8.018455  -0.412688 -0.000000 -0.910872  1.365234 0.684466 0
0  14.572014 -1.389168 7.946642  -0.227051 -0.000014 -0.973883  1.367977 0.640985 0
0  14.413322 -1.389155 8.018538  -0.412678 0.000000 -0.910877  1.365235 0.640985 0
item_med
0  15.176751 -1.389178 8.940207  0.948185 -0.000075 -0.317718  1.387328 0.640985 0
0  15.296149 1.373172 9.470099  0.993684 -0.000073 -0.112213  1.395877 0.684466 0
0  15.295948 -1.389178 9.470143  0.993685 -0.000076 -0.112205  1.395877 0.640985 0
item_med
0  14.273880 1.373245 10.776096  -0.000001 0.000000 1.000000  1.430378 0.684466 0
0  14.984538 -1.389155 10.776096  0.129149 -0.000010 0.991625  1.419188 0.640985 0
0  14.984745 1.373195 10.776096  0.129151 -0.000009 0.991625  1.419189 0.684466 0
item_med
0  14.984745 1.373195 10.464565  0.000000 0.000000 -1.000000  1.145020 0.318294 0
0  14.564107 -1.389121 10.464565  0.000002 0.000000 -1.000000  1.151637 0.361775 0
0  14.564313 1.373230 10.464565  0.000000 0.000000 -1.000000  1.151637 0.318294 0
item_med
0  14.564313 1.373230 10.464565  1.000000 -0.000074 0.000000  1.989702 0.127622 0
0  14.564107 -1.389121 10.250257  1.000000 -0.000075 0.000000  1.986328 0.084141 0
0  14.564313 1.373230 10.250257  1.000000 -0.000074 0.000000  1.986328 0.127622 0
item_med
0  14.273880 1.373245 10.250257  -0.000000 0.000000 -1.000000  1.228027 0.407344 0
0  14.564107 -1.389121 10.250257  -0.000001 0.000000 -1.000000  1.271508 0.411916 0
0  14.273675 -1.389106 10.250257  -0.000001 0.000000 -1.000000  1.271508 0.407344 0
item_med
0  -10.016679 12.312591 13.017650  -0.001816 0.590025 0.807383  0.092559 0.523626 0
0  10.172790 13.498370 11.831870  0.004956 0.865585 0.500737  0.413550 0.550152 0
0  -10.172790 13.498370 11.831870  -0.009644 0.863820 0.503709  0.087449 0.549740 0
item_med
0  11.622471 -11.621844 13.017650  0.464687 -0.464788 0.753683  0.432710 0.148305 0
0  11.816334 -12.967899 11.831870  0.416119 -0.768004 0.486841  0.439807 0.122052 0
0  12.483624 -12.482848 11.831870  0.640445 -0.640681 0.423506  0.450308 0.130689 0
item_med
0  -10.229931 -13.932397 10.212065  -0.001433 -0.276157 0.961111  0.565405 0.600985 0
0  10.278754 -14.179902 10.140877  0.002486 -0.275108 0.961410  0.237264 0.605254 0
0  10.229931 -13.932397 10.212065  0.002856 -0.275892 0.961184  0.237264 0.600985 0
item_med
0  10.172790 -13.498370 11.831870  0.010205 -0.863769 0.503784  0.413776 0.110267 0
0  10.609664 -12.180598 13.017650  0.174333 -0.612161 0.771276  0.417531 0.138964 0
0  10.016679 -12.312591 13.017650  0.001884 -0.590042 0.807370  0.408682 0.136364 0
item_med
0  13.955943 -11.269987 9.757729  0.958179 -0.286163 -0.001787  0.978504 0.640687 0
0  14.187259 -10.277529 10.144642  0.999516 -0.031104 -0.000738  0.971415 0.654988 0
0  13.956563 -11.270336 10.149984  0.938864 -0.344287 -0.000645  0.971441 0.640670 0
item_med
0  -12.795914 -12.796807 10.212065  -0.202306 -0.202095 0.958243  0.612084 0.600985 0
0  -12.192110 -13.549204 10.143501  -0.152931 -0.232583 0.960478  0.596998 0.605254 0
0  -12.054167 -13.338026 10.212065  -0.118168 -0.222591 0.967724  0.596998 0.600985 0
item_med
0  -13.932397 10.229931 10.212065  -0.154958 0.007696 0.987891  0.190590 0.583844 0
0  -14.282906 1.763351 10.201323  -0.080124 0.002636 0.996781  0.055937 0.588122 0
0  -13.932397 1.765594 10.212065  -0.030636 0.000000 0.999531  0.055999 0.583844 0
item_med
0  -5.292810 4.930538 12.194233  0.000001 0.000000 1.000000  0.215569 0.660198 0
0  -4.966219 2.968975 12.194233  -0.000001 0.000000 1.000000  0.210428 0.691074 0
0  -4.177759 3.295572 12.194233  -0.000001 0.000000 1.000000  0.198017 0.685933 0
item_med
0  -0.688497 1.182543 12.194233  0.051199 0.985443 0.162115  0.310370 0.641326 0
0  -1.138512 1.062713 13.451677  0.283467 0.950725 0.125572  0.317482 0.661195 0
0  -0.653584 0.966255 13.451677  0.083252 0.982490 0.166683  0.309743 0.661332 0
item_med
0  12.312591 10.016679 13.017650  0.631379 0.002222 0.775471  0.444382 0.488265 0
0  13.498370 -10.172790 11.831870  0.842716 -0.006067 0.538324  0.470520 0.167324 0
0  13.498370 10.172790 11.831870  0.891753 0.007542 0.452459  0.470501 0.493350 0
item_med
0  -14.865133 -1.508988 10.454176  -0.000000 0.000000 1.000000  0.225860 0.641326 0
0  -14.574906 1.765575 10.454176  -0.000000 0.000000 1.000000  0.174316 0.645898 0
0  -14.865339 1.765557 10.454176  -0.000000 0.000000 1.000000  0.174316 0.641326 0
item_med
0  -13.932397 -10.229931 10.212065  -0.133253 -0.006400 0.991061  0.658799 0.600985 0
0  -14.282687 -1.506716 10.201308  -0.091856 -0.002810 0.995768  0.798762 0.605254 0
0  -14.187269 -10.277514 10.144653  -0.250712 -0.017128 0.967910  0.658799 0.605254 0
item_med
0  -11.256025 13.962147 10.144493  -0.091223 0.256492 0.962232  0.267524 0.588122 0
0  -12.040851 13.371405 10.212065  -0.133575 0.254299 0.957857  0.252451 0.583844 0
0  -11.158330 13.725296 10.212065  -0.068857 0.251889 0.965303  0.267867 0.583844 0
item_med
0  13.498370 10.172790 11.831870  0.891753 0.007542 0.452459  0.470501 0.493350 0
0  13.498370 -10.172790 11.831870  0.842716 -0.006067 0.538324  0.470520 0.167324 0
0  13.932397 -1.505817 10.212065  0.965926 0.000000 0.258820  0.496524 0.306404 0
item_med
0  5.166513 -1.279311 13.451677  -0.000000 0.000000 1.000000  0.331552 0.310224 0
0  0.653584 0.966255 13.451677  0.000000 0.000000 1.000000  0.260861 0.345496 0
0  0.000000 0.966255 13.451677  0.000000 0.000000 1.000000  0.250636 0.345496 0
item_med
0  -13.549055 -12.192762 10.143072  -0.839722 -0.543016 0.000434  0.971471 0.232891 0
0  -12.961841 -12.952970 9.775741  -0.737501 -0.675342 -0.002550  0.978564 0.246508 0
0  -12.958651 -12.958651 10.136584  -0.676323 -0.736603 -0.001823  0.971501 0.246514 0
item_med
0  -6.851258 3.295559 12.194233  0.909394 -0.195022 0.367382  0.815699 0.569469 0
0  -6.817377 4.734711 13.451677  0.749937 -0.550893 0.366212  0.794519 0.548442 0
0  -7.339974 3.385429 13.451677  0.926673 -0.084666 0.366209  0.815699 0.548442 0
item_med
0  -10.172790 -13.498370 11.831870  -0.005247 -0.865561 0.500776  0.087689 0.109865 0
0  10.229931 -13.932397 10.212065  0.009463 -0.965804 0.259100  0.418824 0.084163 0
0  10.172790 -13.498370 11.831870  0.010205 -0.863769 0.503784  0.413776 0.110267 0
item_med
0  6.851258 1.258362 12.194233  -0.000000 0.000000 1.000000  0.024414 0.718000 0
0  5.292810 2.180513 12.194233  0.000000 0.000000 1.000000  0.048945 0.703485 0
0  5.292810 0.700838 12.194233  -0.000000 0.000000 1.000000  0.048945 0.726776 0
item_med
0  -6.851258 1.258362 12.194233  0.000000 0.000000 1.000000  0.240100 0.718000 0
0  -5.292810 2.180513 12.194233  -0.000000 0.000000 1.000000  0.215569 0.703485 0
0  -6.851258 3.295559 12.194233  0.000000 0.000000 1.000000  0.240100 0.685933 0
item_med
0  10.182283 13.858498 9.700259  0.025103 0.211568 -0.977041  0.075924 0.849086 0
0  10.278748 14.180212 9.775741  0.006527 0.195816 -0.980619  0.075349 0.854387 0
0  11.257459 13.963725 9.775741  0.062540 0.209678 -0.975768  0.060045 0.850884 0
item_med
0  12.104920 13.334301 9.700259  0.114407 0.194859 -0.974136  0.046366 0.841027 0
0  12.168125 13.567385 9.775741  0.157336 0.265380 -0.951219  0.045515 0.844954 0
0  12.961893 12.953082 9.775741  0.188643 0.188814 -0.963724  0.032879 0.835658 0
item_med
0  -1.323792 6.129446 12.194233  0.360792 -0.889946 0.278972  0.701936 0.569469 0
0  -2.286369 5.549791 13.451677  0.280921 -0.930077 0.236728  0.725403 0.548442 0
0  -2.301662 5.223028 12.194233  0.280837 -0.929730 0.238188  0.725403 0.569469 0
item_med
0  -14.187269 -10.277514 10.144653  -0.250712 -0.017128 0.967910  0.658799 0.605254 0
0  -13.710798 -11.171302 10.212065  -0.227335 -0.064437 0.971682  0.642908 0.600985 0
0  -13.932397 -10.229931 10.212065  -0.133253 -0.006400 0.991061  0.658799 0.600985 0
item_med
0  6.851258 1.258362 12.194233  -0.932077 0.000000 0.362259  0.517539 0.569469 0
0  7.339974 3.385429 13.451677  -0.926673 -0.084666 0.366209  0.551679 0.548442 0
0  6.851258 3.295559 12.194233  -0.909394 -0.195022 0.367382  0.551679 0.569469 0
item_med
0  -0.688497 1.182543 12.194233  0.051199 0.985443 0.162115  0.310370 0.641326 0
0  0.000000 0.966255 13.451677  0.000000 0.985527 0.169517  0.299473 0.661332 0
0  0.688497 1.182543 12.194233  -0.051199 0.985443 0.162115  0.288589 0.641326 0
item_med
0  -6.851258 1.258362 12.194233  0.932077 0.000000 0.362259  0.849840 0.569469 0
0  -7.339974 3.385429 13.451677  0.926673 -0.084666 0.366209  0.815699 0.548442 0
0  -7.339974 1.053059 13.451677  0.932077 0.000000 0.362259  0.849840 0.548442 0
item_med
0  14.072151 6.194759 9.700259  0.239376 0.005175 -0.970913  0.016123 0.731267 0
0  14.282637 1.763885 9.709070  0.076984 0.002608 -0.997029  0.012849 0.662903 0
0  14.072151 1.713303 9.700259  0.043091 -0.000076 -0.999071  0.016162 0.662902 0
item_med
0  5.166513 0.414755 13.451677  0.000000 0.000000 1.000000  0.331552 0.336922 0
0  1.549614 1.337403 13.451677  -0.000001 0.000000 1.000000  0.274847 0.351392 0
0  5.166513 -1.279311 13.451677  -0.000000 0.000000 1.000000  0.331552 0.310224 0
item_med
0  -4.177759 3.295572 12.194233  -0.000001 0.000000 1.000000  0.198017 0.685933 0
0  -2.301662 5.223028 12.194233  0.000001 0.000000 1.000000  0.168486 0.655594 0
0  -5.292810 4.930538 12.194233  0.000001 0.000000 1.000000  0.215569 0.660198 0
item_med
0  6.851258 -0.778836 12.194233  0.000000 0.929113 0.369796  0.891420 0.608673 0
0  5.166513 -1.279311 13.451677  0.000000 0.929113 0.369796  0.870117 0.635192 0
0  7.339974 -1.279311 13.451677  0.000000 0.929113 0.369796  0.870117 0.600980 0
item_med
0  -6.394799 4.474083 12.194233  0.570087 -0.745162 0.346027  0.794519 0.569469 0
0  -5.555719 5.257302 13.451677  0.210935 -0.934440 0.286930  0.774530 0.548442 0
0  -6.817377 4.734711 13.451677  0.749937 -0.550893 0.366212  0.794519 0.548442 0
item_med
0  -2.033622 1.865795 12.194233  0.925177 0.359921 -0.120435  0.335283 0.641326 0
0  -1.920761 2.233432 13.451677  0.971125 0.190393 -0.143762  0.341055 0.661195 0
0  -1.824303 1.748504 13.451677  0.876646 0.472935 -0.088447  0.333088 0.661195 0
item_med
0  10.302093 11.284234 13.451677  -0.000018 0.000007 1.000000  0.412117 0.506820 0
0  -10.016679 12.312591 13.017650  -0.001816 0.590025 0.807383  0.092559 0.523626 0
0  -10.302093 11.284234 13.451677  0.000004 0.000025 1.000000  0.088945 0.506201 0
item_med
0  -14.187269 -10.277514 10.144653  -0.999514 -0.031162 -0.001128  0.971415 0.204369 0
0  -14.282746 -1.506856 9.709939  -0.999940 -0.010915 -0.000595  0.978254 0.084141 0
0  -14.186652 -10.277566 9.756765  -0.999437 -0.033518 -0.001604  0.978478 0.204356 0
item_med
0  -4.177759 3.295572 12.194233  -0.143968 0.987502 0.064135  0.325077 0.689165 0
0  -4.773272 3.011524 13.451677  -0.584723 0.805734 0.094300  0.312003 0.669145 0
0  -3.979335 3.215875 13.451677  -0.043115 0.996617 0.069973  0.325077 0.669145 0
item_med
0  -10.278756 14.179909 10.140869  -0.014234 0.994874 0.100116  0.205544 0.863448 0
0  -11.257460 13.963723 9.775743  -0.307675 0.951490 0.001382  0.191417 0.870517 0
0  -11.256025 13.962147 10.144493  -0.307409 0.951563 0.005262  0.191424 0.863439 0
item_med
0  11.800603 12.992128 11.831870  0.407249 0.771002 0.489595  0.439330 0.538815 0
0  11.639927 11.638412 13.017650  0.462460 0.464314 0.755343  0.432684 0.512463 0
0  12.497178 12.494937 11.831870  0.640137 0.641200 0.423186  0.450278 0.529983 0
item_med
0  -1.549614 1.337403 13.451677  0.620960 0.783545 0.021611  0.325231 0.661195 0
0  -1.249867 1.245932 12.194233  0.361756 0.928390 0.084995  0.319321 0.641326 0
0  -1.704601 1.463996 12.194235  0.697491 0.716075 -0.027269  0.327247 0.641326 0
item_med
0  -11.800603 12.992128 11.831870  -0.407251 0.771003 0.489594  0.061717 0.538339 0
0  -11.158330 13.725296 10.212065  -0.309223 0.914035 0.262529  0.064101 0.568812 0
0  -12.040851 13.371405 10.212065  -0.496966 0.826233 0.265262  0.047269 0.559665 0
item_med
0  11.270859 -13.956942 9.773233  0.062476 -0.208107 -0.976109  0.867676 0.808224 0
0  10.278741 -14.180175 9.775741  0.001165 -0.228111 -0.973634  0.851922 0.812015 0
0  10.182283 -13.858498 9.700259  0.006930 -0.223261 -0.974734  0.851339 0.806630 0
item_med
0  11.240644 10.345682 13.451677  0.000035 -0.000014 1.000000  0.426338 0.492549 0
0  11.981510 11.153804 13.017650  0.550351 0.255236 0.794964  0.438191 0.505222 0
0  11.003436 11.047026 13.451677  0.250916 0.251676 0.934719  0.422497 0.502961 0
item_med
0  2.033622 1.865795 12.194233  -0.925177 0.359921 -0.120435  0.263683 0.641326 0
0  1.920761 2.233432 13.451677  -0.971125 0.190393 -0.143762  0.257918 0.661332 0
0  2.117873 2.289353 12.194233  -0.989765 0.112612 -0.087659  0.257050 0.641326 0
item_med
0  1.824303 1.748504 13.451677  0.000000 0.000000 1.000000  0.279124 0.357891 0
0  3.979335 3.215875 13.451677  -0.000001 0.000000 1.000000  0.312925 0.381081 0
0  1.920761 2.233432 13.451677  0.000001 0.000000 1.000000  0.280607 0.365553 0
item_med
0  -14.574906 1.765575 10.212065  0.002242 0.999997 -0.000107  0.496302 0.112634 0
0  -14.282566 1.763935 9.709057  0.004418 0.999990 -0.000694  0.488281 0.117186 0
0  -14.865339 1.765557 9.700259  0.001856 0.999998 -0.001089  0.488281 0.108083 0
item_med
0  5.292810 4.930538 12.194233  -0.000001 0.000000 1.000000  0.048945 0.660198 0
0  4.966219 2.968975 12.194233  0.000001 0.000000 1.000000  0.054086 0.691074 0
0  6.394799 4.474083 12.194233  -0.000001 0.000000 1.000000  0.031599 0.667382 0
item_med
0  -11.954025 -11.162901 13.017650  -0.548709 -0.266449 0.792416  0.063379 0.154681 0
0  -11.240644 -10.345682 13.451677  0.000016 0.000003 1.000000  0.074757 0.167545 0
0  -12.180700 -10.609302 13.017650  -0.608653 -0.173000 0.774346  0.059401 0.162974 0
item_med
0  -12.998703 11.803102 11.831870  -0.771289 0.409230 0.487488  0.041990 0.518561 0
0  -11.639927 11.638412 13.017650  -0.462460 0.464315 0.755343  0.068389 0.511901 0
0  -12.497178 12.494937 11.831870  -0.640133 0.641205 0.423186  0.050813 0.529461 0
item_med
0  0.000000 0.966255 13.451677  0.000000 0.000000 1.000000  0.250636 0.345496 0
0  -5.166513 -1.279311 13.451677  0.000000 0.000000 1.000000  0.169717 0.309875 0
0  5.166513 -1.279311 13.451677  -0.000000 0.000000 1.000000  0.331552 0.310224 0
item_med
0  13.545032 -11.894187 9.700259  0.229554 -0.131375 -0.964389  0.903855 0.775953 0
0  13.549513 -12.193363 9.771981  0.345524 -0.213869 -0.913714  0.903980 0.780320 0
0  12.961839 -12.952970 9.775741  0.184595 -0.186158 -0.965023  0.894867 0.792766 0
item_med
0  -11.240644 -10.345682 13.451677  0.000016 0.000003 1.000000  0.074757 0.167545 0
0  -12.312591 10.016679 13.017650  -0.524957 0.002527 0.851125  0.056664 0.487698 0
0  -12.312591 -10.016679 13.017650  -0.631366 -0.002343 0.775481  0.056798 0.171838 0
item_med
0  -14.282906 1.763351 10.201323  -0.080124 0.002636 0.996781  0.055937 0.588122 0
0  -14.574699 -1.508970 10.212065  0.036812 -0.000002 0.999322  0.003906 0.593172 0
0  -14.282687 -1.506716 10.201308  -0.091856 -0.002810 0.995768  0.003906 0.588925 0
item_med
0  -14.157285 10.271199 10.136584  -0.999486 0.032031 -0.001367  0.120831 0.863293 0
0  -13.955257 11.253350 9.764527  -0.964377 0.264507 -0.003673  0.134939 0.870395 0
0  -14.156574 10.271174 9.766302  -0.999402 0.034480 -0.002422  0.120819 0.870371 0
item_med
0  -12.497178 12.494937 11.831870  -0.640133 0.641205 0.423186  0.050813 0.529461 0
0  -13.363942 12.038246 10.212065  -0.826506 0.499511 0.259571  0.020572 0.532798 0
0  -12.998703 11.803102 11.831870  -0.771289 0.409230 0.487488  0.041990 0.518561 0
item_med
0  -11.816334 -12.967899 11.831870  -0.416118 -0.768004 0.486843  0.061622 0.121610 0
0  -11.171198 -13.711287 10.212065  -0.322286 -0.910273 0.259873  0.064072 0.091181 0
0  -11.020391 -13.301167 11.831870  -0.260064 -0.834995 0.484922  0.074190 0.114815 0
item_med
0  -14.865133 -1.508988 10.454176  -1.000000 -0.000063 0.000000  0.222168 0.387665 0
0  -14.865339 1.765557 9.700259  -1.000000 -0.000063 0.000000  0.273711 0.399532 0
0  -14.865133 -1.508988 9.700259  -1.000000 -0.000063 0.000000  0.222168 0.399532 0
item_med
0  -13.549537 -12.193332 9.772010  -0.881449 -0.472280 0.000184  0.978534 0.232877 0
0  -13.956568 -11.270348 10.149967  -0.938920 -0.344131 -0.001417  0.971441 0.218687 0
0  -13.955524 -11.269830 9.756866  -0.958166 -0.286202 -0.002466  0.978504 0.218671 0
item_med
0  14.865133 -1.508988 10.454176  1.000000 -0.000063 0.000000  0.214141 0.387749 0
0  14.865339 1.765557 9.700259  1.000000 -0.000063 0.000000  0.162598 0.399616 0
0  14.865339 1.765557 10.454176  1.000000 -0.000063 0.000000  0.162598 0.387749 0
item_med
0  -14.282906 1.763351 10.201323  -0.080124 0.002636 0.996781  0.055937 0.588122 0
0  -13.932397 -1.505817 10.212065  -0.030693 -0.000003 0.999529  0.003906 0.583844 0
0  -13.932397 1.765594 10.212065  -0.030636 0.000000 0.999531  0.055999 0.583844 0
item_med
0  12.180700 -10.609302 13.017650  0.608654 -0.172995 0.774347  0.442044 0.163500 0
0  12.312591 -10.016679 13.017650  0.524991 -0.002665 0.851103  0.444682 0.172368 0
0  11.240644 -10.345682 13.451677  0.000028 -0.000006 1.000000  0.426709 0.168066 0
item_med
0  -1.824303 1.748504 13.451677  0.876646 0.472935 -0.088447  0.333088 0.661195 0
0  -1.704601 1.463996 12.194235  0.697491 0.716075 -0.027269  0.327247 0.641326 0
0  -2.033622 1.865795 12.194233  0.925177 0.359921 -0.120435  0.335283 0.641326 0
item_med
0  -11.007457 13.312136 11.831870  -0.249478 0.837722 0.485780  0.074185 0.544969 0
0  -10.229931 13.932397 10.212065  -0.008930 0.965809 0.259101  0.082443 0.575859 0
0  -11.158330 13.725296 10.212065  -0.309223 0.914035 0.262529  0.064101 0.568812 0
item_med
0  3.979335 3.215875 13.451677  0.049825 0.996231 0.071004  0.732859 0.613066 0
0  2.117873 3.295587 12.194233  0.000003 0.997997 0.063261  0.702148 0.633075 0
0  2.111017 3.215875 13.451677  0.000000 0.997997 0.063265  0.702148 0.613066 0
item_med
0  -13.956568 -11.270348 10.149967  -0.225805 -0.082646 0.970660  0.642908 0.605254 0
0  -13.337271 -12.054760 10.212065  -0.221453 -0.118271 0.967972  0.627167 0.600985 0
0  -13.710798 -11.171302 10.212065  -0.227335 -0.064437 0.971682  0.642908 0.600985 0
item_med
0  -11.270833 -13.956939 9.773219  -0.312918 -0.949765 0.005300  0.978601 0.274327 0
0  -10.278765 -14.179900 10.140875  -0.020205 -0.999795 0.001081  0.971537 0.288645 0
0  -11.269455 -13.954256 10.149385  -0.313418 -0.949582 0.007920  0.971537 0.274337 0
item_med
0  -7.339974 -1.279311 13.451677  0.000001 0.000000 1.000000  0.135848 0.309875 0
0  -10.302093 -11.284234 13.451677  0.000019 0.000018 1.000000  0.089129 0.153184 0
0  -5.166513 -1.279311 13.451677  0.000000 0.000000 1.000000  0.169717 0.309875 0
item_med
0  10.229931 -13.932397 10.212065  0.009463 -0.965804 0.259100  0.418824 0.084163 0
0  11.020391 -13.301167 11.831870  0.260063 -0.834995 0.484923  0.427262 0.115223 0
0  10.172790 -13.498370 11.831870  0.010205 -0.863769 0.503784  0.413776 0.110267 0
item_med
0  6.851258 -0.778836 12.194233  -0.000000 0.000000 1.000000  0.024414 0.750066 0
0  5.292810 0.700838 12.194233  -0.000000 0.000000 1.000000  0.048945 0.726776 0
0  5.292810 -0.778836 12.194233  0.000000 0.000000 1.000000  0.048945 0.750066 0
item_med
0  11.003436 11.047026 13.451677  0.250916 0.251676 0.934719  0.422497 0.502961 0
0  11.981510 11.153804 13.017650  0.550351 0.255236 0.794964  0.438191 0.505222 0
0  11.639927 11.638412 13.017650  0.462460 0.464314 0.755343  0.432684 0.512463 0
item_med
0  -12.497178 12.494937 11.831870  -0.640133 0.641205 0.423186  0.050813 0.529461 0
0  -12.040851 13.371405 10.212065  -0.496966 0.826233 0.265262  0.047269 0.559665 0
0  -12.808414 12.810941 10.212065  -0.684568 0.679431 0.264084  0.032273 0.547863 0
item_med
0  10.596938 12.186988 13.017650  0.165651 0.613763 0.771916  0.417123 0.521711 0
0  10.172790 13.498370 11.831870  0.004956 0.865585 0.500737  0.413550 0.550152 0
0  10.016679 12.312591 13.017650  0.003583 0.590583 0.806969  0.408477 0.524227 0
item_med
0  5.166513 2.108822 13.451677  -0.000001 0.000000 1.000000  0.331552 0.363636 0
0  1.824303 1.748504 13.451677  0.000000 0.000000 1.000000  0.279124 0.357891 0
0  5.166513 0.414755 13.451677  0.000000 0.000000 1.000000  0.331552 0.336922 0
item_med
0  13.498370 10.172790 11.831870  0.891753 0.007542 0.452459  0.470501 0.493350 0
0  12.186993 10.596949 13.017650  0.610616 0.163210 0.774927  0.441883 0.496916 0
0  12.312591 10.016679 13.017650  0.631379 0.002222 0.775471  0.444382 0.488265 0
item_med
0  -5.292810 4.930538 12.194233  0.134948 -0.953995 0.267735  0.774530 0.569469 0
0  -2.286369 5.549791 13.451677  0.280921 -0.930077 0.236728  0.725403 0.548442 0
0  -5.555719 5.257302 13.451677  0.210935 -0.934440 0.286930  0.774530 0.548442 0
item_med
0  -13.363942 12.038246 10.212065  -0.255290 0.131807 0.957838  0.221547 0.583844 0
0  -13.956718 11.253671 10.141321  -0.265467 0.090985 0.959817  0.206448 0.588122 0
0  -13.724099 11.157917 10.212065  -0.275308 0.073880 0.958513  0.206115 0.583844 0
item_med
0  14.574906 1.765575 10.212065  -0.002515 0.999997 -0.000355  0.510950 0.515909 0
0  14.282637 1.763885 9.709070  -0.004466 0.999990 -0.000766  0.502930 0.511358 0
0  14.282892 1.763358 10.201308  -0.007632 0.999970 0.001074  0.510950 0.511358 0
item_med
0  14.282736 -1.506862 9.709942  0.069981 -0.001447 -0.997547  0.012845 0.613067 0
0  14.072151 1.713303 9.700259  0.043091 -0.000076 -0.999071  0.016162 0.662902 0
0  14.282637 1.763885 9.709070  0.076984 0.002608 -0.997029  0.012849 0.662903 0
item_med
0  2.117873 2.289353 12.194233  0.000000 0.000000 1.000000  0.098920 0.701771 0
0  1.704601 1.463996 12.194235  -0.000005 0.000005 1.000000  0.105425 0.714763 0
0  2.033622 1.865795 12.194233  0.000018 -0.000002 1.000000  0.100246 0.708438 0
item_med
0  14.282736 -1.506862 9.709942  0.999941 -0.010884 0.000027  0.978254 0.775216 0
0  14.187259 -10.277529 10.144642  0.999516 -0.031104 -0.000738  0.971415 0.654988 0
0  14.186652 -10.277566 9.756764  0.999437 -0.033478 -0.002011  0.978478 0.655002 0
item_med
0  -0.000000 14.241865 9.740021  -0.000002 0.150047 -0.988679  0.232462 0.855636 0
0  6.819550 13.861418 9.700259  0.002239 0.162088 -0.986774  0.127621 0.849131 0
0  0.000000 13.861418 9.700259  0.000000 0.103946 -0.994583  0.232462 0.849132 0
item_med
0  -5.292810 0.700838 12.194233  -0.994994 0.000000 0.099937  0.272845 0.689165 0
0  -5.166513 2.108822 13.451677  -0.983278 0.145510 0.109506  0.297642 0.669145 0
0  -5.292810 2.180513 12.194233  -0.984121 0.141682 0.106921  0.297642 0.689165 0
item_med
0  13.549513 -12.193363 9.771981  0.881362 -0.472442 0.000820  0.978534 0.626480 0
0  13.956563 -11.270336 10.149984  0.938864 -0.344287 -0.000645  0.971441 0.640670 0
0  13.549066 -12.192758 10.143059  0.839731 -0.543002 0.000413  0.971471 0.626467 0
item_med
0  14.156553 10.271127 9.766344  0.334451 0.026249 -0.942047  0.014107 0.793144 0
0  14.072151 6.194759 9.700259  0.239376 0.005175 -0.970913  0.016123 0.731267 0
0  14.069231 9.971551 9.700259  0.497608 0.046027 -0.866180  0.016167 0.789330 0
item_med
0  -2.117873 2.289353 12.194233  0.989765 0.112612 -0.087660  0.341917 0.641326 0
0  -2.111017 3.215875 13.451677  0.992621 0.094974 -0.075392  0.357271 0.661195 0
0  -1.920761 2.233432 13.451677  0.971125 0.190393 -0.143762  0.341055 0.661195 0
item_med
0  6.819550 13.861418 9.700259  0.002239 0.162088 -0.986774  0.127621 0.849131 0
0  10.278748 14.180212 9.775741  0.006527 0.195816 -0.980619  0.075349 0.854387 0
0  10.182283 13.858498 9.700259  0.025103 0.211568 -0.977041  0.075924 0.849086 0
item_med
0  14.156553 10.271127 9.766344  0.334451 0.026249 -0.942047  0.014107 0.793144 0
0  14.069231 9.971551 9.700259  0.497608 0.046027 -0.866180  0.016167 0.789330 0
0  13.545032 11.894187 9.700259  0.253537 0.138342 -0.957382  0.024226 0.818888 0
item_med
0  13.955943 -11.269987 9.757729  0.291887 -0.104626 -0.950713  0.910316 0.765544 0
0  13.545032 -11.894187 9.700259  0.229554 -0.131375 -0.964389  0.903855 0.775953 0
0  14.186652 -10.277566 9.756764  0.354122 -0.029635 -0.934730  0.914135 0.749801 0
item_med
0  1.323792 6.129446 12.194233  -0.262279 -0.914137 0.309134  0.665442 0.569469 0
0  2.286369 5.549791 13.451677  -0.280922 -0.930077 0.236728  0.641976 0.548442 0
0  1.011625 6.629921 13.451677  -0.298033 -0.910009 0.288203  0.665442 0.548442 0
item_med
0  4.858750 2.975443 13.451677  -0.000003 0.000000 1.000000  0.326747 0.377304 0
0  3.979335 3.215875 13.451677  -0.000001 0.000000 1.000000  0.312925 0.381081 0
0  5.166513 2.108822 13.451677  -0.000001 0.000000 1.000000  0.331552 0.363636 0
item_med
0  14.069231 -9.971551 9.700259  0.203192 -0.012264 -0.979062  0.912042 0.745927 0
0  14.282736 -1.506862 9.709942  0.069981 -0.001447 -0.997547  0.915401 0.613763 0
0  14.186652 -10.277566 9.756764  0.354122 -0.029635 -0.934730  0.914135 0.749801 0
item_med
0  2.111017 3.215875 13.451677  0.000000 0.000000 1.000000  0.283561 0.381081 0
0  1.920761 2.233432 13.451677  0.000001 0.000000 1.000000  0.280607 0.365553 0
0  3.979335 3.215875 13.451677  -0.000001 0.000000 1.000000  0.312925 0.381081 0
item_med
0  -6.851258 -0.778836 12.194233  0.932077 0.000000 0.362259  0.883980 0.569469 0
0  -7.339974 1.053059 13.451677  0.932077 0.000000 0.362259  0.849840 0.548442 0
0  -7.339974 -1.279311 13.451677  0.932078 0.000000 0.362259  0.883980 0.548442 0
item_med
0  6.851258 3.295559 12.194233  -0.000000 0.000000 1.000000  0.024414 0.685933 0
0  4.966219 2.968975 12.194233  0.000001 0.000000 1.000000  0.054086 0.691074 0
0  5.292810 2.180513 12.194233  0.000000 0.000000 1.000000  0.048945 0.703485 0
item_med
0  -14.282746 -1.506856 9.709939  -0.069969 -0.001450 -0.997548  0.452080 0.613067 0
0  -14.072151 1.713303 9.700259  -0.042663 -0.000101 -0.999090  0.448763 0.662903 0
0  -14.071952 -1.464262 9.700259  -0.045868 -0.000008 -0.998948  0.448768 0.613066 0
item_med
0  14.574906 1.765575 10.212065  -0.002515 0.999997 -0.000355  0.510950 0.515909 0
0  14.574906 1.765575 10.454176  0.000063 1.000000 0.000000  0.514744 0.515909 0
0  14.865339 1.765557 10.454176  0.000063 1.000000 0.000000  0.514744 0.520460 0
item_med
0  -1.824303 1.748504 13.451677  -0.000000 0.000000 1.000000  0.222136 0.357795 0
0  -3.979335 3.215875 13.451677  0.000001 0.000000 1.000000  0.188331 0.380933 0
0  -5.166513 2.108822 13.451677  0.000001 0.000000 1.000000  0.169717 0.363433 0
item_med
0  14.865133 -1.508988 9.700259  -0.002482 -0.999996 -0.001373  0.656828 0.662140 0
0  14.865133 -1.508988 10.454176  -0.000063 -1.000000 0.000000  0.645020 0.662140 0
0  14.574699 -1.508970 10.212065  -0.002528 -0.999997 -0.000392  0.648812 0.657591 0
item_med
0  14.574906 1.765575 10.212065  -0.002515 0.999997 -0.000355  0.510950 0.515909 0
0  14.865339 1.765557 10.454176  0.000063 1.000000 0.000000  0.514744 0.520460 0
0  14.865339 1.765557 9.700259  -0.001914 0.999998 -0.001122  0.502930 0.520460 0
item_med
0  -11.163537 -11.953658 13.017650  -0.268211 -0.552145 0.789429  0.075624 0.142423 0
0  -11.020391 -13.301167 11.831870  -0.260064 -0.834995 0.484922  0.074190 0.114815 0
0  -10.609664 -12.180598 13.017650  -0.174324 -0.612162 0.771278  0.083918 0.138424 0
item_med
0  14.865133 -1.508988 10.454176  -0.000063 -1.000000 0.000000  0.645020 0.662140 0
0  14.574699 -1.508970 10.454176  -0.000063 -1.000000 0.000000  0.645020 0.657591 0
0  14.574699 -1.508970 10.212065  -0.002528 -0.999997 -0.000392  0.648812 0.657591 0
item_med
0  5.166513 -1.279311 13.451677  -0.000000 0.000000 1.000000  0.331552 0.310224 0
0  1.549614 1.337403 13.451677  -0.000001 0.000000 1.000000  0.274847 0.351392 0
0  1.138512 1.062713 13.451677  -0.000001 0.000000 1.000000  0.268437 0.347039 0
item_med
0  1.138512 1.062713 13.451677  -0.000001 0.000000 1.000000  0.268437 0.347039 0
0  0.653584 0.966255 13.451677  0.000000 0.000000 1.000000  0.260861 0.345496 0
0  5.166513 -1.279311 13.451677  -0.000000 0.000000 1.000000  0.331552 0.310224 0
item_med
0  12.497178 12.494937 11.831870  0.640137 0.641200 0.423186  0.450278 0.529983 0
0  12.040851 13.371405 10.212065  0.496966 0.826233 0.265262  0.453704 0.560114 0
0  11.800603 12.992128 11.831870  0.407249 0.771002 0.489595  0.439330 0.538815 0
item_med
0  -12.312591 -10.016679 13.017650  -0.631366 -0.002343 0.775481  0.056798 0.171838 0
0  -13.498370 10.172790 11.831870  -0.849459 0.005562 0.527625  0.030805 0.492753 0
0  -13.498370 -10.172790 11.831870  -0.885988 -0.008440 0.463632  0.030698 0.166775 0
item_med
0  13.498370 -10.172790 11.831870  0.842716 -0.006067 0.538324  0.470520 0.167324 0
0  13.932397 -10.229931 10.212065  0.964921 -0.038360 0.259721  0.496524 0.162023 0
0  13.932397 -1.505817 10.212065  0.965926 0.000000 0.258820  0.496524 0.306404 0
item_med
0  13.932397 -1.505817 10.212065  0.965926 0.000000 0.258820  0.496524 0.306404 0
0  13.932397 1.765594 10.212065  0.965926 0.000000 0.258819  0.496546 0.358589 0
0  13.498370 10.172790 11.831870  0.891753 0.007542 0.452459  0.470501 0.493350 0
item_med
0  1.704601 1.463996 12.194235  -0.000005 0.000005 1.000000  0.105425 0.714763 0
0  2.117873 2.289353 12.194233  0.000000 0.000000 1.000000  0.098920 0.701771 0
0  1.249867 1.245932 12.194233  -0.000001 0.000001 1.000000  0.112583 0.718195 0
item_med
0  1.249867 1.245932 12.194233  -0.000001 0.000001 1.000000  0.112583 0.718195 0
0  2.117873 2.289353 12.194233  0.000000 0.000000 1.000000  0.098920 0.701771 0
0  0.688497 1.182543 12.194233  -0.000000 0.000000 1.000000  0.121419 0.719193 0
item_med
0  13.932397 10.229931 10.212065  0.155007 0.007705 0.987883  0.701540 0.583844 0
0  14.282892 1.763358 10.201308  0.093758 0.002946 0.995591  0.836193 0.588122 0
0  14.157284 10.271199 10.136584  0.310767 0.021085 0.950252  0.700966 0.588122 0
item_med
0  2.117873 3.295587 12.194233  0.000000 0.000000 1.000000  0.098920 0.685933 0
0  0.688497 1.182543 12.194233  -0.000000 0.000000 1.000000  0.121419 0.719193 0
0  2.117873 2.289353 12.194233  0.000000 0.000000 1.000000  0.098920 0.701771 0
item_med
0  -13.956718 11.253671 10.141321  -0.945193 0.326494 -0.003348  0.134951 0.863317 0
0  -13.568105 12.169991 9.775741  -0.884895 0.465783 -0.002507  0.149060 0.870420 0
0  -13.955257 11.253350 9.764527  -0.964377 0.264507 -0.003673  0.134939 0.870395 0
item_med
0  1.549614 1.337403 13.451677  -0.620960 0.783545 0.021611  0.273751 0.661332 0
0  1.249867 1.245932 12.194233  -0.361756 0.928390 0.084995  0.279631 0.641326 0
0  1.138512 1.062713 13.451677  -0.283467 0.950725 0.125572  0.281512 0.661332 0
item_med
0  13.932397 1.765594 10.212065  0.965926 0.000000 0.258819  0.496546 0.358589 0
0  13.932397 10.229931 10.212065  0.964947 0.037184 0.259796  0.496546 0.498668 0
0  13.498370 10.172790 11.831870  0.891753 0.007542 0.452459  0.470501 0.493350 0
item_med
0  13.545032 11.894187 9.700259  0.253537 0.138342 -0.957382  0.024226 0.818888 0
0  13.955268 11.253309 9.764544  0.302237 0.098357 -0.948145  0.017627 0.808442 0
0  14.156553 10.271127 9.766344  0.334451 0.026249 -0.942047  0.014107 0.793144 0
item_med
0  14.186652 -10.277566 9.756764  0.354122 -0.029635 -0.934730  0.914135 0.749801 0
0  13.545032 -11.894187 9.700259  0.229554 -0.131375 -0.964389  0.903855 0.775953 0
0  14.069231 -9.971551 9.700259  0.203192 -0.012264 -0.979062  0.912042 0.745927 0
item_med
0  2.117873 3.295587 12.194233  0.000000 0.000000 1.000000  0.098920 0.685933 0
0  -2.117873 3.295587 12.194233  0.000000 0.000000 1.000000  0.165593 0.685933 0
0  0.688497 1.182543 12.194233  -0.000000 0.000000 1.000000  0.121419 0.719193 0
item_med
0  11.003436 -11.047026 13.451677  0.254846 -0.254794 0.932809  0.422776 0.157620 0
0  11.240644 -10.345682 13.451677  0.000028 -0.000006 1.000000  0.426709 0.168066 0
0  10.302093 -11.284234 13.451677  -0.000021 0.000010 1.000000  0.412322 0.153769 0
item_med
0  11.240644 10.345682 13.451677  0.000035 -0.000014 1.000000  0.426338 0.492549 0
0  7.339974 1.053059 13.451677  -0.000000 0.000000 1.000000  0.365416 0.346740 0
0  11.240644 -10.345682 13.451677  0.000028 -0.000006 1.000000  0.426709 0.168066 0
item_med
0  7.339974 1.053059 13.451677  -0.000000 0.000000 1.000000  0.365416 0.346740 0
0  7.339974 -1.279311 13.451677  -0.000001 0.000000 1.000000  0.365416 0.310224 0
0  11.240644 -10.345682 13.451677  0.000028 -0.000006 1.000000  0.426709 0.168066 0
item_med
0  10.302093 11.284234 13.451677  -0.000018 0.000007 1.000000  0.412117 0.506820 0
0  11.240644 10.345682 13.451677  0.000035 -0.000014 1.000000  0.426338 0.492549 0
0  11.003436 11.047026 13.451677  0.250916 0.251676 0.934719  0.422497 0.502961 0
item_med
0  10.302093 11.284234 13.451677  -0.000018 0.000007 1.000000  0.412117 0.506820 0
0  -1.011625 6.629921 13.451677  0.000000 0.000000 1.000000  0.234756 0.433391 0
0  1.011625 6.629921 13.451677  -0.000000 0.000000 1.000000  0.266457 0.433391 0
item_med
0  10.302093 11.284234 13.451677  -0.000018 0.000007 1.000000  0.412117 0.506820 0
0  1.011625 6.629921 13.451677  -0.000000 0.000000 1.000000  0.266457 0.433391 0
0  5.555719 5.257302 13.451677  -0.000000 0.000000 1.000000  0.337513 0.412166 0
item_med
0  11.240644 10.345682 13.451677  0.000035 -0.000014 1.000000  0.426338 0.492549 0
0  7.339974 3.385429 13.451677  0.000000 0.000000 1.000000  0.365416 0.383266 0
0  7.339974 1.053059 13.451677  -0.000000 0.000000 1.000000  0.365416 0.346740 0
item_med
0  5.555719 5.257302 13.451677  -0.000000 0.000000 1.000000  0.337513 0.412166 0
0  1.011625 6.629921 13.451677  -0.000000 0.000000 1.000000  0.266457 0.433391 0
0  2.286369 5.549791 13.451677  0.000000 0.000000 1.000000  0.286382 0.416477 0
item_med
0  11.240644 10.345682 13.451677  0.000035 -0.000014 1.000000  0.426338 0.492549 0
0  6.817377 4.734711 13.451677  -0.000001 0.000000 1.000000  0.357218 0.404220 0
0  7.339974 3.385429 13.451677  0.000000 0.000000 1.000000  0.365416 0.383266 0
item_med
0  -11.152396 11.977507 13.017650  -0.258773 0.553830 0.791397  0.075654 0.517393 0
0  -11.007457 13.312136 11.831870  -0.249478 0.837722 0.485780  0.074185 0.544969 0
0  -11.800603 12.992128 11.831870  -0.407251 0.771003 0.489594  0.061717 0.538339 0
item_med
0  5.166513 2.108822 13.451677  0.986518 0.129615 0.099913  0.760489 0.613066 0
0  4.966219 2.968975 12.194233  0.809753 0.581382 0.079340  0.746631 0.633075 0
0  4.858750 2.975443 13.451677  0.585547 0.806915 0.077608  0.746631 0.613066 0
item_med
0  -12.168125 13.567385 9.775741  -0.545038 0.838387 -0.006287  0.177300 0.870505 0
0  -12.958649 12.958649 10.136585  -0.676301 0.736612 -0.004522  0.163190 0.863386 0
0  -12.169179 13.569360 10.136584  -0.471625 0.881796 -0.002240  0.177306 0.863427 0
item_med
0  11.163537 -11.953658 13.017650  0.268209 -0.552145 0.789430  0.425819 0.142947 0
0  10.302093 -11.284234 13.451677  -0.000021 0.000010 1.000000  0.412322 0.153769 0
0  10.609664 -12.180598 13.017650  0.174333 -0.612161 0.771276  0.417531 0.138964 0
item_med
0  11.639927 11.638412 13.017650  0.462460 0.464314 0.755343  0.432684 0.512463 0
0  11.152396 11.977507 13.017650  0.258774 0.553830 0.791396  0.425406 0.517956 0
0  11.003436 11.047026 13.451677  0.250916 0.251676 0.934719  0.422497 0.502961 0
item_med
0  -11.981510 11.153804 13.017650  -0.550351 0.255234 0.794965  0.062891 0.504657 0
0  -13.312343 11.007528 11.831870  -0.838652 0.246813 0.485537  0.035495 0.506059 0
0  -12.186993 10.596949 13.017650  -0.610617 0.163203 0.774927  0.059193 0.496350 0
item_med
0  -12.998703 11.803102 11.831870  -0.771289 0.409230 0.487488  0.041990 0.518561 0
0  -13.724099 11.157917 10.212065  -0.914793 0.309912 0.259054  0.011555 0.516069 0
0  -13.312343 11.007528 11.831870  -0.838652 0.246813 0.485537  0.035495 0.506059 0
item_med
0  -12.808414 12.810941 10.212065  -0.224290 0.223481 0.948552  0.237010 0.583844 0
0  -12.169179 13.569360 10.136584  -0.171082 0.265237 0.948884  0.252233 0.588122 0
0  -12.958649 12.958649 10.136585  -0.238621 0.238356 0.941407  0.236993 0.588122 0
item_med
0  -12.169179 13.569360 10.136584  -0.471625 0.881796 -0.002240  0.177306 0.863427 0
0  -11.257460 13.963723 9.775743  -0.307675 0.951490 0.001382  0.191417 0.870517 0
0  -12.168125 13.567385 9.775741  -0.545038 0.838387 -0.006287  0.177300 0.870505 0
item_med
0  10.596938 12.186988 13.017650  0.165651 0.613763 0.771916  0.417123 0.521711 0
0  10.016679 12.312591 13.017650  0.003583 0.590583 0.806969  0.408477 0.524227 0
0  10.302093 11.284234 13.451677  -0.000018 0.000007 1.000000  0.412117 0.506820 0
item_med
0  11.020391 -13.301167 11.831870  0.260063 -0.834995 0.484923  0.427262 0.115223 0
0  11.163537 -11.953658 13.017650  0.268209 -0.552145 0.789430  0.425819 0.142947 0
0  10.609664 -12.180598 13.017650  0.174333 -0.612161 0.771276  0.417531 0.138964 0
item_med
0  -12.054167 -13.338026 10.212065  -0.502948 -0.823724 0.261767  0.047106 0.100441 0
0  -12.483624 -12.482848 11.831870  -0.640387 -0.640739 0.423506  0.051090 0.130213 0
0  -12.795914 -12.796807 10.212065  -0.682056 -0.682099 0.263705  0.032586 0.111844 0
item_med
0  13.955268 11.253309 9.764544  0.964381 0.264496 -0.003295  0.558794 0.870395 0
0  14.157284 10.271199 10.136584  0.999486 0.032031 -0.001609  0.572903 0.863293 0
0  14.156553 10.271127 9.766344  0.999402 0.034512 -0.001980  0.572915 0.870371 0
item_med
0  -12.808414 12.810941 10.212065  -0.224290 0.223481 0.948552  0.237010 0.583844 0
0  -13.569082 12.169590 10.136584  -0.261069 0.165594 0.951011  0.221739 0.588122 0
0  -13.363942 12.038246 10.212065  -0.255290 0.131807 0.957838  0.221547 0.583844 0
item_med
0  13.302144 -11.020721 11.831870  0.835123 -0.259818 0.484834  0.465636 0.153779 0
0  11.954025 -11.162901 13.017650  0.548709 -0.266450 0.792416  0.438056 0.155205 0
0  12.968917 -11.816172 11.831870  0.768047 -0.416341 0.486584  0.458885 0.141218 0
item_med
0  13.710798 -11.171302 10.212065  0.910401 -0.322562 0.259081  0.489484 0.143668 0
0  12.968917 -11.816172 11.831870  0.768047 -0.416341 0.486584  0.458885 0.141218 0
0  13.337271 -12.054760 10.212065  0.823735 -0.503192 0.261263  0.480241 0.126830 0
item_med
0  -12.961894 12.953085 9.775743  -0.736104 0.676859 -0.003534  0.163190 0.870463 0
0  -13.569082 12.169590 10.136584  -0.840439 0.541903 -0.001880  0.149069 0.863343 0
0  -12.958649 12.958649 10.136585  -0.676301 0.736612 -0.004522  0.163190 0.863386 0
item_med
0  -12.054167 -13.338026 10.212065  -0.118168 -0.222591 0.967724  0.596998 0.600985 0
0  -11.269455 -13.954256 10.149385  -0.081766 -0.229193 0.969941  0.581268 0.605254 0
0  -11.171198 -13.711287 10.212065  -0.065501 -0.236984 0.969303  0.581268 0.600985 0
item_med
0  -12.795914 -12.796807 10.212065  -0.202306 -0.202095 0.958243  0.612084 0.600985 0
0  -13.549055 -12.192762 10.143072  -0.232880 -0.153580 0.960302  0.627167 0.605254 0
0  -12.958651 -12.958651 10.136584  -0.221064 -0.220754 0.949947  0.612084 0.605254 0
item_med
0  -13.337271 -12.054760 10.212065  -0.823735 -0.503192 0.261263  0.021138 0.126295 0
0  -12.483624 -12.482848 11.831870  -0.640387 -0.640739 0.423506  0.051090 0.130213 0
0  -12.968917 -11.816172 11.831870  -0.768012 -0.416371 0.486614  0.042473 0.140714 0
item_med
0  -12.968917 -11.816172 11.831870  -0.768012 -0.416371 0.486614  0.042473 0.140714 0
0  -11.622471 -11.621844 13.017650  -0.464684 -0.464791 0.753683  0.068727 0.147783 0
0  -11.954025 -11.162901 13.017650  -0.548709 -0.266449 0.792416  0.063379 0.154681 0
item_med
0  13.932397 10.229931 10.212065  0.964947 0.037184 0.259796  0.496546 0.498668 0
0  13.312343 11.007528 11.831870  0.838652 0.246815 0.485535  0.465716 0.506638 0
0  13.498370 10.172790 11.831870  0.891753 0.007542 0.452459  0.470501 0.493350 0
item_med
0  5.292810 4.930538 12.194233  -0.134948 -0.953995 0.267735  0.592848 0.569469 0
0  2.286369 5.549791 13.451677  -0.280922 -0.930077 0.236728  0.641976 0.548442 0
0  2.301662 5.223028 12.194233  -0.280837 -0.929730 0.238188  0.641976 0.569469 0
item_med
0  13.498370 -10.172790 11.831870  0.842716 -0.006067 0.538324  0.470520 0.167324 0
0  12.180700 -10.609302 13.017650  0.608654 -0.172995 0.774347  0.442044 0.163500 0
0  13.302144 -11.020721 11.831870  0.835123 -0.259818 0.484834  0.465636 0.153779 0
item_med
0  13.932397 -10.229931 10.212065  0.964921 -0.038360 0.259721  0.496524 0.162023 0
0  13.302144 -11.020721 11.831870  0.835123 -0.259818 0.484834  0.465636 0.153779 0
0  13.710798 -11.171302 10.212065  0.910401 -0.322562 0.259081  0.489484 0.143668 0
item_med
0  -14.187269 -10.277514 10.144653  -0.999514 -0.031162 -0.001128  0.971415 0.204369 0
0  -13.955524 -11.269830 9.756866  -0.958166 -0.286202 -0.002466  0.978504 0.218671 0
0  -13.956568 -11.270348 10.149967  -0.938920 -0.344131 -0.001417  0.971441 0.218687 0
item_med
0  10.302093 -11.284234 13.451677  -0.000021 0.000010 1.000000  0.412322 0.153769 0
0  10.016679 -12.312591 13.017650  0.001884 -0.590042 0.807370  0.408682 0.136364 0
0  10.609664 -12.180598 13.017650  0.174333 -0.612161 0.771276  0.417531 0.138964 0
item_med
0  11.622471 -11.621844 13.017650  0.464687 -0.464788 0.753683  0.432710 0.148305 0
0  11.003436 -11.047026 13.451677  0.254846 -0.254794 0.932809  0.422776 0.157620 0
0  11.163537 -11.953658 13.017650  0.268209 -0.552145 0.789430  0.425819 0.142947 0
item_med
0  11.622471 -11.621844 13.017650  0.464687 -0.464788 0.753683  0.432710 0.148305 0
0  11.954025 -11.162901 13.017650  0.548709 -0.266450 0.792416  0.438056 0.155205 0
0  11.003436 -11.047026 13.451677  0.254846 -0.254794 0.932809  0.422776 0.157620 0
item_med
0  10.278765 14.179895 10.140884  0.014228 0.994872 0.100138  0.488190 0.863448 0
0  -0.000000 14.241865 9.740021  0.000003 0.996713 0.081014  0.346867 0.870614 0
0  -10.278756 14.179909 10.140869  -0.014234 0.994874 0.100116  0.205544 0.863448 0
item_med
0  12.312591 10.016679 13.017650  0.631379 0.002222 0.775471  0.444382 0.488265 0
0  12.186993 10.596949 13.017650  0.610616 0.163210 0.774927  0.441883 0.496916 0
0  11.240644 10.345682 13.451677  0.000035 -0.000014 1.000000  0.426338 0.492549 0
item_med
0  10.016679 -12.312591 13.017650  0.001884 -0.590042 0.807370  0.408682 0.136364 0
0  -10.172790 -13.498370 11.831870  -0.005247 -0.865561 0.500776  0.087689 0.109865 0
0  10.172790 -13.498370 11.831870  0.010205 -0.863769 0.503784  0.413776 0.110267 0
item_med
0  -11.800603 12.992128 11.831870  -0.407251 0.771003 0.489594  0.061717 0.538339 0
0  -11.639927 11.638412 13.017650  -0.462460 0.464315 0.755343  0.068389 0.511901 0
0  -11.152396 11.977507 13.017650  -0.258773 0.553830 0.791397  0.075654 0.517393 0
item_med
0  2.111017 3.215875 13.451677  -0.992621 0.094974 -0.075392  0.241699 0.661332 0
0  2.117873 2.289353 12.194233  -0.989765 0.112612 -0.087659  0.257050 0.641326 0
0  1.920761 2.233432 13.451677  -0.971125 0.190393 -0.143762  0.257918 0.661332 0
item_med
0  -10.172790 -13.498370 11.831870  -0.005247 -0.865561 0.500776  0.087689 0.109865 0
0  -10.609664 -12.180598 13.017650  -0.174324 -0.612162 0.771278  0.083918 0.138424 0
0  -11.020391 -13.301167 11.831870  -0.260064 -0.834995 0.484922  0.074190 0.114815 0
item_med
0  5.292810 0.700838 12.194233  0.994994 0.000000 0.099937  0.785301 0.633075 0
0  5.166513 2.108822 13.451677  0.986518 0.129615 0.099913  0.760489 0.613066 0
0  5.166513 0.414755 13.451677  0.994994 0.000000 0.099937  0.785301 0.613066 0
item_med
0  11.240644 10.345682 13.451677  0.000035 -0.000014 1.000000  0.426338 0.492549 0
0  12.312591 -10.016679 13.017650  0.524991 -0.002665 0.851103  0.444682 0.172368 0
0  12.312591 10.016679 13.017650  0.631379 0.002222 0.775471  0.444382 0.488265 0
item_med
0  12.192118 -13.549201 10.143504  0.152927 -0.232574 0.960480  0.205670 0.605254 0
0  12.795914 -12.796807 10.212065  0.202308 -0.202089 0.958244  0.190584 0.600985 0
0  12.054167 -13.338026 10.212065  0.118116 -0.222565 0.967736  0.205670 0.600985 0
item_med
0  10.278754 -14.179902 10.140877  0.010565 -0.999943 0.001548  0.971537 0.570712 0
0  -10.278741 -14.180175 9.775741  -0.005307 -0.999986 0.000748  0.978601 0.288645 0
0  10.278741 -14.180175 9.775741  0.010360 -0.999946 0.000746  0.978601 0.570712 0
item_med
0  -10.302093 11.284234 13.451677  0.000004 0.000025 1.000000  0.088945 0.506201 0
0  -6.817377 4.734711 13.451677  0.000001 0.000000 1.000000  0.144007 0.403873 0
0  -5.555719 5.257302 13.451677  -0.000000 0.000000 1.000000  0.163707 0.411877 0
item_med
0  14.157284 10.271199 10.136584  0.310767 0.021085 0.950252  0.700966 0.588122 0
0  13.724099 11.157917 10.212065  0.275288 0.073873 0.958519  0.686015 0.583844 0
0  13.932397 10.229931 10.212065  0.155007 0.007705 0.987883  0.701540 0.583844 0
item_med
0  -13.498370 10.172790 11.831870  -0.849459 0.005562 0.527625  0.030805 0.492753 0
0  -13.932397 -1.505817 10.212065  -0.965926 0.000000 0.258820  0.004729 0.305773 0
0  -13.498370 -10.172790 11.831870  -0.885988 -0.008440 0.463632  0.030698 0.166775 0
item_med
0  -5.166513 -1.279311 13.451677  0.000000 0.000000 1.000000  0.169717 0.309875 0
0  0.000000 0.966255 13.451677  0.000000 0.000000 1.000000  0.250636 0.345496 0
0  -0.653584 0.966255 13.451677  0.000000 0.000000 1.000000  0.240413 0.345496 0
item_med
0  -12.192658 -13.550690 9.775741  -0.543872 -0.839168 0.000556  0.978588 0.260131 0
0  -12.958651 -12.958651 10.136584  -0.676323 -0.736603 -0.001823  0.971501 0.246514 0
0  -12.961841 -12.952970 9.775741  -0.737501 -0.675342 -0.002550  0.978564 0.246508 0
item_med
0  -11.816334 -12.967899 11.831870  -0.416118 -0.768004 0.486843  0.061622 0.121610 0
0  -11.622471 -11.621844 13.017650  -0.464684 -0.464791 0.753683  0.068727 0.147783 0
0  -12.483624 -12.482848 11.831870  -0.640387 -0.640739 0.423506  0.051090 0.130213 0
item_med
0  -5.166513 -1.279311 13.451677  0.000000 0.000000 1.000000  0.169717 0.309875 0
0  10.302093 -11.284234 13.451677  -0.000021 0.000010 1.000000  0.412322 0.153769 0
0  5.166513 -1.279311 13.451677  -0.000000 0.000000 1.000000  0.331552 0.310224 0
item_med
0  -11.257460 13.963723 9.775743  -0.062543 0.209682 -0.975767  0.404878 0.850885 0
0  -10.278748 14.180213 9.775741  -0.006525 0.195816 -0.980619  0.389574 0.854388 0
0  -10.182283 13.858498 9.700259  -0.025105 0.211568 -0.977041  0.389000 0.849087 0
item_med
0  -12.961894 12.953085 9.775743  -0.188644 0.188816 -0.963723  0.432044 0.835659 0
0  -12.104920 13.334301 9.700259  -0.114404 0.194859 -0.974137  0.418558 0.841029 0
0  -13.545032 11.894187 9.700259  -0.253470 0.138319 -0.957403  0.440698 0.818889 0
item_med
0  -6.851258 3.295559 12.194233  0.000000 0.000000 1.000000  0.240100 0.685933 0
0  -4.966219 2.968975 12.194233  -0.000001 0.000000 1.000000  0.210428 0.691074 0
0  -6.394799 4.474083 12.194233  0.000001 0.000000 1.000000  0.232915 0.667383 0
item_med
0  -10.302093 11.284234 13.451677  0.000004 0.000025 1.000000  0.088945 0.506201 0
0  -11.152396 11.977507 13.017650  -0.258773 0.553830 0.791397  0.075654 0.517393 0
0  -11.003436 11.047026 13.451677  -0.250913 0.251679 0.934719  0.078570 0.502381 0
item_med
0  14.187259 -10.277529 10.144642  0.250749 -0.017132 0.967901  0.143869 0.605254 0
0  13.710798 -11.171302 10.212065  0.227346 -0.064406 0.971682  0.159760 0.600985 0
0  13.956563 -11.270336 10.149984  0.225793 -0.082663 0.970662  0.159760 0.605254 0
item_med
0  6.851258 -0.778836 12.194233  -0.932077 0.000000 0.362259  0.483398 0.569469 0
0  7.339974 1.053059 13.451677  -0.932077 0.000000 0.362259  0.517539 0.548442 0
0  6.851258 1.258362 12.194233  -0.932077 0.000000 0.362259  0.517539 0.569469 0
item_med
0  -10.278765 -14.179900 10.140875  -0.004766 -0.273919 0.961741  0.565405 0.605254 0
0  -11.171198 -13.711287 10.212065  -0.065501 -0.236984 0.969303  0.581268 0.600985 0
0  -11.269455 -13.954256 10.149385  -0.081766 -0.229193 0.969941  0.581268 0.605254 0
item_med
0  -14.072151 6.194759 9.700259  -0.239256 0.005180 -0.970943  0.448802 0.731268 0
0  -14.282566 1.763935 9.709057  -0.076916 0.002602 -0.997034  0.452075 0.662903 0
0  -14.156574 10.271174 9.766302  -0.334264 0.026244 -0.942114  0.450817 0.793145 0
item_med
0  4.177759 3.295572 12.194233  0.000001 0.000000 1.000000  0.066497 0.685933 0
0  2.301662 5.223028 12.194233  0.000000 0.000000 1.000000  0.096027 0.655594 0
0  2.117873 3.295587 12.194233  0.000000 0.000000 1.000000  0.098920 0.685933 0
item_med
0  -5.166513 0.414755 13.451677  0.000000 0.000000 1.000000  0.169717 0.336662 0
0  -1.549614 1.337403 13.451677  0.000001 0.000000 1.000000  0.226419 0.351317 0
0  -1.824303 1.748504 13.451677  -0.000000 0.000000 1.000000  0.222136 0.357795 0
item_med
0  11.954025 -11.162901 13.017650  0.548709 -0.266450 0.792416  0.438056 0.155205 0
0  11.240644 -10.345682 13.451677  0.000028 -0.000006 1.000000  0.426709 0.168066 0
0  11.003436 -11.047026 13.451677  0.254846 -0.254794 0.932809  0.422776 0.157620 0
item_med
0  -10.278756 14.179909 10.140869  -0.002562 0.275654 0.961254  0.282721 0.588122 0
0  -11.158330 13.725296 10.212065  -0.068857 0.251889 0.965303  0.267867 0.583844 0
0  -10.229931 13.932397 10.212065  -0.002678 0.275946 0.961169  0.283454 0.583844 0
item_med
0  14.282701 -1.506709 10.201323  0.077255 -0.002493 0.997008  0.888217 0.588928 0
0  14.574906 1.765575 10.212065  -0.036806 0.000006 0.999322  0.836157 0.593173 0
0  14.282892 1.763358 10.201308  0.093758 0.002946 0.995591  0.836193 0.588122 0
item_med
0  14.574699 -1.508970 10.212065  -0.002528 -0.999997 -0.000392  0.648812 0.657591 0
0  14.282736 -1.506862 9.709942  -0.005035 -0.999987 -0.001270  0.656828 0.653041 0
0  14.865133 -1.508988 9.700259  -0.002482 -0.999996 -0.001373  0.656828 0.662140 0
item_med
0  14.282736 -1.506862 9.709942  0.069981 -0.001447 -0.997547  0.012845 0.613067 0
0  14.865339 1.765557 9.700259  -0.015287 -0.000237 -0.999883  0.003911 0.662903 0
0  14.865133 -1.508988 9.700259  -0.016626 0.000001 -0.999862  0.003906 0.613068 0
item_med
0  -4.966219 2.968975 12.194233  -0.797136 0.595899 0.097362  0.312003 0.689165 0
0  -5.166513 2.108822 13.451677  -0.983278 0.145510 0.109506  0.297642 0.669145 0
0  -4.773272 3.011524 13.451677  -0.584723 0.805734 0.094300  0.312003 0.669145 0
item_med
0  10.016679 -12.312591 13.017650  0.001884 -0.590042 0.807370  0.408682 0.136364 0
0  -10.302093 -11.284234 13.451677  0.000019 0.000018 1.000000  0.089129 0.153184 0
0  -10.016679 -12.312591 13.017650  -0.003784 -0.590574 0.806974  0.092770 0.135785 0
item_med
0  11.800603 12.992128 11.831870  0.407249 0.771002 0.489595  0.439330 0.538815 0
0  11.158330 13.725296 10.212065  0.309242 0.914085 0.262332  0.436817 0.569097 0
0  11.007457 13.312136 11.831870  0.249479 0.837722 0.485779  0.426831 0.545399 0
item_med
0  -10.182283 -13.858498 9.700259  -0.003726 -0.225664 -0.974198  0.533300 0.806630 0
0  -10.278741 -14.180175 9.775741  -0.002267 -0.227801 -0.973705  0.532717 0.812014 0
0  -11.270833 -13.956939 9.773219  -0.062469 -0.208082 -0.976115  0.516963 0.808223 0
item_med
0  -11.240644 10.345682 13.451677  -0.000028 -0.000015 1.000000  0.074723 0.491995 0
0  -11.981510 11.153804 13.017650  -0.550351 0.255234 0.794965  0.062891 0.504657 0
0  -12.186993 10.596949 13.017650  -0.610617 0.163203 0.774927  0.059193 0.496350 0
item_med
0  6.817377 4.734711 13.451677  -0.000001 0.000000 1.000000  0.357218 0.404220 0
0  10.302093 11.284234 13.451677  -0.000018 0.000007 1.000000  0.412117 0.506820 0
0  5.555719 5.257302 13.451677  -0.000000 0.000000 1.000000  0.337513 0.412166 0
item_med
0  -14.574699 -1.508970 10.212065  0.002796 -0.999996 -0.000597  0.618538 0.662140 0
0  -14.282746 -1.506856 9.709939  0.005033 -0.999987 -0.001283  0.626555 0.666689 0
0  -14.282687 -1.506716 10.201308  0.007728 -0.999970 0.000284  0.618538 0.666689 0
item_med
0  10.278741 -14.180175 9.775741  0.001165 -0.228111 -0.973634  0.851922 0.812015 0
0  -10.182283 -13.858498 9.700259  -0.003726 -0.225664 -0.974198  0.533300 0.806630 0
0  10.182283 -13.858498 9.700259  0.006930 -0.223261 -0.974734  0.851339 0.806630 0
item_med
0  6.394799 4.474083 12.194233  -0.570087 -0.745162 0.346027  0.572859 0.569469 0
0  5.555719 5.257302 13.451677  -0.210935 -0.934440 0.286930  0.592848 0.548442 0
0  5.292810 4.930538 12.194233  -0.134948 -0.953995 0.267735  0.592848 0.569469 0
item_med
0  11.639927 11.638412 13.017650  0.462460 0.464314 0.755343  0.432684 0.512463 0
0  12.998703 11.803102 11.831870  0.771289 0.409231 0.487487  0.459155 0.519116 0
0  12.497178 12.494937 11.831870  0.640137 0.641200 0.423186  0.450278 0.529983 0
item_med
0  -12.961841 -12.952970 9.775741  -0.184641 -0.186191 -0.965008  0.489771 0.792765 0
0  -13.549537 -12.193332 9.772010  -0.345120 -0.213987 -0.913839  0.480659 0.780319 0
0  -13.545032 -11.894187 9.700259  -0.228750 -0.131138 -0.964612  0.480783 0.775952 0
item_med
0  -6.851258 -0.778836 12.194233  0.000000 0.929113 0.369796  0.949859 0.587591 0
0  -5.166513 -1.279311 13.451677  0.000000 0.929113 0.369796  0.923340 0.608894 0
0  -5.292810 -0.778836 12.194233  0.000000 0.929113 0.369796  0.925328 0.587591 0
item_med
0  -14.157285 10.271199 10.136584  -0.999486 0.032031 -0.001367  0.120831 0.863293 0
0  -14.282566 1.763935 9.709057  -0.999890 0.014785 -0.001186  0.003906 0.870170 0
0  -14.282906 1.763351 10.201323  -0.999891 0.014759 -0.000672  0.003918 0.863092 0
item_med
0  14.282892 1.763358 10.201308  0.093758 0.002946 0.995591  0.836193 0.588122 0
0  13.932397 -1.505817 10.212065  0.030648 0.000001 0.999530  0.888217 0.583844 0
0  14.282701 -1.506709 10.201323  0.077255 -0.002493 0.997008  0.888217 0.588928 0
item_med
0  13.363942 12.038246 10.212065  0.826402 0.499441 0.260037  0.480543 0.533399 0
0  12.497178 12.494937 11.831870  0.640137 0.641200 0.423186  0.450278 0.529983 0
0  12.998703 11.803102 11.831870  0.771289 0.409231 0.487487  0.459155 0.519116 0
item_med
0  11.171198 -13.711287 10.212065  0.322259 -0.910204 0.260149  0.437467 0.091449 0
0  11.816334 -12.967899 11.831870  0.416119 -0.768004 0.486841  0.439807 0.122052 0
0  11.020391 -13.301167 11.831870  0.260063 -0.834995 0.484923  0.427262 0.115223 0
item_med
0  14.574699 -1.508970 10.454176  0.000000 0.000000 1.000000  0.075958 0.641114 0
0  14.865339 1.765557 10.454176  0.000000 0.000000 1.000000  0.024414 0.645686 0
0  14.574906 1.765575 10.454176  0.000000 0.000000 1.000000  0.024414 0.641114 0
item_med
0  13.549066 -12.192758 10.143059  0.839731 -0.543002 0.000413  0.971471 0.626467 0
0  12.961839 -12.952970 9.775741  0.737534 -0.675305 -0.002551  0.978564 0.612849 0
0  13.549513 -12.193363 9.771981  0.881362 -0.472442 0.000820  0.978534 0.626480 0
item_med
0  14.574699 -1.508970 10.212065  -1.000000 0.000063 0.000000  0.640410 0.645967 0
0  14.574906 1.765575 10.454176  -1.000000 0.000063 0.000000  0.588867 0.649778 0
0  14.574906 1.765575 10.212065  -1.000000 0.000063 0.000000  0.588867 0.645967 0
item_med
0  -12.192110 -13.549204 10.143501  -0.472499 -0.881314 0.005544  0.971525 0.260138 0
0  -11.270833 -13.956939 9.773219  -0.312918 -0.949765 0.005300  0.978601 0.274327 0
0  -11.269455 -13.954256 10.149385  -0.313418 -0.949582 0.007920  0.971537 0.274337 0
item_med
0  -12.180700 -10.609302 13.017650  -0.608653 -0.173000 0.774346  0.059401 0.162974 0
0  -11.240644 -10.345682 13.451677  0.000016 0.000003 1.000000  0.074757 0.167545 0
0  -12.312591 -10.016679 13.017650  -0.631366 -0.002343 0.775481  0.056798 0.171838 0
item_med
0  13.932397 -10.229931 10.212065  0.133253 -0.006396 0.991061  0.143869 0.600985 0
0  14.282701 -1.506709 10.201323  0.077255 -0.002493 0.997008  0.003906 0.605254 0
0  13.932397 -1.505817 10.212065  0.030648 0.000001 0.999530  0.003906 0.600985 0
item_med
0  11.007457 13.312136 11.831870  0.249479 0.837722 0.485779  0.426831 0.545399 0
0  10.229931 13.932397 10.212065  0.017095 0.965634 0.259342  0.418427 0.575859 0
0  10.172790 13.498370 11.831870  0.004956 0.865585 0.500737  0.413550 0.550152 0
item_med
0  12.808414 12.810941 10.212065  0.224295 0.223483 0.948550  0.655120 0.583844 0
0  12.169181 13.569360 10.136584  0.171094 0.265231 0.948883  0.639898 0.588122 0
0  12.040851 13.371405 10.212065  0.133588 0.254271 0.957862  0.639679 0.583844 0
item_med
0  -11.163537 -11.953658 13.017650  -0.268211 -0.552145 0.789429  0.075624 0.142423 0
0  -10.302093 -11.284234 13.451677  0.000019 0.000018 1.000000  0.089129 0.153184 0
0  -11.003436 -11.047026 13.451677  -0.254845 -0.254795 0.932809  0.078677 0.157076 0
item_med
0  12.958648 12.958649 10.136584  0.676301 0.736608 -0.005087  0.530544 0.863386 0
0  12.168125 13.567385 9.775741  0.545039 0.838387 -0.006376  0.516433 0.870505 0
0  12.169181 13.569360 10.136584  0.471625 0.881797 -0.002226  0.516427 0.863427 0
item_med
0  10.302093 -11.284234 13.451677  -0.000021 0.000010 1.000000  0.412322 0.153769 0
0  7.339974 -1.279311 13.451677  -0.000001 0.000000 1.000000  0.365416 0.310224 0
0  5.166513 -1.279311 13.451677  -0.000000 0.000000 1.000000  0.331552 0.310224 0
item_med
0  -10.229931 -13.932397 10.212065  -0.018136 -0.965618 0.259333  0.082771 0.084163 0
0  -11.020391 -13.301167 11.831870  -0.260064 -0.834995 0.484922  0.074190 0.114815 0
0  -11.171198 -13.711287 10.212065  -0.322286 -0.910273 0.259873  0.064072 0.091181 0
item_med
0  4.858750 2.975443 13.451677  0.585547 0.806915 0.077608  0.746631 0.613066 0
0  4.177759 3.295572 12.194233  0.150058 0.986495 0.065655  0.732859 0.633075 0
0  3.979335 3.215875 13.451677  0.049825 0.996231 0.071004  0.732859 0.613066 0
item_med
0  -11.003436 11.047026 13.451677  -0.250913 0.251679 0.934719  0.078570 0.502381 0
0  -11.639927 11.638412 13.017650  -0.462460 0.464315 0.755343  0.068389 0.511901 0
0  -11.981510 11.153804 13.017650  -0.550351 0.255234 0.794965  0.062891 0.504657 0
item_med
0  10.172790 13.498370 11.831870  0.004956 0.865585 0.500737  0.413550 0.550152 0
0  -10.229931 13.932397 10.212065  -0.008930 0.965809 0.259101  0.082443 0.575859 0
0  -10.172790 13.498370 11.831870  -0.009644 0.863820 0.503709  0.087449 0.549740 0
item_med
0  -10.596938 12.186988 13.017650  -0.165651 0.613763 0.771916  0.083924 0.521135 0
0  -10.172790 13.498370 11.831870  -0.009644 0.863820 0.503709  0.087449 0.549740 0
0  -11.007457 13.312136 11.831870  -0.249478 0.837722 0.485780  0.074185 0.544969 0
item_med
0  -5.166513 2.108822 13.451677  0.000001 0.000000 1.000000  0.169717 0.363433 0
0  -5.166513 0.414755 13.451677  0.000000 0.000000 1.000000  0.169717 0.336662 0
0  -1.824303 1.748504 13.451677  -0.000000 0.000000 1.000000  0.222136 0.357795 0
item_med
0  -13.498370 10.172790 11.831870  -0.849459 0.005562 0.527625  0.030805 0.492753 0
0  -12.186993 10.596949 13.017650  -0.610617 0.163203 0.774927  0.059193 0.496350 0
0  -13.312343 11.007528 11.831870  -0.838652 0.246813 0.485537  0.035495 0.506059 0
item_med
0  -14.157285 10.271199 10.136584  -0.310769 0.021086 0.950252  0.191164 0.588122 0
0  -13.724099 11.157917 10.212065  -0.275308 0.073880 0.958513  0.206115 0.583844 0
0  -13.956718 11.253671 10.141321  -0.265467 0.090985 0.959817  0.206448 0.588122 0
item_med
0  10.278765 14.179895 10.140884  0.004924 0.274926 0.961453  0.609410 0.588122 0
0  11.158330 13.725296 10.212065  0.068835 0.251818 0.965323  0.624263 0.583844 0
0  11.256021 13.962131 10.144522  0.091234 0.256450 0.962242  0.624606 0.588122 0
item_med
0  1.824303 1.748504 13.451677  -0.876646 0.472935 -0.088447  0.265888 0.661332 0
0  1.704601 1.463996 12.194235  -0.697491 0.716075 -0.027268  0.271714 0.641326 0
0  1.549614 1.337403 13.451677  -0.620960 0.783545 0.021611  0.273751 0.661332 0
item_med
0  -2.117873 2.289353 12.194233  -0.000000 0.000000 1.000000  0.165593 0.701771 0
0  -2.033622 1.865795 12.194233  -0.000018 -0.000002 1.000000  0.164267 0.708438 0
0  -1.704601 1.463996 12.194235  0.000005 0.000005 1.000000  0.159088 0.714763 0
item_med
0  12.192118 -13.549201 10.143504  0.472504 -0.881311 0.005555  0.971525 0.599220 0
0  11.270859 -13.956942 9.773233  0.312905 -0.949770 0.005279  0.978601 0.585030 0
0  12.192658 -13.550690 9.775743  0.543875 -0.839166 0.000549  0.978588 0.599227 0
item_med
0  -0.000000 14.241865 9.740021  -0.000002 0.150047 -0.988679  0.232462 0.855636 0
0  0.000000 13.861418 9.700259  0.000000 0.103946 -0.994583  0.232462 0.849132 0
0  -6.819550 13.861418 9.700259  -0.002239 0.162088 -0.986774  0.337303 0.849132 0
item_med
0  12.054167 -13.338026 10.212065  0.118116 -0.222565 0.967736  0.205670 0.600985 0
0  11.269462 -13.954252 10.149395  0.081753 -0.229167 0.969948  0.221400 0.605254 0
0  12.192118 -13.549201 10.143504  0.152927 -0.232574 0.960480  0.205670 0.605254 0
item_med
0  11.257459 13.963725 9.775741  0.307673 0.951491 0.001423  0.502317 0.870517 0
0  12.169181 13.569360 10.136584  0.471625 0.881797 -0.002226  0.516427 0.863427 0
0  12.168125 13.567385 9.775741  0.545039 0.838387 -0.006376  0.516433 0.870505 0
item_med
0  -14.156574 10.271174 9.766302  -0.334264 0.026244 -0.942114  0.450817 0.793145 0
0  -14.069231 9.971551 9.700259  -0.497312 0.045986 -0.866352  0.448756 0.789331 0
0  -14.072151 6.194759 9.700259  -0.239256 0.005180 -0.970943  0.448802 0.731268 0
item_med
0  -6.851258 -0.778836 12.194233  0.000000 0.000000 1.000000  0.240100 0.750066 0
0  -5.292810 0.700838 12.194233  0.000000 0.000000 1.000000  0.215569 0.726776 0
0  -6.851258 1.258362 12.194233  0.000000 0.000000 1.000000  0.240100 0.718000 0
item_med
0  -6.819550 13.861418 9.700259  -0.002239 0.162088 -0.986774  0.337303 0.849132 0
0  -10.278748 14.180213 9.775741  -0.006525 0.195816 -0.980619  0.389574 0.854388 0
0  -0.000000 14.241865 9.740021  -0.000002 0.150047 -0.988679  0.232462 0.855636 0
item_med
0  -14.156574 10.271174 9.766302  -0.334264 0.026244 -0.942114  0.450817 0.793145 0
0  -13.545032 11.894187 9.700259  -0.253470 0.138319 -0.957403  0.440698 0.818889 0
0  -14.069231 9.971551 9.700259  -0.497312 0.045986 -0.866352  0.448756 0.789331 0
item_med
0  -13.545032 -11.894187 9.700259  -0.228750 -0.131138 -0.964612  0.480783 0.775952 0
0  -13.955524 -11.269830 9.756866  -0.288913 -0.103654 -0.951727  0.474322 0.765543 0
0  -14.186652 -10.277566 9.756765  -0.353584 -0.029378 -0.934941  0.470503 0.749800 0
item_med
0  5.292810 -0.778836 12.194233  0.994994 0.000000 0.099937  0.810113 0.633075 0
0  5.166513 0.414755 13.451677  0.994994 0.000000 0.099937  0.785301 0.613066 0
0  5.166513 -1.279311 13.451677  0.994994 0.000000 0.099937  0.810113 0.613066 0
item_med
0  -4.773272 3.011524 13.451677  0.000003 0.000000 1.000000  0.175856 0.377698 0
0  -5.166513 2.108822 13.451677  0.000001 0.000000 1.000000  0.169717 0.363433 0
0  -3.979335 3.215875 13.451677  0.000001 0.000000 1.000000  0.188331 0.380933 0
item_med
0  -14.069231 -9.971551 9.700259  -0.203218 -0.012265 -0.979057  0.472596 0.745926 0
0  -14.282746 -1.506856 9.709939  -0.069969 -0.001450 -0.997548  0.469238 0.613763 0
0  -14.071952 -1.464262 9.700259  -0.045868 -0.000008 -0.998948  0.472554 0.613065 0
item_med
0  -2.111017 3.215875 13.451677  0.000000 0.000000 1.000000  0.217694 0.380933 0
0  -3.979335 3.215875 13.451677  0.000001 0.000000 1.000000  0.188331 0.380933 0
0  -1.920761 2.233432 13.451677  -0.000001 0.000000 1.000000  0.220650 0.365442 0
item_med
0  -5.292810 -0.778836 12.194233  -0.994994 0.000000 0.099937  0.248047 0.689165 0
0  -5.166513 0.414755 13.451677  -0.994994 0.000000 0.099937  0.272845 0.669145 0
0  -5.292810 0.700838 12.194233  -0.994994 0.000000 0.099937  0.272845 0.689165 0
item_med
0  1.323792 6.129446 12.194233  -0.262279 -0.914137 0.309134  0.665442 0.569469 0
0  -1.011625 6.629921 13.451677  0.168867 -0.929457 0.328015  0.701936 0.548442 0
0  -1.323792 6.129446 12.194233  0.360792 -0.889946 0.278972  0.701936 0.569469 0
item_med
0  -14.574906 1.765575 10.212065  0.002242 0.999997 -0.000107  0.496302 0.112634 0
0  -14.865339 1.765557 10.454176  -0.000063 1.000000 0.000000  0.500096 0.108083 0
0  -14.574906 1.765575 10.454176  -0.000063 1.000000 0.000000  0.500096 0.112634 0
item_med
0  -14.865133 -1.508988 9.700259  0.002489 -0.999996 -0.001376  0.626555 0.657591 0
0  -14.574699 -1.508970 10.212065  0.002796 -0.999996 -0.000597  0.618538 0.662140 0
0  -14.865133 -1.508988 10.454176  0.000063 -1.000000 0.000000  0.614746 0.657591 0
item_med
0  -14.574906 1.765575 10.212065  0.002242 0.999997 -0.000107  0.496302 0.112634 0
0  -14.865339 1.765557 9.700259  0.001856 0.999998 -0.001089  0.488281 0.108083 0
0  -14.865339 1.765557 10.454176  -0.000063 1.000000 0.000000  0.500096 0.108083 0
item_med
0  13.569082 12.169590 10.136584  0.261064 0.165598 0.951011  0.670391 0.588122 0
0  12.808414 12.810941 10.212065  0.224295 0.223483 0.948550  0.655120 0.583844 0
0  13.363942 12.038246 10.212065  0.255277 0.131810 0.957841  0.670583 0.583844 0
item_med
0  -14.865133 -1.508988 10.454176  0.000063 -1.000000 0.000000  0.614746 0.657591 0
0  -14.574699 -1.508970 10.212065  0.002796 -0.999996 -0.000597  0.618538 0.662140 0
0  -14.574699 -1.508970 10.454176  0.000063 -1.000000 0.000000  0.614746 0.662140 0
item_med
0  -5.166513 -1.279311 13.451677  0.000000 0.000000 1.000000  0.169717 0.309875 0
0  -1.138512 1.062713 13.451677  0.000001 0.000000 1.000000  0.232834 0.346998 0
0  -1.549614 1.337403 13.451677  0.000001 0.000000 1.000000  0.226419 0.351317 0
item_med
0  -1.138512 1.062713 13.451677  0.000001 0.000000 1.000000  0.232834 0.346998 0
0  -5.166513 -1.279311 13.451677  0.000000 0.000000 1.000000  0.169717 0.309875 0
0  -0.653584 0.966255 13.451677  0.000000 0.000000 1.000000  0.240413 0.345496 0
item_med
0  -13.498370 -10.172790 11.831870  -0.885988 -0.008440 0.463632  0.030698 0.166775 0
0  -13.932397 -1.505817 10.212065  -0.965926 0.000000 0.258820  0.004729 0.305773 0
0  -13.932397 -10.229931 10.212065  -0.964921 -0.038360 0.259721  0.004729 0.161449 0
item_med
0  -13.932397 -1.505817 10.212065  -0.965926 0.000000 0.258820  0.004729 0.305773 0
0  -13.498370 10.172790 11.831870  -0.849459 0.005562 0.527625  0.030805 0.492753 0
0  -13.932397 1.765594 10.212065  -0.965926 0.000000 0.258819  0.004724 0.357957 0
item_med
0  -1.704601 1.463996 12.194235  0.000005 0.000005 1.000000  0.159088 0.714763 0
0  -1.249867 1.245932 12.194233  0.000001 0.000001 1.000000  0.151930 0.718195 0
0  -2.117873 2.289353 12.194233  -0.000000 0.000000 1.000000  0.165593 0.701771 0
item_med
0  -1.249867 1.245932 12.194233  0.000001 0.000001 1.000000  0.151930 0.718195 0
0  -0.688497 1.182543 12.194233  0.000000 0.000000 1.000000  0.143094 0.719193 0
0  -2.117873 2.289353 12.194233  -0.000000 0.000000 1.000000  0.165593 0.701771 0
item_med
0  -2.117873 3.295587 12.194233  0.000000 0.000000 1.000000  0.165593 0.685933 0
0  -2.117873 2.289353 12.194233  -0.000000 0.000000 1.000000  0.165593 0.701771 0
0  -0.688497 1.182543 12.194233  0.000000 0.000000 1.000000  0.143094 0.719193 0
item_med
0  14.157284 10.271199 10.136584  0.999486 0.032031 -0.001609  0.572903 0.863293 0
0  14.282637 1.763885 9.709070  0.999890 0.014789 -0.001119  0.689827 0.870170 0
0  14.156553 10.271127 9.766344  0.999402 0.034512 -0.001980  0.572915 0.870371 0
item_med
0  -13.932397 1.765594 10.212065  -0.965926 0.000000 0.258819  0.004724 0.357957 0
0  -13.498370 10.172790 11.831870  -0.849459 0.005562 0.527625  0.030805 0.492753 0
0  -13.932397 10.229931 10.212065  -0.964947 0.037184 0.259796  0.004724 0.498039 0
item_med
0  -13.955257 11.253350 9.764527  -0.302220 0.098374 -0.948148  0.447297 0.808443 0
0  -13.545032 11.894187 9.700259  -0.253470 0.138319 -0.957403  0.440698 0.818889 0
0  -14.156574 10.271174 9.766302  -0.334264 0.026244 -0.942114  0.450817 0.793145 0
item_med
0  -14.186652 -10.277566 9.756765  -0.353584 -0.029378 -0.934941  0.470503 0.749800 0
0  -14.069231 -9.971551 9.700259  -0.203218 -0.012265 -0.979057  0.472596 0.745926 0
0  -13.545032 -11.894187 9.700259  -0.228750 -0.131138 -0.964612  0.480783 0.775952 0
item_med
0  10.302093 11.284234 13.451677  -0.000018 0.000007 1.000000  0.412117 0.506820 0
0  11.152396 11.977507 13.017650  0.258774 0.553830 0.791396  0.425406 0.517956 0
0  10.596938 12.186988 13.017650  0.165651 0.613763 0.771916  0.417123 0.521711 0
item_med
0  -11.003436 -11.047026 13.451677  -0.254845 -0.254795 0.932809  0.078677 0.157076 0
0  -10.302093 -11.284234 13.451677  0.000019 0.000018 1.000000  0.089129 0.153184 0
0  -11.240644 -10.345682 13.451677  0.000016 0.000003 1.000000  0.074757 0.167545 0
item_med
0  -11.240644 10.345682 13.451677  -0.000028 -0.000015 1.000000  0.074723 0.491995 0
0  -11.240644 -10.345682 13.451677  0.000016 0.000003 1.000000  0.074757 0.167545 0
0  -7.339974 1.053059 13.451677  0.000000 0.000000 1.000000  0.135848 0.346394 0
item_med
0  -7.339974 1.053059 13.451677  0.000000 0.000000 1.000000  0.135848 0.346394 0
0  -11.240644 -10.345682 13.451677  0.000016 0.000003 1.000000  0.074757 0.167545 0
0  -7.339974 -1.279311 13.451677  0.000001 0.000000 1.000000  0.135848 0.309875 0
item_med
0  -10.302093 11.284234 13.451677  0.000004 0.000025 1.000000  0.088945 0.506201 0
0  -11.003436 11.047026 13.451677  -0.250913 0.251679 0.934719  0.078570 0.502381 0
0  -11.240644 10.345682 13.451677  -0.000028 -0.000015 1.000000  0.074723 0.491995 0
item_med
0  -10.302093 11.284234 13.451677  0.000004 0.000025 1.000000  0.088945 0.506201 0
0  -5.555719 5.257302 13.451677  -0.000000 0.000000 1.000000  0.163707 0.411877 0
0  -1.011625 6.629921 13.451677  0.000000 0.000000 1.000000  0.234756 0.433391 0
item_med
0  -11.240644 10.345682 13.451677  -0.000028 -0.000015 1.000000  0.074723 0.491995 0
0  -7.339974 1.053059 13.451677  0.000000 0.000000 1.000000  0.135848 0.346394 0
0  -7.339974 3.385429 13.451677  -0.000000 0.000000 1.000000  0.135848 0.382890 0
item_med
0  -5.555719 5.257302 13.451677  -0.000000 0.000000 1.000000  0.163707 0.411877 0
0  -2.286369 5.549791 13.451677  0.000000 0.000000 1.000000  0.214860 0.416392 0
0  -1.011625 6.629921 13.451677  0.000000 0.000000 1.000000  0.234756 0.433391 0
item_med
0  -11.240644 10.345682 13.451677  -0.000028 -0.000015 1.000000  0.074723 0.491995 0
0  -7.339974 3.385429 13.451677  -0.000000 0.000000 1.000000  0.135848 0.382890 0
0  -6.817377 4.734711 13.451677  0.000001 0.000000 1.000000  0.144007 0.403873 0
item_med
0  11.152396 11.977507 13.017650  0.258774 0.553830 0.791396  0.425406 0.517956 0
0  11.007457 13.312136 11.831870  0.249479 0.837722 0.485779  0.426831 0.545399 0
0  10.596938 12.186988 13.017650  0.165651 0.613763 0.771916  0.417123 0.521711 0
item_med
0  6.851258 3.295559 12.194233  -0.909394 -0.195022 0.367382  0.551679 0.569469 0
0  6.817377 4.734711 13.451677  -0.749937 -0.550893 0.366212  0.572859 0.548442 0
0  6.394799 4.474083 12.194233  -0.570087 -0.745162 0.346027  0.572859 0.569469 0
item_med
0  13.956709 11.253682 10.141330  0.945191 0.326502 -0.003339  0.558783 0.863317 0
0  13.568105 12.169991 9.775741  0.884895 0.465784 -0.002516  0.544673 0.870420 0
0  13.569082 12.169590 10.136584  0.840439 0.541903 -0.001966  0.544665 0.863343 0
item_med
0  13.956709 11.253682 10.141330  0.265450 0.090975 0.959823  0.685682 0.588122 0
0  13.363942 12.038246 10.212065  0.255277 0.131810 0.957841  0.670583 0.583844 0
0  13.724099 11.157917 10.212065  0.275288 0.073873 0.958519  0.686015 0.583844 0
item_med
0  -11.639927 11.638412 13.017650  -0.462460 0.464315 0.755343  0.068389 0.511901 0
0  -11.003436 11.047026 13.451677  -0.250913 0.251679 0.934719  0.078570 0.502381 0
0  -11.152396 11.977507 13.017650  -0.258773 0.553830 0.791397  0.075654 0.517393 0
item_med
0  13.312343 11.007528 11.831870  0.838652 0.246815 0.485535  0.465716 0.506638 0
0  11.981510 11.153804 13.017650  0.550351 0.255236 0.794964  0.438191 0.505222 0
0  12.186993 10.596949 13.017650  0.610616 0.163210 0.774927  0.441883 0.496916 0
item_med
0  13.724099 11.157917 10.212065  0.914751 0.309895 0.259221  0.489640 0.516695 0
0  12.998703 11.803102 11.831870  0.771289 0.409231 0.487487  0.459155 0.519116 0
0  13.312343 11.007528 11.831870  0.838652 0.246815 0.485535  0.465716 0.506638 0
item_med
0  12.795914 -12.796807 10.212065  0.202308 -0.202089 0.958244  0.190584 0.600985 0
0  13.549066 -12.192758 10.143059  0.232905 -0.153608 0.960292  0.175501 0.605254 0
0  13.337271 -12.054760 10.212065  0.221462 -0.118303 0.967966  0.175501 0.600985 0
item_med
0  12.961893 12.953082 9.775741  0.736103 0.676860 -0.003535  0.530543 0.870463 0
0  13.569082 12.169590 10.136584  0.840439 0.541903 -0.001966  0.544665 0.863343 0
0  13.568105 12.169991 9.775741  0.884895 0.465784 -0.002516  0.544673 0.870420 0
item_med
0  -10.596938 12.186988 13.017650  -0.165651 0.613763 0.771916  0.083924 0.521135 0
0  -10.302093 11.284234 13.451677  0.000004 0.000025 1.000000  0.088945 0.506201 0
0  -10.016679 12.312591 13.017650  -0.001816 0.590025 0.807383  0.092559 0.523626 0
item_med
0  -3.979335 3.215875 13.451677  -0.043115 0.996617 0.069973  0.325077 0.669145 0
0  -2.117873 3.295587 12.194233  -0.000003 0.997997 0.063261  0.355770 0.689165 0
0  -4.177759 3.295572 12.194233  -0.143968 0.987502 0.064135  0.325077 0.689165 0
item_med
0  12.483624 -12.482848 11.831870  0.640445 -0.640681 0.423506  0.450308 0.130689 0
0  12.054167 -13.338026 10.212065  0.502990 -0.823698 0.261767  0.454382 0.100851 0
0  12.795914 -12.796807 10.212065  0.682056 -0.682099 0.263705  0.468848 0.112332 0
item_med
0  11.257459 13.963725 9.775741  0.307673 0.951491 0.001423  0.502317 0.870517 0
0  10.278765 14.179895 10.140884  0.014228 0.994872 0.100138  0.488190 0.863448 0
0  11.256021 13.962131 10.144522  0.307402 0.951565 0.005314  0.502310 0.863439 0
item_med
0  11.256021 13.962131 10.144522  0.091234 0.256450 0.962242  0.624606 0.588122 0
0  12.040851 13.371405 10.212065  0.133588 0.254271 0.957862  0.639679 0.583844 0
0  12.169181 13.569360 10.136584  0.171094 0.265231 0.948883  0.639898 0.588122 0
item_med
0  -13.302144 -11.020721 11.831870  -0.835123 -0.259818 0.484834  0.035668 0.153251 0
0  -11.954025 -11.162901 13.017650  -0.548709 -0.266449 0.792416  0.063379 0.154681 0
0  -12.180700 -10.609302 13.017650  -0.608653 -0.173000 0.774346  0.059401 0.162974 0
item_med
0  -13.710798 -11.171302 10.212065  -0.910333 -0.322535 0.259354  0.011831 0.143106 0
0  -12.968917 -11.816172 11.831870  -0.768012 -0.416371 0.486614  0.042473 0.140714 0
0  -13.302144 -11.020721 11.831870  -0.835123 -0.259818 0.484834  0.035668 0.153251 0
item_med
0  11.270859 -13.956942 9.773233  0.312905 -0.949770 0.005279  0.978601 0.585030 0
0  10.278754 -14.179902 10.140877  0.010565 -0.999943 0.001548  0.971537 0.570712 0
0  10.278741 -14.180175 9.775741  0.010360 -0.999946 0.000746  0.978601 0.570712 0
item_med
0  11.171198 -13.711287 10.212065  0.065493 -0.236957 0.969310  0.221400 0.600985 0
0  10.278754 -14.179902 10.140877  0.002486 -0.275108 0.961410  0.237264 0.605254 0
0  11.269462 -13.954252 10.149395  0.081753 -0.229167 0.969948  0.221400 0.605254 0
item_med
0  0.688497 1.182543 12.194233  -0.051199 0.985443 0.162115  0.288589 0.641326 0
0  1.138512 1.062713 13.451677  -0.283467 0.950725 0.125572  0.281512 0.661332 0
0  1.249867 1.245932 12.194233  -0.361756 0.928390 0.084995  0.279631 0.641326 0
item_med
0  12.958651 -12.958651 10.136585  0.676320 -0.736605 -0.001829  0.971501 0.612843 0
0  12.192658 -13.550690 9.775743  0.543875 -0.839166 0.000549  0.978588 0.599227 0
0  12.961839 -12.952970 9.775741  0.737534 -0.675305 -0.002551  0.978564 0.612849 0
item_med
0  12.968917 -11.816172 11.831870  0.768047 -0.416341 0.486584  0.458885 0.141218 0
0  11.622471 -11.621844 13.017650  0.464687 -0.464788 0.753683  0.432710 0.148305 0
0  12.483624 -12.482848 11.831870  0.640445 -0.640681 0.423506  0.450308 0.130689 0
item_med
0  -13.932397 10.229931 10.212065  -0.964947 0.037184 0.259796  0.004724 0.498039 0
0  -13.312343 11.007528 11.831870  -0.838652 0.246813 0.485537  0.035495 0.506059 0
0  -13.724099 11.157917 10.212065  -0.914793 0.309912 0.259054  0.011555 0.516069 0
item_med
0  13.956563 -11.270336 10.149984  0.225793 -0.082663 0.970662  0.159760 0.605254 0
0  13.337271 -12.054760 10.212065  0.221462 -0.118303 0.967966  0.175501 0.600985 0
0  13.549066 -12.192758 10.143059  0.232905 -0.153608 0.960292  0.175501 0.605254 0
item_med
0  -13.498370 -10.172790 11.831870  -0.885988 -0.008440 0.463632  0.030698 0.166775 0
0  -12.180700 -10.609302 13.017650  -0.608653 -0.173000 0.774346  0.059401 0.162974 0
0  -12.312591 -10.016679 13.017650  -0.631366 -0.002343 0.775481  0.056798 0.171838 0
item_med
0  -13.932397 -10.229931 10.212065  -0.964921 -0.038360 0.259721  0.004729 0.161449 0
0  -13.302144 -11.020721 11.831870  -0.835123 -0.259818 0.484834  0.035668 0.153251 0
0  -13.498370 -10.172790 11.831870  -0.885988 -0.008440 0.463632  0.030698 0.166775 0
item_med
0  -14.865339 1.765557 9.700259  0.015265 -0.000240 -0.999883  0.461014 0.662904 0
0  -14.282746 -1.506856 9.709939  -0.069969 -0.001450 -0.997548  0.452080 0.613067 0
0  -14.865133 -1.508988 9.700259  0.016617 0.000001 -0.999862  0.461019 0.613068 0
item_med
0  -10.302093 -11.284234 13.451677  0.000019 0.000018 1.000000  0.089129 0.153184 0
0  -10.609664 -12.180598 13.017650  -0.174324 -0.612162 0.771278  0.083918 0.138424 0
0  -10.016679 -12.312591 13.017650  -0.003784 -0.590574 0.806974  0.092770 0.135785 0
item_med
0  -11.622471 -11.621844 13.017650  -0.464684 -0.464791 0.753683  0.068727 0.147783 0
0  -11.163537 -11.953658 13.017650  -0.268211 -0.552145 0.789429  0.075624 0.142423 0
0  -11.003436 -11.047026 13.451677  -0.254845 -0.254795 0.932809  0.078677 0.157076 0
item_med
0  -11.622471 -11.621844 13.017650  -0.464684 -0.464791 0.753683  0.068727 0.147783 0
0  -11.003436 -11.047026 13.451677  -0.254845 -0.254795 0.932809  0.078677 0.157076 0
0  -11.954025 -11.162901 13.017650  -0.548709 -0.266449 0.792416  0.063379 0.154681 0
item_med
0  -12.312591 10.016679 13.017650  -0.524957 0.002527 0.851125  0.056664 0.487698 0
0  -11.240644 10.345682 13.451677  -0.000028 -0.000015 1.000000  0.074723 0.491995 0
0  -12.186993 10.596949 13.017650  -0.610617 0.163203 0.774927  0.059193 0.496350 0
item_med
0  -10.278756 14.179909 10.140869  -0.002562 0.275654 0.961254  0.282721 0.588122 0
0  10.229931 13.932397 10.212065  0.001354 0.276169 0.961108  0.608676 0.583844 0
0  10.278765 14.179895 10.140884  0.004924 0.274926 0.961453  0.609410 0.588122 0
item_med
0  12.168125 13.567385 9.775741  0.157336 0.265380 -0.951219  0.045515 0.844954 0
0  12.104920 13.334301 9.700259  0.114407 0.194859 -0.974136  0.046366 0.841027 0
0  11.257459 13.963725 9.775741  0.062540 0.209678 -0.975768  0.060045 0.850884 0
item_med
0  12.104920 13.334301 9.700259  0.114407 0.194859 -0.974136  0.046366 0.841027 0
0  10.182283 13.858498 9.700259  0.025103 0.211568 -0.977041  0.075924 0.849086 0
0  11.257459 13.963725 9.775741  0.062540 0.209678 -0.975768  0.060045 0.850884 0
item_med
0  12.961893 12.953082 9.775741  0.188643 0.188814 -0.963724  0.032879 0.835658 0
0  13.568105 12.169991 9.775741  0.362304 0.217717 -0.906275  0.023674 0.822929 0
0  13.545032 11.894187 9.700259  0.253537 0.138342 -0.957382  0.024226 0.818888 0
item_med
0  13.545032 11.894187 9.700259  0.253537 0.138342 -0.957382  0.024226 0.818888 0
0  12.104920 13.334301 9.700259  0.114407 0.194859 -0.974136  0.046366 0.841027 0
0  12.961893 12.953082 9.775741  0.188643 0.188814 -0.963724  0.032879 0.835658 0
item_med
0  14.072151 6.194759 9.700259  0.239376 0.005175 -0.970913  0.016123 0.731267 0
0  14.156553 10.271127 9.766344  0.334451 0.026249 -0.942047  0.014107 0.793144 0
0  14.282637 1.763885 9.709070  0.076984 0.002608 -0.997029  0.012849 0.662903 0
item_med
0  10.182283 -13.858498 9.700259  0.006930 -0.223261 -0.974734  0.851339 0.806630 0
0  12.104920 -13.334301 9.700259  0.114596 -0.193184 -0.974448  0.881365 0.798444 0
0  11.270859 -13.956942 9.773233  0.062476 -0.208107 -0.976109  0.867676 0.808224 0
item_med
0  12.104920 -13.334301 9.700259  0.114596 -0.193184 -0.974448  0.881365 0.798444 0
0  12.192658 -13.550690 9.775743  0.159713 -0.266784 -0.950430  0.882439 0.801887 0
0  11.270859 -13.956942 9.773233  0.062476 -0.208107 -0.976109  0.867676 0.808224 0
item_med
0  12.192658 -13.550690 9.775743  0.159713 -0.266784 -0.950430  0.882439 0.801887 0
0  12.104920 -13.334301 9.700259  0.114596 -0.193184 -0.974448  0.881365 0.798444 0
0  12.961839 -12.952970 9.775741  0.184595 -0.186158 -0.965023  0.894867 0.792766 0
item_med
0  12.104920 -13.334301 9.700259  0.114596 -0.193184 -0.974448  0.881365 0.798444 0
0  13.545032 -11.894187 9.700259  0.229554 -0.131375 -0.964389  0.903855 0.775953 0
0  12.961839 -12.952970 9.775741  0.184595 -0.186158 -0.965023  0.894867 0.792766 0
item_med
0  0.000000 0.966255 13.451677  0.000000 0.985527 0.169517  0.299473 0.661332 0
0  0.653584 0.966255 13.451677  -0.083252 0.982490 0.166683  0.289240 0.661332 0
0  0.688497 1.182543 12.194233  -0.051199 0.985443 0.162115  0.288589 0.641326 0
item_med
0  6.819550 13.861418 9.700259  0.002239 0.162088 -0.986774  0.127621 0.849131 0
0  -0.000000 14.241865 9.740021  -0.000002 0.150047 -0.988679  0.232462 0.855636 0
0  10.278748 14.180212 9.775741  0.006527 0.195816 -0.980619  0.075349 0.854387 0
item_med
0  13.955943 -11.269987 9.757729  0.291887 -0.104626 -0.950713  0.910316 0.765544 0
0  13.549513 -12.193363 9.771981  0.345524 -0.213869 -0.913714  0.903980 0.780320 0
0  13.545032 -11.894187 9.700259  0.229554 -0.131375 -0.964389  0.903855 0.775953 0
item_med
0  14.069231 -9.971551 9.700259  0.203192 -0.012264 -0.979062  0.912042 0.745927 0
0  14.071952 -1.464262 9.700259  0.045891 -0.000008 -0.998946  0.912085 0.613065 0
0  14.282736 -1.506862 9.709942  0.069981 -0.001447 -0.997547  0.915401 0.613763 0
item_med
0  2.301662 5.223028 12.194233  0.000000 0.000000 1.000000  0.096027 0.655594 0
0  1.323792 6.129446 12.194233  0.000000 0.000000 1.000000  0.111420 0.641326 0
0  2.117873 3.295587 12.194233  0.000000 0.000000 1.000000  0.098920 0.685933 0
item_med
0  1.323792 6.129446 12.194233  0.000000 0.000000 1.000000  0.111420 0.641326 0
0  -1.323792 6.129446 12.194233  0.000000 0.000000 1.000000  0.153094 0.641326 0
0  2.117873 3.295587 12.194233  0.000000 0.000000 1.000000  0.098920 0.685933 0
item_med
0  -1.323792 6.129446 12.194233  0.000000 0.000000 1.000000  0.153094 0.641326 0
0  -2.301662 5.223028 12.194233  0.000001 0.000000 1.000000  0.168486 0.655594 0
0  -2.117873 3.295587 12.194233  0.000000 0.000000 1.000000  0.165593 0.685933 0
item_med
0  -2.117873 3.295587 12.194233  0.000000 0.000000 1.000000  0.165593 0.685933 0
0  -0.688497 1.182543 12.194233  0.000000 0.000000 1.000000  0.143094 0.719193 0
0  0.688497 1.182543 12.194233  -0.000000 0.000000 1.000000  0.121419 0.719193 0
item_med
0  13.545032 11.894187 9.700259  0.253537 0.138342 -0.957382  0.024226 0.818888 0
0  13.568105 12.169991 9.775741  0.362304 0.217717 -0.906275  0.023674 0.822929 0
0  13.955268 11.253309 9.764544  0.302237 0.098357 -0.948145  0.017627 0.808442 0
item_med
0  10.302093 11.284234 13.451677  -0.000018 0.000007 1.000000  0.412117 0.506820 0
0  -10.302093 11.284234 13.451677  0.000004 0.000025 1.000000  0.088945 0.506201 0
0  -1.011625 6.629921 13.451677  0.000000 0.000000 1.000000  0.234756 0.433391 0
item_med
0  10.278748 14.180212 9.775741  0.024704 0.999695 0.000557  0.488194 0.870526 0
0  -0.000000 14.241865 9.740021  0.000003 0.996713 0.081014  0.346867 0.870614 0
0  10.278765 14.179895 10.140884  0.014228 0.994872 0.100138  0.488190 0.863448 0
item_med
0  -0.000000 14.241865 9.740021  0.000003 0.996713 0.081014  0.346867 0.870614 0
0  -10.278748 14.180213 9.775741  -0.024706 0.999694 0.000823  0.205539 0.870526 0
0  -10.278756 14.179909 10.140869  -0.014234 0.994874 0.100116  0.205544 0.863448 0
item_med
0  -10.182283 13.858498 9.700259  -0.025105 0.211568 -0.977041  0.389000 0.849087 0
0  -12.104920 13.334301 9.700259  -0.114404 0.194859 -0.974137  0.418558 0.841029 0
0  -11.257460 13.963723 9.775743  -0.062543 0.209682 -0.975767  0.404878 0.850885 0
item_med
0  -12.104920 13.334301 9.700259  -0.114404 0.194859 -0.974137  0.418558 0.841029 0
0  -12.168125 13.567385 9.775741  -0.157331 0.265378 -0.951221  0.419409 0.844955 0
0  -11.257460 13.963723 9.775743  -0.062543 0.209682 -0.975767  0.404878 0.850885 0
item_med
0  -13.545032 11.894187 9.700259  -0.253470 0.138319 -0.957403  0.440698 0.818889 0
0  -13.568105 12.169991 9.775741  -0.362298 0.217718 -0.906277  0.441250 0.822931 0
0  -12.961894 12.953085 9.775743  -0.188644 0.188816 -0.963723  0.432044 0.835659 0
item_med
0  -12.961894 12.953085 9.775743  -0.188644 0.188816 -0.963723  0.432044 0.835659 0
0  -12.168125 13.567385 9.775741  -0.157331 0.265378 -0.951221  0.419409 0.844955 0
0  -12.104920 13.334301 9.700259  -0.114404 0.194859 -0.974137  0.418558 0.841029 0
item_med
0  -14.072151 6.194759 9.700259  -0.239256 0.005180 -0.970943  0.448802 0.731268 0
0  -14.072151 1.713303 9.700259  -0.042663 -0.000101 -0.999090  0.448763 0.662903 0
0  -14.282566 1.763935 9.709057  -0.076916 0.002602 -0.997034  0.452075 0.662903 0
item_med
0  -12.192658 -13.550690 9.775741  -0.159713 -0.266775 -0.950433  0.502200 0.801886 0
0  -12.104920 -13.334301 9.700259  -0.114595 -0.193174 -0.974450  0.503274 0.798443 0
0  -11.270833 -13.956939 9.773219  -0.062469 -0.208082 -0.976115  0.516963 0.808223 0
item_med
0  -12.104920 -13.334301 9.700259  -0.114595 -0.193174 -0.974450  0.503274 0.798443 0
0  -10.182283 -13.858498 9.700259  -0.003726 -0.225664 -0.974198  0.533300 0.806630 0
0  -11.270833 -13.956939 9.773219  -0.062469 -0.208082 -0.976115  0.516963 0.808223 0
item_med
0  -13.545032 -11.894187 9.700259  -0.228750 -0.131138 -0.964612  0.480783 0.775952 0
0  -12.104920 -13.334301 9.700259  -0.114595 -0.193174 -0.974450  0.503274 0.798443 0
0  -12.961841 -12.952970 9.775741  -0.184641 -0.186191 -0.965008  0.489771 0.792765 0
item_med
0  -12.104920 -13.334301 9.700259  -0.114595 -0.193174 -0.974450  0.503274 0.798443 0
0  -12.192658 -13.550690 9.775741  -0.159713 -0.266775 -0.950433  0.502200 0.801886 0
0  -12.961841 -12.952970 9.775741  -0.184641 -0.186191 -0.965008  0.489771 0.792765 0
item_med
0  -6.819550 13.861418 9.700259  -0.002239 0.162088 -0.986774  0.337303 0.849132 0
0  -10.182283 13.858498 9.700259  -0.025105 0.211568 -0.977041  0.389000 0.849087 0
0  -10.278748 14.180213 9.775741  -0.006525 0.195816 -0.980619  0.389574 0.854388 0
item_med
0  -13.545032 -11.894187 9.700259  -0.228750 -0.131138 -0.964612  0.480783 0.775952 0
0  -13.549537 -12.193332 9.772010  -0.345120 -0.213987 -0.913839  0.480659 0.780319 0
0  -13.955524 -11.269830 9.756866  -0.288913 -0.103654 -0.951727  0.474322 0.765543 0
item_med
0  -14.069231 -9.971551 9.700259  -0.203218 -0.012265 -0.979057  0.472596 0.745926 0
0  -14.186652 -10.277566 9.756765  -0.353584 -0.029378 -0.934941  0.470503 0.749800 0
0  -14.282746 -1.506856 9.709939  -0.069969 -0.001450 -0.997548  0.469238 0.613763 0
item_med
0  -13.955257 11.253350 9.764527  -0.302220 0.098374 -0.948148  0.447297 0.808443 0
0  -13.568105 12.169991 9.775741  -0.362298 0.217718 -0.906277  0.441250 0.822931 0
0  -13.545032 11.894187 9.700259  -0.253470 0.138319 -0.957403  0.440698 0.818889 0
item_med
0  -14.574699 -1.508970 10.212065  1.000000 0.000063 0.000000  0.580840 0.649778 0
0  -14.574906 1.765575 10.454176  1.000000 0.000063 0.000000  0.529297 0.645967 0
0  -14.574699 -1.508970 10.454176  1.000000 0.000063 0.000000  0.580840 0.645967 0
item_med
0  -10.229931 -13.932397 10.212065  -0.001433 -0.276157 0.961111  0.565405 0.600985 0
0  -10.278765 -14.179900 10.140875  -0.004766 -0.273919 0.961741  0.565405 0.605254 0
0  10.278754 -14.179902 10.140877  0.002486 -0.275108 0.961410  0.237264 0.605254 0
item_med
0  13.955943 -11.269987 9.757729  0.958179 -0.286163 -0.001787  0.978504 0.640687 0
0  14.186652 -10.277566 9.756764  0.999437 -0.033478 -0.002011  0.978478 0.655002 0
0  14.187259 -10.277529 10.144642  0.999516 -0.031104 -0.000738  0.971415 0.654988 0
item_med
0  -12.795914 -12.796807 10.212065  -0.202306 -0.202095 0.958243  0.612084 0.600985 0
0  -12.958651 -12.958651 10.136584  -0.221064 -0.220754 0.949947  0.612084 0.605254 0
0  -12.192110 -13.549204 10.143501  -0.152931 -0.232583 0.960478  0.596998 0.605254 0
item_med
0  -13.932397 10.229931 10.212065  -0.154958 0.007696 0.987891  0.190590 0.583844 0
0  -14.157285 10.271199 10.136584  -0.310769 0.021086 0.950252  0.191164 0.588122 0
0  -14.282906 1.763351 10.201323  -0.080124 0.002636 0.996781  0.055937 0.588122 0
item_med
0  -0.688497 1.182543 12.194233  0.051199 0.985443 0.162115  0.310370 0.641326 0
0  -1.249867 1.245932 12.194233  0.361756 0.928390 0.084995  0.319321 0.641326 0
0  -1.138512 1.062713 13.451677  0.283467 0.950725 0.125572  0.317482 0.661195 0
item_med
0  -14.865133 -1.508988 10.454176  -0.000000 0.000000 1.000000  0.225860 0.641326 0
0  -14.574699 -1.508970 10.454176  0.000000 0.000000 1.000000  0.225860 0.645898 0
0  -14.574906 1.765575 10.454176  -0.000000 0.000000 1.000000  0.174316 0.645898 0
item_med
0  -13.932397 -10.229931 10.212065  -0.133253 -0.006400 0.991061  0.658799 0.600985 0
0  -13.932397 -1.505817 10.212065  -0.030693 -0.000003 0.999529  0.798762 0.600985 0
0  -14.282687 -1.506716 10.201308  -0.091856 -0.002810 0.995768  0.798762 0.605254 0
item_med
0  -11.256025 13.962147 10.144493  -0.091223 0.256492 0.962232  0.267524 0.588122 0
0  -12.169179 13.569360 10.136584  -0.171082 0.265237 0.948884  0.252233 0.588122 0
0  -12.040851 13.371405 10.212065  -0.133575 0.254299 0.957857  0.252451 0.583844 0
item_med
0  -13.549055 -12.192762 10.143072  -0.839722 -0.543016 0.000434  0.971471 0.232891 0
0  -13.549537 -12.193332 9.772010  -0.881449 -0.472280 0.000184  0.978534 0.232877 0
0  -12.961841 -12.952970 9.775741  -0.737501 -0.675342 -0.002550  0.978564 0.246508 0
item_med
0  -6.851258 3.295559 12.194233  0.909394 -0.195022 0.367382  0.815699 0.569469 0
0  -6.394799 4.474083 12.194233  0.570087 -0.745162 0.346027  0.794519 0.569469 0
0  -6.817377 4.734711 13.451677  0.749937 -0.550893 0.366212  0.794519 0.548442 0
item_med
0  -1.323792 6.129446 12.194233  0.360792 -0.889946 0.278972  0.701936 0.569469 0
0  -1.011625 6.629921 13.451677  0.168867 -0.929457 0.328015  0.701936 0.548442 0
0  -2.286369 5.549791 13.451677  0.280921 -0.930077 0.236728  0.725403 0.548442 0
item_med
0  -14.187269 -10.277514 10.144653  -0.250712 -0.017128 0.967910  0.658799 0.605254 0
0  -13.956568 -11.270348 10.149967  -0.225805 -0.082646 0.970660  0.642908 0.605254 0
0  -13.710798 -11.171302 10.212065  -0.227335 -0.064437 0.971682  0.642908 0.600985 0
item_med
0  6.851258 1.258362 12.194233  -0.932077 0.000000 0.362259  0.517539 0.569469 0
0  7.339974 1.053059 13.451677  -0.932077 0.000000 0.362259  0.517539 0.548442 0
0  7.339974 3.385429 13.451677  -0.926673 -0.084666 0.366209  0.551679 0.548442 0
item_med
0  -0.688497 1.182543 12.194233  0.051199 0.985443 0.162115  0.310370 0.641326 0
0  -0.653584 0.966255 13.451677  0.083252 0.982490 0.166683  0.309743 0.661332 0
0  0.000000 0.966255 13.451677  0.000000 0.985527 0.169517  0.299473 0.661332 0
item_med
0  -6.851258 1.258362 12.194233  0.932077 0.000000 0.362259  0.849840 0.569469 0
0  -6.851258 3.295559 12.194233  0.909394 -0.195022 0.367382  0.815699 0.569469 0
0  -7.339974 3.385429 13.451677  0.926673 -0.084666 0.366209  0.815699 0.548442 0
item_med
0  -6.394799 4.474083 12.194233  0.570087 -0.745162 0.346027  0.794519 0.569469 0
0  -5.292810 4.930538 12.194233  0.134948 -0.953995 0.267735  0.774530 0.569469 0
0  -5.555719 5.257302 13.451677  0.210935 -0.934440 0.286930  0.774530 0.548442 0
item_med
0  -2.033622 1.865795 12.194233  0.925177 0.359921 -0.120435  0.335283 0.641326 0
0  -2.117873 2.289353 12.194233  0.989765 0.112612 -0.087660  0.341917 0.641326 0
0  -1.920761 2.233432 13.451677  0.971125 0.190393 -0.143762  0.341055 0.661195 0
item_med
0  -14.187269 -10.277514 10.144653  -0.999514 -0.031162 -0.001128  0.971415 0.204369 0
0  -14.282687 -1.506716 10.201308  -0.999941 -0.010879 0.000123  0.971191 0.084154 0
0  -14.282746 -1.506856 9.709939  -0.999940 -0.010915 -0.000595  0.978254 0.084141 0
item_med
0  -10.278756 14.179909 10.140869  -0.014234 0.994874 0.100116  0.205544 0.863448 0
0  -10.278748 14.180213 9.775741  -0.024706 0.999694 0.000823  0.205539 0.870526 0
0  -11.257460 13.963723 9.775743  -0.307675 0.951490 0.001382  0.191417 0.870517 0
item_med
0  -1.549614 1.337403 13.451677  0.620960 0.783545 0.021611  0.325231 0.661195 0
0  -1.138512 1.062713 13.451677  0.283467 0.950725 0.125572  0.317482 0.661195 0
0  -1.249867 1.245932 12.194233  0.361756 0.928390 0.084995  0.319321 0.641326 0
item_med
0  2.033622 1.865795 12.194233  -0.925177 0.359921 -0.120435  0.263683 0.641326 0
0  1.824303 1.748504 13.451677  -0.876646 0.472935 -0.088447  0.265888 0.661332 0
0  1.920761 2.233432 13.451677  -0.971125 0.190393 -0.143762  0.257918 0.661332 0
item_med
0  1.824303 1.748504 13.451677  0.000000 0.000000 1.000000  0.279124 0.357891 0
0  5.166513 2.108822 13.451677  -0.000001 0.000000 1.000000  0.331552 0.363636 0
0  3.979335 3.215875 13.451677  -0.000001 0.000000 1.000000  0.312925 0.381081 0
item_med
0  -14.574906 1.765575 10.212065  0.002242 0.999997 -0.000107  0.496302 0.112634 0
0  -14.282906 1.763351 10.201323  0.007661 0.999970 0.001191  0.496302 0.117186 0
0  -14.282566 1.763935 9.709057  0.004418 0.999990 -0.000694  0.488281 0.117186 0
item_med
0  -14.282906 1.763351 10.201323  -0.080124 0.002636 0.996781  0.055937 0.588122 0
0  -14.574906 1.765575 10.212065  0.036775 0.000002 0.999324  0.055937 0.593172 0
0  -14.574699 -1.508970 10.212065  0.036812 -0.000002 0.999322  0.003906 0.593172 0
item_med
0  -14.157285 10.271199 10.136584  -0.999486 0.032031 -0.001367  0.120831 0.863293 0
0  -13.956718 11.253671 10.141321  -0.945193 0.326494 -0.003348  0.134951 0.863317 0
0  -13.955257 11.253350 9.764527  -0.964377 0.264507 -0.003673  0.134939 0.870395 0
item_med
0  -14.865133 -1.508988 10.454176  -1.000000 -0.000063 0.000000  0.222168 0.387665 0
0  -14.865339 1.765557 10.454176  -1.000000 -0.000063 0.000000  0.273711 0.387665 0
0  -14.865339 1.765557 9.700259  -1.000000 -0.000063 0.000000  0.273711 0.399532 0
item_med
0  -13.549537 -12.193332 9.772010  -0.881449 -0.472280 0.000184  0.978534 0.232877 0
0  -13.549055 -12.192762 10.143072  -0.839722 -0.543016 0.000434  0.971471 0.232891 0
0  -13.956568 -11.270348 10.149967  -0.938920 -0.344131 -0.001417  0.971441 0.218687 0
item_med
0  14.865133 -1.508988 10.454176  1.000000 -0.000063 0.000000  0.214141 0.387749 0
0  14.865133 -1.508988 9.700259  1.000000 -0.000063 0.000000  0.214141 0.399616 0
0  14.865339 1.765557 9.700259  1.000000 -0.000063 0.000000  0.162598 0.399616 0
item_med
0  -14.282906 1.763351 10.201323  -0.080124 0.002636 0.996781  0.055937 0.588122 0
0  -14.282687 -1.506716 10.201308  -0.091856 -0.002810 0.995768  0.003906 0.588925 0
0  -13.932397 -1.505817 10.212065  -0.030693 -0.000003 0.999529  0.003906 0.583844 0
item_med
0  -1.824303 1.748504 13.451677  0.876646 0.472935 -0.088447  0.333088 0.661195 0
0  -1.549614 1.337403 13.451677  0.620960 0.783545 0.021611  0.325231 0.661195 0
0  -1.704601 1.463996 12.194235  0.697491 0.716075 -0.027269  0.327247 0.641326 0
item_med
0  -13.956568 -11.270348 10.149967  -0.225805 -0.082646 0.970660  0.642908 0.605254 0
0  -13.549055 -12.192762 10.143072  -0.232880 -0.153580 0.960302  0.627167 0.605254 0
0  -13.337271 -12.054760 10.212065  -0.221453 -0.118271 0.967972  0.627167 0.600985 0
item_med
0  -11.270833 -13.956939 9.773219  -0.312918 -0.949765 0.005300  0.978601 0.274327 0
0  -10.278741 -14.180175 9.775741  -0.005307 -0.999986 0.000748  0.978601 0.288645 0
0  -10.278765 -14.179900 10.140875  -0.020205 -0.999795 0.001081  0.971537 0.288645 0
item_med
0  -5.292810 4.930538 12.194233  0.134948 -0.953995 0.267735  0.774530 0.569469 0
0  -2.301662 5.223028 12.194233  0.280837 -0.929730 0.238188  0.725403 0.569469 0
0  -2.286369 5.549791 13.451677  0.280921 -0.930077 0.236728  0.725403 0.548442 0
item_med
0  -13.363942 12.038246 10.212065  -0.255290 0.131807 0.957838  0.221547 0.583844 0
0  -13.569082 12.169590 10.136584  -0.261069 0.165594 0.951011  0.221739 0.588122 0
0  -13.956718 11.253671 10.141321  -0.265467 0.090985 0.959817  0.206448 0.588122 0
item_med
0  14.574906 1.765575 10.212065  -0.002515 0.999997 -0.000355  0.510950 0.515909 0
0  14.865339 1.765557 9.700259  -0.001914 0.999998 -0.001122  0.502930 0.520460 0
0  14.282637 1.763885 9.709070  -0.004466 0.999990 -0.000766  0.502930 0.511358 0
item_med
0  14.282736 -1.506862 9.709942  0.069981 -0.001447 -0.997547  0.012845 0.613067 0
0  14.071952 -1.464262 9.700259  0.045891 -0.000008 -0.998946  0.016158 0.613066 0
0  14.072151 1.713303 9.700259  0.043091 -0.000076 -0.999071  0.016162 0.662902 0
item_med
0  14.282736 -1.506862 9.709942  0.999941 -0.010884 0.000027  0.978254 0.775216 0
0  14.282701 -1.506709 10.201323  0.999941 -0.010882 0.000073  0.971191 0.775203 0
0  14.187259 -10.277529 10.144642  0.999516 -0.031104 -0.000738  0.971415 0.654988 0
item_med
0  13.549513 -12.193363 9.771981  0.881362 -0.472442 0.000820  0.978534 0.626480 0
0  13.955943 -11.269987 9.757729  0.958179 -0.286163 -0.001787  0.978504 0.640687 0
0  13.956563 -11.270336 10.149984  0.938864 -0.344287 -0.000645  0.971441 0.640670 0
item_med
0  -2.117873 2.289353 12.194233  0.989765 0.112612 -0.087660  0.341917 0.641326 0
0  -2.117873 3.295587 12.194233  0.999985 0.000000 -0.005452  0.357271 0.641326 0
0  -2.111017 3.215875 13.451677  0.992621 0.094974 -0.075392  0.357271 0.661195 0
item_med
0  1.323792 6.129446 12.194233  -0.262279 -0.914137 0.309134  0.665442 0.569469 0
0  2.301662 5.223028 12.194233  -0.280837 -0.929730 0.238188  0.641976 0.569469 0
0  2.286369 5.549791 13.451677  -0.280922 -0.930077 0.236728  0.641976 0.548442 0
item_med
0  -6.851258 -0.778836 12.194233  0.932077 0.000000 0.362259  0.883980 0.569469 0
0  -6.851258 1.258362 12.194233  0.932077 0.000000 0.362259  0.849840 0.569469 0
0  -7.339974 1.053059 13.451677  0.932077 0.000000 0.362259  0.849840 0.548442 0
item_med
0  -14.282746 -1.506856 9.709939  -0.069969 -0.001450 -0.997548  0.452080 0.613067 0
0  -14.282566 1.763935 9.709057  -0.076916 0.002602 -0.997034  0.452075 0.662903 0
0  -14.072151 1.713303 9.700259  -0.042663 -0.000101 -0.999090  0.448763 0.662903 0
item_med
0  -1.824303 1.748504 13.451677  -0.000000 0.000000 1.000000  0.222136 0.357795 0
0  -1.920761 2.233432 13.451677  -0.000001 0.000000 1.000000  0.220650 0.365442 0
0  -3.979335 3.215875 13.451677  0.000001 0.000000 1.000000  0.188331 0.380933 0
item_med
0  13.932397 10.229931 10.212065  0.155007 0.007705 0.987883  0.701540 0.583844 0
0  13.932397 1.765594 10.212065  0.030679 0.000000 0.999529  0.836131 0.583844 0
0  14.282892 1.763358 10.201308  0.093758 0.002946 0.995591  0.836193 0.588122 0
item_med
0  -13.956718 11.253671 10.141321  -0.945193 0.326494 -0.003348  0.134951 0.863317 0
0  -13.569082 12.169590 10.136584  -0.840439 0.541903 -0.001880  0.149069 0.863343 0
0  -13.568105 12.169991 9.775741  -0.884895 0.465783 -0.002507  0.149060 0.870420 0
item_med
0  1.549614 1.337403 13.451677  -0.620960 0.783545 0.021611  0.273751 0.661332 0
0  1.704601 1.463996 12.194235  -0.697491 0.716075 -0.027268  0.271714 0.641326 0
0  1.249867 1.245932 12.194233  -0.361756 0.928390 0.084995  0.279631 0.641326 0
item_med
0  -12.168125 13.567385 9.775741  -0.545038 0.838387 -0.006287  0.177300 0.870505 0
0  -12.961894 12.953085 9.775743  -0.736104 0.676859 -0.003534  0.163190 0.870463 0
0  -12.958649 12.958649 10.136585  -0.676301 0.736612 -0.004522  0.163190 0.863386 0
item_med
0  -12.808414 12.810941 10.212065  -0.224290 0.223481 0.948552  0.237010 0.583844 0
0  -12.040851 13.371405 10.212065  -0.133575 0.254299 0.957857  0.252451 0.583844 0
0  -12.169179 13.569360 10.136584  -0.171082 0.265237 0.948884  0.252233 0.588122 0
item_med
0  -12.169179 13.569360 10.136584  -0.471625 0.881796 -0.002240  0.177306 0.863427 0
0  -11.256025 13.962147 10.144493  -0.307409 0.951563 0.005262  0.191424 0.863439 0
0  -11.257460 13.963723 9.775743  -0.307675 0.951490 0.001382  0.191417 0.870517 0
item_med
0  13.955268 11.253309 9.764544  0.964381 0.264496 -0.003295  0.558794 0.870395 0
0  13.956709 11.253682 10.141330  0.945191 0.326502 -0.003339  0.558783 0.863317 0
0  14.157284 10.271199 10.136584  0.999486 0.032031 -0.001609  0.572903 0.863293 0
item_med
0  -12.808414 12.810941 10.212065  -0.224290 0.223481 0.948552  0.237010 0.583844 0
0  -12.958649 12.958649 10.136585  -0.238621 0.238356 0.941407  0.236993 0.588122 0
0  -13.569082 12.169590 10.136584  -0.261069 0.165594 0.951011  0.221739 0.588122 0
item_med
0  -12.961894 12.953085 9.775743  -0.736104 0.676859 -0.003534  0.163190 0.870463 0
0  -13.568105 12.169991 9.775741  -0.884895 0.465783 -0.002507  0.149060 0.870420 0
0  -13.569082 12.169590 10.136584  -0.840439 0.541903 -0.001880  0.149069 0.863343 0
item_med
0  -12.054167 -13.338026 10.212065  -0.118168 -0.222591 0.967724  0.596998 0.600985 0
0  -12.192110 -13.549204 10.143501  -0.152931 -0.232583 0.960478  0.596998 0.605254 0
0  -11.269455 -13.954256 10.149385  -0.081766 -0.229193 0.969941  0.581268 0.605254 0
item_med
0  -12.795914 -12.796807 10.212065  -0.202306 -0.202095 0.958243  0.612084 0.600985 0
0  -13.337271 -12.054760 10.212065  -0.221453 -0.118271 0.967972  0.627167 0.600985 0
0  -13.549055 -12.192762 10.143072  -0.232880 -0.153580 0.960302  0.627167 0.605254 0
item_med
0  5.292810 4.930538 12.194233  -0.134948 -0.953995 0.267735  0.592848 0.569469 0
0  5.555719 5.257302 13.451677  -0.210935 -0.934440 0.286930  0.592848 0.548442 0
0  2.286369 5.549791 13.451677  -0.280922 -0.930077 0.236728  0.641976 0.548442 0
item_med
0  -14.187269 -10.277514 10.144653  -0.999514 -0.031162 -0.001128  0.971415 0.204369 0
0  -14.186652 -10.277566 9.756765  -0.999437 -0.033518 -0.001604  0.978478 0.204356 0
0  -13.955524 -11.269830 9.756866  -0.958166 -0.286202 -0.002466  0.978504 0.218671 0
item_med
0  2.111017 3.215875 13.451677  -0.992621 0.094974 -0.075392  0.241699 0.661332 0
0  2.117873 3.295587 12.194233  -0.999985 0.000000 -0.005452  0.241699 0.641326 0
0  2.117873 2.289353 12.194233  -0.989765 0.112612 -0.087659  0.257050 0.641326 0
item_med
0  12.192118 -13.549201 10.143504  0.152927 -0.232574 0.960480  0.205670 0.605254 0
0  12.958651 -12.958651 10.136585  0.221063 -0.220745 0.949949  0.190584 0.605254 0
0  12.795914 -12.796807 10.212065  0.202308 -0.202089 0.958244  0.190584 0.600985 0
item_med
0  10.278754 -14.179902 10.140877  0.010565 -0.999943 0.001548  0.971537 0.570712 0
0  -10.278765 -14.179900 10.140875  -0.020205 -0.999795 0.001081  0.971537 0.288645 0
0  -10.278741 -14.180175 9.775741  -0.005307 -0.999986 0.000748  0.978601 0.288645 0
item_med
0  14.157284 10.271199 10.136584  0.310767 0.021085 0.950252  0.700966 0.588122 0
0  13.956709 11.253682 10.141330  0.265450 0.090975 0.959823  0.685682 0.588122 0
0  13.724099 11.157917 10.212065  0.275288 0.073873 0.958519  0.686015 0.583844 0
item_med
0  -12.192658 -13.550690 9.775741  -0.543872 -0.839168 0.000556  0.978588 0.260131 0
0  -12.192110 -13.549204 10.143501  -0.472499 -0.881314 0.005544  0.971525 0.260138 0
0  -12.958651 -12.958651 10.136584  -0.676323 -0.736603 -0.001823  0.971501 0.246514 0
item_med
0  14.187259 -10.277529 10.144642  0.250749 -0.017132 0.967901  0.143869 0.605254 0
0  13.932397 -10.229931 10.212065  0.133253 -0.006396 0.991061  0.143869 0.600985 0
0  13.710798 -11.171302 10.212065  0.227346 -0.064406 0.971682  0.159760 0.600985 0
item_med
0  6.851258 -0.778836 12.194233  -0.932077 0.000000 0.362259  0.483398 0.569469 0
0  7.339974 -1.279311 13.451677  -0.932078 0.000000 0.362259  0.483398 0.548442 0
0  7.339974 1.053059 13.451677  -0.932077 0.000000 0.362259  0.517539 0.548442 0
item_med
0  -10.278765 -14.179900 10.140875  -0.004766 -0.273919 0.961741  0.565405 0.605254 0
0  -10.229931 -13.932397 10.212065  -0.001433 -0.276157 0.961111  0.565405 0.600985 0
0  -11.171198 -13.711287 10.212065  -0.065501 -0.236984 0.969303  0.581268 0.600985 0
item_med
0  -10.278756 14.179909 10.140869  -0.002562 0.275654 0.961254  0.282721 0.588122 0
0  -11.256025 13.962147 10.144493  -0.091223 0.256492 0.962232  0.267524 0.588122 0
0  -11.158330 13.725296 10.212065  -0.068857 0.251889 0.965303  0.267867 0.583844 0
item_med
0  14.282701 -1.506709 10.201323  0.077255 -0.002493 0.997008  0.888217 0.588928 0
0  14.574699 -1.508970 10.212065  -0.036775 0.000002 0.999323  0.888217 0.593173 0
0  14.574906 1.765575 10.212065  -0.036806 0.000006 0.999322  0.836157 0.593173 0
item_med
0  14.574699 -1.508970 10.212065  -0.002528 -0.999997 -0.000392  0.648812 0.657591 0
0  14.282701 -1.506709 10.201323  -0.007754 -0.999970 0.000311  0.648812 0.653041 0
0  14.282736 -1.506862 9.709942  -0.005035 -0.999987 -0.001270  0.656828 0.653041 0
item_med
0  14.282736 -1.506862 9.709942  0.069981 -0.001447 -0.997547  0.012845 0.613067 0
0  14.282637 1.763885 9.709070  0.076984 0.002608 -0.997029  0.012849 0.662903 0
0  14.865339 1.765557 9.700259  -0.015287 -0.000237 -0.999883  0.003911 0.662903 0
item_med
0  -14.574699 -1.508970 10.212065  0.002796 -0.999996 -0.000597  0.618538 0.662140 0
0  -14.865133 -1.508988 9.700259  0.002489 -0.999996 -0.001376  0.626555 0.657591 0
0  -14.282746 -1.506856 9.709939  0.005033 -0.999987 -0.001283  0.626555 0.666689 0
item_med
0  10.278741 -14.180175 9.775741  0.001165 -0.228111 -0.973634  0.851922 0.812015 0
0  -10.278741 -14.180175 9.775741  -0.002267 -0.227801 -0.973705  0.532717 0.812014 0
0  -10.182283 -13.858498 9.700259  -0.003726 -0.225664 -0.974198  0.533300 0.806630 0
item_med
0  6.394799 4.474083 12.194233  -0.570087 -0.745162 0.346027  0.572859 0.569469 0
0  6.817377 4.734711 13.451677  -0.749937 -0.550893 0.366212  0.572859 0.548442 0
0  5.555719 5.257302 13.451677  -0.210935 -0.934440 0.286930  0.592848 0.548442 0
item_med
0  -14.157285 10.271199 10.136584  -0.999486 0.032031 -0.001367  0.120831 0.863293 0
0  -14.156574 10.271174 9.766302  -0.999402 0.034480 -0.002422  0.120819 0.870371 0
0  -14.282566 1.763935 9.709057  -0.999890 0.014785 -0.001186  0.003906 0.870170 0
item_med
0  14.282892 1.763358 10.201308  0.093758 0.002946 0.995591  0.836193 0.588122 0
0  13.932397 1.765594 10.212065  0.030679 0.000000 0.999529  0.836131 0.583844 0
0  13.932397 -1.505817 10.212065  0.030648 0.000001 0.999530  0.888217 0.583844 0
item_med
0  14.574699 -1.508970 10.454176  0.000000 0.000000 1.000000  0.075958 0.641114 0
0  14.865133 -1.508988 10.454176  0.000000 0.000000 1.000000  0.075958 0.645686 0
0  14.865339 1.765557 10.454176  0.000000 0.000000 1.000000  0.024414 0.645686 0
item_med
0  13.549066 -12.192758 10.143059  0.839731 -0.543002 0.000413  0.971471 0.626467 0
0  12.958651 -12.958651 10.136585  0.676320 -0.736605 -0.001829  0.971501 0.612843 0
0  12.961839 -12.952970 9.775741  0.737534 -0.675305 -0.002551  0.978564 0.612849 0
item_med
0  14.574699 -1.508970 10.212065  -1.000000 0.000063 0.000000  0.640410 0.645967 0
0  14.574699 -1.508970 10.454176  -1.000000 0.000063 0.000000  0.640410 0.649778 0
0  14.574906 1.765575 10.454176  -1.000000 0.000063 0.000000  0.588867 0.649778 0
item_med
0  -12.192110 -13.549204 10.143501  -0.472499 -0.881314 0.005544  0.971525 0.260138 0
0  -12.192658 -13.550690 9.775741  -0.543872 -0.839168 0.000556  0.978588 0.260131 0
0  -11.270833 -13.956939 9.773219  -0.312918 -0.949765 0.005300  0.978601 0.274327 0
item_med
0  13.932397 -10.229931 10.212065  0.133253 -0.006396 0.991061  0.143869 0.600985 0
0  14.187259 -10.277529 10.144642  0.250749 -0.017132 0.967901  0.143869 0.605254 0
0  14.282701 -1.506709 10.201323  0.077255 -0.002493 0.997008  0.003906 0.605254 0
item_med
0  12.808414 12.810941 10.212065  0.224295 0.223483 0.948550  0.655120 0.583844 0
0  12.958648 12.958649 10.136584  0.238387 0.238602 0.941404  0.655137 0.588122 0
0  12.169181 13.569360 10.136584  0.171094 0.265231 0.948883  0.639898 0.588122 0
item_med
0  12.958648 12.958649 10.136584  0.676301 0.736608 -0.005087  0.530544 0.863386 0
0  12.961893 12.953082 9.775741  0.736103 0.676860 -0.003535  0.530543 0.870463 0
0  12.168125 13.567385 9.775741  0.545039 0.838387 -0.006376  0.516433 0.870505 0
item_med
0  -14.157285 10.271199 10.136584  -0.310769 0.021086 0.950252  0.191164 0.588122 0
0  -13.932397 10.229931 10.212065  -0.154958 0.007696 0.987891  0.190590 0.583844 0
0  -13.724099 11.157917 10.212065  -0.275308 0.073880 0.958513  0.206115 0.583844 0
item_med
0  10.278765 14.179895 10.140884  0.004924 0.274926 0.961453  0.609410 0.588122 0
0  10.229931 13.932397 10.212065  0.001354 0.276169 0.961108  0.608676 0.583844 0
0  11.158330 13.725296 10.212065  0.068835 0.251818 0.965323  0.624263 0.583844 0
item_med
0  1.824303 1.748504 13.451677  -0.876646 0.472935 -0.088447  0.265888 0.661332 0
0  2.033622 1.865795 12.194233  -0.925177 0.359921 -0.120435  0.263683 0.641326 0
0  1.704601 1.463996 12.194235  -0.697491 0.716075 -0.027268  0.271714 0.641326 0
item_med
0  12.192118 -13.549201 10.143504  0.472504 -0.881311 0.005555  0.971525 0.599220 0
0  11.269462 -13.954252 10.149395  0.313419 -0.949582 0.007956  0.971537 0.585020 0
0  11.270859 -13.956942 9.773233  0.312905 -0.949770 0.005279  0.978601 0.585030 0
item_med
0  12.054167 -13.338026 10.212065  0.118116 -0.222565 0.967736  0.205670 0.600985 0
0  11.171198 -13.711287 10.212065  0.065493 -0.236957 0.969310  0.221400 0.600985 0
0  11.269462 -13.954252 10.149395  0.081753 -0.229167 0.969948  0.221400 0.605254 0
item_med
0  11.257459 13.963725 9.775741  0.307673 0.951491 0.001423  0.502317 0.870517 0
0  11.256021 13.962131 10.144522  0.307402 0.951565 0.005314  0.502310 0.863439 0
0  12.169181 13.569360 10.136584  0.471625 0.881797 -0.002226  0.516427 0.863427 0
item_med
0  1.323792 6.129446 12.194233  -0.262279 -0.914137 0.309134  0.665442 0.569469 0
0  1.011625 6.629921 13.451677  -0.298033 -0.910009 0.288203  0.665442 0.548442 0
0  -1.011625 6.629921 13.451677  0.168867 -0.929457 0.328015  0.701936 0.548442 0
item_med
0  13.569082 12.169590 10.136584  0.261064 0.165598 0.951011  0.670391 0.588122 0
0  12.958648 12.958649 10.136584  0.238387 0.238602 0.941404  0.655137 0.588122 0
0  12.808414 12.810941 10.212065  0.224295 0.223483 0.948550  0.655120 0.583844 0
item_med
0  14.157284 10.271199 10.136584  0.999486 0.032031 -0.001609  0.572903 0.863293 0
0  14.282892 1.763358 10.201308  0.999891 0.014758 -0.000503  0.689815 0.863092 0
0  14.282637 1.763885 9.709070  0.999890 0.014789 -0.001119  0.689827 0.870170 0
item_med
0  6.851258 3.295559 12.194233  -0.909394 -0.195022 0.367382  0.551679 0.569469 0
0  7.339974 3.385429 13.451677  -0.926673 -0.084666 0.366209  0.551679 0.548442 0
0  6.817377 4.734711 13.451677  -0.749937 -0.550893 0.366212  0.572859 0.548442 0
item_med
0  13.956709 11.253682 10.141330  0.945191 0.326502 -0.003339  0.558783 0.863317 0
0  13.955268 11.253309 9.764544  0.964381 0.264496 -0.003295  0.558794 0.870395 0
0  13.568105 12.169991 9.775741  0.884895 0.465784 -0.002516  0.544673 0.870420 0
item_med
0  13.956709 11.253682 10.141330  0.265450 0.090975 0.959823  0.685682 0.588122 0
0  13.569082 12.169590 10.136584  0.261064 0.165598 0.951011  0.670391 0.588122 0
0  13.363942 12.038246 10.212065  0.255277 0.131810 0.957841  0.670583 0.583844 0
item_med
0  12.795914 -12.796807 10.212065  0.202308 -0.202089 0.958244  0.190584 0.600985 0
0  12.958651 -12.958651 10.136585  0.221063 -0.220745 0.949949  0.190584 0.605254 0
0  13.549066 -12.192758 10.143059  0.232905 -0.153608 0.960292  0.175501 0.605254 0
item_med
0  12.961893 12.953082 9.775741  0.736103 0.676860 -0.003535  0.530543 0.870463 0
0  12.958648 12.958649 10.136584  0.676301 0.736608 -0.005087  0.530544 0.863386 0
0  13.569082 12.169590 10.136584  0.840439 0.541903 -0.001966  0.544665 0.863343 0
item_med
0  11.257459 13.963725 9.775741  0.307673 0.951491 0.001423  0.502317 0.870517 0
0  10.278748 14.180212 9.775741  0.024704 0.999695 0.000557  0.488194 0.870526 0
0  10.278765 14.179895 10.140884  0.014228 0.994872 0.100138  0.488190 0.863448 0
item_med
0  11.256021 13.962131 10.144522  0.091234 0.256450 0.962242  0.624606 0.588122 0
0  11.158330 13.725296 10.212065  0.068835 0.251818 0.965323  0.624263 0.583844 0
0  12.040851 13.371405 10.212065  0.133588 0.254271 0.957862  0.639679 0.583844 0
item_med
0  11.270859 -13.956942 9.773233  0.312905 -0.949770 0.005279  0.978601 0.585030 0
0  11.269462 -13.954252 10.149395  0.313419 -0.949582 0.007956  0.971537 0.585020 0
0  10.278754 -14.179902 10.140877  0.010565 -0.999943 0.001548  0.971537 0.570712 0
item_med
0  11.171198 -13.711287 10.212065  0.065493 -0.236957 0.969310  0.221400 0.600985 0
0  10.229931 -13.932397 10.212065  0.002856 -0.275892 0.961184  0.237264 0.600985 0
0  10.278754 -14.179902 10.140877  0.002486 -0.275108 0.961410  0.237264 0.605254 0
item_med
0  0.688497 1.182543 12.194233  -0.051199 0.985443 0.162115  0.288589 0.641326 0
0  0.653584 0.966255 13.451677  -0.083252 0.982490 0.166683  0.289240 0.661332 0
0  1.138512 1.062713 13.451677  -0.283467 0.950725 0.125572  0.281512 0.661332 0
item_med
0  12.958651 -12.958651 10.136585  0.676320 -0.736605 -0.001829  0.971501 0.612843 0
0  12.192118 -13.549201 10.143504  0.472504 -0.881311 0.005555  0.971525 0.599220 0
0  12.192658 -13.550690 9.775743  0.543875 -0.839166 0.000549  0.978588 0.599227 0
item_med
0  13.956563 -11.270336 10.149984  0.225793 -0.082663 0.970662  0.159760 0.605254 0
0  13.710798 -11.171302 10.212065  0.227346 -0.064406 0.971682  0.159760 0.600985 0
0  13.337271 -12.054760 10.212065  0.221462 -0.118303 0.967966  0.175501 0.600985 0
item_med
0  -14.865339 1.765557 9.700259  0.015265 -0.000240 -0.999883  0.461014 0.662904 0
0  -14.282566 1.763935 9.709057  -0.076916 0.002602 -0.997034  0.452075 0.662903 0
0  -14.282746 -1.506856 9.709939  -0.069969 -0.001450 -0.997548  0.452080 0.613067 0
item_med
0  -10.278756 14.179909 10.140869  -0.002562 0.275654 0.961254  0.282721 0.588122 0
0  -10.229931 13.932397 10.212065  -0.002678 0.275946 0.961169  0.283454 0.583844 0
0  10.229931 13.932397 10.212065  0.001354 0.276169 0.961108  0.608676 0.583844 0
item_med
0  -14.574699 -1.508970 10.212065  1.000000 0.000063 0.000000  0.580840 0.649778 0
0  -14.574906 1.765575 10.212065  1.000000 0.000063 0.000000  0.529297 0.649778 0
0  -14.574906 1.765575 10.454176  1.000000 0.000063 0.000000  0.529297 0.645967 0
item_med
0  13.337271 -12.054760 10.212065  0.823735 -0.503192 0.261263  0.480241 0.126830 0
0  12.483624 -12.482848 11.831870  0.640445 -0.640681 0.423506  0.450308 0.130689 0
0  12.795914 -12.796807 10.212065  0.682056 -0.682099 0.263705  0.468848 0.112332 0
item_med
0  -10.016679 12.312591 13.017650  -0.001816 0.590025 0.807383  0.092559 0.523626 0
0  10.016679 12.312591 13.017650  0.003583 0.590583 0.806969  0.408477 0.524227 0
0  10.172790 13.498370 11.831870  0.004956 0.865585 0.500737  0.413550 0.550152 0
item_med
0  11.622471 -11.621844 13.017650  0.464687 -0.464788 0.753683  0.432710 0.148305 0
0  11.163537 -11.953658 13.017650  0.268209 -0.552145 0.789430  0.425819 0.142947 0
0  11.816334 -12.967899 11.831870  0.416119 -0.768004 0.486841  0.439807 0.122052 0
item_med
0  10.172790 -13.498370 11.831870  0.010205 -0.863769 0.503784  0.413776 0.110267 0
0  11.020391 -13.301167 11.831870  0.260063 -0.834995 0.484923  0.427262 0.115223 0
0  10.609664 -12.180598 13.017650  0.174333 -0.612161 0.771276  0.417531 0.138964 0
item_med
0  -5.292810 4.930538 12.194233  0.000001 0.000000 1.000000  0.215569 0.660198 0
0  -6.394799 4.474083 12.194233  0.000001 0.000000 1.000000  0.232915 0.667383 0
0  -4.966219 2.968975 12.194233  -0.000001 0.000000 1.000000  0.210428 0.691074 0
item_med
0  12.312591 10.016679 13.017650  0.631379 0.002222 0.775471  0.444382 0.488265 0
0  12.312591 -10.016679 13.017650  0.524991 -0.002665 0.851103  0.444682 0.172368 0
0  13.498370 -10.172790 11.831870  0.842716 -0.006067 0.538324  0.470520 0.167324 0
item_med
0  -10.172790 -13.498370 11.831870  -0.005247 -0.865561 0.500776  0.087689 0.109865 0
0  -10.229931 -13.932397 10.212065  -0.018136 -0.965618 0.259333  0.082771 0.084163 0
0  10.229931 -13.932397 10.212065  0.009463 -0.965804 0.259100  0.418824 0.084163 0
item_med
0  6.851258 1.258362 12.194233  -0.000000 0.000000 1.000000  0.024414 0.718000 0
0  6.851258 3.295559 12.194233  -0.000000 0.000000 1.000000  0.024414 0.685933 0
0  5.292810 2.180513 12.194233  0.000000 0.000000 1.000000  0.048945 0.703485 0
item_med
0  -6.851258 1.258362 12.194233  0.000000 0.000000 1.000000  0.240100 0.718000 0
0  -5.292810 0.700838 12.194233  0.000000 0.000000 1.000000  0.215569 0.726776 0
0  -5.292810 2.180513 12.194233  -0.000000 0.000000 1.000000  0.215569 0.703485 0
item_med
0  5.166513 0.414755 13.451677  0.000000 0.000000 1.000000  0.331552 0.336922 0
0  1.824303 1.748504 13.451677  0.000000 0.000000 1.000000  0.279124 0.357891 0
0  1.549614 1.337403 13.451677  -0.000001 0.000000 1.000000  0.274847 0.351392 0
item_med
0  -4.177759 3.295572 12.194233  -0.000001 0.000000 1.000000  0.198017 0.685933 0
0  -2.117873 3.295587 12.194233  0.000000 0.000000 1.000000  0.165593 0.685933 0
0  -2.301662 5.223028 12.194233  0.000001 0.000000 1.000000  0.168486 0.655594 0
item_med
0  6.851258 -0.778836 12.194233  0.000000 0.929113 0.369796  0.891420 0.608673 0
0  5.292810 -0.778836 12.194233  0.000000 0.929113 0.369796  0.891420 0.633204 0
0  5.166513 -1.279311 13.451677  0.000000 0.929113 0.369796  0.870117 0.635192 0
item_med
0  10.302093 11.284234 13.451677  -0.000018 0.000007 1.000000  0.412117 0.506820 0
0  10.016679 12.312591 13.017650  0.003583 0.590583 0.806969  0.408477 0.524227 0
0  -10.016679 12.312591 13.017650  -0.001816 0.590025 0.807383  0.092559 0.523626 0
item_med
0  -4.177759 3.295572 12.194233  -0.143968 0.987502 0.064135  0.325077 0.689165 0
0  -4.966219 2.968975 12.194233  -0.797136 0.595899 0.097362  0.312003 0.689165 0
0  -4.773272 3.011524 13.451677  -0.584723 0.805734 0.094300  0.312003 0.669145 0
item_med
0  11.800603 12.992128 11.831870  0.407249 0.771002 0.489595  0.439330 0.538815 0
0  11.152396 11.977507 13.017650  0.258774 0.553830 0.791396  0.425406 0.517956 0
0  11.639927 11.638412 13.017650  0.462460 0.464314 0.755343  0.432684 0.512463 0
item_med
0  -11.800603 12.992128 11.831870  -0.407251 0.771003 0.489594  0.061717 0.538339 0
0  -11.007457 13.312136 11.831870  -0.249478 0.837722 0.485780  0.074185 0.544969 0
0  -11.158330 13.725296 10.212065  -0.309223 0.914035 0.262529  0.064101 0.568812 0
item_med
0  11.240644 10.345682 13.451677  0.000035 -0.000014 1.000000  0.426338 0.492549 0
0  12.186993 10.596949 13.017650  0.610616 0.163210 0.774927  0.441883 0.496916 0
0  11.981510 11.153804 13.017650  0.550351 0.255236 0.794964  0.438191 0.505222 0
item_med
0  5.292810 4.930538 12.194233  -0.000001 0.000000 1.000000  0.048945 0.660198 0
0  4.177759 3.295572 12.194233  0.000001 0.000000 1.000000  0.066497 0.685933 0
0  4.966219 2.968975 12.194233  0.000001 0.000000 1.000000  0.054086 0.691074 0
item_med
0  -11.954025 -11.162901 13.017650  -0.548709 -0.266449 0.792416  0.063379 0.154681 0
0  -11.003436 -11.047026 13.451677  -0.254845 -0.254795 0.932809  0.078677 0.157076 0
0  -11.240644 -10.345682 13.451677  0.000016 0.000003 1.000000  0.074757 0.167545 0
item_med
0  -12.998703 11.803102 11.831870  -0.771289 0.409230 0.487488  0.041990 0.518561 0
0  -11.981510 11.153804 13.017650  -0.550351 0.255234 0.794965  0.062891 0.504657 0
0  -11.639927 11.638412 13.017650  -0.462460 0.464315 0.755343  0.068389 0.511901 0
item_med
0  -11.240644 -10.345682 13.451677  0.000016 0.000003 1.000000  0.074757 0.167545 0
0  -11.240644 10.345682 13.451677  -0.000028 -0.000015 1.000000  0.074723 0.491995 0
0  -12.312591 10.016679 13.017650  -0.524957 0.002527 0.851125  0.056664 0.487698 0
item_med
0  -12.497178 12.494937 11.831870  -0.640133 0.641205 0.423186  0.050813 0.529461 0
0  -12.808414 12.810941 10.212065  -0.684568 0.679431 0.264084  0.032273 0.547863 0
0  -13.363942 12.038246 10.212065  -0.826506 0.499511 0.259571  0.020572 0.532798 0
item_med
0  -11.816334 -12.967899 11.831870  -0.416118 -0.768004 0.486843  0.061622 0.121610 0
0  -12.054167 -13.338026 10.212065  -0.502948 -0.823724 0.261767  0.047106 0.100441 0
0  -11.171198 -13.711287 10.212065  -0.322286 -0.910273 0.259873  0.064072 0.091181 0
item_med
0  -11.007457 13.312136 11.831870  -0.249478 0.837722 0.485780  0.074185 0.544969 0
0  -10.172790 13.498370 11.831870  -0.009644 0.863820 0.503709  0.087449 0.549740 0
0  -10.229931 13.932397 10.212065  -0.008930 0.965809 0.259101  0.082443 0.575859 0
item_med
0  3.979335 3.215875 13.451677  0.049825 0.996231 0.071004  0.732859 0.613066 0
0  4.177759 3.295572 12.194233  0.150058 0.986495 0.065655  0.732859 0.633075 0
0  2.117873 3.295587 12.194233  0.000003 0.997997 0.063261  0.702148 0.633075 0
item_med
0  -7.339974 -1.279311 13.451677  0.000001 0.000000 1.000000  0.135848 0.309875 0
0  -11.240644 -10.345682 13.451677  0.000016 0.000003 1.000000  0.074757 0.167545 0
0  -10.302093 -11.284234 13.451677  0.000019 0.000018 1.000000  0.089129 0.153184 0
item_med
0  10.229931 -13.932397 10.212065  0.009463 -0.965804 0.259100  0.418824 0.084163 0
0  11.171198 -13.711287 10.212065  0.322259 -0.910204 0.260149  0.437467 0.091449 0
0  11.020391 -13.301167 11.831870  0.260063 -0.834995 0.484923  0.427262 0.115223 0
item_med
0  6.851258 -0.778836 12.194233  -0.000000 0.000000 1.000000  0.024414 0.750066 0
0  6.851258 1.258362 12.194233  -0.000000 0.000000 1.000000  0.024414 0.718000 0
0  5.292810 0.700838 12.194233  -0.000000 0.000000 1.000000  0.048945 0.726776 0
item_med
0  -12.497178 12.494937 11.831870  -0.640133 0.641205 0.423186  0.050813 0.529461 0
0  -11.800603 12.992128 11.831870  -0.407251 0.771003 0.489594  0.061717 0.538339 0
0  -12.040851 13.371405 10.212065  -0.496966 0.826233 0.265262  0.047269 0.559665 0
item_med
0  10.596938 12.186988 13.017650  0.165651 0.613763 0.771916  0.417123 0.521711 0
0  11.007457 13.312136 11.831870  0.249479 0.837722 0.485779  0.426831 0.545399 0
0  10.172790 13.498370 11.831870  0.004956 0.865585 0.500737  0.413550 0.550152 0
item_med
0  13.498370 10.172790 11.831870  0.891753 0.007542 0.452459  0.470501 0.493350 0
0  13.312343 11.007528 11.831870  0.838652 0.246815 0.485535  0.465716 0.506638 0
0  12.186993 10.596949 13.017650  0.610616 0.163210 0.774927  0.441883 0.496916 0
item_med
0  -5.292810 0.700838 12.194233  -0.994994 0.000000 0.099937  0.272845 0.689165 0
0  -5.166513 0.414755 13.451677  -0.994994 0.000000 0.099937  0.272845 0.669145 0
0  -5.166513 2.108822 13.451677  -0.983278 0.145510 0.109506  0.297642 0.669145 0
item_med
0  6.851258 3.295559 12.194233  -0.000000 0.000000 1.000000  0.024414 0.685933 0
0  6.394799 4.474083 12.194233  -0.000001 0.000000 1.000000  0.031599 0.667382 0
0  4.966219 2.968975 12.194233  0.000001 0.000000 1.000000  0.054086 0.691074 0
item_med
0  -11.163537 -11.953658 13.017650  -0.268211 -0.552145 0.789429  0.075624 0.142423 0
0  -11.816334 -12.967899 11.831870  -0.416118 -0.768004 0.486843  0.061622 0.121610 0
0  -11.020391 -13.301167 11.831870  -0.260064 -0.834995 0.484922  0.074190 0.114815 0
item_med
0  12.497178 12.494937 11.831870  0.640137 0.641200 0.423186  0.450278 0.529983 0
0  12.808414 12.810941 10.212065  0.684568 0.679431 0.264084  0.468767 0.548409 0
0  12.040851 13.371405 10.212065  0.496966 0.826233 0.265262  0.453704 0.560114 0
item_med
0  -12.312591 -10.016679 13.017650  -0.631366 -0.002343 0.775481  0.056798 0.171838 0
0  -12.312591 10.016679 13.017650  -0.524957 0.002527 0.851125  0.056664 0.487698 0
0  -13.498370 10.172790 11.831870  -0.849459 0.005562 0.527625  0.030805 0.492753 0
item_med
0  2.117873 3.295587 12.194233  0.000000 0.000000 1.000000  0.098920 0.685933 0
0  -1.323792 6.129446 12.194233  0.000000 0.000000 1.000000  0.153094 0.641326 0
0  -2.117873 3.295587 12.194233  0.000000 0.000000 1.000000  0.165593 0.685933 0
item_med
0  -11.152396 11.977507 13.017650  -0.258773 0.553830 0.791397  0.075654 0.517393 0
0  -10.596938 12.186988 13.017650  -0.165651 0.613763 0.771916  0.083924 0.521135 0
0  -11.007457 13.312136 11.831870  -0.249478 0.837722 0.485780  0.074185 0.544969 0
item_med
0  5.166513 2.108822 13.451677  0.986518 0.129615 0.099913  0.760489 0.613066 0
0  5.292810 2.180513 12.194233  0.984121 0.141682 0.106921  0.760489 0.633075 0
0  4.966219 2.968975 12.194233  0.809753 0.581382 0.079340  0.746631 0.633075 0
item_med
0  11.163537 -11.953658 13.017650  0.268209 -0.552145 0.789430  0.425819 0.142947 0
0  11.003436 -11.047026 13.451677  0.254846 -0.254794 0.932809  0.422776 0.157620 0
0  10.302093 -11.284234 13.451677  -0.000021 0.000010 1.000000  0.412322 0.153769 0
item_med
0  -11.981510 11.153804 13.017650  -0.550351 0.255234 0.794965  0.062891 0.504657 0
0  -12.998703 11.803102 11.831870  -0.771289 0.409230 0.487488  0.041990 0.518561 0
0  -13.312343 11.007528 11.831870  -0.838652 0.246813 0.485537  0.035495 0.506059 0
item_med
0  -12.998703 11.803102 11.831870  -0.771289 0.409230 0.487488  0.041990 0.518561 0
0  -13.363942 12.038246 10.212065  -0.826506 0.499511 0.259571  0.020572 0.532798 0
0  -13.724099 11.157917 10.212065  -0.914793 0.309912 0.259054  0.011555 0.516069 0
item_med
0  11.020391 -13.301167 11.831870  0.260063 -0.834995 0.484923  0.427262 0.115223 0
0  11.816334 -12.967899 11.831870  0.416119 -0.768004 0.486841  0.439807 0.122052 0
0  11.163537 -11.953658 13.017650  0.268209 -0.552145 0.789430  0.425819 0.142947 0
item_med
0  -12.054167 -13.338026 10.212065  -0.502948 -0.823724 0.261767  0.047106 0.100441 0
0  -11.816334 -12.967899 11.831870  -0.416118 -0.768004 0.486843  0.061622 0.121610 0
0  -12.483624 -12.482848 11.831870  -0.640387 -0.640739 0.423506  0.051090 0.130213 0
item_med
0  13.302144 -11.020721 11.831870  0.835123 -0.259818 0.484834  0.465636 0.153779 0
0  12.180700 -10.609302 13.017650  0.608654 -0.172995 0.774347  0.442044 0.163500 0
0  11.954025 -11.162901 13.017650  0.548709 -0.266450 0.792416  0.438056 0.155205 0
item_med
0  13.710798 -11.171302 10.212065  0.910401 -0.322562 0.259081  0.489484 0.143668 0
0  13.302144 -11.020721 11.831870  0.835123 -0.259818 0.484834  0.465636 0.153779 0
0  12.968917 -11.816172 11.831870  0.768047 -0.416341 0.486584  0.458885 0.141218 0
item_med
0  -13.337271 -12.054760 10.212065  -0.823735 -0.503192 0.261263  0.021138 0.126295 0
0  -12.795914 -12.796807 10.212065  -0.682056 -0.682099 0.263705  0.032586 0.111844 0
0  -12.483624 -12.482848 11.831870  -0.640387 -0.640739 0.423506  0.051090 0.130213 0
item_med
0  -12.968917 -11.816172 11.831870  -0.768012 -0.416371 0.486614  0.042473 0.140714 0
0  -12.483624 -12.482848 11.831870  -0.640387 -0.640739 0.423506  0.051090 0.130213 0
0  -11.622471 -11.621844 13.017650  -0.464684 -0.464791 0.753683  0.068727 0.147783 0
item_med
0  13.932397 10.229931 10.212065  0.964947 0.037184 0.259796  0.496546 0.498668 0
0  13.724099 11.157917 10.212065  0.914751 0.309895 0.259221  0.489640 0.516695 0
0  13.312343 11.007528 11.831870  0.838652 0.246815 0.485535  0.465716 0.506638 0
item_med
0  13.498370 -10.172790 11.831870  0.842716 -0.006067 0.538324  0.470520 0.167324 0
0  12.312591 -10.016679 13.017650  0.524991 -0.002665 0.851103  0.444682 0.172368 0
0  12.180700 -10.609302 13.017650  0.608654 -0.172995 0.774347  0.442044 0.163500 0
item_med
0  13.932397 -10.229931 10.212065  0.964921 -0.038360 0.259721  0.496524 0.162023 0
0  13.498370 -10.172790 11.831870  0.842716 -0.006067 0.538324  0.470520 0.167324 0
0  13.302144 -11.020721 11.831870  0.835123 -0.259818 0.484834  0.465636 0.153779 0
item_med
0  10.016679 -12.312591 13.017650  0.001884 -0.590042 0.807370  0.408682 0.136364 0
0  -10.016679 -12.312591 13.017650  -0.003784 -0.590574 0.806974  0.092770 0.135785 0
0  -10.172790 -13.498370 11.831870  -0.005247 -0.865561 0.500776  0.087689 0.109865 0
item_med
0  -11.800603 12.992128 11.831870  -0.407251 0.771003 0.489594  0.061717 0.538339 0
0  -12.497178 12.494937 11.831870  -0.640133 0.641205 0.423186  0.050813 0.529461 0
0  -11.639927 11.638412 13.017650  -0.462460 0.464315 0.755343  0.068389 0.511901 0
item_med
0  -10.172790 -13.498370 11.831870  -0.005247 -0.865561 0.500776  0.087689 0.109865 0
0  -10.016679 -12.312591 13.017650  -0.003784 -0.590574 0.806974  0.092770 0.135785 0
0  -10.609664 -12.180598 13.017650  -0.174324 -0.612162 0.771278  0.083918 0.138424 0
item_med
0  5.292810 0.700838 12.194233  0.994994 0.000000 0.099937  0.785301 0.633075 0
0  5.292810 2.180513 12.194233  0.984121 0.141682 0.106921  0.760489 0.633075 0
0  5.166513 2.108822 13.451677  0.986518 0.129615 0.099913  0.760489 0.613066 0
item_med
0  11.240644 10.345682 13.451677  0.000035 -0.000014 1.000000  0.426338 0.492549 0
0  11.240644 -10.345682 13.451677  0.000028 -0.000006 1.000000  0.426709 0.168066 0
0  12.312591 -10.016679 13.017650  0.524991 -0.002665 0.851103  0.444682 0.172368 0
item_med
0  -10.302093 11.284234 13.451677  0.000004 0.000025 1.000000  0.088945 0.506201 0
0  -11.240644 10.345682 13.451677  -0.000028 -0.000015 1.000000  0.074723 0.491995 0
0  -6.817377 4.734711 13.451677  0.000001 0.000000 1.000000  0.144007 0.403873 0
item_med
0  -11.816334 -12.967899 11.831870  -0.416118 -0.768004 0.486843  0.061622 0.121610 0
0  -11.163537 -11.953658 13.017650  -0.268211 -0.552145 0.789429  0.075624 0.142423 0
0  -11.622471 -11.621844 13.017650  -0.464684 -0.464791 0.753683  0.068727 0.147783 0
item_med
0  -5.166513 -1.279311 13.451677  0.000000 0.000000 1.000000  0.169717 0.309875 0
0  -10.302093 -11.284234 13.451677  0.000019 0.000018 1.000000  0.089129 0.153184 0
0  10.302093 -11.284234 13.451677  -0.000021 0.000010 1.000000  0.412322 0.153769 0
item_med
0  -6.851258 3.295559 12.194233  0.000000 0.000000 1.000000  0.240100 0.685933 0
0  -5.292810 2.180513 12.194233  -0.000000 0.000000 1.000000  0.215569 0.703485 0
0  -4.966219 2.968975 12.194233  -0.000001 0.000000 1.000000  0.210428 0.691074 0
item_med
0  -10.302093 11.284234 13.451677  0.000004 0.000025 1.000000  0.088945 0.506201 0
0  -10.596938 12.186988 13.017650  -0.165651 0.613763 0.771916  0.083924 0.521135 0
0  -11.152396 11.977507 13.017650  -0.258773 0.553830 0.791397  0.075654 0.517393 0
item_med
0  4.177759 3.295572 12.194233  0.000001 0.000000 1.000000  0.066497 0.685933 0
0  5.292810 4.930538 12.194233  -0.000001 0.000000 1.000000  0.048945 0.660198 0
0  2.301662 5.223028 12.194233  0.000000 0.000000 1.000000  0.096027 0.655594 0
item_med
0  -5.166513 0.414755 13.451677  0.000000 0.000000 1.000000  0.169717 0.336662 0
0  -5.166513 -1.279311 13.451677  0.000000 0.000000 1.000000  0.169717 0.309875 0
0  -1.549614 1.337403 13.451677  0.000001 0.000000 1.000000  0.226419 0.351317 0
item_med
0  11.954025 -11.162901 13.017650  0.548709 -0.266450 0.792416  0.438056 0.155205 0
0  12.180700 -10.609302 13.017650  0.608654 -0.172995 0.774347  0.442044 0.163500 0
0  11.240644 -10.345682 13.451677  0.000028 -0.000006 1.000000  0.426709 0.168066 0
item_med
0  -4.966219 2.968975 12.194233  -0.797136 0.595899 0.097362  0.312003 0.689165 0
0  -5.292810 2.180513 12.194233  -0.984121 0.141682 0.106921  0.297642 0.689165 0
0  -5.166513 2.108822 13.451677  -0.983278 0.145510 0.109506  0.297642 0.669145 0
item_med
0  10.016679 -12.312591 13.017650  0.001884 -0.590042 0.807370  0.408682 0.136364 0
0  10.302093 -11.284234 13.451677  -0.000021 0.000010 1.000000  0.412322 0.153769 0
0  -10.302093 -11.284234 13.451677  0.000019 0.000018 1.000000  0.089129 0.153184 0
item_med
0  11.800603 12.992128 11.831870  0.407249 0.771002 0.489595  0.439330 0.538815 0
0  12.040851 13.371405 10.212065  0.496966 0.826233 0.265262  0.453704 0.560114 0
0  11.158330 13.725296 10.212065  0.309242 0.914085 0.262332  0.436817 0.569097 0
item_med
0  -11.240644 10.345682 13.451677  -0.000028 -0.000015 1.000000  0.074723 0.491995 0
0  -11.003436 11.047026 13.451677  -0.250913 0.251679 0.934719  0.078570 0.502381 0
0  -11.981510 11.153804 13.017650  -0.550351 0.255234 0.794965  0.062891 0.504657 0
item_med
0  6.817377 4.734711 13.451677  -0.000001 0.000000 1.000000  0.357218 0.404220 0
0  11.240644 10.345682 13.451677  0.000035 -0.000014 1.000000  0.426338 0.492549 0
0  10.302093 11.284234 13.451677  -0.000018 0.000007 1.000000  0.412117 0.506820 0
item_med
0  11.639927 11.638412 13.017650  0.462460 0.464314 0.755343  0.432684 0.512463 0
0  11.981510 11.153804 13.017650  0.550351 0.255236 0.794964  0.438191 0.505222 0
0  12.998703 11.803102 11.831870  0.771289 0.409231 0.487487  0.459155 0.519116 0
item_med
0  -6.851258 -0.778836 12.194233  0.000000 0.929113 0.369796  0.949859 0.587591 0
0  -7.339974 -1.279311 13.451677  0.000000 0.929113 0.369796  0.957551 0.608894 0
0  -5.166513 -1.279311 13.451677  0.000000 0.929113 0.369796  0.923340 0.608894 0
item_med
0  13.363942 12.038246 10.212065  0.826402 0.499441 0.260037  0.480543 0.533399 0
0  12.808414 12.810941 10.212065  0.684568 0.679431 0.264084  0.468767 0.548409 0
0  12.497178 12.494937 11.831870  0.640137 0.641200 0.423186  0.450278 0.529983 0
item_med
0  11.171198 -13.711287 10.212065  0.322259 -0.910204 0.260149  0.437467 0.091449 0
0  12.054167 -13.338026 10.212065  0.502990 -0.823698 0.261767  0.454382 0.100851 0
0  11.816334 -12.967899 11.831870  0.416119 -0.768004 0.486841  0.439807 0.122052 0
item_med
0  11.007457 13.312136 11.831870  0.249479 0.837722 0.485779  0.426831 0.545399 0
0  11.158330 13.725296 10.212065  0.309242 0.914085 0.262332  0.436817 0.569097 0
0  10.229931 13.932397 10.212065  0.017095 0.965634 0.259342  0.418427 0.575859 0
item_med
0  -11.163537 -11.953658 13.017650  -0.268211 -0.552145 0.789429  0.075624 0.142423 0
0  -10.609664 -12.180598 13.017650  -0.174324 -0.612162 0.771278  0.083918 0.138424 0
0  -10.302093 -11.284234 13.451677  0.000019 0.000018 1.000000  0.089129 0.153184 0
item_med
0  10.302093 -11.284234 13.451677  -0.000021 0.000010 1.000000  0.412322 0.153769 0
0  11.240644 -10.345682 13.451677  0.000028 -0.000006 1.000000  0.426709 0.168066 0
0  7.339974 -1.279311 13.451677  -0.000001 0.000000 1.000000  0.365416 0.310224 0
item_med
0  -10.229931 -13.932397 10.212065  -0.018136 -0.965618 0.259333  0.082771 0.084163 0
0  -10.172790 -13.498370 11.831870  -0.005247 -0.865561 0.500776  0.087689 0.109865 0
0  -11.020391 -13.301167 11.831870  -0.260064 -0.834995 0.484922  0.074190 0.114815 0
item_med
0  4.858750 2.975443 13.451677  0.585547 0.806915 0.077608  0.746631 0.613066 0
0  4.966219 2.968975 12.194233  0.809753 0.581382 0.079340  0.746631 0.633075 0
0  4.177759 3.295572 12.194233  0.150058 0.986495 0.065655  0.732859 0.633075 0
item_med
0  10.172790 13.498370 11.831870  0.004956 0.865585 0.500737  0.413550 0.550152 0
0  10.229931 13.932397 10.212065  0.017095 0.965634 0.259342  0.418427 0.575859 0
0  -10.229931 13.932397 10.212065  -0.008930 0.965809 0.259101  0.082443 0.575859 0
item_med
0  -10.596938 12.186988 13.017650  -0.165651 0.613763 0.771916  0.083924 0.521135 0
0  -10.016679 12.312591 13.017650  -0.001816 0.590025 0.807383  0.092559 0.523626 0
0  -10.172790 13.498370 11.831870  -0.009644 0.863820 0.503709  0.087449 0.549740 0
item_med
0  -13.498370 10.172790 11.831870  -0.849459 0.005562 0.527625  0.030805 0.492753 0
0  -12.312591 10.016679 13.017650  -0.524957 0.002527 0.851125  0.056664 0.487698 0
0  -12.186993 10.596949 13.017650  -0.610617 0.163203 0.774927  0.059193 0.496350 0
item_med
0  -6.851258 -0.778836 12.194233  0.000000 0.000000 1.000000  0.240100 0.750066 0
0  -5.292810 -0.778836 12.194233  0.000000 0.000000 1.000000  0.215569 0.750066 0
0  -5.292810 0.700838 12.194233  0.000000 0.000000 1.000000  0.215569 0.726776 0
item_med
0  5.292810 -0.778836 12.194233  0.994994 0.000000 0.099937  0.810113 0.633075 0
0  5.292810 0.700838 12.194233  0.994994 0.000000 0.099937  0.785301 0.633075 0
0  5.166513 0.414755 13.451677  0.994994 0.000000 0.099937  0.785301 0.613066 0
item_med
0  -5.292810 -0.778836 12.194233  -0.994994 0.000000 0.099937  0.248047 0.689165 0
0  -5.166513 -1.279311 13.451677  -0.994994 0.000000 0.099937  0.248047 0.669145 0
0  -5.166513 0.414755 13.451677  -0.994994 0.000000 0.099937  0.272845 0.669145 0
item_med
0  10.302093 11.284234 13.451677  -0.000018 0.000007 1.000000  0.412117 0.506820 0
0  11.003436 11.047026 13.451677  0.250916 0.251676 0.934719  0.422497 0.502961 0
0  11.152396 11.977507 13.017650  0.258774 0.553830 0.791396  0.425406 0.517956 0
item_med
0  11.152396 11.977507 13.017650  0.258774 0.553830 0.791396  0.425406 0.517956 0
0  11.800603 12.992128 11.831870  0.407249 0.771002 0.489595  0.439330 0.538815 0
0  11.007457 13.312136 11.831870  0.249479 0.837722 0.485779  0.426831 0.545399 0
item_med
0  13.312343 11.007528 11.831870  0.838652 0.246815 0.485535  0.465716 0.506638 0
0  12.998703 11.803102 11.831870  0.771289 0.409231 0.487487  0.459155 0.519116 0
0  11.981510 11.153804 13.017650  0.550351 0.255236 0.794964  0.438191 0.505222 0
item_med
0  13.724099 11.157917 10.212065  0.914751 0.309895 0.259221  0.489640 0.516695 0
0  13.363942 12.038246 10.212065  0.826402 0.499441 0.260037  0.480543 0.533399 0
0  12.998703 11.803102 11.831870  0.771289 0.409231 0.487487  0.459155 0.519116 0
item_med
0  -3.979335 3.215875 13.451677  -0.043115 0.996617 0.069973  0.325077 0.669145 0
0  -2.111017 3.215875 13.451677  0.000000 0.997997 0.063265  0.355770 0.669145 0
0  -2.117873 3.295587 12.194233  -0.000003 0.997997 0.063261  0.355770 0.689165 0
item_med
0  12.483624 -12.482848 11.831870  0.640445 -0.640681 0.423506  0.450308 0.130689 0
0  11.816334 -12.967899 11.831870  0.416119 -0.768004 0.486841  0.439807 0.122052 0
0  12.054167 -13.338026 10.212065  0.502990 -0.823698 0.261767  0.454382 0.100851 0
item_med
0  -13.302144 -11.020721 11.831870  -0.835123 -0.259818 0.484834  0.035668 0.153251 0
0  -12.968917 -11.816172 11.831870  -0.768012 -0.416371 0.486614  0.042473 0.140714 0
0  -11.954025 -11.162901 13.017650  -0.548709 -0.266449 0.792416  0.063379 0.154681 0
item_med
0  -13.710798 -11.171302 10.212065  -0.910333 -0.322535 0.259354  0.011831 0.143106 0
0  -13.337271 -12.054760 10.212065  -0.823735 -0.503192 0.261263  0.021138 0.126295 0
0  -12.968917 -11.816172 11.831870  -0.768012 -0.416371 0.486614  0.042473 0.140714 0
item_med
0  12.968917 -11.816172 11.831870  0.768047 -0.416341 0.486584  0.458885 0.141218 0
0  11.954025 -11.162901 13.017650  0.548709 -0.266450 0.792416  0.438056 0.155205 0
0  11.622471 -11.621844 13.017650  0.464687 -0.464788 0.753683  0.432710 0.148305 0
item_med
0  -13.932397 10.229931 10.212065  -0.964947 0.037184 0.259796  0.004724 0.498039 0
0  -13.498370 10.172790 11.831870  -0.849459 0.005562 0.527625  0.030805 0.492753 0
0  -13.312343 11.007528 11.831870  -0.838652 0.246813 0.485537  0.035495 0.506059 0
item_med
0  -13.498370 -10.172790 11.831870  -0.885988 -0.008440 0.463632  0.030698 0.166775 0
0  -13.302144 -11.020721 11.831870  -0.835123 -0.259818 0.484834  0.035668 0.153251 0
0  -12.180700 -10.609302 13.017650  -0.608653 -0.173000 0.774346  0.059401 0.162974 0
item_med
0  -13.932397 -10.229931 10.212065  -0.964921 -0.038360 0.259721  0.004729 0.161449 0
0  -13.710798 -11.171302 10.212065  -0.910333 -0.322535 0.259354  0.011831 0.143106 0
0  -13.302144 -11.020721 11.831870  -0.835123 -0.259818 0.484834  0.035668 0.153251 0
item_med
0  13.337271 -12.054760 10.212065  0.823735 -0.503192 0.261263  0.480241 0.126830 0
0  12.968917 -11.816172 11.831870  0.768047 -0.416341 0.486584  0.458885 0.141218 0
0  12.483624 -12.482848 11.831870  0.640445 -0.640681 0.423506  0.450308 0.130689 0
item_med
0  -10.065224 10.121509 0.167029  -0.115918 0.115918 -0.986471  0.574878 0.470409 0
0  -9.523215 12.047939 0.493817  -0.006464 0.364727 -0.931092  0.544011 0.462725 0
0  -9.089964 10.512974 0.167029  -0.001527 0.074492 -0.997221  0.568530 0.455394 0
item_med
0  10.815361 -11.701708 0.493817  0.257810 -0.457835 -0.850836  0.917350 0.142915 0
0  9.640753 -12.940739 1.386617  0.012425 -0.863876 -0.503551  0.943565 0.158842 0
0  9.523215 -12.047939 0.493817  0.006457 -0.364730 -0.931091  0.923780 0.162172 0
item_med
0  9.683775 13.267529 2.606205  0.000021 0.994602 -0.103760  0.504683 0.154820 0
0  11.277507 12.502172 1.386617  0.450107 0.783578 -0.428262  0.534432 0.132199 0
0  9.640753 12.940739 1.386617  0.023457 0.860821 -0.508366  0.524520 0.158209 0
item_med
0  -10.065224 -10.121509 0.167029  -0.115915 -0.115921 -0.986471  0.892642 0.470885 0
0  -10.815361 -11.701708 0.493817  -0.257791 -0.457792 -0.850865  0.917022 0.482621 0
0  -11.643736 -10.873333 0.493817  -0.443084 -0.199665 -0.873962  0.904115 0.495251 0
item_med
0  9.089964 10.512974 0.167029  0.001507 0.146212 -0.989252  0.568739 0.169147 0
0  -9.523215 12.047939 0.493817  -0.006464 0.364727 -0.931092  0.544011 0.462725 0
0  9.523215 12.047939 0.493817  0.006819 0.525093 -0.851018  0.544199 0.161660 0
item_med
0  11.446665 -12.795160 2.606205  0.441833 -0.883154 -0.157552  0.949768 0.122356 0
0  12.444201 -11.335480 1.386617  0.759029 -0.459026 -0.461704  0.914692 0.113783 0
0  12.737190 -11.504638 2.606205  0.855893 -0.494147 -0.152529  0.924766 0.098007 0
item_med
0  12.882771 -9.698725 1.386617  0.860849 -0.023341 -0.508325  0.888582 0.104180 0
0  11.643736 -10.873333 0.493817  0.443085 -0.199666 -0.873962  0.904528 0.130220 0
0  11.989968 -9.581186 0.493817  0.525337 -0.006807 -0.850867  0.885239 0.123884 0
item_med
0  -11.643736 10.873333 0.493817  -0.443085 0.199666 -0.873962  0.563259 0.494732 0
0  -12.882771 9.698725 1.386617  -0.818272 0.016132 -0.574605  0.579104 0.520934 0
0  -12.444201 11.335480 1.386617  -0.765424 0.408827 -0.496976  0.553105 0.511030 0
item_med
0  -12.444201 11.335480 1.386617  -0.765424 0.408827 -0.496976  0.553105 0.511030 0
0  -13.209556 9.741748 2.606205  -0.993629 0.000008 -0.112700  0.575670 0.540786 0
0  -12.737190 11.504638 2.606205  -0.849253 0.503862 -0.157773  0.542322 0.527111 0
item_med
0  11.989968 -9.581186 0.493817  0.525337 -0.006807 -0.850867  0.885239 0.123884 0
0  10.065224 -10.121509 0.167029  0.115919 -0.115917 -0.986471  0.892963 0.154571 0
0  10.456690 -9.146248 0.167029  -0.000014 0.000006 -1.000000  0.877974 0.148430 0
item_med
0  9.640753 12.940739 1.386617  0.023457 0.860821 -0.508366  0.524520 0.158209 0
0  10.815361 11.701708 0.493817  0.257793 0.457791 -0.850864  0.550712 0.142421 0
0  9.523215 12.047939 0.493817  0.006819 0.525093 -0.851018  0.544199 0.161660 0
item_med
0  -11.277507 -12.502172 1.386617  -0.391354 -0.796313 -0.461224  0.933237 0.492629 0
0  -9.683775 -13.267529 2.606205  -0.000012 -0.994601 -0.103773  0.963119 0.470201 0
0  -11.446665 -12.795160 2.606205  -0.441836 -0.883153 -0.157548  0.949344 0.503383 0
item_med
0  -10.065224 10.121509 0.167029  -0.115918 0.115918 -0.986471  0.574878 0.470409 0
0  -11.643736 10.873333 0.493817  -0.443085 0.199666 -0.873962  0.563259 0.494732 0
0  -10.815361 11.701708 0.493817  -0.257793 0.457791 -0.850864  0.550380 0.482055 0
item_med
0  10.815361 11.701708 0.493817  0.257793 0.457791 -0.850864  0.550712 0.142421 0
0  12.444201 11.335480 1.386617  0.765424 0.408827 -0.496976  0.553840 0.113532 0
0  11.643736 10.873333 0.493817  0.443089 0.199667 -0.873959  0.563736 0.129930 0
item_med
0  -10.131381 13.812426 7.829750  0.000005 0.994604 -0.103748  0.445466 0.054883 0
0  9.683775 13.267529 2.606205  0.000021 0.994602 -0.103760  0.252431 0.003906 0
0  -9.683775 13.267529 2.606205  0.000001 0.994602 -0.103765  0.445466 0.003906 0
item_med
0  10.065224 10.121509 0.167029  0.115920 0.115917 -0.986471  0.575086 0.154306 0
0  11.989968 9.581186 0.493817  0.364986 0.006430 -0.930991  0.583026 0.123742 0
0  10.456690 9.146248 0.167029  0.000014 0.000006 -1.000000  0.590111 0.148280 0
item_med
0  -10.815361 -11.701708 0.493817  -0.257791 -0.457792 -0.850865  0.917022 0.482621 0
0  -9.640753 -12.940739 1.386617  -0.023456 -0.860823 -0.508363  0.943260 0.466792 0
0  -11.277507 -12.502172 1.386617  -0.391354 -0.796313 -0.461224  0.933237 0.492629 0
item_med
0  -13.310186 11.977124 7.829646  -0.857527 0.495038 -0.139942  0.481826 0.054883 0
0  -13.932397 10.229931 8.953765  -0.994796 0.080832 -0.062021  0.500000 0.065842 0
0  -13.436360 12.081163 8.953765  -0.837055 0.543975 -0.058562  0.481826 0.065842 0
item_med
0  -9.640753 12.940739 1.386617  -0.012333 0.864535 -0.502421  0.524238 0.466014 0
0  9.523215 12.047939 0.493817  0.006819 0.525093 -0.851018  0.544199 0.161660 0
0  -9.523215 12.047939 0.493817  -0.006464 0.364727 -0.931092  0.544011 0.462725 0
item_med
0  10.456690 -9.146248 0.167029  -0.000014 0.000006 -1.000000  0.877974 0.148430 0
0  11.989968 9.581186 0.493817  0.364986 0.006430 -0.930991  0.583026 0.123742 0
0  11.989968 -9.581186 0.493817  0.525337 -0.006807 -0.850867  0.885239 0.123884 0
item_med
0  10.131381 -13.812426 7.829750  -0.000005 -0.994604 -0.103748  0.941559 0.054883 0
0  -9.683775 -13.267529 2.606205  -0.000012 -0.994601 -0.103773  0.748526 0.003906 0
0  9.683775 -13.267529 2.606205  -0.000001 -0.994602 -0.103765  0.941559 0.003906 0
item_med
0  -13.932397 1.741727 8.953765  -0.998454 -0.000000 -0.055585  0.580228 0.065842 0
0  -13.932397 10.229931 10.034988  -0.999709 0.024105 0.000051  0.500000 0.076329 0
0  -13.932397 10.229931 8.953765  -0.994796 0.080832 -0.062021  0.500000 0.065842 0
item_med
0  -13.932397 0.000000 10.034988  -1.000000 0.000000 0.000000  0.597088 0.076329 0
0  -13.932397 1.416387 8.953765  -0.998437 0.000000 -0.055896  0.583309 0.065842 0
0  -13.932397 -1.416387 8.953765  -0.997161 -0.000000 -0.075303  0.610730 0.065842 0
item_med
0  -10.131381 -13.812426 7.829750  0.000009 -0.994604 -0.103744  0.748526 0.054883 0
0  10.229931 -13.932397 8.953765  0.028620 -0.997056 -0.071132  0.941559 0.065842 0
0  -10.229931 -13.932397 8.953765  -0.028941 -0.998793 -0.039680  0.748526 0.065842 0
item_med
0  10.456690 -9.146248 0.167029  -0.000014 0.000006 -1.000000  0.877974 0.148430 0
0  -9.089964 -10.512974 0.167029  -0.001131 -0.109776 -0.993956  0.899011 0.456022 0
0  -10.456690 -9.146248 0.167029  0.000022 -0.000003 -1.000000  0.877585 0.476993 0
item_med
0  -13.436360 -12.081163 10.034988  -0.818105 -0.575069 -0.000043  0.712165 0.076329 0
0  -12.081163 -13.436360 8.953765  -0.573320 -0.816119 -0.072483  0.730364 0.065842 0
0  -12.081163 -13.436360 10.034988  -0.420966 -0.907076 0.000000  0.730364 0.076329 0
item_med
0  -12.081163 -13.436360 10.034988  -0.420966 -0.907076 0.000000  0.730364 0.076329 0
0  -10.229931 -13.932397 8.953765  -0.028941 -0.998793 -0.039680  0.748526 0.065842 0
0  -10.229931 -13.932397 10.034988  -0.022205 -0.999753 0.000000  0.748526 0.076329 0
item_med
0  -13.932397 10.229931 8.953765  -0.994796 0.080832 -0.062021  0.500000 0.065842 0
0  -13.436360 12.081163 10.034988  -0.907076 0.420966 0.000029  0.481826 0.076329 0
0  -13.436360 12.081163 8.953765  -0.837055 0.543975 -0.058562  0.481826 0.065842 0
item_med
0  -13.436360 12.081163 8.953765  -0.837055 0.543975 -0.058562  0.481826 0.065842 0
0  -12.081163 13.436360 10.034988  -0.575068 0.818105 -0.000009  0.463627 0.076329 0
0  -12.081163 13.436360 8.953765  -0.499836 0.863058 -0.072769  0.463627 0.065842 0
item_med
0  13.932397 -10.229931 10.034988  0.999023 -0.044195 0.000000  0.996094 0.076329 0
0  13.436360 -12.081163 8.953765  0.889641 -0.452892 -0.058547  0.977920 0.065842 0
0  13.932397 -10.229931 8.953765  0.995566 -0.065958 -0.067063  0.996094 0.065842 0
item_med
0  13.932397 10.229931 8.953765  0.994796 0.080832 -0.062025  0.197896 0.065842 0
0  13.310186 11.977124 7.829646  0.857569 0.494815 -0.140477  0.216070 0.054849 0
0  13.436360 12.081163 8.953765  0.837056 0.543975 -0.058559  0.216070 0.065842 0
item_med
0  -13.932397 0.000000 10.034988  -1.000000 0.000000 0.000000  0.597088 0.076329 0
0  -13.932397 1.741727 8.953765  -0.998454 -0.000000 -0.055585  0.580228 0.065842 0
0  -13.932397 1.416387 8.953765  -0.998437 0.000000 -0.055896  0.583309 0.065842 0
item_med
0  -12.882771 -9.698725 1.386617  -0.901420 -0.016056 -0.432649  0.888055 0.521219 0
0  -13.209556 9.741748 2.606205  -0.993629 0.000008 -0.112700  0.575670 0.540786 0
0  -12.882771 9.698725 1.386617  -0.818272 0.016132 -0.574605  0.579104 0.520934 0
item_med
0  -13.801954 1.416387 7.829657  -0.993598 0.000000 -0.112977  0.583309 0.054883 0
0  -13.801954 1.741727 7.829657  -0.993532 0.000000 -0.113548  0.580228 0.054883 0
0  -13.209556 9.741748 2.606205  -0.993629 0.000008 -0.112700  0.500000 0.003906 0
item_med
0  12.882771 9.698725 1.386617  0.863886 0.012373 -0.503535  0.579800 0.103925 0
0  13.209556 -9.741748 2.606205  0.993629 -0.000008 -0.112701  0.891879 0.084336 0
0  12.882771 -9.698725 1.386617  0.860849 -0.023341 -0.508325  0.888582 0.104180 0
item_med
0  9.640753 -12.940739 1.386617  0.012425 -0.863876 -0.503551  0.943565 0.158842 0
0  -9.523215 -12.047939 0.493817  -0.006817 -0.525091 -0.851019  0.923560 0.463402 0
0  9.523215 -12.047939 0.493817  0.006457 -0.364730 -0.931091  0.923780 0.162172 0
item_med
0  13.436360 -12.081163 10.034988  0.818105 -0.575069 0.000000  0.977920 0.076329 0
0  12.081163 -13.436360 8.953765  0.573320 -0.816119 -0.072480  0.959721 0.065842 0
0  13.436360 -12.081163 8.953765  0.889641 -0.452892 -0.058547  0.977920 0.065842 0
item_med
0  -11.446665 -12.795160 2.606205  -0.441836 -0.883153 -0.157548  0.949344 0.503383 0
0  -12.444201 -11.335480 1.386617  -0.759025 -0.459029 -0.461707  0.914206 0.511703 0
0  -11.277507 -12.502172 1.386617  -0.391354 -0.796313 -0.461224  0.933237 0.492629 0
item_med
0  12.081163 13.436360 8.953765  0.499855 0.863051 -0.072719  0.234269 0.065842 0
0  13.310186 11.977124 7.829646  0.857569 0.494815 -0.140477  0.216070 0.054849 0
0  11.966665 13.320653 7.829678  0.541740 0.829157 -0.137899  0.234269 0.054849 0
item_med
0  14.269932 1.741727 7.775352  0.043311 -0.000013 -0.999062  0.757904 0.640887 0
0  13.801954 1.416387 7.829657  -0.115266 0.000000 -0.993335  0.750488 0.646008 0
0  13.801954 1.741727 7.829657  -0.115266 0.000000 -0.993335  0.750488 0.640887 0
item_med
0  -9.089964 -10.512974 0.167029  -0.001131 -0.109776 -0.993956  0.899011 0.456022 0
0  9.523215 -12.047939 0.493817  0.006457 -0.364730 -0.931091  0.923780 0.162172 0
0  -9.523215 -12.047939 0.493817  -0.006817 -0.525091 -0.851019  0.923560 0.463402 0
item_med
0  -13.932397 -10.229931 10.034988  -0.999023 -0.044195 0.000000  0.693991 0.076329 0
0  -13.932397 -1.741727 8.953765  -0.998454 0.000000 -0.055585  0.613827 0.065842 0
0  -13.932397 -10.229931 8.953765  -0.995569 -0.065907 -0.067067  0.693991 0.065842 0
item_med
0  11.989968 -9.581186 0.493817  0.525337 -0.006807 -0.850867  0.885239 0.123884 0
0  12.882771 9.698725 1.386617  0.863886 0.012373 -0.503535  0.579800 0.103925 0
0  12.882771 -9.698725 1.386617  0.860849 -0.023341 -0.508325  0.888582 0.104180 0
item_med
0  11.966665 -13.320653 7.829678  0.541740 -0.829157 -0.137900  0.959721 0.054883 0
0  12.737190 -11.504638 2.606205  0.855893 -0.494147 -0.152529  0.977920 0.003906 0
0  13.310186 -11.977124 7.829646  0.857569 -0.494815 -0.140477  0.977920 0.054883 0
item_med
0  11.277507 -12.502172 1.386617  0.391354 -0.796313 -0.461224  0.933603 0.132981 0
0  9.683775 -13.267529 2.606205  -0.000001 -0.994602 -0.103765  0.963119 0.155534 0
0  9.640753 -12.940739 1.386617  0.012425 -0.863876 -0.503551  0.943565 0.158842 0
item_med
0  10.131381 13.812426 7.829750  -0.000009 0.994604 -0.103744  0.252431 0.054849 0
0  -10.229931 13.932397 8.953765  -0.017111 0.998266 -0.056331  0.445466 0.065842 0
0  10.229931 13.932397 8.953765  0.032028 0.997786 -0.058282  0.252431 0.065842 0
item_med
0  -13.209556 -9.741748 2.606205  -0.993629 -0.000019 -0.112699  0.693991 0.003906 0
0  -13.801954 -1.741727 7.829657  -0.993532 0.000000 -0.113549  0.613827 0.054883 0
0  -13.801954 -1.416387 7.829657  -0.993532 0.000000 -0.113549  0.610730 0.054883 0
item_med
0  -14.681259 1.741727 8.742997  -0.691599 0.000000 0.722282  0.260524 0.696978 0
0  -14.400373 1.416387 8.899461  -0.270945 0.000000 0.962595  0.255463 0.702099 0
0  -14.400373 1.741727 8.899461  -0.270952 -0.000018 0.962593  0.255463 0.696978 0
item_med
0  -12.081163 13.436360 8.953765  -0.499836 0.863058 -0.072769  0.463627 0.065842 0
0  -10.229931 13.932397 10.034988  -0.041014 0.999159 0.000000  0.445466 0.076329 0
0  -10.229931 13.932397 8.953765  -0.017111 0.998266 -0.056331  0.445466 0.065842 0
item_med
0  -14.269932 1.741727 7.775352  -0.043311 0.000000 -0.999062  0.280294 0.696978 0
0  -13.801954 1.416387 7.829657  0.115266 0.000000 -0.993335  0.287710 0.702099 0
0  -14.269932 1.416387 7.775352  -0.043317 0.000014 -0.999061  0.280294 0.702099 0
item_med
0  -13.801954 1.416387 7.829657  -0.993598 0.000000 -0.112977  0.583309 0.054883 0
0  -13.209556 9.741748 2.606205  -0.993629 0.000008 -0.112700  0.500000 0.003906 0
0  -13.209556 -9.741748 2.606205  -0.993629 -0.000019 -0.112699  0.693991 0.003906 0
item_med
0  -14.769244 1.416387 8.433744  0.000000 -1.000000 -0.000000  0.074972 0.693745 0
0  -14.269932 1.416387 7.775352  0.000000 -1.000000 0.000000  0.086172 0.700358 0
0  -14.400373 1.416387 8.899461  0.000000 -1.000000 -0.000000  0.068359 0.700358 0
item_med
0  13.310186 -11.977124 7.829646  0.857569 -0.494815 -0.140477  0.977920 0.054883 0
0  13.932397 -10.229931 8.953765  0.995566 -0.065958 -0.067063  0.996094 0.065842 0
0  13.436360 -12.081163 8.953765  0.889641 -0.452892 -0.058547  0.977920 0.065842 0
item_med
0  -12.081163 13.436360 8.953765  -0.499836 0.863058 -0.072769  0.463627 0.065842 0
0  -13.310186 11.977124 7.829646  -0.857527 0.495038 -0.139942  0.481826 0.054883 0
0  -13.436360 12.081163 8.953765  -0.837055 0.543975 -0.058562  0.481826 0.065842 0
item_med
0  10.131381 13.812426 7.829750  -0.000009 0.994604 -0.103744  0.252431 0.054849 0
0  11.446665 12.795160 2.606205  0.424880 0.892647 -0.150526  0.234269 0.003906 0
0  9.683775 13.267529 2.606205  0.000021 0.994602 -0.103760  0.252431 0.003906 0
item_med
0  11.966665 -13.320653 7.829678  0.541740 -0.829157 -0.137900  0.959721 0.054883 0
0  10.229931 -13.932397 8.953765  0.028620 -0.997056 -0.071132  0.941559 0.065842 0
0  10.131381 -13.812426 7.829750  -0.000005 -0.994604 -0.103748  0.941559 0.054883 0
item_med
0  13.801954 -10.141834 7.829657  0.990794 -0.066167 -0.118102  0.996094 0.054883 0
0  12.737190 -11.504638 2.606205  0.855893 -0.494147 -0.152529  0.977920 0.003906 0
0  13.209556 -9.741748 2.606205  0.993629 -0.000008 -0.112701  0.996094 0.003906 0
item_med
0  13.310186 -11.977124 7.829646  0.857569 -0.494815 -0.140477  0.977920 0.054883 0
0  12.081163 -13.436360 8.953765  0.573320 -0.816119 -0.072480  0.959721 0.065842 0
0  11.966665 -13.320653 7.829678  0.541740 -0.829157 -0.137900  0.959721 0.054883 0
item_med
0  -13.801954 1.416387 7.829657  -0.993598 0.000000 -0.112977  0.583309 0.054883 0
0  -13.209556 -9.741748 2.606205  -0.993629 -0.000019 -0.112699  0.693991 0.003906 0
0  -13.801954 -1.416387 7.829657  -0.993532 0.000000 -0.113549  0.610730 0.054883 0
item_med
0  -13.801954 1.416387 7.829657  -0.993598 0.000000 -0.112977  0.583309 0.054883 0
0  -13.932397 -1.416387 8.953765  -0.997161 -0.000000 -0.075303  0.610730 0.065842 0
0  -13.932397 1.416387 8.953765  -0.998437 0.000000 -0.055896  0.583309 0.065842 0
item_med
0  -14.735648 1.741727 8.144223  0.000000 1.000000 0.000000  0.180441 0.693745 0
0  -14.400373 1.741727 8.899461  0.000000 1.000000 0.000000  0.191641 0.700358 0
0  -14.269932 1.741727 7.775352  0.000000 1.000000 0.000000  0.173828 0.700358 0
item_med
0  -14.769244 -1.741727 8.433744  0.000000 -1.000000 -0.000000  0.010519 0.548024 0
0  -14.269932 -1.741727 7.775352  0.000000 -1.000000 0.000000  0.021719 0.554637 0
0  -14.400373 -1.741727 8.899461  0.000000 -1.000000 -0.000000  0.003906 0.554637 0
item_med
0  14.769244 -1.741727 8.433744  0.999726 0.000000 0.023392  0.589020 0.662712 0
0  14.735648 -1.416387 8.144223  0.967805 0.000000 -0.251702  0.584432 0.657591 0
0  14.769244 -1.416387 8.433744  0.987929 0.000000 0.154905  0.589020 0.657591 0
item_med
0  -14.769244 -1.416387 8.433744  0.000000 1.000000 0.000000  0.929952 0.630734 0
0  -14.681259 -1.416387 8.742997  0.000000 1.000000 0.000000  0.925277 0.628798 0
0  -14.400373 -1.416387 8.899461  0.000000 1.000000 -0.000000  0.923340 0.624122 0
item_med
0  -14.400373 -1.741727 8.899461  -0.270944 0.000000 0.962595  0.036154 0.570719 0
0  -13.932397 -1.416387 8.953765  -0.115268 0.000000 0.993334  0.043569 0.575840 0
0  -14.400373 -1.416387 8.899461  -0.270901 0.000000 0.962607  0.036154 0.575840 0
item_med
0  -14.735648 1.741727 8.144223  -0.967805 -0.000020 -0.251702  0.270172 0.696978 0
0  -14.769244 1.416387 8.433744  -0.999726 -0.000000 0.023393  0.265585 0.702099 0
0  -14.769244 1.741727 8.433744  -0.987929 -0.000026 0.154906  0.265585 0.696978 0
item_med
0  -13.932397 1.741727 8.953765  -0.998454 -0.000000 -0.055585  0.580228 0.065842 0
0  -13.801954 10.141834 7.829657  -0.990798 0.066117 -0.118101  0.500000 0.054883 0
0  -13.801954 1.741727 7.829657  -0.993532 0.000000 -0.113548  0.580228 0.054883 0
item_med
0  13.801954 -1.741727 7.829657  -0.115267 0.000000 -0.993334  0.566895 0.662712 0
0  14.269932 -1.416387 7.775352  0.043310 0.000000 -0.999062  0.574310 0.657591 0
0  14.269932 -1.741727 7.775352  0.043265 0.000000 -0.999064  0.574310 0.662712 0
item_med
0  9.523215 12.047939 0.493817  0.006819 0.525093 -0.851018  0.544199 0.161660 0
0  10.065224 10.121509 0.167029  0.115920 0.115917 -0.986471  0.575086 0.154306 0
0  9.089964 10.512974 0.167029  0.001507 0.146212 -0.989252  0.568739 0.169147 0
item_med
0  -13.932397 -1.416387 8.953765  -0.997161 -0.000000 -0.075303  0.610730 0.065842 0
0  -13.932397 -1.741727 8.953765  -0.998454 0.000000 -0.055585  0.613827 0.065842 0
0  -13.932397 0.000000 10.034988  -1.000000 0.000000 0.000000  0.597088 0.076329 0
item_med
0  13.801954 -10.141834 7.829657  0.990794 -0.066167 -0.118102  0.003906 0.054849 0
0  13.932397 -1.741727 8.953765  0.998454 0.000000 -0.055585  0.084081 0.065842 0
0  13.932397 -10.229931 8.953765  0.995566 -0.065958 -0.067063  0.003906 0.065842 0
item_med
0  11.446665 -12.795160 2.606205  0.441833 -0.883154 -0.157552  0.959721 0.003906 0
0  10.131381 -13.812426 7.829750  -0.000005 -0.994604 -0.103748  0.941559 0.054883 0
0  9.683775 -13.267529 2.606205  -0.000001 -0.994602 -0.103765  0.941559 0.003906 0
item_med
0  -13.801954 1.741727 7.829657  -0.993532 0.000000 -0.113548  0.580228 0.054883 0
0  -13.801954 10.141834 7.829657  -0.990798 0.066117 -0.118101  0.500000 0.054883 0
0  -13.209556 9.741748 2.606205  -0.993629 0.000008 -0.112700  0.500000 0.003906 0
item_med
0  -13.209556 -9.741748 2.606205  -0.993629 -0.000019 -0.112699  0.693991 0.003906 0
0  -13.801954 -10.141834 7.829657  -0.990794 -0.066167 -0.118105  0.693991 0.054883 0
0  -13.801954 -1.741727 7.829657  -0.993532 0.000000 -0.113549  0.613827 0.054883 0
item_med
0  -10.456690 9.146248 0.167029  -0.000007 -0.000007 -1.000000  0.589863 0.476535 0
0  10.456690 -9.146248 0.167029  -0.000014 0.000006 -1.000000  0.877974 0.148430 0
0  -10.456690 -9.146248 0.167029  0.000022 -0.000003 -1.000000  0.877585 0.476993 0
item_med
0  -14.269932 1.741727 7.775352  -0.043311 0.000000 -0.999062  0.280294 0.696978 0
0  -14.579185 1.416387 7.863335  -0.507820 0.000073 -0.861463  0.275233 0.702099 0
0  -14.579185 1.741727 7.863335  -0.722282 0.000000 -0.691599  0.275233 0.696978 0
item_med
0  -14.579185 1.741727 7.863335  -0.722282 0.000000 -0.691599  0.275233 0.696978 0
0  -14.735648 1.416387 8.144223  -0.926206 -0.000036 -0.377019  0.270172 0.702099 0
0  -14.735648 1.741727 8.144223  -0.967805 -0.000020 -0.251702  0.270172 0.696978 0
item_med
0  -14.735648 -1.741727 8.144223  -0.926206 0.000029 -0.377018  0.021444 0.570719 0
0  -14.579185 -1.416387 7.863335  -0.722281 0.000012 -0.691600  0.016383 0.575840 0
0  -14.579185 -1.741727 7.863335  -0.507820 -0.000000 -0.861463  0.016383 0.570719 0
item_med
0  -14.579185 -1.741727 7.863335  -0.507820 -0.000000 -0.861463  0.016383 0.570719 0
0  -14.269932 -1.416387 7.775352  -0.043310 0.000000 -0.999062  0.011322 0.575840 0
0  -14.269932 -1.741727 7.775352  -0.043265 0.000018 -0.999064  0.011322 0.570719 0
item_med
0  -14.681259 -1.741727 8.742997  -0.861462 0.000066 0.507823  0.031093 0.570719 0
0  -14.769244 -1.416387 8.433744  -0.987929 0.000000 0.154905  0.026032 0.575840 0
0  -14.769244 -1.741727 8.433744  -0.999726 -0.000028 0.023392  0.026032 0.570719 0
item_med
0  14.681259 -1.741727 8.742997  0.861462 0.000000 0.507823  0.594081 0.662712 0
0  14.769244 -1.416387 8.433744  0.987929 0.000000 0.154905  0.589020 0.657591 0
0  14.681259 -1.416387 8.742997  0.691598 0.000000 0.722283  0.594081 0.657591 0
item_med
0  -14.769244 -1.741727 8.433744  -0.999726 -0.000028 0.023392  0.026032 0.570719 0
0  -14.735648 -1.416387 8.144223  -0.967805 -0.000050 -0.251702  0.021444 0.575840 0
0  -14.735648 -1.741727 8.144223  -0.926206 0.000029 -0.377018  0.021444 0.570719 0
item_med
0  -10.065224 -10.121509 0.167029  -0.115915 -0.115921 -0.986471  0.892642 0.470885 0
0  -9.523215 -12.047939 0.493817  -0.006817 -0.525091 -0.851019  0.923560 0.463402 0
0  -10.815361 -11.701708 0.493817  -0.257791 -0.457792 -0.850865  0.917022 0.482621 0
item_med
0  -10.815361 11.701708 0.493817  -0.257793 0.457791 -0.850864  0.550380 0.482055 0
0  -9.640753 12.940739 1.386617  -0.012333 0.864535 -0.502421  0.524238 0.466014 0
0  -9.523215 12.047939 0.493817  -0.006464 0.364727 -0.931092  0.544011 0.462725 0
item_med
0  -11.277507 12.502172 1.386617  -0.450115 0.783574 -0.428262  0.533959 0.492043 0
0  -9.683775 13.267529 2.606205  0.000001 0.994602 -0.103765  0.504683 0.469197 0
0  -9.640753 12.940739 1.386617  -0.012333 0.864535 -0.502421  0.524238 0.466014 0
item_med
0  10.065224 -10.121509 0.167029  0.115919 -0.115917 -0.986471  0.892963 0.154571 0
0  11.643736 -10.873333 0.493817  0.443085 -0.199666 -0.873962  0.904528 0.130220 0
0  10.815361 -11.701708 0.493817  0.257810 -0.457835 -0.850836  0.917350 0.142915 0
item_med
0  -10.815361 11.701708 0.493817  -0.257793 0.457791 -0.850864  0.550380 0.482055 0
0  -12.444201 11.335480 1.386617  -0.765424 0.408827 -0.496976  0.553105 0.511030 0
0  -11.277507 12.502172 1.386617  -0.450115 0.783574 -0.428262  0.533959 0.492043 0
item_med
0  12.737190 11.504638 2.606205  0.849254 0.503860 -0.157772  0.543451 0.097223 0
0  11.277507 12.502172 1.386617  0.450107 0.783578 -0.428262  0.534432 0.132199 0
0  11.446665 12.795160 2.606205  0.424880 0.892647 -0.150526  0.518785 0.121907 0
item_med
0  -10.065224 10.121509 0.167029  -0.115918 0.115918 -0.986471  0.574878 0.470409 0
0  -11.989968 9.581186 0.493817  -0.439401 0.009589 -0.898240  0.582529 0.501092 0
0  -11.643736 10.873333 0.493817  -0.443085 0.199666 -0.873962  0.563259 0.494732 0
item_med
0  11.643736 10.873333 0.493817  0.443089 0.199667 -0.873959  0.563736 0.129930 0
0  12.882771 9.698725 1.386617  0.863886 0.012373 -0.503535  0.579800 0.103925 0
0  11.989968 9.581186 0.493817  0.364986 0.006430 -0.930991  0.583026 0.123742 0
item_med
0  12.444201 11.335480 1.386617  0.765424 0.408827 -0.496976  0.553840 0.113532 0
0  13.209556 9.741748 2.606205  0.993629 0.000009 -0.112702  0.576589 0.084336 0
0  12.882771 9.698725 1.386617  0.863886 0.012373 -0.503535  0.579800 0.103925 0
item_med
0  10.065224 -10.121509 0.167029  0.115919 -0.115917 -0.986471  0.892963 0.154571 0
0  9.523215 -12.047939 0.493817  0.006457 -0.364730 -0.931091  0.923780 0.162172 0
0  9.089964 -10.512974 0.167029  0.002310 -0.112643 -0.993633  0.899246 0.169456 0
item_med
0  12.444201 -11.335480 1.386617  0.759029 -0.459026 -0.461704  0.914692 0.113783 0
0  10.815361 -11.701708 0.493817  0.257810 -0.457835 -0.850836  0.917350 0.142915 0
0  11.643736 -10.873333 0.493817  0.443085 -0.199666 -0.873962  0.904528 0.130220 0
item_med
0  13.209556 -9.741748 2.606205  0.993629 -0.000008 -0.112701  0.891879 0.084336 0
0  12.444201 -11.335480 1.386617  0.759029 -0.459026 -0.461704  0.914692 0.113783 0
0  12.882771 -9.698725 1.386617  0.860849 -0.023341 -0.508325  0.888582 0.104180 0
item_med
0  10.065224 10.121509 0.167029  0.115920 0.115917 -0.986471  0.575086 0.154306 0
0  10.815361 11.701708 0.493817  0.257793 0.457791 -0.850864  0.550712 0.142421 0
0  11.643736 10.873333 0.493817  0.443089 0.199667 -0.873959  0.563736 0.129930 0
item_med
0  -10.815361 -11.701708 0.493817  -0.257791 -0.457792 -0.850865  0.917022 0.482621 0
0  -12.444201 -11.335480 1.386617  -0.759025 -0.459029 -0.461707  0.914206 0.511703 0
0  -11.643736 -10.873333 0.493817  -0.443084 -0.199665 -0.873962  0.904115 0.495251 0
item_med
0  -12.737190 11.504638 2.606205  -0.849253 0.503862 -0.157773  0.542322 0.527111 0
0  -11.277507 12.502172 1.386617  -0.450115 0.783574 -0.428262  0.533959 0.492043 0
0  -12.444201 11.335480 1.386617  -0.765424 0.408827 -0.496976  0.553105 0.511030 0
item_med
0  -10.065224 -10.121509 0.167029  -0.115915 -0.115921 -0.986471  0.892642 0.470885 0
0  -11.989968 -9.581186 0.493817  -0.447596 -0.005072 -0.894222  0.884765 0.501540 0
0  -10.456690 -9.146248 0.167029  0.000022 -0.000003 -1.000000  0.877585 0.476993 0
item_med
0  -11.643736 -10.873333 0.493817  -0.443084 -0.199665 -0.873962  0.904115 0.495251 0
0  -12.882771 -9.698725 1.386617  -0.901420 -0.016056 -0.432649  0.888055 0.521219 0
0  -11.989968 -9.581186 0.493817  -0.447596 -0.005072 -0.894222  0.884765 0.501540 0
item_med
0  -12.444201 -11.335480 1.386617  -0.759025 -0.459029 -0.461707  0.914206 0.511703 0
0  -13.209556 -9.741748 2.606205  -0.993629 -0.000019 -0.112699  0.891261 0.540786 0
0  -12.882771 -9.698725 1.386617  -0.901420 -0.016056 -0.432649  0.888055 0.521219 0
item_med
0  13.932397 1.741727 8.953765  0.998454 0.000000 -0.055585  0.117674 0.065842 0
0  13.932397 10.229931 10.034988  0.999709 0.024105 0.000000  0.197896 0.076329 0
0  13.932397 0.000000 10.034988  1.000000 0.000000 0.000000  0.100807 0.076329 0
item_med
0  13.932397 0.000000 10.034988  1.000000 0.000000 0.000000  0.100807 0.076329 0
0  13.932397 -1.416387 8.953765  0.997161 0.000000 -0.075303  0.087171 0.065842 0
0  13.932397 1.416387 8.953765  0.998437 0.000000 -0.055896  0.114591 0.065842 0
item_med
0  13.801954 1.416387 7.829657  0.000000 -1.000000 -0.000000  0.021719 0.093533 0
0  14.400373 1.416387 8.899461  0.000000 -1.000000 -0.000000  0.003906 0.100949 0
0  13.932397 1.416387 8.953765  0.000000 -1.000000 -0.000000  0.003906 0.093533 0
item_med
0  12.081163 -13.436360 10.034988  0.420966 -0.907076 0.000000  0.959721 0.076329 0
0  10.229931 -13.932397 8.953765  0.028620 -0.997056 -0.071132  0.941559 0.065842 0
0  12.081163 -13.436360 8.953765  0.573320 -0.816119 -0.072480  0.959721 0.065842 0
item_med
0  12.081163 13.436360 8.953765  0.499855 0.863051 -0.072719  0.234269 0.065842 0
0  10.229931 13.932397 10.034988  0.022205 0.999753 0.000052  0.252431 0.076329 0
0  12.081163 13.436360 10.034988  0.575068 0.818105 0.000000  0.234269 0.076329 0
item_med
0  13.436360 12.081163 8.953765  0.837056 0.543975 -0.058559  0.216070 0.065842 0
0  12.081163 13.436360 10.034988  0.575068 0.818105 0.000000  0.234269 0.076329 0
0  13.436360 12.081163 10.034988  0.907076 0.420966 0.000000  0.216070 0.076329 0
item_med
0  13.801954 1.416387 7.829657  0.993598 0.000000 -0.112977  0.114591 0.054849 0
0  13.932397 -1.416387 8.953765  0.997161 0.000000 -0.075303  0.087171 0.065842 0
0  13.801954 -1.416387 7.829657  0.993532 0.000000 -0.113549  0.087171 0.054849 0
item_med
0  -13.310186 -11.977124 7.829646  -0.857569 -0.494815 -0.140477  0.712165 0.054883 0
0  -13.932397 -10.229931 8.953765  -0.995569 -0.065907 -0.067067  0.693991 0.065842 0
0  -13.801954 -10.141834 7.829657  -0.990794 -0.066167 -0.118105  0.693991 0.054883 0
item_med
0  13.932397 0.000000 10.034988  1.000000 0.000000 0.000000  0.100807 0.076329 0
0  13.932397 1.416387 8.953765  0.998437 0.000000 -0.055896  0.114591 0.065842 0
0  13.932397 1.741727 8.953765  0.998454 0.000000 -0.055585  0.117674 0.065842 0
item_med
0  13.801954 1.416387 7.829657  0.993598 0.000000 -0.112977  0.114591 0.054849 0
0  13.209556 9.741748 2.606205  0.993629 0.000009 -0.112702  0.197896 0.003906 0
0  13.801954 1.741727 7.829657  0.993532 0.000000 -0.113548  0.117674 0.054849 0
item_med
0  -13.932397 -1.741727 8.953765  -0.998454 0.000000 -0.055585  0.613827 0.065842 0
0  -13.801954 -10.141834 7.829657  -0.990794 -0.066167 -0.118105  0.693991 0.054883 0
0  -13.932397 -10.229931 8.953765  -0.995569 -0.065907 -0.067067  0.693991 0.065842 0
item_med
0  13.932397 10.229931 8.953765  0.994796 0.080832 -0.062025  0.197896 0.065842 0
0  13.436360 12.081163 10.034988  0.907076 0.420966 0.000000  0.216070 0.076329 0
0  13.932397 10.229931 10.034988  0.999709 0.024105 0.000000  0.197896 0.076329 0
item_med
0  10.229931 13.932397 8.953765  0.032028 0.997786 -0.058282  0.252431 0.065842 0
0  11.966665 13.320653 7.829678  0.541740 0.829157 -0.137899  0.234269 0.054849 0
0  10.131381 13.812426 7.829750  -0.000009 0.994604 -0.103744  0.252431 0.054849 0
item_med
0  -12.081163 -13.436360 8.953765  -0.573320 -0.816119 -0.072483  0.730364 0.065842 0
0  -13.310186 -11.977124 7.829646  -0.857569 -0.494815 -0.140477  0.712165 0.054883 0
0  -11.966665 -13.320653 7.829678  -0.541740 -0.829157 -0.137899  0.730364 0.054883 0
item_med
0  13.932397 -10.229931 10.034988  0.999023 -0.044195 0.000000  0.003906 0.076329 0
0  13.932397 -1.741727 8.953765  0.998454 0.000000 -0.055585  0.084081 0.065842 0
0  13.932397 0.000000 10.034988  1.000000 0.000000 0.000000  0.100807 0.076329 0
item_med
0  -12.737190 -11.504638 2.606205  -0.855898 -0.494155 -0.152477  0.712165 0.003906 0
0  -11.966665 -13.320653 7.829678  -0.541740 -0.829157 -0.137899  0.730364 0.054883 0
0  -13.310186 -11.977124 7.829646  -0.857569 -0.494815 -0.140477  0.712165 0.054883 0
item_med
0  -13.801954 -10.141834 7.829657  -0.990794 -0.066167 -0.118105  0.693991 0.054883 0
0  -12.737190 -11.504638 2.606205  -0.855898 -0.494155 -0.152477  0.712165 0.003906 0
0  -13.310186 -11.977124 7.829646  -0.857569 -0.494815 -0.140477  0.712165 0.054883 0
item_med
0  13.209556 -9.741748 2.606205  0.993629 -0.000008 -0.112701  0.003906 0.003906 0
0  13.801954 -1.416387 7.829657  0.993532 0.000000 -0.113549  0.087171 0.054849 0
0  13.801954 -1.741727 7.829657  0.993532 0.000000 -0.113549  0.084081 0.054849 0
item_med
0  -13.932397 -10.229931 10.034988  -0.999023 -0.044195 0.000000  0.693991 0.076329 0
0  -13.436360 -12.081163 8.953765  -0.889641 -0.452891 -0.058549  0.712165 0.065842 0
0  -13.436360 -12.081163 10.034988  -0.818105 -0.575069 -0.000043  0.712165 0.076329 0
item_med
0  -14.769244 1.741727 8.433744  -0.987929 -0.000026 0.154906  0.265585 0.696978 0
0  -14.681259 1.416387 8.742997  -0.861461 -0.000000 0.507823  0.260524 0.702099 0
0  -14.681259 1.741727 8.742997  -0.691599 0.000000 0.722282  0.260524 0.696978 0
item_med
0  13.801954 1.416387 7.829657  0.993598 0.000000 -0.112977  0.114591 0.054849 0
0  13.209556 -9.741748 2.606205  0.993629 -0.000008 -0.112701  0.003906 0.003906 0
0  13.209556 9.741748 2.606205  0.993629 0.000009 -0.112702  0.197896 0.003906 0
item_med
0  14.769244 1.416387 8.433744  0.000000 -1.000000 0.000000  0.010519 0.107561 0
0  14.681259 1.416387 8.742997  0.000000 -1.000000 0.000000  0.005843 0.105624 0
0  14.400373 1.416387 8.899461  0.000000 -1.000000 -0.000000  0.003906 0.100949 0
item_med
0  -10.131381 13.812426 7.829750  0.000005 0.994604 -0.103748  0.445466 0.054883 0
0  -11.446665 12.795160 2.606205  -0.424881 0.892647 -0.150525  0.463627 0.003906 0
0  -11.966665 13.320653 7.829678  -0.541740 0.829157 -0.137901  0.463627 0.054883 0
item_med
0  11.966665 13.320653 7.829678  0.541740 0.829157 -0.137899  0.234269 0.054849 0
0  12.737190 11.504638 2.606205  0.849254 0.503860 -0.157772  0.216070 0.003906 0
0  11.446665 12.795160 2.606205  0.424880 0.892647 -0.150526  0.234269 0.003906 0
item_med
0  -10.131381 -13.812426 7.829750  0.000009 -0.994604 -0.103744  0.748526 0.054883 0
0  -11.446665 -12.795160 2.606205  -0.441836 -0.883153 -0.157548  0.730364 0.003906 0
0  -9.683775 -13.267529 2.606205  -0.000012 -0.994601 -0.103773  0.748526 0.003906 0
item_med
0  -10.229931 -13.932397 8.953765  -0.028941 -0.998793 -0.039680  0.748526 0.065842 0
0  -11.966665 -13.320653 7.829678  -0.541740 -0.829157 -0.137899  0.730364 0.054883 0
0  -10.131381 -13.812426 7.829750  0.000009 -0.994604 -0.103744  0.748526 0.054883 0
item_med
0  -11.989968 -9.581186 0.493817  -0.447596 -0.005072 -0.894222  0.884765 0.501540 0
0  -10.456690 9.146248 0.167029  -0.000007 -0.000007 -1.000000  0.589863 0.476535 0
0  -10.456690 -9.146248 0.167029  0.000022 -0.000003 -1.000000  0.877585 0.476993 0
item_med
0  -12.737190 11.504638 2.606205  -0.849253 0.503862 -0.157773  0.481826 0.003906 0
0  -13.801954 10.141834 7.829657  -0.990798 0.066117 -0.118101  0.500000 0.054883 0
0  -13.310186 11.977124 7.829646  -0.857527 0.495038 -0.139942  0.481826 0.054883 0
item_med
0  -9.640753 12.940739 1.386617  -0.012333 0.864535 -0.502421  0.524238 0.466014 0
0  9.683775 13.267529 2.606205  0.000021 0.994602 -0.103760  0.504683 0.154820 0
0  9.640753 12.940739 1.386617  0.023457 0.860821 -0.508366  0.524520 0.158209 0
item_med
0  13.801954 1.416387 7.829657  0.993598 0.000000 -0.112977  0.114591 0.054849 0
0  13.801954 -1.416387 7.829657  0.993532 0.000000 -0.113549  0.087171 0.054849 0
0  13.209556 -9.741748 2.606205  0.993629 -0.000008 -0.112701  0.003906 0.003906 0
item_med
0  -13.932397 1.741727 8.953765  -0.115267 0.000000 0.993335  0.248047 0.696978 0
0  -14.400373 1.416387 8.899461  -0.270945 0.000000 0.962595  0.255463 0.702099 0
0  -13.932397 1.416387 8.953765  -0.115266 0.000000 0.993335  0.248047 0.702099 0
item_med
0  14.735648 1.741727 8.144223  0.000000 1.000000 0.000000  0.410909 0.627095 0
0  14.579185 1.741727 7.863335  0.000000 1.000000 0.000002  0.406234 0.625158 0
0  14.269932 1.741727 7.775352  0.000000 1.000000 0.000000  0.404297 0.620482 0
item_med
0  14.769244 -1.741727 8.433744  0.000000 -1.000000 -0.000000  0.945089 0.098170 0
0  14.681259 -1.741727 8.742997  0.000000 -1.000000 -0.000001  0.940414 0.096233 0
0  14.400373 -1.741727 8.899461  0.000000 -1.000000 -0.000000  0.938477 0.091557 0
item_med
0  -13.801954 -1.741727 7.829657  0.115267 0.000000 -0.993334  0.003906 0.570719 0
0  -14.269932 -1.416387 7.775352  -0.043310 0.000000 -0.999062  0.011322 0.575840 0
0  -13.801954 -1.416387 7.829657  0.115266 0.000000 -0.993335  0.003906 0.575840 0
item_med
0  14.769244 -1.416387 8.433744  0.000000 1.000000 -0.000000  0.063741 0.715586 0
0  14.269932 -1.416387 7.775352  0.000000 1.000000 0.000000  0.074942 0.722198 0
0  14.400373 -1.416387 8.899461  0.000000 1.000000 -0.000000  0.057129 0.722198 0
item_med
0  -10.229931 13.932397 8.953765  -0.017111 0.998266 -0.056331  0.445466 0.065842 0
0  10.229931 13.932397 10.034988  0.022205 0.999753 0.000052  0.252431 0.076329 0
0  10.229931 13.932397 8.953765  0.032028 0.997786 -0.058282  0.252431 0.065842 0
item_med
0  13.932397 1.741727 8.953765  0.115267 0.000000 0.993335  0.790151 0.640887 0
0  14.400373 1.416387 8.899461  0.270945 -0.000000 0.962595  0.782735 0.646008 0
0  14.400373 1.741727 8.899461  0.270952 0.000000 0.962593  0.782735 0.640887 0
item_med
0  13.932397 1.741727 8.953765  0.998454 0.000000 -0.055585  0.117674 0.065842 0
0  13.801954 10.141834 7.829657  0.990795 0.066168 -0.118100  0.197896 0.054849 0
0  13.932397 10.229931 8.953765  0.994796 0.080832 -0.062025  0.197896 0.065842 0
item_med
0  14.400373 -1.741727 8.899461  0.270944 -0.000000 0.962595  0.599142 0.662712 0
0  13.932397 -1.416387 8.953765  0.115268 0.000000 0.993334  0.606557 0.657591 0
0  13.932397 -1.741727 8.953765  0.115266 0.000000 0.993335  0.606557 0.662712 0
item_med
0  -11.989968 -9.581186 0.493817  -0.447596 -0.005072 -0.894222  0.884765 0.501540 0
0  -12.882771 9.698725 1.386617  -0.818272 0.016132 -0.574605  0.579104 0.520934 0
0  -11.989968 9.581186 0.493817  -0.439401 0.009589 -0.898240  0.582529 0.501092 0
item_med
0  13.932397 -1.416387 8.953765  0.997161 0.000000 -0.075303  0.087171 0.065842 0
0  13.932397 0.000000 10.034988  1.000000 0.000000 0.000000  0.100807 0.076329 0
0  13.932397 -1.741727 8.953765  0.998454 0.000000 -0.055585  0.084081 0.065842 0
item_med
0  13.801954 10.141834 7.829657  0.990795 0.066168 -0.118100  0.197896 0.054849 0
0  12.737190 11.504638 2.606205  0.849254 0.503860 -0.157772  0.216070 0.003906 0
0  13.310186 11.977124 7.829646  0.857569 0.494815 -0.140477  0.216070 0.054849 0
item_med
0  -10.229931 13.932397 8.953765  -0.017111 0.998266 -0.056331  0.445466 0.065842 0
0  -11.966665 13.320653 7.829678  -0.541740 0.829157 -0.137901  0.463627 0.054883 0
0  -12.081163 13.436360 8.953765  -0.499836 0.863058 -0.072769  0.463627 0.065842 0
item_med
0  13.801954 1.741727 7.829657  0.993532 0.000000 -0.113548  0.117674 0.054849 0
0  13.209556 9.741748 2.606205  0.993629 0.000009 -0.112702  0.197896 0.003906 0
0  13.801954 10.141834 7.829657  0.990795 0.066168 -0.118100  0.197896 0.054849 0
item_med
0  13.209556 -9.741748 2.606205  0.993629 -0.000008 -0.112701  0.003906 0.003906 0
0  13.801954 -1.741727 7.829657  0.993532 0.000000 -0.113549  0.084081 0.054849 0
0  13.801954 -10.141834 7.829657  0.990794 -0.066167 -0.118102  0.003906 0.054849 0
item_med
0  14.735648 1.741727 8.144223  0.967805 0.000000 -0.251702  0.768026 0.640887 0
0  14.769244 1.416387 8.433744  0.999726 0.000000 0.023393  0.772614 0.646008 0
0  14.735648 1.416387 8.144223  0.926206 0.000000 -0.377019  0.768026 0.646008 0
item_med
0  14.769244 1.741727 8.433744  0.987929 0.000000 0.154906  0.772614 0.640887 0
0  14.681259 1.416387 8.742997  0.861461 0.000000 0.507823  0.777674 0.646008 0
0  14.769244 1.416387 8.433744  0.999726 0.000000 0.023393  0.772614 0.646008 0
item_med
0  14.681259 1.741727 8.742997  0.691599 0.000000 0.722282  0.777674 0.640887 0
0  14.400373 1.416387 8.899461  0.270945 -0.000000 0.962595  0.782735 0.646008 0
0  14.681259 1.416387 8.742997  0.861461 0.000000 0.507823  0.777674 0.646008 0
item_med
0  14.269932 1.741727 7.775352  0.043311 -0.000013 -0.999062  0.757904 0.640887 0
0  14.579185 1.416387 7.863335  0.507820 0.000000 -0.861463  0.762965 0.646008 0
0  14.269932 1.416387 7.775352  0.043317 0.000000 -0.999061  0.757904 0.646008 0
item_med
0  14.579185 1.741727 7.863335  0.722282 0.000000 -0.691599  0.762965 0.640887 0
0  14.735648 1.416387 8.144223  0.926206 0.000000 -0.377019  0.768026 0.646008 0
0  14.579185 1.416387 7.863335  0.507820 0.000000 -0.861463  0.762965 0.646008 0
item_med
0  14.735648 -1.741727 8.144223  0.926206 0.000000 -0.377018  0.584432 0.662712 0
0  14.579185 -1.416387 7.863335  0.722281 0.000000 -0.691600  0.579371 0.657591 0
0  14.735648 -1.416387 8.144223  0.967805 0.000000 -0.251702  0.584432 0.657591 0
item_med
0  14.579185 -1.741727 7.863335  0.507820 0.000000 -0.861463  0.579371 0.662712 0
0  14.269932 -1.416387 7.775352  0.043310 0.000000 -0.999062  0.574310 0.657591 0
0  14.579185 -1.416387 7.863335  0.722281 0.000000 -0.691600  0.579371 0.657591 0
item_med
0  14.400373 -1.741727 8.899461  0.270944 -0.000000 0.962595  0.599142 0.662712 0
0  14.681259 -1.416387 8.742997  0.691598 0.000000 0.722283  0.594081 0.657591 0
0  14.400373 -1.416387 8.899461  0.270901 0.000000 0.962607  0.599142 0.657591 0
item_med
0  -9.683775 -13.267529 2.606205  -0.000012 -0.994601 -0.103773  0.963119 0.470201 0
0  9.640753 -12.940739 1.386617  0.012425 -0.863876 -0.503551  0.943565 0.158842 0
0  9.683775 -13.267529 2.606205  -0.000001 -0.994602 -0.103765  0.963119 0.155534 0
item_med
0  -13.932397 1.741727 8.953765  -0.998454 -0.000000 -0.055585  0.580228 0.065842 0
0  -13.932397 0.000000 10.034988  -1.000000 0.000000 0.000000  0.597088 0.076329 0
0  -13.932397 10.229931 10.034988  -0.999709 0.024105 0.000051  0.500000 0.076329 0
item_med
0  -10.065224 10.121509 0.167029  -0.115918 0.115918 -0.986471  0.574878 0.470409 0
0  -9.089964 10.512974 0.167029  -0.001527 0.074492 -0.997221  0.568530 0.455394 0
0  -10.456690 9.146248 0.167029  -0.000007 -0.000007 -1.000000  0.589863 0.476535 0
item_med
0  -9.089964 10.512974 0.167029  -0.001527 0.074492 -0.997221  0.568530 0.455394 0
0  9.089964 10.512974 0.167029  0.001507 0.146212 -0.989252  0.568739 0.169147 0
0  10.456690 9.146248 0.167029  0.000014 0.000006 -1.000000  0.590111 0.148280 0
item_med
0  9.089964 10.512974 0.167029  0.001507 0.146212 -0.989252  0.568739 0.169147 0
0  10.065224 10.121509 0.167029  0.115920 0.115917 -0.986471  0.575086 0.154306 0
0  10.456690 9.146248 0.167029  0.000014 0.000006 -1.000000  0.590111 0.148280 0
item_med
0  10.229931 -13.932397 10.034988  0.011614 -0.999933 0.000000  0.941559 0.076329 0
0  -10.229931 -13.932397 8.953765  -0.028941 -0.998793 -0.039680  0.748526 0.065842 0
0  10.229931 -13.932397 8.953765  0.028620 -0.997056 -0.071132  0.941559 0.065842 0
item_med
0  10.456690 -9.146248 0.167029  -0.000014 0.000006 -1.000000  0.877974 0.148430 0
0  10.065224 -10.121509 0.167029  0.115919 -0.115917 -0.986471  0.892963 0.154571 0
0  9.089964 -10.512974 0.167029  0.002310 -0.112643 -0.993633  0.899246 0.169456 0
item_med
0  -9.089964 -10.512974 0.167029  -0.001131 -0.109776 -0.993956  0.899011 0.456022 0
0  10.456690 -9.146248 0.167029  -0.000014 0.000006 -1.000000  0.877974 0.148430 0
0  9.089964 -10.512974 0.167029  0.002310 -0.112643 -0.993633  0.899246 0.169456 0
item_med
0  -9.089964 -10.512974 0.167029  -0.001131 -0.109776 -0.993956  0.899011 0.456022 0
0  -10.065224 -10.121509 0.167029  -0.115915 -0.115921 -0.986471  0.892642 0.470885 0
0  -10.456690 -9.146248 0.167029  0.000022 -0.000003 -1.000000  0.877585 0.476993 0
item_med
0  -9.089964 10.512974 0.167029  -0.001527 0.074492 -0.997221  0.568530 0.455394 0
0  10.456690 9.146248 0.167029  0.000014 0.000006 -1.000000  0.590111 0.148280 0
0  -10.456690 9.146248 0.167029  -0.000007 -0.000007 -1.000000  0.589863 0.476535 0
item_med
0  -13.932397 -10.229931 10.034988  -0.999023 -0.044195 0.000000  0.693991 0.076329 0
0  -13.932397 0.000000 10.034988  -1.000000 0.000000 0.000000  0.597088 0.076329 0
0  -13.932397 -1.741727 8.953765  -0.998454 0.000000 -0.055585  0.613827 0.065842 0
item_med
0  -13.801954 -1.741727 7.829657  0.000000 -1.000000 -0.000000  0.021719 0.562052 0
0  -14.400373 -1.741727 8.899461  0.000000 -1.000000 -0.000000  0.003906 0.554637 0
0  -14.269932 -1.741727 7.775352  0.000000 -1.000000 0.000000  0.021719 0.554637 0
item_med
0  -14.400373 1.416387 8.899461  0.000000 -1.000000 -0.000000  0.068359 0.700358 0
0  -14.681259 1.416387 8.742997  0.000000 -1.000000 -0.000000  0.070296 0.695682 0
0  -14.769244 1.416387 8.433744  0.000000 -1.000000 -0.000000  0.074972 0.693745 0
item_med
0  -14.769244 1.416387 8.433744  0.000000 -1.000000 -0.000000  0.074972 0.693745 0
0  -14.735648 1.416387 8.144223  0.000000 -1.000000 0.000000  0.079560 0.693745 0
0  -14.269932 1.416387 7.775352  0.000000 -1.000000 0.000000  0.086172 0.700358 0
item_med
0  -14.735648 1.416387 8.144223  0.000000 -1.000000 0.000000  0.079560 0.693745 0
0  -14.579185 1.416387 7.863335  0.000000 -1.000000 0.000000  0.084236 0.695682 0
0  -14.269932 1.416387 7.775352  0.000000 -1.000000 0.000000  0.086172 0.700358 0
item_med
0  -11.966665 13.320653 7.829678  -0.541740 0.829157 -0.137901  0.463627 0.054883 0
0  -12.737190 11.504638 2.606205  -0.849253 0.503862 -0.157773  0.481826 0.003906 0
0  -13.310186 11.977124 7.829646  -0.857527 0.495038 -0.139942  0.481826 0.054883 0
item_med
0  -14.269932 1.741727 7.775352  0.000000 1.000000 0.000000  0.173828 0.700358 0
0  -14.579185 1.741727 7.863335  0.000000 1.000000 0.000002  0.175765 0.695682 0
0  -14.735648 1.741727 8.144223  0.000000 1.000000 0.000000  0.180441 0.693745 0
item_med
0  -14.735648 1.741727 8.144223  0.000000 1.000000 0.000000  0.180441 0.693745 0
0  -14.769244 1.741727 8.433744  0.000000 1.000000 0.000000  0.185028 0.693745 0
0  -14.400373 1.741727 8.899461  0.000000 1.000000 0.000000  0.191641 0.700358 0
item_med
0  -14.769244 1.741727 8.433744  0.000000 1.000000 0.000000  0.185028 0.693745 0
0  -14.681259 1.741727 8.742997  0.000000 1.000000 0.000000  0.189704 0.695682 0
0  -14.400373 1.741727 8.899461  0.000000 1.000000 0.000000  0.191641 0.700358 0
item_med
0  -13.801954 -1.416387 7.829657  0.000000 1.000000 -0.000000  0.941153 0.616706 0
0  -14.400373 -1.416387 8.899461  0.000000 1.000000 -0.000000  0.923340 0.624122 0
0  -13.932397 -1.416387 8.953765  0.000000 1.000000 -0.000000  0.923340 0.616706 0
item_med
0  -14.400373 -1.741727 8.899461  0.000000 -1.000000 -0.000000  0.003906 0.554637 0
0  -14.681259 -1.741727 8.742997  0.000000 -1.000000 -0.000001  0.005843 0.549961 0
0  -14.769244 -1.741727 8.433744  0.000000 -1.000000 -0.000000  0.010519 0.548024 0
item_med
0  -14.769244 -1.741727 8.433744  0.000000 -1.000000 -0.000000  0.010519 0.548024 0
0  -14.735648 -1.741727 8.144223  0.000000 -1.000000 0.000000  0.015107 0.548024 0
0  -14.269932 -1.741727 7.775352  0.000000 -1.000000 0.000000  0.021719 0.554637 0
item_med
0  -14.735648 -1.741727 8.144223  0.000000 -1.000000 0.000000  0.015107 0.548024 0
0  -14.579185 -1.741727 7.863335  0.000000 -1.000000 0.000002  0.019782 0.549961 0
0  -14.269932 -1.741727 7.775352  0.000000 -1.000000 0.000000  0.021719 0.554637 0
item_med
0  14.400373 1.741727 8.899461  0.000000 1.000000 0.000000  0.422110 0.620482 0
0  13.801954 1.741727 7.829657  0.000000 1.000000 0.000000  0.404297 0.613066 0
0  13.932397 1.741727 8.953765  0.000000 1.000000 0.000000  0.422110 0.613066 0
item_med
0  -14.269932 -1.416387 7.775352  0.000000 1.000000 -0.000000  0.941153 0.624122 0
0  -14.579185 -1.416387 7.863335  0.000000 1.000000 -0.000000  0.939216 0.628798 0
0  -14.735648 -1.416387 8.144223  0.000000 1.000000 -0.000000  0.934540 0.630734 0
item_med
0  -14.400373 -1.416387 8.899461  0.000000 1.000000 -0.000000  0.923340 0.624122 0
0  -14.269932 -1.416387 7.775352  0.000000 1.000000 -0.000000  0.941153 0.624122 0
0  -14.769244 -1.416387 8.433744  0.000000 1.000000 0.000000  0.929952 0.630734 0
item_med
0  -14.735648 -1.416387 8.144223  0.000000 1.000000 -0.000000  0.934540 0.630734 0
0  -14.769244 -1.416387 8.433744  0.000000 1.000000 0.000000  0.929952 0.630734 0
0  -14.269932 -1.416387 7.775352  0.000000 1.000000 -0.000000  0.941153 0.624122 0
item_med
0  13.932397 1.741727 8.953765  0.998454 0.000000 -0.055585  0.117674 0.065842 0
0  13.932397 10.229931 8.953765  0.994796 0.080832 -0.062025  0.197896 0.065842 0
0  13.932397 10.229931 10.034988  0.999709 0.024105 0.000000  0.197896 0.076329 0
item_med
0  13.932397 -10.229931 10.034988  0.999023 -0.044195 0.000000  0.003906 0.076329 0
0  13.932397 -10.229931 8.953765  0.995566 -0.065958 -0.067063  0.003906 0.065842 0
0  13.932397 -1.741727 8.953765  0.998454 0.000000 -0.055585  0.084081 0.065842 0
item_med
0  13.801954 -1.416387 7.829657  0.000000 1.000000 -0.000000  0.074942 0.729614 0
0  14.400373 -1.416387 8.899461  0.000000 1.000000 -0.000000  0.057129 0.722198 0
0  14.269932 -1.416387 7.775352  0.000000 1.000000 0.000000  0.074942 0.722198 0
item_med
0  14.269932 1.416387 7.775352  0.000000 -1.000000 -0.000000  0.021719 0.100949 0
0  14.579185 1.416387 7.863335  0.000000 -1.000000 -0.000000  0.019782 0.105624 0
0  14.735648 1.416387 8.144223  0.000000 -1.000000 -0.000000  0.015107 0.107561 0
item_med
0  14.400373 1.416387 8.899461  0.000000 -1.000000 -0.000000  0.003906 0.100949 0
0  14.269932 1.416387 7.775352  0.000000 -1.000000 -0.000000  0.021719 0.100949 0
0  14.769244 1.416387 8.433744  0.000000 -1.000000 0.000000  0.010519 0.107561 0
item_med
0  14.735648 1.416387 8.144223  0.000000 -1.000000 -0.000000  0.015107 0.107561 0
0  14.769244 1.416387 8.433744  0.000000 -1.000000 0.000000  0.010519 0.107561 0
0  14.269932 1.416387 7.775352  0.000000 -1.000000 -0.000000  0.021719 0.100949 0
item_med
0  -14.400373 1.741727 8.899461  0.000000 1.000000 0.000000  0.191641 0.700358 0
0  -13.801954 1.741727 7.829657  0.000000 1.000000 0.000000  0.173828 0.707774 0
0  -14.269932 1.741727 7.775352  0.000000 1.000000 0.000000  0.173828 0.700358 0
item_med
0  14.400373 1.741727 8.899461  0.000000 1.000000 0.000000  0.422110 0.620482 0
0  14.681259 1.741727 8.742997  0.000000 1.000000 -0.000000  0.420173 0.625158 0
0  14.769244 1.741727 8.433744  0.000000 1.000000 -0.000000  0.415497 0.627095 0
item_med
0  14.269932 1.741727 7.775352  0.000000 1.000000 0.000000  0.404297 0.620482 0
0  14.400373 1.741727 8.899461  0.000000 1.000000 0.000000  0.422110 0.620482 0
0  14.735648 1.741727 8.144223  0.000000 1.000000 0.000000  0.410909 0.627095 0
item_med
0  14.769244 1.741727 8.433744  0.000000 1.000000 -0.000000  0.415497 0.627095 0
0  14.735648 1.741727 8.144223  0.000000 1.000000 0.000000  0.410909 0.627095 0
0  14.400373 1.741727 8.899461  0.000000 1.000000 0.000000  0.422110 0.620482 0
item_med
0  -13.801954 1.416387 7.829657  0.000000 -1.000000 -0.000000  0.086172 0.707774 0
0  -14.400373 1.416387 8.899461  0.000000 -1.000000 -0.000000  0.068359 0.700358 0
0  -14.269932 1.416387 7.775352  0.000000 -1.000000 0.000000  0.086172 0.700358 0
item_med
0  14.269932 -1.741727 7.775352  0.000000 -1.000000 -0.000000  0.956289 0.091557 0
0  14.579185 -1.741727 7.863335  0.000000 -1.000000 0.000001  0.954353 0.096233 0
0  14.735648 -1.741727 8.144223  0.000000 -1.000000 0.000000  0.949677 0.098170 0
item_med
0  14.400373 -1.741727 8.899461  0.000000 -1.000000 -0.000000  0.938477 0.091557 0
0  14.269932 -1.741727 7.775352  0.000000 -1.000000 -0.000000  0.956289 0.091557 0
0  14.769244 -1.741727 8.433744  0.000000 -1.000000 -0.000000  0.945089 0.098170 0
item_med
0  14.735648 -1.741727 8.144223  0.000000 -1.000000 0.000000  0.949677 0.098170 0
0  14.769244 -1.741727 8.433744  0.000000 -1.000000 -0.000000  0.945089 0.098170 0
0  14.269932 -1.741727 7.775352  0.000000 -1.000000 -0.000000  0.956289 0.091557 0
item_med
0  13.801954 -1.741727 7.829657  0.000000 -1.000000 -0.000000  0.956289 0.084142 0
0  14.400373 -1.741727 8.899461  0.000000 -1.000000 -0.000000  0.938477 0.091557 0
0  13.932397 -1.741727 8.953765  0.000000 -1.000000 0.000000  0.938477 0.084142 0
item_med
0  14.400373 -1.416387 8.899461  0.000000 1.000000 -0.000000  0.057129 0.722198 0
0  14.681259 -1.416387 8.742997  0.000000 1.000000 -0.000000  0.059066 0.717523 0
0  14.769244 -1.416387 8.433744  0.000000 1.000000 -0.000000  0.063741 0.715586 0
item_med
0  14.769244 -1.416387 8.433744  0.000000 1.000000 -0.000000  0.063741 0.715586 0
0  14.735648 -1.416387 8.144223  0.000000 1.000000 0.000000  0.068329 0.715586 0
0  14.269932 -1.416387 7.775352  0.000000 1.000000 0.000000  0.074942 0.722198 0
item_med
0  14.735648 -1.416387 8.144223  0.000000 1.000000 0.000000  0.068329 0.715586 0
0  14.579185 -1.416387 7.863335  0.000000 1.000000 0.000000  0.073005 0.717523 0
0  14.269932 -1.416387 7.775352  0.000000 1.000000 0.000000  0.074942 0.722198 0
item_med
0  -14.400373 -1.741727 8.899461  -0.270944 0.000000 0.962595  0.036154 0.570719 0
0  -14.681259 -1.416387 8.742997  -0.691598 0.000000 0.722283  0.031093 0.575840 0
0  -14.681259 -1.741727 8.742997  -0.861462 0.000066 0.507823  0.031093 0.570719 0
item_med
0  -10.065224 10.121509 0.167029  -0.115918 0.115918 -0.986471  0.574878 0.470409 0
0  -10.815361 11.701708 0.493817  -0.257793 0.457791 -0.850864  0.550380 0.482055 0
0  -9.523215 12.047939 0.493817  -0.006464 0.364727 -0.931092  0.544011 0.462725 0
item_med
0  10.815361 -11.701708 0.493817  0.257810 -0.457835 -0.850836  0.917350 0.142915 0
0  11.277507 -12.502172 1.386617  0.391354 -0.796313 -0.461224  0.933603 0.132981 0
0  9.640753 -12.940739 1.386617  0.012425 -0.863876 -0.503551  0.943565 0.158842 0
item_med
0  9.683775 13.267529 2.606205  0.000021 0.994602 -0.103760  0.504683 0.154820 0
0  11.446665 12.795160 2.606205  0.424880 0.892647 -0.150526  0.518785 0.121907 0
0  11.277507 12.502172 1.386617  0.450107 0.783578 -0.428262  0.534432 0.132199 0
item_med
0  9.089964 10.512974 0.167029  0.001507 0.146212 -0.989252  0.568739 0.169147 0
0  -9.089964 10.512974 0.167029  -0.001527 0.074492 -0.997221  0.568530 0.455394 0
0  -9.523215 12.047939 0.493817  -0.006464 0.364727 -0.931092  0.544011 0.462725 0
item_med
0  11.446665 -12.795160 2.606205  0.441833 -0.883154 -0.157552  0.949768 0.122356 0
0  11.277507 -12.502172 1.386617  0.391354 -0.796313 -0.461224  0.933603 0.132981 0
0  12.444201 -11.335480 1.386617  0.759029 -0.459026 -0.461704  0.914692 0.113783 0
item_med
0  12.882771 -9.698725 1.386617  0.860849 -0.023341 -0.508325  0.888582 0.104180 0
0  12.444201 -11.335480 1.386617  0.759029 -0.459026 -0.461704  0.914692 0.113783 0
0  11.643736 -10.873333 0.493817  0.443085 -0.199666 -0.873962  0.904528 0.130220 0
item_med
0  -11.643736 10.873333 0.493817  -0.443085 0.199666 -0.873962  0.563259 0.494732 0
0  -11.989968 9.581186 0.493817  -0.439401 0.009589 -0.898240  0.582529 0.501092 0
0  -12.882771 9.698725 1.386617  -0.818272 0.016132 -0.574605  0.579104 0.520934 0
item_med
0  -12.444201 11.335480 1.386617  -0.765424 0.408827 -0.496976  0.553105 0.511030 0
0  -12.882771 9.698725 1.386617  -0.818272 0.016132 -0.574605  0.579104 0.520934 0
0  -13.209556 9.741748 2.606205  -0.993629 0.000008 -0.112700  0.575670 0.540786 0
item_med
0  11.989968 -9.581186 0.493817  0.525337 -0.006807 -0.850867  0.885239 0.123884 0
0  11.643736 -10.873333 0.493817  0.443085 -0.199666 -0.873962  0.904528 0.130220 0
0  10.065224 -10.121509 0.167029  0.115919 -0.115917 -0.986471  0.892963 0.154571 0
item_med
0  9.640753 12.940739 1.386617  0.023457 0.860821 -0.508366  0.524520 0.158209 0
0  11.277507 12.502172 1.386617  0.450107 0.783578 -0.428262  0.534432 0.132199 0
0  10.815361 11.701708 0.493817  0.257793 0.457791 -0.850864  0.550712 0.142421 0
item_med
0  -11.277507 -12.502172 1.386617  -0.391354 -0.796313 -0.461224  0.933237 0.492629 0
0  -9.640753 -12.940739 1.386617  -0.023456 -0.860823 -0.508363  0.943260 0.466792 0
0  -9.683775 -13.267529 2.606205  -0.000012 -0.994601 -0.103773  0.963119 0.470201 0
item_med
0  10.815361 11.701708 0.493817  0.257793 0.457791 -0.850864  0.550712 0.142421 0
0  11.277507 12.502172 1.386617  0.450107 0.783578 -0.428262  0.534432 0.132199 0
0  12.444201 11.335480 1.386617  0.765424 0.408827 -0.496976  0.553840 0.113532 0
item_med
0  -10.131381 13.812426 7.829750  0.000005 0.994604 -0.103748  0.445466 0.054883 0
0  10.131381 13.812426 7.829750  -0.000009 0.994604 -0.103744  0.252431 0.054849 0
0  9.683775 13.267529 2.606205  0.000021 0.994602 -0.103760  0.252431 0.003906 0
item_med
0  10.065224 10.121509 0.167029  0.115920 0.115917 -0.986471  0.575086 0.154306 0
0  11.643736 10.873333 0.493817  0.443089 0.199667 -0.873959  0.563736 0.129930 0
0  11.989968 9.581186 0.493817  0.364986 0.006430 -0.930991  0.583026 0.123742 0
item_med
0  -10.815361 -11.701708 0.493817  -0.257791 -0.457792 -0.850865  0.917022 0.482621 0
0  -9.523215 -12.047939 0.493817  -0.006817 -0.525091 -0.851019  0.923560 0.463402 0
0  -9.640753 -12.940739 1.386617  -0.023456 -0.860823 -0.508363  0.943260 0.466792 0
item_med
0  -13.310186 11.977124 7.829646  -0.857527 0.495038 -0.139942  0.481826 0.054883 0
0  -13.801954 10.141834 7.829657  -0.990798 0.066117 -0.118101  0.500000 0.054883 0
0  -13.932397 10.229931 8.953765  -0.994796 0.080832 -0.062021  0.500000 0.065842 0
item_med
0  -9.640753 12.940739 1.386617  -0.012333 0.864535 -0.502421  0.524238 0.466014 0
0  9.640753 12.940739 1.386617  0.023457 0.860821 -0.508366  0.524520 0.158209 0
0  9.523215 12.047939 0.493817  0.006819 0.525093 -0.851018  0.544199 0.161660 0
item_med
0  10.456690 -9.146248 0.167029  -0.000014 0.000006 -1.000000  0.877974 0.148430 0
0  10.456690 9.146248 0.167029  0.000014 0.000006 -1.000000  0.590111 0.148280 0
0  11.989968 9.581186 0.493817  0.364986 0.006430 -0.930991  0.583026 0.123742 0
item_med
0  10.131381 -13.812426 7.829750  -0.000005 -0.994604 -0.103748  0.941559 0.054883 0
0  -10.131381 -13.812426 7.829750  0.000009 -0.994604 -0.103744  0.748526 0.054883 0
0  -9.683775 -13.267529 2.606205  -0.000012 -0.994601 -0.103773  0.748526 0.003906 0
item_med
0  -10.131381 -13.812426 7.829750  0.000009 -0.994604 -0.103744  0.748526 0.054883 0
0  10.131381 -13.812426 7.829750  -0.000005 -0.994604 -0.103748  0.941559 0.054883 0
0  10.229931 -13.932397 8.953765  0.028620 -0.997056 -0.071132  0.941559 0.065842 0
item_med
0  -13.436360 -12.081163 10.034988  -0.818105 -0.575069 -0.000043  0.712165 0.076329 0
0  -13.436360 -12.081163 8.953765  -0.889641 -0.452891 -0.058549  0.712165 0.065842 0
0  -12.081163 -13.436360 8.953765  -0.573320 -0.816119 -0.072483  0.730364 0.065842 0
item_med
0  -12.081163 -13.436360 10.034988  -0.420966 -0.907076 0.000000  0.730364 0.076329 0
0  -12.081163 -13.436360 8.953765  -0.573320 -0.816119 -0.072483  0.730364 0.065842 0
0  -10.229931 -13.932397 8.953765  -0.028941 -0.998793 -0.039680  0.748526 0.065842 0
item_med
0  -13.932397 10.229931 8.953765  -0.994796 0.080832 -0.062021  0.500000 0.065842 0
0  -13.932397 10.229931 10.034988  -0.999709 0.024105 0.000051  0.500000 0.076329 0
0  -13.436360 12.081163 10.034988  -0.907076 0.420966 0.000029  0.481826 0.076329 0
item_med
0  -13.436360 12.081163 8.953765  -0.837055 0.543975 -0.058562  0.481826 0.065842 0
0  -13.436360 12.081163 10.034988  -0.907076 0.420966 0.000029  0.481826 0.076329 0
0  -12.081163 13.436360 10.034988  -0.575068 0.818105 -0.000009  0.463627 0.076329 0
item_med
0  13.932397 -10.229931 10.034988  0.999023 -0.044195 0.000000  0.996094 0.076329 0
0  13.436360 -12.081163 10.034988  0.818105 -0.575069 0.000000  0.977920 0.076329 0
0  13.436360 -12.081163 8.953765  0.889641 -0.452892 -0.058547  0.977920 0.065842 0
item_med
0  13.932397 10.229931 8.953765  0.994796 0.080832 -0.062025  0.197896 0.065842 0
0  13.801954 10.141834 7.829657  0.990795 0.066168 -0.118100  0.197896 0.054849 0
0  13.310186 11.977124 7.829646  0.857569 0.494815 -0.140477  0.216070 0.054849 0
item_med
0  -12.882771 -9.698725 1.386617  -0.901420 -0.016056 -0.432649  0.888055 0.521219 0
0  -13.209556 -9.741748 2.606205  -0.993629 -0.000019 -0.112699  0.891261 0.540786 0
0  -13.209556 9.741748 2.606205  -0.993629 0.000008 -0.112700  0.575670 0.540786 0
item_med
0  12.882771 9.698725 1.386617  0.863886 0.012373 -0.503535  0.579800 0.103925 0
0  13.209556 9.741748 2.606205  0.993629 0.000009 -0.112702  0.576589 0.084336 0
0  13.209556 -9.741748 2.606205  0.993629 -0.000008 -0.112701  0.891879 0.084336 0
item_med
0  9.640753 -12.940739 1.386617  0.012425 -0.863876 -0.503551  0.943565 0.158842 0
0  -9.640753 -12.940739 1.386617  -0.023456 -0.860823 -0.508363  0.943260 0.466792 0
0  -9.523215 -12.047939 0.493817  -0.006817 -0.525091 -0.851019  0.923560 0.463402 0
item_med
0  13.436360 -12.081163 10.034988  0.818105 -0.575069 0.000000  0.977920 0.076329 0
0  12.081163 -13.436360 10.034988  0.420966 -0.907076 0.000000  0.959721 0.076329 0
0  12.081163 -13.436360 8.953765  0.573320 -0.816119 -0.072480  0.959721 0.065842 0
item_med
0  -11.446665 -12.795160 2.606205  -0.441836 -0.883153 -0.157548  0.949344 0.503383 0
0  -12.737190 -11.504638 2.606205  -0.855898 -0.494155 -0.152477  0.924141 0.527542 0
0  -12.444201 -11.335480 1.386617  -0.759025 -0.459029 -0.461707  0.914206 0.511703 0
item_med
0  12.081163 13.436360 8.953765  0.499855 0.863051 -0.072719  0.234269 0.065842 0
0  13.436360 12.081163 8.953765  0.837056 0.543975 -0.058559  0.216070 0.065842 0
0  13.310186 11.977124 7.829646  0.857569 0.494815 -0.140477  0.216070 0.054849 0
item_med
0  14.269932 1.741727 7.775352  0.043311 -0.000013 -0.999062  0.757904 0.640887 0
0  14.269932 1.416387 7.775352  0.043317 0.000000 -0.999061  0.757904 0.646008 0
0  13.801954 1.416387 7.829657  -0.115266 0.000000 -0.993335  0.750488 0.646008 0
item_med
0  -9.089964 -10.512974 0.167029  -0.001131 -0.109776 -0.993956  0.899011 0.456022 0
0  9.089964 -10.512974 0.167029  0.002310 -0.112643 -0.993633  0.899246 0.169456 0
0  9.523215 -12.047939 0.493817  0.006457 -0.364730 -0.931091  0.923780 0.162172 0
item_med
0  11.989968 -9.581186 0.493817  0.525337 -0.006807 -0.850867  0.885239 0.123884 0
0  11.989968 9.581186 0.493817  0.364986 0.006430 -0.930991  0.583026 0.123742 0
0  12.882771 9.698725 1.386617  0.863886 0.012373 -0.503535  0.579800 0.103925 0
item_med
0  11.966665 -13.320653 7.829678  0.541740 -0.829157 -0.137900  0.959721 0.054883 0
0  11.446665 -12.795160 2.606205  0.441833 -0.883154 -0.157552  0.959721 0.003906 0
0  12.737190 -11.504638 2.606205  0.855893 -0.494147 -0.152529  0.977920 0.003906 0
item_med
0  11.277507 -12.502172 1.386617  0.391354 -0.796313 -0.461224  0.933603 0.132981 0
0  11.446665 -12.795160 2.606205  0.441833 -0.883154 -0.157552  0.949768 0.122356 0
0  9.683775 -13.267529 2.606205  -0.000001 -0.994602 -0.103765  0.963119 0.155534 0
item_med
0  10.131381 13.812426 7.829750  -0.000009 0.994604 -0.103744  0.252431 0.054849 0
0  -10.131381 13.812426 7.829750  0.000005 0.994604 -0.103748  0.445466 0.054883 0
0  -10.229931 13.932397 8.953765  -0.017111 0.998266 -0.056331  0.445466 0.065842 0
item_med
0  -14.681259 1.741727 8.742997  -0.691599 0.000000 0.722282  0.260524 0.696978 0
0  -14.681259 1.416387 8.742997  -0.861461 -0.000000 0.507823  0.260524 0.702099 0
0  -14.400373 1.416387 8.899461  -0.270945 0.000000 0.962595  0.255463 0.702099 0
item_med
0  -12.081163 13.436360 8.953765  -0.499836 0.863058 -0.072769  0.463627 0.065842 0
0  -12.081163 13.436360 10.034988  -0.575068 0.818105 -0.000009  0.463627 0.076329 0
0  -10.229931 13.932397 10.034988  -0.041014 0.999159 0.000000  0.445466 0.076329 0
item_med
0  -14.269932 1.741727 7.775352  -0.043311 0.000000 -0.999062  0.280294 0.696978 0
0  -13.801954 1.741727 7.829657  0.115266 0.000000 -0.993335  0.287710 0.696978 0
0  -13.801954 1.416387 7.829657  0.115266 0.000000 -0.993335  0.287710 0.702099 0
item_med
0  13.310186 -11.977124 7.829646  0.857569 -0.494815 -0.140477  0.977920 0.054883 0
0  13.801954 -10.141834 7.829657  0.990794 -0.066167 -0.118102  0.996094 0.054883 0
0  13.932397 -10.229931 8.953765  0.995566 -0.065958 -0.067063  0.996094 0.065842 0
item_med
0  -12.081163 13.436360 8.953765  -0.499836 0.863058 -0.072769  0.463627 0.065842 0
0  -11.966665 13.320653 7.829678  -0.541740 0.829157 -0.137901  0.463627 0.054883 0
0  -13.310186 11.977124 7.829646  -0.857527 0.495038 -0.139942  0.481826 0.054883 0
item_med
0  10.131381 13.812426 7.829750  -0.000009 0.994604 -0.103744  0.252431 0.054849 0
0  11.966665 13.320653 7.829678  0.541740 0.829157 -0.137899  0.234269 0.054849 0
0  11.446665 12.795160 2.606205  0.424880 0.892647 -0.150526  0.234269 0.003906 0
item_med
0  11.966665 -13.320653 7.829678  0.541740 -0.829157 -0.137900  0.959721 0.054883 0
0  12.081163 -13.436360 8.953765  0.573320 -0.816119 -0.072480  0.959721 0.065842 0
0  10.229931 -13.932397 8.953765  0.028620 -0.997056 -0.071132  0.941559 0.065842 0
item_med
0  13.801954 -10.141834 7.829657  0.990794 -0.066167 -0.118102  0.996094 0.054883 0
0  13.310186 -11.977124 7.829646  0.857569 -0.494815 -0.140477  0.977920 0.054883 0
0  12.737190 -11.504638 2.606205  0.855893 -0.494147 -0.152529  0.977920 0.003906 0
item_med
0  13.310186 -11.977124 7.829646  0.857569 -0.494815 -0.140477  0.977920 0.054883 0
0  13.436360 -12.081163 8.953765  0.889641 -0.452892 -0.058547  0.977920 0.065842 0
0  12.081163 -13.436360 8.953765  0.573320 -0.816119 -0.072480  0.959721 0.065842 0
item_med
0  -13.801954 1.416387 7.829657  -0.993598 0.000000 -0.112977  0.583309 0.054883 0
0  -13.801954 -1.416387 7.829657  -0.993532 0.000000 -0.113549  0.610730 0.054883 0
0  -13.932397 -1.416387 8.953765  -0.997161 -0.000000 -0.075303  0.610730 0.065842 0
item_med
0  14.769244 -1.741727 8.433744  0.999726 0.000000 0.023392  0.589020 0.662712 0
0  14.735648 -1.741727 8.144223  0.926206 0.000000 -0.377018  0.584432 0.662712 0
0  14.735648 -1.416387 8.144223  0.967805 0.000000 -0.251702  0.584432 0.657591 0
item_med
0  -14.400373 -1.741727 8.899461  -0.270944 0.000000 0.962595  0.036154 0.570719 0
0  -13.932397 -1.741727 8.953765  -0.115266 0.000000 0.993335  0.043569 0.570719 0
0  -13.932397 -1.416387 8.953765  -0.115268 0.000000 0.993334  0.043569 0.575840 0
item_med
0  -14.735648 1.741727 8.144223  -0.967805 -0.000020 -0.251702  0.270172 0.696978 0
0  -14.735648 1.416387 8.144223  -0.926206 -0.000036 -0.377019  0.270172 0.702099 0
0  -14.769244 1.416387 8.433744  -0.999726 -0.000000 0.023393  0.265585 0.702099 0
item_med
0  -13.932397 1.741727 8.953765  -0.998454 -0.000000 -0.055585  0.580228 0.065842 0
0  -13.932397 10.229931 8.953765  -0.994796 0.080832 -0.062021  0.500000 0.065842 0
0  -13.801954 10.141834 7.829657  -0.990798 0.066117 -0.118101  0.500000 0.054883 0
item_med
0  13.801954 -1.741727 7.829657  -0.115267 0.000000 -0.993334  0.566895 0.662712 0
0  13.801954 -1.416387 7.829657  -0.115266 0.000000 -0.993335  0.566895 0.657591 0
0  14.269932 -1.416387 7.775352  0.043310 0.000000 -0.999062  0.574310 0.657591 0
item_med
0  9.523215 12.047939 0.493817  0.006819 0.525093 -0.851018  0.544199 0.161660 0
0  10.815361 11.701708 0.493817  0.257793 0.457791 -0.850864  0.550712 0.142421 0
0  10.065224 10.121509 0.167029  0.115920 0.115917 -0.986471  0.575086 0.154306 0
item_med
0  13.801954 -10.141834 7.829657  0.990794 -0.066167 -0.118102  0.003906 0.054849 0
0  13.801954 -1.741727 7.829657  0.993532 0.000000 -0.113549  0.084081 0.054849 0
0  13.932397 -1.741727 8.953765  0.998454 0.000000 -0.055585  0.084081 0.065842 0
item_med
0  11.446665 -12.795160 2.606205  0.441833 -0.883154 -0.157552  0.959721 0.003906 0
0  11.966665 -13.320653 7.829678  0.541740 -0.829157 -0.137900  0.959721 0.054883 0
0  10.131381 -13.812426 7.829750  -0.000005 -0.994604 -0.103748  0.941559 0.054883 0
item_med
0  -10.456690 9.146248 0.167029  -0.000007 -0.000007 -1.000000  0.589863 0.476535 0
0  10.456690 9.146248 0.167029  0.000014 0.000006 -1.000000  0.590111 0.148280 0
0  10.456690 -9.146248 0.167029  -0.000014 0.000006 -1.000000  0.877974 0.148430 0
item_med
0  -14.269932 1.741727 7.775352  -0.043311 0.000000 -0.999062  0.280294 0.696978 0
0  -14.269932 1.416387 7.775352  -0.043317 0.000014 -0.999061  0.280294 0.702099 0
0  -14.579185 1.416387 7.863335  -0.507820 0.000073 -0.861463  0.275233 0.702099 0
item_med
0  -14.579185 1.741727 7.863335  -0.722282 0.000000 -0.691599  0.275233 0.696978 0
0  -14.579185 1.416387 7.863335  -0.507820 0.000073 -0.861463  0.275233 0.702099 0
0  -14.735648 1.416387 8.144223  -0.926206 -0.000036 -0.377019  0.270172 0.702099 0
item_med
0  -14.735648 -1.741727 8.144223  -0.926206 0.000029 -0.377018  0.021444 0.570719 0
0  -14.735648 -1.416387 8.144223  -0.967805 -0.000050 -0.251702  0.021444 0.575840 0
0  -14.579185 -1.416387 7.863335  -0.722281 0.000012 -0.691600  0.016383 0.575840 0
item_med
0  -14.579185 -1.741727 7.863335  -0.507820 -0.000000 -0.861463  0.016383 0.570719 0
0  -14.579185 -1.416387 7.863335  -0.722281 0.000012 -0.691600  0.016383 0.575840 0
0  -14.269932 -1.416387 7.775352  -0.043310 0.000000 -0.999062  0.011322 0.575840 0
item_med
0  -14.681259 -1.741727 8.742997  -0.861462 0.000066 0.507823  0.031093 0.570719 0
0  -14.681259 -1.416387 8.742997  -0.691598 0.000000 0.722283  0.031093 0.575840 0
0  -14.769244 -1.416387 8.433744  -0.987929 0.000000 0.154905  0.026032 0.575840 0
item_med
0  14.681259 -1.741727 8.742997  0.861462 0.000000 0.507823  0.594081 0.662712 0
0  14.769244 -1.741727 8.433744  0.999726 0.000000 0.023392  0.589020 0.662712 0
0  14.769244 -1.416387 8.433744  0.987929 0.000000 0.154905  0.589020 0.657591 0
item_med
0  -14.769244 -1.741727 8.433744  -0.999726 -0.000028 0.023392  0.026032 0.570719 0
0  -14.769244 -1.416387 8.433744  -0.987929 0.000000 0.154905  0.026032 0.575840 0
0  -14.735648 -1.416387 8.144223  -0.967805 -0.000050 -0.251702  0.021444 0.575840 0
item_med
0  -10.065224 -10.121509 0.167029  -0.115915 -0.115921 -0.986471  0.892642 0.470885 0
0  -9.089964 -10.512974 0.167029  -0.001131 -0.109776 -0.993956  0.899011 0.456022 0
0  -9.523215 -12.047939 0.493817  -0.006817 -0.525091 -0.851019  0.923560 0.463402 0
item_med
0  -10.815361 11.701708 0.493817  -0.257793 0.457791 -0.850864  0.550380 0.482055 0
0  -11.277507 12.502172 1.386617  -0.450115 0.783574 -0.428262  0.533959 0.492043 0
0  -9.640753 12.940739 1.386617  -0.012333 0.864535 -0.502421  0.524238 0.466014 0
item_med
0  -11.277507 12.502172 1.386617  -0.450115 0.783574 -0.428262  0.533959 0.492043 0
0  -11.446665 12.795160 2.606205  -0.424881 0.892647 -0.150525  0.518055 0.501923 0
0  -9.683775 13.267529 2.606205  0.000001 0.994602 -0.103765  0.504683 0.469197 0
item_med
0  -10.815361 11.701708 0.493817  -0.257793 0.457791 -0.850864  0.550380 0.482055 0
0  -11.643736 10.873333 0.493817  -0.443085 0.199666 -0.873962  0.563259 0.494732 0
0  -12.444201 11.335480 1.386617  -0.765424 0.408827 -0.496976  0.553105 0.511030 0
item_med
0  12.737190 11.504638 2.606205  0.849254 0.503860 -0.157772  0.543451 0.097223 0
0  12.444201 11.335480 1.386617  0.765424 0.408827 -0.496976  0.553840 0.113532 0
0  11.277507 12.502172 1.386617  0.450107 0.783578 -0.428262  0.534432 0.132199 0
item_med
0  -10.065224 10.121509 0.167029  -0.115918 0.115918 -0.986471  0.574878 0.470409 0
0  -10.456690 9.146248 0.167029  -0.000007 -0.000007 -1.000000  0.589863 0.476535 0
0  -11.989968 9.581186 0.493817  -0.439401 0.009589 -0.898240  0.582529 0.501092 0
item_med
0  11.643736 10.873333 0.493817  0.443089 0.199667 -0.873959  0.563736 0.129930 0
0  12.444201 11.335480 1.386617  0.765424 0.408827 -0.496976  0.553840 0.113532 0
0  12.882771 9.698725 1.386617  0.863886 0.012373 -0.503535  0.579800 0.103925 0
item_med
0  12.444201 11.335480 1.386617  0.765424 0.408827 -0.496976  0.553840 0.113532 0
0  12.737190 11.504638 2.606205  0.849254 0.503860 -0.157772  0.543451 0.097223 0
0  13.209556 9.741748 2.606205  0.993629 0.000009 -0.112702  0.576589 0.084336 0
item_med
0  10.065224 -10.121509 0.167029  0.115919 -0.115917 -0.986471  0.892963 0.154571 0
0  10.815361 -11.701708 0.493817  0.257810 -0.457835 -0.850836  0.917350 0.142915 0
0  9.523215 -12.047939 0.493817  0.006457 -0.364730 -0.931091  0.923780 0.162172 0
item_med
0  12.444201 -11.335480 1.386617  0.759029 -0.459026 -0.461704  0.914692 0.113783 0
0  11.277507 -12.502172 1.386617  0.391354 -0.796313 -0.461224  0.933603 0.132981 0
0  10.815361 -11.701708 0.493817  0.257810 -0.457835 -0.850836  0.917350 0.142915 0
item_med
0  13.209556 -9.741748 2.606205  0.993629 -0.000008 -0.112701  0.891879 0.084336 0
0  12.737190 -11.504638 2.606205  0.855893 -0.494147 -0.152529  0.924766 0.098007 0
0  12.444201 -11.335480 1.386617  0.759029 -0.459026 -0.461704  0.914692 0.113783 0
item_med
0  -10.815361 -11.701708 0.493817  -0.257791 -0.457792 -0.850865  0.917022 0.482621 0
0  -11.277507 -12.502172 1.386617  -0.391354 -0.796313 -0.461224  0.933237 0.492629 0
0  -12.444201 -11.335480 1.386617  -0.759025 -0.459029 -0.461707  0.914206 0.511703 0
item_med
0  -12.737190 11.504638 2.606205  -0.849253 0.503862 -0.157773  0.542322 0.527111 0
0  -11.446665 12.795160 2.606205  -0.424881 0.892647 -0.150525  0.518055 0.501923 0
0  -11.277507 12.502172 1.386617  -0.450115 0.783574 -0.428262  0.533959 0.492043 0
item_med
0  -10.065224 -10.121509 0.167029  -0.115915 -0.115921 -0.986471  0.892642 0.470885 0
0  -11.643736 -10.873333 0.493817  -0.443084 -0.199665 -0.873962  0.904115 0.495251 0
0  -11.989968 -9.581186 0.493817  -0.447596 -0.005072 -0.894222  0.884765 0.501540 0
item_med
0  -11.643736 -10.873333 0.493817  -0.443084 -0.199665 -0.873962  0.904115 0.495251 0
0  -12.444201 -11.335480 1.386617  -0.759025 -0.459029 -0.461707  0.914206 0.511703 0
0  -12.882771 -9.698725 1.386617  -0.901420 -0.016056 -0.432649  0.888055 0.521219 0
item_med
0  -12.444201 -11.335480 1.386617  -0.759025 -0.459029 -0.461707  0.914206 0.511703 0
0  -12.737190 -11.504638 2.606205  -0.855898 -0.494155 -0.152477  0.924141 0.527542 0
0  -13.209556 -9.741748 2.606205  -0.993629 -0.000019 -0.112699  0.891261 0.540786 0
item_med
0  13.801954 1.416387 7.829657  0.000000 -1.000000 -0.000000  0.021719 0.093533 0
0  14.269932 1.416387 7.775352  0.000000 -1.000000 -0.000000  0.021719 0.100949 0
0  14.400373 1.416387 8.899461  0.000000 -1.000000 -0.000000  0.003906 0.100949 0
item_med
0  12.081163 -13.436360 10.034988  0.420966 -0.907076 0.000000  0.959721 0.076329 0
0  10.229931 -13.932397 10.034988  0.011614 -0.999933 0.000000  0.941559 0.076329 0
0  10.229931 -13.932397 8.953765  0.028620 -0.997056 -0.071132  0.941559 0.065842 0
item_med
0  12.081163 13.436360 8.953765  0.499855 0.863051 -0.072719  0.234269 0.065842 0
0  10.229931 13.932397 8.953765  0.032028 0.997786 -0.058282  0.252431 0.065842 0
0  10.229931 13.932397 10.034988  0.022205 0.999753 0.000052  0.252431 0.076329 0
item_med
0  13.436360 12.081163 8.953765  0.837056 0.543975 -0.058559  0.216070 0.065842 0
0  12.081163 13.436360 8.953765  0.499855 0.863051 -0.072719  0.234269 0.065842 0
0  12.081163 13.436360 10.034988  0.575068 0.818105 0.000000  0.234269 0.076329 0
item_med
0  13.801954 1.416387 7.829657  0.993598 0.000000 -0.112977  0.114591 0.054849 0
0  13.932397 1.416387 8.953765  0.998437 0.000000 -0.055896  0.114591 0.065842 0
0  13.932397 -1.416387 8.953765  0.997161 0.000000 -0.075303  0.087171 0.065842 0
item_med
0  -13.310186 -11.977124 7.829646  -0.857569 -0.494815 -0.140477  0.712165 0.054883 0
0  -13.436360 -12.081163 8.953765  -0.889641 -0.452891 -0.058549  0.712165 0.065842 0
0  -13.932397 -10.229931 8.953765  -0.995569 -0.065907 -0.067067  0.693991 0.065842 0
item_med
0  -13.932397 -1.741727 8.953765  -0.998454 0.000000 -0.055585  0.613827 0.065842 0
0  -13.801954 -1.741727 7.829657  -0.993532 0.000000 -0.113549  0.613827 0.054883 0
0  -13.801954 -10.141834 7.829657  -0.990794 -0.066167 -0.118105  0.693991 0.054883 0
item_med
0  13.932397 10.229931 8.953765  0.994796 0.080832 -0.062025  0.197896 0.065842 0
0  13.436360 12.081163 8.953765  0.837056 0.543975 -0.058559  0.216070 0.065842 0
0  13.436360 12.081163 10.034988  0.907076 0.420966 0.000000  0.216070 0.076329 0
item_med
0  10.229931 13.932397 8.953765  0.032028 0.997786 -0.058282  0.252431 0.065842 0
0  12.081163 13.436360 8.953765  0.499855 0.863051 -0.072719  0.234269 0.065842 0
0  11.966665 13.320653 7.829678  0.541740 0.829157 -0.137899  0.234269 0.054849 0
item_med
0  -12.081163 -13.436360 8.953765  -0.573320 -0.816119 -0.072483  0.730364 0.065842 0
0  -13.436360 -12.081163 8.953765  -0.889641 -0.452891 -0.058549  0.712165 0.065842 0
0  -13.310186 -11.977124 7.829646  -0.857569 -0.494815 -0.140477  0.712165 0.054883 0
item_med
0  -12.737190 -11.504638 2.606205  -0.855898 -0.494155 -0.152477  0.712165 0.003906 0
0  -11.446665 -12.795160 2.606205  -0.441836 -0.883153 -0.157548  0.730364 0.003906 0
0  -11.966665 -13.320653 7.829678  -0.541740 -0.829157 -0.137899  0.730364 0.054883 0
item_med
0  -13.801954 -10.141834 7.829657  -0.990794 -0.066167 -0.118105  0.693991 0.054883 0
0  -13.209556 -9.741748 2.606205  -0.993629 -0.000019 -0.112699  0.693991 0.003906 0
0  -12.737190 -11.504638 2.606205  -0.855898 -0.494155 -0.152477  0.712165 0.003906 0
item_med
0  -13.932397 -10.229931 10.034988  -0.999023 -0.044195 0.000000  0.693991 0.076329 0
0  -13.932397 -10.229931 8.953765  -0.995569 -0.065907 -0.067067  0.693991 0.065842 0
0  -13.436360 -12.081163 8.953765  -0.889641 -0.452891 -0.058549  0.712165 0.065842 0
item_med
0  -14.769244 1.741727 8.433744  -0.987929 -0.000026 0.154906  0.265585 0.696978 0
0  -14.769244 1.416387 8.433744  -0.999726 -0.000000 0.023393  0.265585 0.702099 0
0  -14.681259 1.416387 8.742997  -0.861461 -0.000000 0.507823  0.260524 0.702099 0
item_med
0  -10.131381 13.812426 7.829750  0.000005 0.994604 -0.103748  0.445466 0.054883 0
0  -9.683775 13.267529 2.606205  0.000001 0.994602 -0.103765  0.445466 0.003906 0
0  -11.446665 12.795160 2.606205  -0.424881 0.892647 -0.150525  0.463627 0.003906 0
item_med
0  11.966665 13.320653 7.829678  0.541740 0.829157 -0.137899  0.234269 0.054849 0
0  13.310186 11.977124 7.829646  0.857569 0.494815 -0.140477  0.216070 0.054849 0
0  12.737190 11.504638 2.606205  0.849254 0.503860 -0.157772  0.216070 0.003906 0
item_med
0  -10.131381 -13.812426 7.829750  0.000009 -0.994604 -0.103744  0.748526 0.054883 0
0  -11.966665 -13.320653 7.829678  -0.541740 -0.829157 -0.137899  0.730364 0.054883 0
0  -11.446665 -12.795160 2.606205  -0.441836 -0.883153 -0.157548  0.730364 0.003906 0
item_med
0  -10.229931 -13.932397 8.953765  -0.028941 -0.998793 -0.039680  0.748526 0.065842 0
0  -12.081163 -13.436360 8.953765  -0.573320 -0.816119 -0.072483  0.730364 0.065842 0
0  -11.966665 -13.320653 7.829678  -0.541740 -0.829157 -0.137899  0.730364 0.054883 0
item_med
0  -11.989968 -9.581186 0.493817  -0.447596 -0.005072 -0.894222  0.884765 0.501540 0
0  -11.989968 9.581186 0.493817  -0.439401 0.009589 -0.898240  0.582529 0.501092 0
0  -10.456690 9.146248 0.167029  -0.000007 -0.000007 -1.000000  0.589863 0.476535 0
item_med
0  -12.737190 11.504638 2.606205  -0.849253 0.503862 -0.157773  0.481826 0.003906 0
0  -13.209556 9.741748 2.606205  -0.993629 0.000008 -0.112700  0.500000 0.003906 0
0  -13.801954 10.141834 7.829657  -0.990798 0.066117 -0.118101  0.500000 0.054883 0
item_med
0  -9.640753 12.940739 1.386617  -0.012333 0.864535 -0.502421  0.524238 0.466014 0
0  -9.683775 13.267529 2.606205  0.000001 0.994602 -0.103765  0.504683 0.469197 0
0  9.683775 13.267529 2.606205  0.000021 0.994602 -0.103760  0.504683 0.154820 0
item_med
0  -13.932397 1.741727 8.953765  -0.115267 0.000000 0.993335  0.248047 0.696978 0
0  -14.400373 1.741727 8.899461  -0.270952 -0.000018 0.962593  0.255463 0.696978 0
0  -14.400373 1.416387 8.899461  -0.270945 0.000000 0.962595  0.255463 0.702099 0
item_med
0  -13.801954 -1.741727 7.829657  0.115267 0.000000 -0.993334  0.003906 0.570719 0
0  -14.269932 -1.741727 7.775352  -0.043265 0.000018 -0.999064  0.011322 0.570719 0
0  -14.269932 -1.416387 7.775352  -0.043310 0.000000 -0.999062  0.011322 0.575840 0
item_med
0  -10.229931 13.932397 8.953765  -0.017111 0.998266 -0.056331  0.445466 0.065842 0
0  -10.229931 13.932397 10.034988  -0.041014 0.999159 0.000000  0.445466 0.076329 0
0  10.229931 13.932397 10.034988  0.022205 0.999753 0.000052  0.252431 0.076329 0
item_med
0  13.932397 1.741727 8.953765  0.115267 0.000000 0.993335  0.790151 0.640887 0
0  13.932397 1.416387 8.953765  0.115266 0.000000 0.993335  0.790151 0.646008 0
0  14.400373 1.416387 8.899461  0.270945 -0.000000 0.962595  0.782735 0.646008 0
item_med
0  13.932397 1.741727 8.953765  0.998454 0.000000 -0.055585  0.117674 0.065842 0
0  13.801954 1.741727 7.829657  0.993532 0.000000 -0.113548  0.117674 0.054849 0
0  13.801954 10.141834 7.829657  0.990795 0.066168 -0.118100  0.197896 0.054849 0
item_med
0  14.400373 -1.741727 8.899461  0.270944 -0.000000 0.962595  0.599142 0.662712 0
0  14.400373 -1.416387 8.899461  0.270901 0.000000 0.962607  0.599142 0.657591 0
0  13.932397 -1.416387 8.953765  0.115268 0.000000 0.993334  0.606557 0.657591 0
item_med
0  -11.989968 -9.581186 0.493817  -0.447596 -0.005072 -0.894222  0.884765 0.501540 0
0  -12.882771 -9.698725 1.386617  -0.901420 -0.016056 -0.432649  0.888055 0.521219 0
0  -12.882771 9.698725 1.386617  -0.818272 0.016132 -0.574605  0.579104 0.520934 0
item_med
0  13.801954 10.141834 7.829657  0.990795 0.066168 -0.118100  0.197896 0.054849 0
0  13.209556 9.741748 2.606205  0.993629 0.000009 -0.112702  0.197896 0.003906 0
0  12.737190 11.504638 2.606205  0.849254 0.503860 -0.157772  0.216070 0.003906 0
item_med
0  -10.229931 13.932397 8.953765  -0.017111 0.998266 -0.056331  0.445466 0.065842 0
0  -10.131381 13.812426 7.829750  0.000005 0.994604 -0.103748  0.445466 0.054883 0
0  -11.966665 13.320653 7.829678  -0.541740 0.829157 -0.137901  0.463627 0.054883 0
item_med
0  14.735648 1.741727 8.144223  0.967805 0.000000 -0.251702  0.768026 0.640887 0
0  14.769244 1.741727 8.433744  0.987929 0.000000 0.154906  0.772614 0.640887 0
0  14.769244 1.416387 8.433744  0.999726 0.000000 0.023393  0.772614 0.646008 0
item_med
0  14.769244 1.741727 8.433744  0.987929 0.000000 0.154906  0.772614 0.640887 0
0  14.681259 1.741727 8.742997  0.691599 0.000000 0.722282  0.777674 0.640887 0
0  14.681259 1.416387 8.742997  0.861461 0.000000 0.507823  0.777674 0.646008 0
item_med
0  14.681259 1.741727 8.742997  0.691599 0.000000 0.722282  0.777674 0.640887 0
0  14.400373 1.741727 8.899461  0.270952 0.000000 0.962593  0.782735 0.640887 0
0  14.400373 1.416387 8.899461  0.270945 -0.000000 0.962595  0.782735 0.646008 0
item_med
0  14.269932 1.741727 7.775352  0.043311 -0.000013 -0.999062  0.757904 0.640887 0
0  14.579185 1.741727 7.863335  0.722282 0.000000 -0.691599  0.762965 0.640887 0
0  14.579185 1.416387 7.863335  0.507820 0.000000 -0.861463  0.762965 0.646008 0
item_med
0  14.579185 1.741727 7.863335  0.722282 0.000000 -0.691599  0.762965 0.640887 0
0  14.735648 1.741727 8.144223  0.967805 0.000000 -0.251702  0.768026 0.640887 0
0  14.735648 1.416387 8.144223  0.926206 0.000000 -0.377019  0.768026 0.646008 0
item_med
0  14.735648 -1.741727 8.144223  0.926206 0.000000 -0.377018  0.584432 0.662712 0
0  14.579185 -1.741727 7.863335  0.507820 0.000000 -0.861463  0.579371 0.662712 0
0  14.579185 -1.416387 7.863335  0.722281 0.000000 -0.691600  0.579371 0.657591 0
item_med
0  14.579185 -1.741727 7.863335  0.507820 0.000000 -0.861463  0.579371 0.662712 0
0  14.269932 -1.741727 7.775352  0.043265 0.000000 -0.999064  0.574310 0.662712 0
0  14.269932 -1.416387 7.775352  0.043310 0.000000 -0.999062  0.574310 0.657591 0
item_med
0  14.400373 -1.741727 8.899461  0.270944 -0.000000 0.962595  0.599142 0.662712 0
0  14.681259 -1.741727 8.742997  0.861462 0.000000 0.507823  0.594081 0.662712 0
0  14.681259 -1.416387 8.742997  0.691598 0.000000 0.722283  0.594081 0.657591 0
item_med
0  -9.683775 -13.267529 2.606205  -0.000012 -0.994601 -0.103773  0.963119 0.470201 0
0  -9.640753 -12.940739 1.386617  -0.023456 -0.860823 -0.508363  0.943260 0.466792 0
0  9.640753 -12.940739 1.386617  0.012425 -0.863876 -0.503551  0.943565 0.158842 0
item_med
0  10.229931 -13.932397 10.034988  0.011614 -0.999933 0.000000  0.941559 0.076329 0
0  -10.229931 -13.932397 10.034988  -0.022205 -0.999753 0.000000  0.748526 0.076329 0
0  -10.229931 -13.932397 8.953765  -0.028941 -0.998793 -0.039680  0.748526 0.065842 0
item_med
0  -13.801954 -1.741727 7.829657  0.000000 -1.000000 -0.000000  0.021719 0.562052 0
0  -13.932397 -1.741727 8.953765  0.000000 -1.000000 0.000000  0.003906 0.562052 0
0  -14.400373 -1.741727 8.899461  0.000000 -1.000000 -0.000000  0.003906 0.554637 0
item_med
0  -11.966665 13.320653 7.829678  -0.541740 0.829157 -0.137901  0.463627 0.054883 0
0  -11.446665 12.795160 2.606205  -0.424881 0.892647 -0.150525  0.463627 0.003906 0
0  -12.737190 11.504638 2.606205  -0.849253 0.503862 -0.157773  0.481826 0.003906 0
item_med
0  -13.801954 -1.416387 7.829657  0.000000 1.000000 -0.000000  0.941153 0.616706 0
0  -14.269932 -1.416387 7.775352  0.000000 1.000000 -0.000000  0.941153 0.624122 0
0  -14.400373 -1.416387 8.899461  0.000000 1.000000 -0.000000  0.923340 0.624122 0
item_med
0  14.400373 1.741727 8.899461  0.000000 1.000000 0.000000  0.422110 0.620482 0
0  14.269932 1.741727 7.775352  0.000000 1.000000 0.000000  0.404297 0.620482 0
0  13.801954 1.741727 7.829657  0.000000 1.000000 0.000000  0.404297 0.613066 0
item_med
0  13.801954 -1.416387 7.829657  0.000000 1.000000 -0.000000  0.074942 0.729614 0
0  13.932397 -1.416387 8.953765  0.000000 1.000000 -0.000000  0.057129 0.729614 0
0  14.400373 -1.416387 8.899461  0.000000 1.000000 -0.000000  0.057129 0.722198 0
item_med
0  -14.400373 1.741727 8.899461  0.000000 1.000000 0.000000  0.191641 0.700358 0
0  -13.932397 1.741727 8.953765  0.000000 1.000000 0.000000  0.191641 0.707774 0
0  -13.801954 1.741727 7.829657  0.000000 1.000000 0.000000  0.173828 0.707774 0
item_med
0  -13.801954 1.416387 7.829657  0.000000 -1.000000 -0.000000  0.086172 0.707774 0
0  -13.932397 1.416387 8.953765  0.000000 -1.000000 -0.000000  0.068359 0.707774 0
0  -14.400373 1.416387 8.899461  0.000000 -1.000000 -0.000000  0.068359 0.700358 0
item_med
0  13.801954 -1.741727 7.829657  0.000000 -1.000000 -0.000000  0.956289 0.084142 0
0  14.269932 -1.741727 7.775352  0.000000 -1.000000 -0.000000  0.956289 0.091557 0
0  14.400373 -1.741727 8.899461  0.000000 -1.000000 -0.000000  0.938477 0.091557 0
item_med
0  -14.400373 -1.741727 8.899461  -0.270944 0.000000 0.962595  0.036154 0.570719 0
0  -14.400373 -1.416387 8.899461  -0.270901 0.000000 0.962607  0.036154 0.575840 0
0  -14.681259 -1.416387 8.742997  -0.691598 0.000000 0.722283  0.031093 0.575840 0
item_med
0  -5.543268 0.375191 13.174590  1.000000 -0.000009 -0.000001  0.037986 0.757916 0
0  -5.543280 -0.905578 13.189791  1.000000 -0.000009 -0.000002  0.037999 0.777795 0
0  -5.543280 -0.720499 12.498734  1.000000 -0.000010 -0.000002  0.027307 0.774803 0
item_med
0  -5.543280 -0.720499 12.498734  1.000000 -0.000010 -0.000002  0.027307 0.774803 0
0  -5.543275 -0.268560 12.307249  1.000000 -0.000011 -0.000001  0.024414 0.767756 0
0  -5.543270 0.182344 12.487831  1.000000 -0.000011 0.000000  0.027295 0.760790 0
item_med
0  -6.974822 -0.720846 12.498739  -1.000000 0.000009 0.000002  0.393367 0.630030 0
0  -6.974822 -0.905926 13.189795  -1.000000 0.000008 0.000002  0.382673 0.633013 0
0  -6.974811 0.375191 13.174590  -1.000000 0.000008 0.000001  0.382705 0.613129 0
item_med
0  -5.543268 0.375191 13.174590  1.000000 -0.000009 -0.000001  0.037986 0.757916 0
0  -5.543275 -0.898096 15.087940  0.990989 -0.001548 -0.133933  0.067457 0.778008 0
0  -5.543280 -0.905578 13.189791  1.000000 -0.000009 -0.000002  0.037999 0.777795 0
item_med
0  -6.974822 -0.905926 13.189795  0.000240 -0.991708 -0.128510  0.696962 0.693354 0
0  -5.543275 -0.898096 15.087940  0.000243 -0.999992 0.003943  0.674745 0.663895 0
0  -6.974817 -0.898443 15.087944  0.000242 -0.999992 0.003942  0.696962 0.663895 0
item_med
0  -6.900671 0.383424 15.938182  -0.019766 0.999634 -0.018485  0.005059 0.915742 0
0  -5.543268 0.395035 15.073055  -0.015993 0.999824 -0.009800  0.026128 0.929165 0
0  -6.974811 0.365788 15.073964  -0.020430 0.999770 -0.006522  0.003906 0.929157 0
item_med
0  -6.974811 0.365788 15.073964  -0.999087 0.000442 0.042709  0.353230 0.613577 0
0  -6.900550 -0.895018 15.952078  -0.992587 0.001263 0.121528  0.339754 0.633283 0
0  -6.900671 0.383424 15.938182  -0.992586 0.001219 0.121540  0.339767 0.613441 0
item_med
0  -5.085250 -0.885386 18.283871  -0.197246 0.010421 0.980299  0.289327 0.633508 0
0  -4.341863 0.430625 18.348673  -0.053090 0.010922 0.998530  0.277724 0.613096 0
0  -5.085423 0.431676 18.269430  -0.196884 0.010723 0.980368  0.289329 0.613066 0
item_med
0  -6.764077 -0.891602 16.810373  -0.958589 0.002983 0.284779  0.326267 0.633367 0
0  -6.900671 0.383424 15.938182  -0.992586 0.001219 0.121540  0.339767 0.613441 0
0  -6.900550 -0.895018 15.952078  -0.992587 0.001263 0.121528  0.339754 0.633283 0
item_med
0  -5.809562 0.428565 18.053284  -0.003251 0.999942 -0.010299  0.021996 0.882910 0
0  -5.198328 0.411963 16.103788  -0.006045 0.999942 -0.008954  0.031482 0.913167 0
0  -6.422366 0.418980 17.565460  -0.009654 0.999870 -0.012885  0.012485 0.890482 0
item_med
0  -6.422366 0.418980 17.565460  -0.790237 0.006001 0.612772  0.313214 0.613148 0
0  -5.808921 -0.886417 18.066631  -0.463084 0.008873 0.886270  0.301053 0.633487 0
0  -5.809562 0.428565 18.053284  -0.462766 0.009073 0.886434  0.301058 0.613078 0
item_med
0  -5.085250 -0.885386 18.283871  -0.197246 0.010421 0.980299  0.289327 0.633508 0
0  -5.809562 0.428565 18.053284  -0.462766 0.009073 0.886434  0.301058 0.613078 0
0  -5.808921 -0.886417 18.066631  -0.463084 0.008873 0.886270  0.301053 0.633487 0
item_med
0  -6.764229 0.402264 16.796345  -0.958556 0.002847 0.284890  0.326279 0.613285 0
0  -6.421856 -0.888489 17.579145  -0.790268 0.006235 0.612730  0.313207 0.633441 0
0  -6.422366 0.418980 17.565460  -0.790237 0.006001 0.612772  0.313214 0.613148 0
item_med
0  -6.900550 -0.895018 15.952078  0.000243 -0.999992 0.003942  0.695809 0.650484 0
0  -5.543275 -0.898096 15.087940  0.000243 -0.999992 0.003943  0.674745 0.663895 0
0  -5.399714 -0.895994 15.611926  0.000243 -0.999992 0.003942  0.672517 0.655763 0
item_med
0  -5.399691 0.406271 15.596919  0.948354 -0.003879 -0.317191  0.075882 0.757854 0
0  -5.198951 -0.893947 16.119270  0.861133 -0.006231 -0.508342  0.084357 0.778122 0
0  -5.399714 -0.895994 15.611926  0.948488 -0.003662 -0.316793  0.075889 0.778066 0
item_med
0  -5.543268 0.395035 15.073055  -0.015993 0.999824 -0.009800  0.026128 0.929165 0
0  -6.974811 0.375191 13.174590  -0.004239 0.990355 -0.138490  0.003917 0.958635 0
0  -6.974811 0.365788 15.073964  -0.020430 0.999770 -0.006522  0.003906 0.929157 0
item_med
0  -5.808921 -0.886417 18.066631  -0.000617 -0.999989 0.004556  0.678867 0.617667 0
0  -5.198951 -0.893947 16.119270  -0.001380 -0.999993 0.003433  0.669401 0.647889 0
0  -4.798560 -0.895053 16.606728  -0.003449 -0.999987 0.003852  0.663187 0.640324 0
item_med
0  4.341863 0.413483 16.731886  -0.147524 -0.011078 -0.988996  0.236326 0.757936 0
0  -4.341866 -0.895158 16.746544  0.147668 -0.010875 -0.988977  0.101558 0.778247 0
0  -4.341863 0.413483 16.731886  0.147524 -0.011078 -0.988996  0.101559 0.757936 0
item_med
0  -5.198328 0.411963 16.103788  0.861924 -0.005988 -0.507002  0.084347 0.757853 0
0  -4.798560 -0.895053 16.606728  0.555640 -0.009269 -0.831371  0.094146 0.778221 0
0  -5.198951 -0.893947 16.119270  0.861133 -0.006231 -0.508342  0.084357 0.778122 0
item_med
0  -6.974811 0.375191 13.174590  -1.000000 0.000008 0.000001  0.382705 0.613129 0
0  -6.974817 -0.898443 15.087944  -0.999073 0.000482 0.043046  0.353215 0.633199 0
0  -6.974811 0.365788 15.073964  -0.999087 0.000442 0.042709  0.353230 0.613577 0
item_med
0  -4.798737 0.414308 16.592714  0.557787 -0.009016 -0.829935  0.094146 0.757899 0
0  -4.341866 -0.895158 16.746544  0.147668 -0.010875 -0.988977  0.101558 0.778247 0
0  -4.798560 -0.895053 16.606728  0.555640 -0.009269 -0.831371  0.094146 0.778221 0
item_med
0  -5.399714 -0.895994 15.611926  0.000243 -0.999992 0.003942  0.672517 0.655763 0
0  -6.764077 -0.891602 16.810373  0.000243 -0.999992 0.003941  0.693691 0.637163 0
0  -6.900550 -0.895018 15.952078  0.000243 -0.999992 0.003942  0.695809 0.650484 0
item_med
0  -6.764077 -0.891602 16.810373  0.000243 -0.999992 0.003941  0.693691 0.637163 0
0  -5.198951 -0.893947 16.119270  -0.001380 -0.999993 0.003433  0.669401 0.647889 0
0  -6.421856 -0.888489 17.579145  0.000243 -0.999992 0.003943  0.688380 0.625232 0
item_med
0  -6.764229 0.402264 16.796345  -0.015015 0.999759 -0.016015  0.007179 0.902421 0
0  -6.422366 0.418980 17.565460  -0.009654 0.999870 -0.012885  0.012485 0.890482 0
0  -5.198328 0.411963 16.103788  -0.006045 0.999942 -0.008954  0.031482 0.913167 0
item_med
0  -5.809562 0.428565 18.053284  -0.003251 0.999942 -0.010299  0.021996 0.882910 0
0  -5.085423 0.431676 18.269430  0.000941 0.999945 -0.010478  0.033234 0.879556 0
0  -4.798737 0.414308 16.592714  0.003323 0.999957 -0.008643  0.037684 0.905579 0
item_med
0  -5.085250 -0.885386 18.283871  -0.000328 -0.999982 0.005952  0.667636 0.614295 0
0  -4.341866 -0.895158 16.746544  -0.000783 -0.999982 0.005974  0.656099 0.638154 0
0  -4.341863 -0.884894 18.363054  -0.000007 -0.999980 0.006349  0.656099 0.613066 0
item_med
0  -4.341863 0.413483 16.731886  0.002275 0.999946 -0.010169  0.044774 0.903419 0
0  -5.085423 0.431676 18.269430  0.000941 0.999945 -0.010478  0.033234 0.879556 0
0  -4.341863 0.430625 18.348673  0.001227 0.999943 -0.010602  0.044774 0.878326 0
item_med
0  -6.764229 0.402264 16.796345  -0.015015 0.999759 -0.016015  0.007179 0.902421 0
0  -5.399691 0.406271 15.596919  -0.015446 0.999792 -0.013332  0.028357 0.921034 0
0  -6.900671 0.383424 15.938182  -0.019766 0.999634 -0.018485  0.005059 0.915742 0
item_med
0  -5.543268 0.395035 15.073055  0.991024 -0.001550 -0.133678  0.067451 0.757938 0
0  -5.399714 -0.895994 15.611926  0.948488 -0.003662 -0.316793  0.075889 0.778066 0
0  -5.543275 -0.898096 15.087940  0.990989 -0.001548 -0.133933  0.067457 0.778008 0
item_med
0  -5.085250 -0.885386 18.283871  -0.000328 -0.999982 0.005952  0.667636 0.614295 0
0  -5.808921 -0.886417 18.066631  -0.000617 -0.999989 0.004556  0.678867 0.617667 0
0  -4.798560 -0.895053 16.606728  -0.003449 -0.999987 0.003852  0.663187 0.640324 0
item_med
0  -5.543268 0.375191 13.174590  1.000000 -0.000009 -0.000001  0.037986 0.757916 0
0  -5.543268 0.395035 15.073055  0.991024 -0.001550 -0.133678  0.067451 0.757938 0
0  -5.543275 -0.898096 15.087940  0.990989 -0.001548 -0.133933  0.067457 0.778008 0
item_med
0  -6.974822 -0.905926 13.189795  0.000240 -0.991708 -0.128510  0.696962 0.693354 0
0  -5.543280 -0.905578 13.189791  0.000240 -0.991708 -0.128515  0.674745 0.693354 0
0  -5.543275 -0.898096 15.087940  0.000243 -0.999992 0.003943  0.674745 0.663895 0
item_med
0  -6.900671 0.383424 15.938182  -0.019766 0.999634 -0.018485  0.005059 0.915742 0
0  -5.399691 0.406271 15.596919  -0.015446 0.999792 -0.013332  0.028357 0.921034 0
0  -5.543268 0.395035 15.073055  -0.015993 0.999824 -0.009800  0.026128 0.929165 0
item_med
0  -6.974811 0.365788 15.073964  -0.999087 0.000442 0.042709  0.353230 0.613577 0
0  -6.974817 -0.898443 15.087944  -0.999073 0.000482 0.043046  0.353215 0.633199 0
0  -6.900550 -0.895018 15.952078  -0.992587 0.001263 0.121528  0.339754 0.633283 0
item_med
0  -5.085250 -0.885386 18.283871  -0.197246 0.010421 0.980299  0.289327 0.633508 0
0  -4.341863 -0.884894 18.363054  -0.053022 0.010916 0.998534  0.277724 0.633514 0
0  -4.341863 0.430625 18.348673  -0.053090 0.010922 0.998530  0.277724 0.613096 0
item_med
0  -6.764077 -0.891602 16.810373  -0.958589 0.002983 0.284779  0.326267 0.633367 0
0  -6.764229 0.402264 16.796345  -0.958556 0.002847 0.284890  0.326279 0.613285 0
0  -6.900671 0.383424 15.938182  -0.992586 0.001219 0.121540  0.339767 0.613441 0
item_med
0  -5.809562 0.428565 18.053284  -0.003251 0.999942 -0.010299  0.021996 0.882910 0
0  -4.798737 0.414308 16.592714  0.003323 0.999957 -0.008643  0.037684 0.905579 0
0  -5.198328 0.411963 16.103788  -0.006045 0.999942 -0.008954  0.031482 0.913167 0
item_med
0  -6.422366 0.418980 17.565460  -0.790237 0.006001 0.612772  0.313214 0.613148 0
0  -6.421856 -0.888489 17.579145  -0.790268 0.006235 0.612730  0.313207 0.633441 0
0  -5.808921 -0.886417 18.066631  -0.463084 0.008873 0.886270  0.301053 0.633487 0
item_med
0  -5.085250 -0.885386 18.283871  -0.197246 0.010421 0.980299  0.289327 0.633508 0
0  -5.085423 0.431676 18.269430  -0.196884 0.010723 0.980368  0.289329 0.613066 0
0  -5.809562 0.428565 18.053284  -0.462766 0.009073 0.886434  0.301058 0.613078 0
item_med
0  -6.764229 0.402264 16.796345  -0.958556 0.002847 0.284890  0.326279 0.613285 0
0  -6.764077 -0.891602 16.810373  -0.958589 0.002983 0.284779  0.326267 0.633367 0
0  -6.421856 -0.888489 17.579145  -0.790268 0.006235 0.612730  0.313207 0.633441 0
item_med
0  -6.900550 -0.895018 15.952078  0.000243 -0.999992 0.003942  0.695809 0.650484 0
0  -6.974817 -0.898443 15.087944  0.000242 -0.999992 0.003942  0.696962 0.663895 0
0  -5.543275 -0.898096 15.087940  0.000243 -0.999992 0.003943  0.674745 0.663895 0
item_med
0  -5.399691 0.406271 15.596919  0.948354 -0.003879 -0.317191  0.075882 0.757854 0
0  -5.198328 0.411963 16.103788  0.861924 -0.005988 -0.507002  0.084347 0.757853 0
0  -5.198951 -0.893947 16.119270  0.861133 -0.006231 -0.508342  0.084357 0.778122 0
item_med
0  -5.543268 0.395035 15.073055  -0.015993 0.999824 -0.009800  0.026128 0.929165 0
0  -5.543268 0.375191 13.174590  0.000000 0.989920 -0.141627  0.026134 0.958630 0
0  -6.974811 0.375191 13.174590  -0.004239 0.990355 -0.138490  0.003917 0.958635 0
item_med
0  -5.808921 -0.886417 18.066631  -0.000617 -0.999989 0.004556  0.678867 0.617667 0
0  -6.421856 -0.888489 17.579145  0.000243 -0.999992 0.003943  0.688380 0.625232 0
0  -5.198951 -0.893947 16.119270  -0.001380 -0.999993 0.003433  0.669401 0.647889 0
item_med
0  -5.198328 0.411963 16.103788  0.861924 -0.005988 -0.507002  0.084347 0.757853 0
0  -4.798737 0.414308 16.592714  0.557787 -0.009016 -0.829935  0.094146 0.757899 0
0  -4.798560 -0.895053 16.606728  0.555640 -0.009269 -0.831371  0.094146 0.778221 0
item_med
0  -6.974811 0.375191 13.174590  -1.000000 0.000008 0.000001  0.382705 0.613129 0
0  -6.974822 -0.905926 13.189795  -1.000000 0.000008 0.000002  0.382673 0.633013 0
0  -6.974817 -0.898443 15.087944  -0.999073 0.000482 0.043046  0.353215 0.633199 0
item_med
0  -4.798737 0.414308 16.592714  0.557787 -0.009016 -0.829935  0.094146 0.757899 0
0  -4.341863 0.413483 16.731886  0.147524 -0.011078 -0.988996  0.101559 0.757936 0
0  -4.341866 -0.895158 16.746544  0.147668 -0.010875 -0.988977  0.101558 0.778247 0
item_med
0  -5.399714 -0.895994 15.611926  0.000243 -0.999992 0.003942  0.672517 0.655763 0
0  -5.198951 -0.893947 16.119270  -0.001380 -0.999993 0.003433  0.669401 0.647889 0
0  -6.764077 -0.891602 16.810373  0.000243 -0.999992 0.003941  0.693691 0.637163 0
item_med
0  -5.085250 -0.885386 18.283871  -0.000328 -0.999982 0.005952  0.667636 0.614295 0
0  -4.798560 -0.895053 16.606728  -0.003449 -0.999987 0.003852  0.663187 0.640324 0
0  -4.341866 -0.895158 16.746544  -0.000783 -0.999982 0.005974  0.656099 0.638154 0
item_med
0  -4.341863 0.413483 16.731886  0.002275 0.999946 -0.010169  0.044774 0.903419 0
0  -4.798737 0.414308 16.592714  0.003323 0.999957 -0.008643  0.037684 0.905579 0
0  -5.085423 0.431676 18.269430  0.000941 0.999945 -0.010478  0.033234 0.879556 0
item_med
0  -6.764229 0.402264 16.796345  -0.015015 0.999759 -0.016015  0.007179 0.902421 0
0  -5.198328 0.411963 16.103788  -0.006045 0.999942 -0.008954  0.031482 0.913167 0
0  -5.399691 0.406271 15.596919  -0.015446 0.999792 -0.013332  0.028357 0.921034 0
item_med
0  -5.543268 0.395035 15.073055  0.991024 -0.001550 -0.133678  0.067451 0.757938 0
0  -5.399691 0.406271 15.596919  0.948354 -0.003879 -0.317191  0.075882 0.757854 0
0  -5.399714 -0.895994 15.611926  0.948488 -0.003662 -0.316793  0.075889 0.778066 0
item_med
0  -5.543280 -0.905578 13.189791  0.000240 -0.991708 -0.128515  0.674745 0.693354 0
0  -6.974822 -0.720846 12.498739  0.000181 -0.754475 -0.656329  0.696962 0.704457 0
0  -5.543280 -0.720499 12.498734  0.000140 -0.754484 -0.656319  0.674745 0.704457 0
item_med
0  -6.974817 -0.268560 12.307250  0.000039 -0.009817 -0.999952  0.696960 0.712079 0
0  -5.543280 -0.720499 12.498734  0.000140 -0.754484 -0.656319  0.674745 0.704457 0
0  -6.974822 -0.720846 12.498739  0.000181 -0.754475 -0.656329  0.696962 0.704457 0
item_med
0  -6.974811 0.375191 13.174590  -0.004239 0.990355 -0.138490  0.003917 0.958635 0
0  -5.543270 0.182344 12.487831  0.000000 0.743966 -0.668218  0.026136 0.969701 0
0  -6.974813 0.182344 12.487831  -0.000000 0.743962 -0.668221  0.003919 0.969705 0
item_med
0  4.341863 -0.884894 18.363054  0.000007 -0.999980 0.006349  0.521332 0.613066 0
0  -4.341866 -0.895158 16.746544  -0.000783 -0.999982 0.005974  0.656099 0.638154 0
0  4.341866 -0.895158 16.746544  0.000783 -0.999982 0.005974  0.521331 0.638154 0
item_med
0  -6.974813 0.182344 12.487831  -0.000000 0.743962 -0.668221  0.003919 0.969705 0
0  -5.543275 -0.268560 12.307249  -0.000000 -0.009917 -0.999951  0.026137 0.977239 0
0  -6.974817 -0.268560 12.307250  0.000039 -0.009817 -0.999952  0.003920 0.977243 0
item_med
0  4.341863 0.430625 18.348673  -0.001227 0.999943 -0.010602  0.179542 0.878326 0
0  -4.341863 0.413483 16.731886  0.002275 0.999946 -0.010169  0.044774 0.903419 0
0  -4.341863 0.430625 18.348673  0.001227 0.999943 -0.010602  0.044774 0.878326 0
item_med
0  5.543280 -0.720499 12.498734  -1.000000 -0.000010 -0.000002  0.310578 0.774803 0
0  5.543268 0.375191 13.174590  -1.000000 -0.000009 -0.000001  0.299899 0.757916 0
0  5.543270 0.182344 12.487831  -1.000000 -0.000011 0.000000  0.310590 0.760790 0
item_med
0  -5.543270 0.182344 12.487831  1.000000 -0.000011 0.000000  0.027295 0.760790 0
0  -5.543268 0.375191 13.174590  1.000000 -0.000009 -0.000001  0.037986 0.757916 0
0  -5.543280 -0.720499 12.498734  1.000000 -0.000010 -0.000002  0.027307 0.774803 0
item_med
0  6.974811 0.375191 13.174590  1.000000 0.000008 0.000001  0.037977 0.613129 0
0  6.974822 -0.905926 13.189795  1.000000 0.000008 0.000002  0.038008 0.633013 0
0  6.974822 -0.720846 12.498739  1.000000 0.000009 0.000002  0.027314 0.630030 0
item_med
0  5.543268 0.375191 13.174590  -1.000000 -0.000009 -0.000001  0.299899 0.757916 0
0  5.543280 -0.905578 13.189791  -1.000000 -0.000009 -0.000002  0.299885 0.777795 0
0  5.543275 -0.898096 15.087940  -0.990989 -0.001548 -0.133933  0.270427 0.778008 0
item_med
0  6.974822 -0.905926 13.189795  -0.000240 -0.991708 -0.128510  0.480469 0.693354 0
0  6.974817 -0.898443 15.087944  -0.000242 -0.999992 0.003942  0.480469 0.663895 0
0  5.543275 -0.898096 15.087940  -0.000243 -0.999992 0.003943  0.502686 0.663895 0
item_med
0  6.900671 0.383424 15.938182  0.019766 0.999634 -0.018485  0.219257 0.915742 0
0  6.974811 0.365788 15.073964  0.020430 0.999770 -0.006522  0.220410 0.929157 0
0  5.543268 0.395035 15.073055  0.015993 0.999824 -0.009800  0.198188 0.929165 0
item_med
0  6.974811 0.365788 15.073964  0.999087 0.000442 0.042709  0.067451 0.613577 0
0  6.900671 0.383424 15.938182  0.992586 0.001219 0.121540  0.080915 0.613441 0
0  6.900550 -0.895018 15.952078  0.992587 0.001263 0.121528  0.080927 0.633283 0
item_med
0  5.085250 -0.885386 18.283871  0.197246 0.010421 0.980299  0.131354 0.633508 0
0  5.085423 0.431676 18.269430  0.196884 0.010723 0.980368  0.131352 0.613066 0
0  4.341863 0.430625 18.348673  0.053090 0.010922 0.998530  0.142957 0.613096 0
item_med
0  6.764077 -0.891602 16.810373  0.958589 0.002983 0.284779  0.094414 0.633367 0
0  6.900550 -0.895018 15.952078  0.992587 0.001263 0.121528  0.080927 0.633283 0
0  6.900671 0.383424 15.938182  0.992586 0.001219 0.121540  0.080915 0.613441 0
item_med
0  5.809562 0.428565 18.053284  0.003251 0.999942 -0.010299  0.202320 0.882910 0
0  6.422366 0.418980 17.565460  0.009654 0.999870 -0.012885  0.211831 0.890482 0
0  5.198328 0.411963 16.103788  0.006045 0.999942 -0.008954  0.192834 0.913167 0
item_med
0  6.422366 0.418980 17.565460  0.790237 0.006001 0.612772  0.107467 0.613148 0
0  5.809562 0.428565 18.053284  0.462766 0.009073 0.886434  0.119623 0.613078 0
0  5.808921 -0.886417 18.066631  0.463084 0.008873 0.886270  0.119628 0.633487 0
item_med
0  5.085250 -0.885386 18.283871  0.197246 0.010421 0.980299  0.131354 0.633508 0
0  5.808921 -0.886417 18.066631  0.463084 0.008873 0.886270  0.119628 0.633487 0
0  5.809562 0.428565 18.053284  0.462766 0.009073 0.886434  0.119623 0.613078 0
item_med
0  6.764229 0.402264 16.796345  0.958556 0.002847 0.284890  0.094402 0.613285 0
0  6.422366 0.418980 17.565460  0.790237 0.006001 0.612772  0.107467 0.613148 0
0  6.421856 -0.888489 17.579145  0.790268 0.006235 0.612730  0.107474 0.633441 0
item_med
0  6.900550 -0.895018 15.952078  -0.000243 -0.999992 0.003942  0.481622 0.650484 0
0  5.399714 -0.895994 15.611926  -0.000243 -0.999992 0.003942  0.504914 0.655763 0
0  5.543275 -0.898096 15.087940  -0.000243 -0.999992 0.003943  0.502686 0.663895 0
item_med
0  5.399691 0.406271 15.596919  -0.948354 -0.003879 -0.317191  0.262003 0.757854 0
0  5.399714 -0.895994 15.611926  -0.948488 -0.003662 -0.316793  0.261996 0.778066 0
0  5.198951 -0.893947 16.119270  -0.861133 -0.006231 -0.508342  0.253528 0.778122 0
item_med
0  5.543268 0.395035 15.073055  0.015993 0.999824 -0.009800  0.198188 0.929165 0
0  6.974811 0.365788 15.073964  0.020430 0.999770 -0.006522  0.220410 0.929157 0
0  6.974811 0.375191 13.174590  0.004239 0.990355 -0.138491  0.220400 0.958635 0
item_med
0  5.808921 -0.886417 18.066631  0.000617 -0.999989 0.004556  0.498563 0.617667 0
0  4.798560 -0.895053 16.606728  0.003449 -0.999987 0.003852  0.514244 0.640324 0
0  5.198951 -0.893947 16.119270  0.001380 -0.999993 0.003433  0.508030 0.647889 0
item_med
0  4.341863 0.413483 16.731886  -0.147524 -0.011078 -0.988996  0.236326 0.757936 0
0  4.341866 -0.895158 16.746544  -0.147668 -0.010875 -0.988977  0.236326 0.778247 0
0  -4.341866 -0.895158 16.746544  0.147668 -0.010875 -0.988977  0.101558 0.778247 0
item_med
0  5.198328 0.411963 16.103788  -0.861924 -0.005988 -0.507002  0.253538 0.757853 0
0  5.198951 -0.893947 16.119270  -0.861133 -0.006231 -0.508342  0.253528 0.778122 0
0  4.798560 -0.895053 16.606728  -0.555640 -0.009269 -0.831371  0.243739 0.778221 0
item_med
0  6.974811 0.375191 13.174590  1.000000 0.000008 0.000001  0.037977 0.613129 0
0  6.974811 0.365788 15.073964  0.999087 0.000442 0.042709  0.067451 0.613577 0
0  6.974817 -0.898443 15.087944  0.999073 0.000482 0.043046  0.067467 0.633199 0
item_med
0  4.798737 0.414308 16.592714  -0.557787 -0.009016 -0.829935  0.243738 0.757899 0
0  4.798560 -0.895053 16.606728  -0.555640 -0.009269 -0.831371  0.243739 0.778221 0
0  4.341866 -0.895158 16.746544  -0.147668 -0.010875 -0.988977  0.236326 0.778247 0
item_med
0  5.399714 -0.895994 15.611926  -0.000243 -0.999992 0.003942  0.504914 0.655763 0
0  6.900550 -0.895018 15.952078  -0.000243 -0.999992 0.003942  0.481622 0.650484 0
0  6.764077 -0.891602 16.810373  -0.000243 -0.999992 0.003941  0.483740 0.637163 0
item_med
0  6.764077 -0.891602 16.810373  -0.000243 -0.999992 0.003941  0.483740 0.637163 0
0  6.421856 -0.888489 17.579145  -0.000243 -0.999992 0.003943  0.489051 0.625232 0
0  5.198951 -0.893947 16.119270  0.001380 -0.999993 0.003433  0.508030 0.647889 0
item_med
0  6.764229 0.402264 16.796345  0.015015 0.999759 -0.016015  0.217138 0.902421 0
0  5.198328 0.411963 16.103788  0.006045 0.999942 -0.008954  0.192834 0.913167 0
0  6.422366 0.418980 17.565460  0.009654 0.999870 -0.012885  0.211831 0.890482 0
item_med
0  5.809562 0.428565 18.053284  0.003251 0.999942 -0.010299  0.202320 0.882910 0
0  4.798737 0.414308 16.592714  -0.003323 0.999957 -0.008643  0.186633 0.905579 0
0  5.085423 0.431676 18.269430  -0.000941 0.999945 -0.010478  0.191082 0.879556 0
item_med
0  5.085250 -0.885386 18.283871  0.000328 -0.999982 0.005952  0.509795 0.614295 0
0  4.341863 -0.884894 18.363054  0.000007 -0.999980 0.006349  0.521332 0.613066 0
0  4.341866 -0.895158 16.746544  0.000783 -0.999982 0.005974  0.521331 0.638154 0
item_med
0  4.341863 0.413483 16.731886  -0.002275 0.999946 -0.010169  0.179542 0.903419 0
0  4.341863 0.430625 18.348673  -0.001227 0.999943 -0.010602  0.179542 0.878326 0
0  5.085423 0.431676 18.269430  -0.000941 0.999945 -0.010478  0.191082 0.879556 0
item_med
0  6.764229 0.402264 16.796345  0.015015 0.999759 -0.016015  0.217138 0.902421 0
0  6.900671 0.383424 15.938182  0.019766 0.999634 -0.018485  0.219257 0.915742 0
0  5.399691 0.406271 15.596919  0.015446 0.999792 -0.013332  0.195959 0.921034 0
item_med
0  5.543268 0.395035 15.073055  -0.991024 -0.001550 -0.133678  0.270434 0.757938 0
0  5.543275 -0.898096 15.087940  -0.990989 -0.001548 -0.133933  0.270427 0.778008 0
0  5.399714 -0.895994 15.611926  -0.948488 -0.003662 -0.316793  0.261996 0.778066 0
item_med
0  5.085250 -0.885386 18.283871  0.000328 -0.999982 0.005952  0.509795 0.614295 0
0  4.798560 -0.895053 16.606728  0.003449 -0.999987 0.003852  0.514244 0.640324 0
0  5.808921 -0.886417 18.066631  0.000617 -0.999989 0.004556  0.498563 0.617667 0
item_med
0  5.543268 0.375191 13.174590  -1.000000 -0.000009 -0.000001  0.299899 0.757916 0
0  5.543275 -0.898096 15.087940  -0.990989 -0.001548 -0.133933  0.270427 0.778008 0
0  5.543268 0.395035 15.073055  -0.991024 -0.001550 -0.133678  0.270434 0.757938 0
item_med
0  6.974822 -0.905926 13.189795  -0.000240 -0.991708 -0.128510  0.480469 0.693354 0
0  5.543275 -0.898096 15.087940  -0.000243 -0.999992 0.003943  0.502686 0.663895 0
0  5.543280 -0.905578 13.189791  -0.000240 -0.991708 -0.128515  0.502686 0.693354 0
item_med
0  6.900671 0.383424 15.938182  0.019766 0.999634 -0.018485  0.219257 0.915742 0
0  5.543268 0.395035 15.073055  0.015993 0.999824 -0.009800  0.198188 0.929165 0
0  5.399691 0.406271 15.596919  0.015446 0.999792 -0.013332  0.195959 0.921034 0
item_med
0  6.974811 0.365788 15.073964  0.999087 0.000442 0.042709  0.067451 0.613577 0
0  6.900550 -0.895018 15.952078  0.992587 0.001263 0.121528  0.080927 0.633283 0
0  6.974817 -0.898443 15.087944  0.999073 0.000482 0.043046  0.067467 0.633199 0
item_med
0  5.085250 -0.885386 18.283871  0.197246 0.010421 0.980299  0.131354 0.633508 0
0  4.341863 0.430625 18.348673  0.053090 0.010922 0.998530  0.142957 0.613096 0
0  4.341863 -0.884894 18.363054  0.053022 0.010916 0.998534  0.142957 0.633514 0
item_med
0  6.764077 -0.891602 16.810373  0.958589 0.002983 0.284779  0.094414 0.633367 0
0  6.900671 0.383424 15.938182  0.992586 0.001219 0.121540  0.080915 0.613441 0
0  6.764229 0.402264 16.796345  0.958556 0.002847 0.284890  0.094402 0.613285 0
item_med
0  5.809562 0.428565 18.053284  0.003251 0.999942 -0.010299  0.202320 0.882910 0
0  5.198328 0.411963 16.103788  0.006045 0.999942 -0.008954  0.192834 0.913167 0
0  4.798737 0.414308 16.592714  -0.003323 0.999957 -0.008643  0.186633 0.905579 0
item_med
0  6.422366 0.418980 17.565460  0.790237 0.006001 0.612772  0.107467 0.613148 0
0  5.808921 -0.886417 18.066631  0.463084 0.008873 0.886270  0.119628 0.633487 0
0  6.421856 -0.888489 17.579145  0.790268 0.006235 0.612730  0.107474 0.633441 0
item_med
0  5.085250 -0.885386 18.283871  0.197246 0.010421 0.980299  0.131354 0.633508 0
0  5.809562 0.428565 18.053284  0.462766 0.009073 0.886434  0.119623 0.613078 0
0  5.085423 0.431676 18.269430  0.196884 0.010723 0.980368  0.131352 0.613066 0
item_med
0  6.764229 0.402264 16.796345  0.958556 0.002847 0.284890  0.094402 0.613285 0
0  6.421856 -0.888489 17.579145  0.790268 0.006235 0.612730  0.107474 0.633441 0
0  6.764077 -0.891602 16.810373  0.958589 0.002983 0.284779  0.094414 0.633367 0
item_med
0  6.900550 -0.895018 15.952078  -0.000243 -0.999992 0.003942  0.481622 0.650484 0
0  5.543275 -0.898096 15.087940  -0.000243 -0.999992 0.003943  0.502686 0.663895 0
0  6.974817 -0.898443 15.087944  -0.000242 -0.999992 0.003942  0.480469 0.663895 0
item_med
0  5.399691 0.406271 15.596919  -0.948354 -0.003879 -0.317191  0.262003 0.757854 0
0  5.198951 -0.893947 16.119270  -0.861133 -0.006231 -0.508342  0.253528 0.778122 0
0  5.198328 0.411963 16.103788  -0.861924 -0.005988 -0.507002  0.253538 0.757853 0
item_med
0  5.543268 0.395035 15.073055  0.015993 0.999824 -0.009800  0.198188 0.929165 0
0  6.974811 0.375191 13.174590  0.004239 0.990355 -0.138491  0.220400 0.958635 0
0  5.543268 0.375191 13.174590  0.000000 0.989920 -0.141627  0.198183 0.958630 0
item_med
0  5.808921 -0.886417 18.066631  0.000617 -0.999989 0.004556  0.498563 0.617667 0
0  5.198951 -0.893947 16.119270  0.001380 -0.999993 0.003433  0.508030 0.647889 0
0  6.421856 -0.888489 17.579145  -0.000243 -0.999992 0.003943  0.489051 0.625232 0
item_med
0  5.198328 0.411963 16.103788  -0.861924 -0.005988 -0.507002  0.253538 0.757853 0
0  4.798560 -0.895053 16.606728  -0.555640 -0.009269 -0.831371  0.243739 0.778221 0
0  4.798737 0.414308 16.592714  -0.557787 -0.009016 -0.829935  0.243738 0.757899 0
item_med
0  6.974811 0.375191 13.174590  1.000000 0.000008 0.000001  0.037977 0.613129 0
0  6.974817 -0.898443 15.087944  0.999073 0.000482 0.043046  0.067467 0.633199 0
0  6.974822 -0.905926 13.189795  1.000000 0.000008 0.000002  0.038008 0.633013 0
item_med
0  4.798737 0.414308 16.592714  -0.557787 -0.009016 -0.829935  0.243738 0.757899 0
0  4.341866 -0.895158 16.746544  -0.147668 -0.010875 -0.988977  0.236326 0.778247 0
0  4.341863 0.413483 16.731886  -0.147524 -0.011078 -0.988996  0.236326 0.757936 0
item_med
0  5.399714 -0.895994 15.611926  -0.000243 -0.999992 0.003942  0.504914 0.655763 0
0  6.764077 -0.891602 16.810373  -0.000243 -0.999992 0.003941  0.483740 0.637163 0
0  5.198951 -0.893947 16.119270  0.001380 -0.999993 0.003433  0.508030 0.647889 0
item_med
0  5.085250 -0.885386 18.283871  0.000328 -0.999982 0.005952  0.509795 0.614295 0
0  4.341866 -0.895158 16.746544  0.000783 -0.999982 0.005974  0.521331 0.638154 0
0  4.798560 -0.895053 16.606728  0.003449 -0.999987 0.003852  0.514244 0.640324 0
item_med
0  4.341863 0.413483 16.731886  -0.002275 0.999946 -0.010169  0.179542 0.903419 0
0  5.085423 0.431676 18.269430  -0.000941 0.999945 -0.010478  0.191082 0.879556 0
0  4.798737 0.414308 16.592714  -0.003323 0.999957 -0.008643  0.186633 0.905579 0
item_med
0  6.764229 0.402264 16.796345  0.015015 0.999759 -0.016015  0.217138 0.902421 0
0  5.399691 0.406271 15.596919  0.015446 0.999792 -0.013332  0.195959 0.921034 0
0  5.198328 0.411963 16.103788  0.006045 0.999942 -0.008954  0.192834 0.913167 0
item_med
0  5.543268 0.395035 15.073055  -0.991024 -0.001550 -0.133678  0.270434 0.757938 0
0  5.399714 -0.895994 15.611926  -0.948488 -0.003662 -0.316793  0.261996 0.778066 0
0  5.399691 0.406271 15.596919  -0.948354 -0.003879 -0.317191  0.262003 0.757854 0
item_med
0  6.974822 -0.720846 12.498739  -0.000181 -0.754475 -0.656328  0.480469 0.704457 0
0  5.543280 -0.905578 13.189791  -0.000240 -0.991708 -0.128515  0.502686 0.693354 0
0  5.543280 -0.720499 12.498734  -0.000141 -0.754484 -0.656319  0.502686 0.704457 0
item_med
0  6.974817 -0.268560 12.307250  -0.000039 -0.009817 -0.999952  0.480471 0.712079 0
0  5.543280 -0.720499 12.498734  -0.000141 -0.754484 -0.656319  0.502686 0.704457 0
0  5.543275 -0.268560 12.307249  0.000000 -0.009917 -0.999951  0.502688 0.712074 0
item_med
0  5.543270 0.182344 12.487831  0.000000 0.743966 -0.668218  0.198181 0.969701 0
0  6.974811 0.375191 13.174590  0.004239 0.990355 -0.138491  0.220400 0.958635 0
0  6.974813 0.182344 12.487831  0.000000 0.743962 -0.668221  0.220397 0.969705 0
item_med
0  -6.974813 0.182344 12.487831  -1.000000 0.000010 0.000000  0.393393 0.616012 0
0  -6.974817 -0.268560 12.307250  -1.000000 0.000009 0.000001  0.396267 0.622981 0
0  -6.974822 -0.720846 12.498739  -1.000000 0.000009 0.000002  0.393367 0.630030 0
item_med
0  6.974813 0.182344 12.487831  0.000000 0.743962 -0.668221  0.220397 0.969705 0
0  5.543275 -0.268560 12.307249  0.000000 -0.009917 -0.999951  0.198179 0.977239 0
0  5.543270 0.182344 12.487831  0.000000 0.743966 -0.668218  0.198181 0.969701 0
item_med
0  -6.974811 0.375191 13.174590  -1.000000 0.000008 0.000001  0.382705 0.613129 0
0  -6.974813 0.182344 12.487831  -1.000000 0.000010 0.000000  0.393393 0.616012 0
0  -6.974822 -0.720846 12.498739  -1.000000 0.000009 0.000002  0.393367 0.630030 0
item_med
0  4.341863 0.430625 18.348673  0.053090 0.010922 0.998530  0.142957 0.613096 0
0  -4.341863 -0.884894 18.363054  -0.053022 0.010916 0.998534  0.277724 0.633514 0
0  4.341863 -0.884894 18.363054  0.053022 0.010916 0.998534  0.142957 0.633514 0
item_med
0  -5.543280 -0.905578 13.189791  0.000240 -0.991708 -0.128515  0.674745 0.693354 0
0  -6.974822 -0.905926 13.189795  0.000240 -0.991708 -0.128510  0.696962 0.693354 0
0  -6.974822 -0.720846 12.498739  0.000181 -0.754475 -0.656329  0.696962 0.704457 0
item_med
0  -6.974817 -0.268560 12.307250  0.000039 -0.009817 -0.999952  0.696960 0.712079 0
0  -5.543275 -0.268560 12.307249  -0.000000 -0.009917 -0.999951  0.674743 0.712074 0
0  -5.543280 -0.720499 12.498734  0.000140 -0.754484 -0.656319  0.674745 0.704457 0
item_med
0  -6.974811 0.375191 13.174590  -0.004239 0.990355 -0.138490  0.003917 0.958635 0
0  -5.543268 0.375191 13.174590  0.000000 0.989920 -0.141627  0.026134 0.958630 0
0  -5.543270 0.182344 12.487831  0.000000 0.743966 -0.668218  0.026136 0.969701 0
item_med
0  4.341863 -0.884894 18.363054  0.000007 -0.999980 0.006349  0.521332 0.613066 0
0  -4.341863 -0.884894 18.363054  -0.000007 -0.999980 0.006349  0.656099 0.613066 0
0  -4.341866 -0.895158 16.746544  -0.000783 -0.999982 0.005974  0.656099 0.638154 0
item_med
0  -6.974813 0.182344 12.487831  -0.000000 0.743962 -0.668221  0.003919 0.969705 0
0  -5.543270 0.182344 12.487831  0.000000 0.743966 -0.668218  0.026136 0.969701 0
0  -5.543275 -0.268560 12.307249  -0.000000 -0.009917 -0.999951  0.026137 0.977239 0
item_med
0  4.341863 0.430625 18.348673  -0.001227 0.999943 -0.010602  0.179542 0.878326 0
0  4.341863 0.413483 16.731886  -0.002275 0.999946 -0.010169  0.179542 0.903419 0
0  -4.341863 0.413483 16.731886  0.002275 0.999946 -0.010169  0.044774 0.903419 0
item_med
0  5.543270 0.182344 12.487831  -1.000000 -0.000011 0.000000  0.310590 0.760790 0
0  5.543275 -0.268560 12.307249  -1.000000 -0.000011 -0.000001  0.313471 0.767756 0
0  5.543280 -0.720499 12.498734  -1.000000 -0.000010 -0.000002  0.310578 0.774803 0
item_med
0  5.543280 -0.720499 12.498734  -1.000000 -0.000010 -0.000002  0.310578 0.774803 0
0  5.543280 -0.905578 13.189791  -1.000000 -0.000009 -0.000002  0.299885 0.777795 0
0  5.543268 0.375191 13.174590  -1.000000 -0.000009 -0.000001  0.299899 0.757916 0
item_med
0  6.974817 -0.268560 12.307250  1.000000 0.000009 0.000001  0.024414 0.622981 0
0  6.974813 0.182344 12.487831  1.000000 0.000010 0.000000  0.027288 0.616012 0
0  6.974822 -0.720846 12.498739  1.000000 0.000009 0.000002  0.027314 0.630030 0
item_med
0  6.974813 0.182344 12.487831  1.000000 0.000010 0.000000  0.027288 0.616012 0
0  6.974811 0.375191 13.174590  1.000000 0.000008 0.000001  0.037977 0.613129 0
0  6.974822 -0.720846 12.498739  1.000000 0.000009 0.000002  0.027314 0.630030 0
item_med
0  6.974822 -0.720846 12.498739  -0.000181 -0.754475 -0.656328  0.480469 0.704457 0
0  6.974822 -0.905926 13.189795  -0.000240 -0.991708 -0.128510  0.480469 0.693354 0
0  5.543280 -0.905578 13.189791  -0.000240 -0.991708 -0.128515  0.502686 0.693354 0
item_med
0  6.974817 -0.268560 12.307250  -0.000039 -0.009817 -0.999952  0.480471 0.712079 0
0  6.974822 -0.720846 12.498739  -0.000181 -0.754475 -0.656328  0.480469 0.704457 0
0  5.543280 -0.720499 12.498734  -0.000141 -0.754484 -0.656319  0.502686 0.704457 0
item_med
0  5.543270 0.182344 12.487831  0.000000 0.743966 -0.668218  0.198181 0.969701 0
0  5.543268 0.375191 13.174590  0.000000 0.989920 -0.141627  0.198183 0.958630 0
0  6.974811 0.375191 13.174590  0.004239 0.990355 -0.138491  0.220400 0.958635 0
item_med
0  6.974813 0.182344 12.487831  0.000000 0.743962 -0.668221  0.220397 0.969705 0
0  6.974817 -0.268560 12.307250  -0.000039 -0.009817 -0.999952  0.220396 0.977243 0
0  5.543275 -0.268560 12.307249  0.000000 -0.009917 -0.999951  0.198179 0.977239 0
item_med
0  4.341863 0.430625 18.348673  0.053090 0.010922 0.998530  0.142957 0.613096 0
0  -4.341863 0.430625 18.348673  -0.053090 0.010922 0.998530  0.277724 0.613096 0
0  -4.341863 -0.884894 18.363054  -0.053022 0.010916 0.998534  0.277724 0.633514 0
item_med
0  -6.893919 -0.013679 13.154083  0.000000 0.619276 0.785174  0.276127 0.745417 0
0  -7.514740 0.133592 12.784696  0.000000 0.989618 -0.143723  0.271615 0.731881 0
0  -7.514740 -0.013679 13.154083  0.000000 0.619275 0.785174  0.276127 0.731881 0
item_med
0  -6.893919 0.133592 12.784696  0.000000 0.989618 -0.143723  0.271615 0.745417 0
0  -7.514740 -0.112671 12.472461  0.000000 0.370343 -0.928895  0.267103 0.731881 0
0  -7.514740 0.133592 12.784696  0.000000 0.989618 -0.143723  0.271615 0.731881 0
item_med
0  -6.893919 -0.112671 12.472461  0.000000 0.370343 -0.928895  0.267103 0.745417 0
0  -7.514740 -0.506205 12.529613  0.000000 -0.619275 -0.785174  0.262591 0.731881 0
0  -7.514740 -0.112671 12.472461  0.000000 0.370343 -0.928895  0.267103 0.731881 0
item_med
0  -6.893919 -0.506205 12.529613  0.000000 -0.619276 -0.785174  0.262591 0.745417 0
0  -7.514740 -0.653477 12.899001  0.000000 -0.989618 0.143723  0.258079 0.731881 0
0  -7.514740 -0.506205 12.529613  0.000000 -0.619275 -0.785174  0.262591 0.731881 0
item_med
0  -6.893919 -0.653477 12.899001  0.000000 -0.989618 0.143723  0.258079 0.745417 0
0  -7.514740 -0.407213 13.211235  0.000000 -0.370342 0.928895  0.253567 0.731881 0
0  -7.514740 -0.653477 12.899001  0.000000 -0.989618 0.143723  0.258079 0.731881 0
item_med
0  -6.893919 -0.407213 13.211235  0.000000 -0.370343 0.928895  0.253567 0.745417 0
0  -7.514740 -0.013679 13.154083  0.000000 0.619275 0.785174  0.249055 0.731881 0
0  -7.514740 -0.407213 13.211235  0.000000 -0.370342 0.928895  0.253567 0.731881 0
item_med
0  -7.514740 -0.506205 12.529613  -1.000000 0.000001 0.000000  0.256606 0.710428 0
0  -7.514740 -0.653477 12.899001  -1.000000 0.000003 0.000000  0.251189 0.713555 0
0  -7.514740 -0.407213 13.211235  -1.000000 0.000001 0.000000  0.251189 0.719810 0
item_med
0  -4.905575 0.133592 12.784696  0.000000 0.989618 -0.143722  1.271615 0.731881 0
0  -5.526396 -0.013679 13.154083  0.000000 0.619275 0.785174  1.276127 0.745417 0
0  -4.905575 -0.013679 13.154083  0.000000 0.619275 0.785174  1.276127 0.731881 0
item_med
0  -4.905575 -0.112671 12.472461  0.000000 0.370343 -0.928895  1.267103 0.731881 0
0  -5.526396 0.133592 12.784696  0.000000 0.989618 -0.143722  1.271615 0.745417 0
0  -4.905575 0.133592 12.784696  0.000000 0.989618 -0.143722  1.271615 0.731881 0
item_med
0  -4.905575 -0.506205 12.529613  0.000000 -0.619276 -0.785174  1.262591 0.731881 0
0  -5.526396 -0.112671 12.472461  0.000000 0.370343 -0.928895  1.267103 0.745417 0
0  -4.905575 -0.112671 12.472461  0.000000 0.370343 -0.928895  1.267103 0.731881 0
item_med
0  -4.905575 -0.653477 12.899001  0.000000 -0.989618 0.143723  1.258079 0.731881 0
0  -5.526396 -0.506205 12.529613  0.000000 -0.619276 -0.785174  1.262591 0.745417 0
0  -4.905575 -0.506205 12.529613  0.000000 -0.619276 -0.785174  1.262591 0.731881 0
item_med
0  -4.905575 -0.407213 13.211235  0.000000 -0.370342 0.928895  1.253567 0.731881 0
0  -5.526396 -0.653477 12.899001  0.000000 -0.989618 0.143723  1.258079 0.745417 0
0  -4.905575 -0.653477 12.899001  0.000000 -0.989618 0.143723  1.258079 0.731881 0
item_med
0  -4.905575 -0.013679 13.154083  0.000000 0.619275 0.785174  1.249055 0.731881 0
0  -5.526396 -0.407213 13.211235  0.000000 -0.370342 0.928895  1.253567 0.745417 0
0  -4.905575 -0.407213 13.211235  0.000000 -0.370342 0.928895  1.253567 0.731881 0
item_med
0  -4.905575 -0.112671 12.472461  1.000000 0.000000 0.000000  1.262023 0.713555 0
0  -4.905575 0.133592 12.784696  1.000000 0.000000 0.000000  1.262023 0.719810 0
0  -4.905575 -0.407213 13.211235  1.000000 -0.000000 0.000000  1.251189 0.719810 0
item_med
0  7.514740 0.133592 12.784696  0.000000 0.989618 -0.143723  2.271615 0.731881 0
0  6.893919 -0.013679 13.154083  0.000000 0.619276 0.785174  2.276127 0.745417 0
0  7.514740 -0.013679 13.154083  0.000000 0.619275 0.785174  2.276127 0.731881 0
item_med
0  7.514740 -0.112671 12.472461  0.000000 0.370343 -0.928895  2.267103 0.731881 0
0  6.893919 0.133592 12.784696  0.000000 0.989618 -0.143723  2.271615 0.745417 0
0  7.514740 0.133592 12.784696  0.000000 0.989618 -0.143723  2.271615 0.731881 0
item_med
0  7.514740 -0.506205 12.529613  0.000000 -0.619275 -0.785174  2.262591 0.731881 0
0  6.893919 -0.112671 12.472461  0.000000 0.370343 -0.928895  2.267103 0.745417 0
0  7.514740 -0.112671 12.472461  0.000000 0.370343 -0.928895  2.267103 0.731881 0
item_med
0  7.514740 -0.653477 12.899001  0.000000 -0.989618 0.143723  2.258079 0.731881 0
0  6.893919 -0.506205 12.529613  0.000000 -0.619276 -0.785174  2.262591 0.745417 0
0  7.514740 -0.506205 12.529613  0.000000 -0.619275 -0.785174  2.262591 0.731881 0
item_med
0  7.514740 -0.407213 13.211235  0.000000 -0.370342 0.928895  2.253567 0.731881 0
0  6.893919 -0.653477 12.899001  0.000000 -0.989618 0.143723  2.258079 0.745417 0
0  7.514740 -0.653477 12.899001  0.000000 -0.989618 0.143723  2.258079 0.731881 0
item_med
0  7.514740 -0.013679 13.154083  0.000000 0.619275 0.785174  2.249055 0.731881 0
0  6.893919 -0.407213 13.211235  0.000000 -0.370343 0.928895  2.253567 0.745417 0
0  7.514740 -0.407213 13.211235  0.000000 -0.370342 0.928895  2.253567 0.731881 0
item_med
0  7.514740 -0.112671 12.472461  1.000000 0.000000 0.000000  2.262023 0.713555 0
0  7.514740 0.133592 12.784696  1.000000 -0.000000 0.000000  2.262023 0.719810 0
0  7.514740 -0.407213 13.211235  1.000000 0.000001 0.000000  2.251189 0.719810 0
item_med
0  5.526396 -0.013679 13.154083  0.000000 0.619275 0.785174  3.276127 0.745417 0
0  4.905575 0.133592 12.784696  0.000000 0.989618 -0.143722  3.271615 0.731881 0
0  4.905575 -0.013679 13.154083  0.000000 0.619275 0.785174  3.276127 0.731881 0
item_med
0  5.526396 0.133592 12.784696  0.000000 0.989618 -0.143722  3.271615 0.745417 0
0  4.905575 -0.112671 12.472461  0.000000 0.370343 -0.928895  3.267103 0.731881 0
0  4.905575 0.133592 12.784696  0.000000 0.989618 -0.143722  3.271615 0.731881 0
item_med
0  5.526396 -0.112671 12.472461  0.000000 0.370343 -0.928895  3.267103 0.745417 0
0  4.905575 -0.506205 12.529613  0.000000 -0.619276 -0.785174  3.262591 0.731881 0
0  4.905575 -0.112671 12.472461  0.000000 0.370343 -0.928895  3.267103 0.731881 0
item_med
0  5.526396 -0.506205 12.529613  0.000000 -0.619276 -0.785174  3.262591 0.745417 0
0  4.905575 -0.653477 12.899001  0.000000 -0.989618 0.143723  3.258079 0.731881 0
0  4.905575 -0.506205 12.529613  0.000000 -0.619276 -0.785174  3.262591 0.731881 0
item_med
0  5.526396 -0.653477 12.899001  0.000000 -0.989618 0.143723  3.258079 0.745417 0
0  4.905575 -0.407213 13.211235  0.000000 -0.370342 0.928895  3.253567 0.731881 0
0  4.905575 -0.653477 12.899001  0.000000 -0.989618 0.143723  3.258079 0.731881 0
item_med
0  5.526396 -0.407213 13.211235  0.000000 -0.370342 0.928895  3.253567 0.745417 0
0  4.905575 -0.013679 13.154083  0.000000 0.619275 0.785174  3.249055 0.731881 0
0  4.905575 -0.407213 13.211235  0.000000 -0.370342 0.928895  3.253567 0.731881 0
item_med
0  4.905575 -0.506205 12.529613  -1.000000 -0.000000 0.000000  3.256606 0.710428 0
0  4.905575 -0.653477 12.899001  -1.000000 -0.000002 0.000000  3.251189 0.713555 0
0  4.905575 -0.407213 13.211235  -1.000000 -0.000000 0.000000  3.251189 0.719810 0
item_med
0  -6.893919 -0.013679 13.154083  0.000000 0.619276 0.785174  0.276127 0.745417 0
0  -6.893919 0.133592 12.784696  0.000000 0.989618 -0.143723  0.271615 0.745417 0
0  -7.514740 0.133592 12.784696  0.000000 0.989618 -0.143723  0.271615 0.731881 0
item_med
0  -6.893919 0.133592 12.784696  0.000000 0.989618 -0.143723  0.271615 0.745417 0
0  -6.893919 -0.112671 12.472461  0.000000 0.370343 -0.928895  0.267103 0.745417 0
0  -7.514740 -0.112671 12.472461  0.000000 0.370343 -0.928895  0.267103 0.731881 0
item_med
0  -6.893919 -0.112671 12.472461  0.000000 0.370343 -0.928895  0.267103 0.745417 0
0  -6.893919 -0.506205 12.529613  0.000000 -0.619276 -0.785174  0.262591 0.745417 0
0  -7.514740 -0.506205 12.529613  0.000000 -0.619275 -0.785174  0.262591 0.731881 0
item_med
0  -6.893919 -0.506205 12.529613  0.000000 -0.619276 -0.785174  0.262591 0.745417 0
0  -6.893919 -0.653477 12.899001  0.000000 -0.989618 0.143723  0.258079 0.745417 0
0  -7.514740 -0.653477 12.899001  0.000000 -0.989618 0.143723  0.258079 0.731881 0
item_med
0  -6.893919 -0.653477 12.899001  0.000000 -0.989618 0.143723  0.258079 0.745417 0
0  -6.893919 -0.407213 13.211235  0.000000 -0.370343 0.928895  0.253567 0.745417 0
0  -7.514740 -0.407213 13.211235  0.000000 -0.370342 0.928895  0.253567 0.731881 0
item_med
0  -6.893919 -0.407213 13.211235  0.000000 -0.370343 0.928895  0.253567 0.745417 0
0  -6.893919 -0.013679 13.154083  0.000000 0.619276 0.785174  0.249055 0.745417 0
0  -7.514740 -0.013679 13.154083  0.000000 0.619275 0.785174  0.249055 0.731881 0
item_med
0  -7.514740 -0.407213 13.211235  -1.000000 0.000001 0.000000  0.251189 0.719810 0
0  -7.514740 -0.013679 13.154083  -1.000000 0.000000 0.000000  0.256606 0.722937 0
0  -7.514740 0.133592 12.784696  -1.000000 0.000000 0.000000  0.262023 0.719810 0
item_med
0  -7.514740 0.133592 12.784696  -1.000000 0.000000 0.000000  0.262023 0.719810 0
0  -7.514740 -0.112671 12.472461  -1.000000 0.000000 0.000000  0.262023 0.713555 0
0  -7.514740 -0.407213 13.211235  -1.000000 0.000001 0.000000  0.251189 0.719810 0
item_med
0  -7.514740 -0.112671 12.472461  -1.000000 0.000000 0.000000  0.262023 0.713555 0
0  -7.514740 -0.506205 12.529613  -1.000000 0.000001 0.000000  0.256606 0.710428 0
0  -7.514740 -0.407213 13.211235  -1.000000 0.000001 0.000000  0.251189 0.719810 0
item_med
0  -4.905575 0.133592 12.784696  0.000000 0.989618 -0.143722  1.271615 0.731881 0
0  -5.526396 0.133592 12.784696  0.000000 0.989618 -0.143722  1.271615 0.745417 0
0  -5.526396 -0.013679 13.154083  0.000000 0.619275 0.785174  1.276127 0.745417 0
item_med
0  -4.905575 -0.112671 12.472461  0.000000 0.370343 -0.928895  1.267103 0.731881 0
0  -5.526396 -0.112671 12.472461  0.000000 0.370343 -0.928895  1.267103 0.745417 0
0  -5.526396 0.133592 12.784696  0.000000 0.989618 -0.143722  1.271615 0.745417 0
item_med
0  -4.905575 -0.506205 12.529613  0.000000 -0.619276 -0.785174  1.262591 0.731881 0
0  -5.526396 -0.506205 12.529613  0.000000 -0.619276 -0.785174  1.262591 0.745417 0
0  -5.526396 -0.112671 12.472461  0.000000 0.370343 -0.928895  1.267103 0.745417 0
item_med
0  -4.905575 -0.653477 12.899001  0.000000 -0.989618 0.143723  1.258079 0.731881 0
0  -5.526396 -0.653477 12.899001  0.000000 -0.989618 0.143723  1.258079 0.745417 0
0  -5.526396 -0.506205 12.529613  0.000000 -0.619276 -0.785174  1.262591 0.745417 0
item_med
0  -4.905575 -0.407213 13.211235  0.000000 -0.370342 0.928895  1.253567 0.731881 0
0  -5.526396 -0.407213 13.211235  0.000000 -0.370342 0.928895  1.253567 0.745417 0
0  -5.526396 -0.653477 12.899001  0.000000 -0.989618 0.143723  1.258079 0.745417 0
item_med
0  -4.905575 -0.013679 13.154083  0.000000 0.619275 0.785174  1.249055 0.731881 0
0  -5.526396 -0.013679 13.154083  0.000000 0.619275 0.785174  1.249055 0.745417 0
0  -5.526396 -0.407213 13.211235  0.000000 -0.370342 0.928895  1.253567 0.745417 0
item_med
0  -4.905575 0.133592 12.784696  1.000000 0.000000 0.000000  1.262023 0.719810 0
0  -4.905575 -0.013679 13.154083  1.000000 0.000000 0.000000  1.256606 0.722937 0
0  -4.905575 -0.407213 13.211235  1.000000 -0.000000 0.000000  1.251189 0.719810 0
item_med
0  -4.905575 -0.407213 13.211235  1.000000 -0.000000 0.000000  1.251189 0.719810 0
0  -4.905575 -0.653477 12.899001  1.000000 -0.000002 0.000000  1.251189 0.713555 0
0  -4.905575 -0.506205 12.529613  1.000000 -0.000000 0.000000  1.256606 0.710428 0
item_med
0  -4.905575 -0.506205 12.529613  1.000000 -0.000000 0.000000  1.256606 0.710428 0
0  -4.905575 -0.112671 12.472461  1.000000 0.000000 0.000000  1.262023 0.713555 0
0  -4.905575 -0.407213 13.211235  1.000000 -0.000000 0.000000  1.251189 0.719810 0
item_med
0  7.514740 0.133592 12.784696  0.000000 0.989618 -0.143723  2.271615 0.731881 0
0  6.893919 0.133592 12.784696  0.000000 0.989618 -0.143723  2.271615 0.745417 0
0  6.893919 -0.013679 13.154083  0.000000 0.619276 0.785174  2.276127 0.745417 0
item_med
0  7.514740 -0.112671 12.472461  0.000000 0.370343 -0.928895  2.267103 0.731881 0
0  6.893919 -0.112671 12.472461  0.000000 0.370343 -0.928895  2.267103 0.745417 0
0  6.893919 0.133592 12.784696  0.000000 0.989618 -0.143723  2.271615 0.745417 0
item_med
0  7.514740 -0.506205 12.529613  0.000000 -0.619275 -0.785174  2.262591 0.731881 0
0  6.893919 -0.506205 12.529613  0.000000 -0.619276 -0.785174  2.262591 0.745417 0
0  6.893919 -0.112671 12.472461  0.000000 0.370343 -0.928895  2.267103 0.745417 0
item_med
0  7.514740 -0.653477 12.899001  0.000000 -0.989618 0.143723  2.258079 0.731881 0
0  6.893919 -0.653477 12.899001  0.000000 -0.989618 0.143723  2.258079 0.745417 0
0  6.893919 -0.506205 12.529613  0.000000 -0.619276 -0.785174  2.262591 0.745417 0
item_med
0  7.514740 -0.407213 13.211235  0.000000 -0.370342 0.928895  2.253567 0.731881 0
0  6.893919 -0.407213 13.211235  0.000000 -0.370343 0.928895  2.253567 0.745417 0
0  6.893919 -0.653477 12.899001  0.000000 -0.989618 0.143723  2.258079 0.745417 0
item_med
0  7.514740 -0.013679 13.154083  0.000000 0.619275 0.785174  2.249055 0.731881 0
0  6.893919 -0.013679 13.154083  0.000000 0.619276 0.785174  2.249055 0.745417 0
0  6.893919 -0.407213 13.211235  0.000000 -0.370343 0.928895  2.253567 0.745417 0
item_med
0  7.514740 0.133592 12.784696  1.000000 -0.000000 0.000000  2.262023 0.719810 0
0  7.514740 -0.013679 13.154083  1.000000 -0.000001 0.000000  2.256606 0.722937 0
0  7.514740 -0.407213 13.211235  1.000000 0.000001 0.000000  2.251189 0.719810 0
item_med
0  7.514740 -0.407213 13.211235  1.000000 0.000001 0.000000  2.251189 0.719810 0
0  7.514740 -0.653477 12.899001  1.000000 0.000003 0.000000  2.251189 0.713555 0
0  7.514740 -0.506205 12.529613  1.000000 0.000001 0.000000  2.256606 0.710428 0
item_med
0  7.514740 -0.506205 12.529613  1.000000 0.000001 0.000000  2.256606 0.710428 0
0  7.514740 -0.112671 12.472461  1.000000 0.000000 0.000000  2.262023 0.713555 0
0  7.514740 -0.407213 13.211235  1.000000 0.000001 0.000000  2.251189 0.719810 0
item_med
0  5.526396 -0.013679 13.154083  0.000000 0.619275 0.785174  3.276127 0.745417 0
0  5.526396 0.133592 12.784696  0.000000 0.989618 -0.143722  3.271615 0.745417 0
0  4.905575 0.133592 12.784696  0.000000 0.989618 -0.143722  3.271615 0.731881 0
item_med
0  5.526396 0.133592 12.784696  0.000000 0.989618 -0.143722  3.271615 0.745417 0
0  5.526396 -0.112671 12.472461  0.000000 0.370343 -0.928895  3.267103 0.745417 0
0  4.905575 -0.112671 12.472461  0.000000 0.370343 -0.928895  3.267103 0.731881 0
item_med
0  5.526396 -0.112671 12.472461  0.000000 0.370343 -0.928895  3.267103 0.745417 0
0  5.526396 -0.506205 12.529613  0.000000 -0.619276 -0.785174  3.262591 0.745417 0
0  4.905575 -0.506205 12.529613  0.000000 -0.619276 -0.785174  3.262591 0.731881 0
item_med
0  5.526396 -0.506205 12.529613  0.000000 -0.619276 -0.785174  3.262591 0.745417 0
0  5.526396 -0.653477 12.899001  0.000000 -0.989618 0.143723  3.258079 0.745417 0
0  4.905575 -0.653477 12.899001  0.000000 -0.989618 0.143723  3.258079 0.731881 0
item_med
0  5.526396 -0.653477 12.899001  0.000000 -0.989618 0.143723  3.258079 0.745417 0
0  5.526396 -0.407213 13.211235  0.000000 -0.370342 0.928895  3.253567 0.745417 0
0  4.905575 -0.407213 13.211235  0.000000 -0.370342 0.928895  3.253567 0.731881 0
item_med
0  5.526396 -0.407213 13.211235  0.000000 -0.370342 0.928895  3.253567 0.745417 0
0  5.526396 -0.013679 13.154083  0.000000 0.619275 0.785174  3.249055 0.745417 0
0  4.905575 -0.013679 13.154083  0.000000 0.619275 0.785174  3.249055 0.731881 0
item_med
0  4.905575 -0.407213 13.211235  -1.000000 -0.000000 0.000000  3.251189 0.719810 0
0  4.905575 -0.013679 13.154083  -1.000000 0.000000 0.000000  3.256606 0.722937 0
0  4.905575 0.133592 12.784696  -1.000000 0.000000 0.000000  3.262023 0.719810 0
item_med
0  4.905575 0.133592 12.784696  -1.000000 0.000000 0.000000  3.262023 0.719810 0
0  4.905575 -0.112671 12.472461  -1.000000 0.000000 0.000000  3.262023 0.713555 0
0  4.905575 -0.407213 13.211235  -1.000000 -0.000000 0.000000  3.251189 0.719810 0
item_med
0  4.905575 -0.112671 12.472461  -1.000000 0.000000 0.000000  3.262023 0.713555 0
0  4.905575 -0.506205 12.529613  -1.000000 -0.000000 0.000000  3.256606 0.710428 0
0  4.905575 -0.407213 13.211235  -1.000000 -0.000000 0.000000  3.251189 0.719810 0
end
